conceptId	en	latin_ta	english_ta	mapping_status	current_ru	decision	final_ru	reason	confidence
FMA3710	vascular tree			NO_MATCH	Сосудистое дерево	KEEP	Сосудистое дерево	No deterministic QA defect detected; normative Russian source not independently confirmed.	MEDIUM
FMA3711	segment of artery			NO_MATCH	Сегмент артерия	APPLY	сегмент артерии	Candidate from QA (grammar; lost_information); requires final Russian terminology review before application.	MEDIUM
FMA3714	variant artery			NO_MATCH	Вариантная артерия	KEEP	Вариантная артерия	No deterministic QA defect detected; normative Russian source not independently confirmed.	MEDIUM
FMA3726	anastomosis			NO_MATCH	Анастомоз	KEEP	Анастомоз	No deterministic QA defect detected; normative Russian source not independently confirmed.	MEDIUM
FMA3727	vascular anastomosis			NO_MATCH	Сосудистое анастомоз	APPLY	сосудистый анастомоз	Candidate from QA (grammar); requires final Russian terminology review before application.	MEDIUM
FMA3728	arterial anastomosis			NO_MATCH	Артериальный анастомоз	KEEP	Артериальный анастомоз	No deterministic QA defect detected; normative Russian source not independently confirmed.	MEDIUM
FMA3729	venous anastomosis			NO_MATCH	Венозная анастомоз	APPLY	венозный анастомоз	Candidate from QA (grammar); requires final Russian terminology review before application.	MEDIUM
FMA3736	ascending aorta	aorta ascendens	ascending aorta	EXACT	Восходящая аорта	KEEP	Восходящая аорта	No deterministic QA defect detected; normative Russian source not independently confirmed.	MEDIUM
FMA3768	arch of aorta	arcus aortae	aortic arch	EXACT	Дуга аорты	KEEP	Дуга аорты	No deterministic QA defect detected; normative Russian source not independently confirmed.	MEDIUM
FMA3784	descending aorta	aorta descendens	descending aorta	EXACT	Нисходящая аорта	KEEP	Нисходящая аорта	No deterministic QA defect detected; normative Russian source not independently confirmed.	MEDIUM
FMA3789	abdominal aorta	aorta abdominalis	abdominal aorta	EXACT	Брюшная аорта	KEEP	Брюшная аорта	No deterministic QA defect detected; normative Russian source not independently confirmed.	MEDIUM
FMA3802	trunk of right coronary artery			NO_MATCH	Туловище правый коронарная артерия	APPLY	Туловище Правое коронарная артерия	Candidate from QA (laterality); requires final Russian terminology review before application.	MEDIUM
FMA3807	right conus artery			NO_MATCH	Правый конус артерия	APPLY	Правая конус артерия	Candidate from QA (laterality; lost_information); requires final Russian terminology review before application.	MEDIUM
FMA3813	anterior ventricular branch of right coronary artery			NO_MATCH	Передняя желудочковая ветвь правой коронарной артерии	REVIEW		Needs external Russian anatomical terminology verification.	LOW
FMA3815	first anterior ventricular branch of right coronary artery			NO_MATCH	Первая передняя желудочковая ветвь правый коронарная артерия	APPLY	Первая передняя желудочковая ветвь Правая коронарная артерия	Candidate from QA (laterality); requires final Russian terminology review before application.	MEDIUM
FMA3818	marginal branch of right coronary artery			NO_MATCH	Краевая ветвь правый коронарная артерия	APPLY	Краевая ветвь Правая коронарная артерия	Candidate from QA (laterality); requires final Russian terminology review before application.	MEDIUM
FMA3835	posterior ventricular branch of right coronary artery			NO_MATCH	Задняя желудочковая ветвь правый коронарная артерия	APPLY	Задняя желудочковая ветвь Правая коронарная артерия	Candidate from QA (laterality); requires final Russian terminology review before application.	MEDIUM
FMA3837	first posterior ventricular branch of right coronary artery			NO_MATCH	Первая задняя желудочковая ветвь правый коронарная артерия	APPLY	Первая задняя желудочковая ветвь Правая коронарная артерия	Candidate from QA (laterality); requires final Russian terminology review before application.	MEDIUM
FMA3840	posterior interventricular branch of right coronary artery	arteria interventricularis inferior	inferior interventricular artery	EXACT	Задняя межжелудочковая ветвь правый коронарная артерия	APPLY	Задняя межжелудочковая ветвь правой коронарной артерии	Exact TA2 mapping and unambiguous Russian correction; no source information is lost.	HIGH
FMA3845	septal branch of right posterior interventricular artery			NO_MATCH	Перегородочная ветвь правый задняя межжелудочковая артерия	APPLY	Перегородочная ветвь Правая задняя межжелудочковая артерия	Candidate from QA (laterality); requires final Russian terminology review before application.	MEDIUM
FMA3847	first septal branch of right posterior interventricular artery			NO_MATCH	Первая перегородочная ветвь правый задняя межжелудочковая артерия	APPLY	Первая перегородочная ветвь Правая задняя межжелудочковая артерия	Candidate from QA (laterality); requires final Russian terminology review before application.	MEDIUM
FMA3848	second septal branch of right posterior interventricular artery			NO_MATCH	Вторая перегородочная ветвь правый задняя межжелудочковая артерия	APPLY	Вторая перегородочная ветвь Правая задняя межжелудочковая артерия	Candidate from QA (laterality); requires final Russian terminology review before application.	MEDIUM
FMA3855	trunk of left coronary artery			NO_MATCH	Туловище левый коронарная артерия	APPLY	Туловище Левое коронарная артерия	Candidate from QA (laterality); requires final Russian terminology review before application.	MEDIUM
FMA3860	diagonal branch of anterior descending branch of left coronary artery			NO_MATCH	Диагональная ветвь передняя нисходящая ветвь левый коронарная артерия	APPLY	Диагональная ветвь передняя нисходящая ветвь Левая коронарная артерия	Candidate from QA (laterality); requires final Russian terminology review before application.	MEDIUM
FMA3868	conus branch of anterior interventricular branch of left coronary artery			NO_MATCH	Конус ветвь передняя межжелудочковая ветвь левый коронарная артерия	APPLY	Конус ветвь передняя межжелудочковая ветвь Левая коронарная артерия	Candidate from QA (laterality); requires final Russian terminology review before application.	MEDIUM
FMA3870	right anterior branch of anterior interventricular branch of left coronary artery			NO_MATCH	Правый передняя ветвь передняя межжелудочковая ветвь левый коронарная артерия	APPLY	Правая передняя ветвь передняя межжелудочковая ветвь Левая коронарная артерия	Candidate from QA (laterality; lost_information); requires final Russian terminology review before application.	MEDIUM
FMA3872	first right anterior branch of anterior interventricular branch of left coronary artery			NO_MATCH	Первая правый передняя ветвь передняя межжелудочковая ветвь левый коронарная артерия	APPLY	Первая Правая передняя ветвь передняя межжелудочковая ветвь Левая коронарная артерия	Candidate from QA (laterality); requires final Russian terminology review before application.	MEDIUM
FMA3874	second right anterior branch of anterior interventricular branch of left coronary artery			NO_MATCH	Вторая правый передняя ветвь передняя межжелудочковая ветвь левый коронарная артерия	APPLY	Вторая Правая передняя ветвь передняя межжелудочковая ветвь Левая коронарная артерия	Candidate from QA (laterality); requires final Russian terminology review before application.	MEDIUM
FMA3876	third right anterior branch of anterior interventricular branch of left coronary artery			NO_MATCH	Третья правый передняя ветвь передняя межжелудочковая ветвь левый коронарная артерия	APPLY	Третья Правая передняя ветвь передняя межжелудочковая ветвь Левая коронарная артерия	Candidate from QA (laterality); requires final Russian terminology review before application.	MEDIUM
FMA3892	septal branch of anterior interventricular artery			NO_MATCH	Перегородочная ветвь передняя межжелудочковая артерия	REVIEW		Needs external Russian anatomical terminology verification.	LOW
FMA3895	circumflex branch of left coronary artery	arteria circumflexa cordis	circumflex artery of heart	EXACT	Огибающая ветвь левый коронарная артерия	APPLY	Огибающая ветвь левой коронарной артерии	Exact TA2 mapping and unambiguous Russian correction; no source information is lost.	HIGH
FMA3932	brachiocephalic artery			NO_MATCH	Плечеголовной ствол	REVIEW		Needs external Russian anatomical terminology verification.	LOW
FMA3939	common carotid artery	carotis communis 	common carotid artery	EXACT	Общая сонная артерия	KEEP	Общая сонная артерия	No deterministic QA defect detected; normative Russian source not independently confirmed.	MEDIUM
FMA3941	right common carotid artery	carotis communis dextra	right common carotid artery	EXACT	Правый общая сонная артерия	APPLY	Правая общая сонная артерия	Exact TA2 mapping and unambiguous Russian correction; no source information is lost.	HIGH
FMA3947	internal carotid artery	carotis interna	internal carotid artery	EXACT	Внутренняя сонная артерия	KEEP	Внутренняя сонная артерия	No deterministic QA defect detected; normative Russian source not independently confirmed.	MEDIUM
FMA3949	right internal carotid artery	carotis interna	internal carotid artery	PROBABLE	Правый внутренняя сонная артерия	APPLY	Правая внутренняя сонная артерия	Candidate from QA (laterality; lost_information); requires final Russian terminology review before application.	MEDIUM
FMA3951	subclavian artery	arteria subclavia	subclavian artery	EXACT	Подключичная артерия	KEEP	Подключичная артерия	No deterministic QA defect detected; normative Russian source not independently confirmed.	MEDIUM
FMA3953	right subclavian artery	arteria subclavia dextra	right subclavian artery	EXACT	Правый подключичная артерия	APPLY	Правая подключичная артерия	Exact TA2 mapping and unambiguous Russian correction; no source information is lost.	HIGH
FMA3956	vertebral artery	arteria vertebralis	vertebral artery	EXACT	Позвоночная артерия	KEEP	Позвоночная артерия	No deterministic QA defect detected; normative Russian source not independently confirmed.	MEDIUM
FMA3958	right vertebral artery	arteria vertebralis	vertebral artery	PROBABLE	Правый позвоночная артерия	APPLY	Правая позвоночная артерия	Candidate from QA (laterality; lost_information); requires final Russian terminology review before application.	MEDIUM
FMA3960	internal thoracic artery	arteria thoracica interna	internal thoracic artery	EXACT	Внутренняя грудная артерия	KEEP	Внутренняя грудная артерия	No deterministic QA defect detected; normative Russian source not independently confirmed.	MEDIUM
FMA3969	right internal thoracic artery	arteria thoracica interna	internal thoracic artery	PROBABLE	Правый внутренняя грудная артерия	APPLY	Правая внутренняя грудная артерия	Candidate from QA (laterality; lost_information); requires final Russian terminology review before application.	MEDIUM
FMA3988	right superior epigastric artery	arteria epigastrica superior	superior epigastric artery	PROBABLE	Правый верхняя надчревная артерия	APPLY	Правая верхняя надчревная артерия	Candidate from QA (laterality; lost_information); requires final Russian terminology review before application.	MEDIUM
FMA3990	thyrocervical trunk	truncus thyreocervicalis	thyrocervical trunk	EXACT	Щитовидно-шейный туловище	KEEP	Щитовидно-шейный туловище	No deterministic QA defect detected; normative Russian source not independently confirmed.	MEDIUM
FMA3992	right thyrocervical trunk	truncus thyreocervicalis	thyrocervical trunk	PROBABLE	Правый щитовидно-шейный туловище	APPLY	Правое щитовидно-шейный туловище	Candidate from QA (laterality; lost_information); requires final Russian terminology review before application.	MEDIUM
FMA3994	second posterior intercostal artery	arteria intercostalis posterior secunda	second posterior intercostal artery	EXACT	Вторая задняя межрёберная артерия	KEEP	Вторая задняя межрёберная артерия	No deterministic QA defect detected; normative Russian source not independently confirmed.	MEDIUM
FMA4057	right dorsal scapular artery	arteria dorsalis scapulae	dorsal scapular artery	PROBABLE	Правый тыльная лопаточная артерия	APPLY	Правая тыльная лопаточная артерия	Candidate from QA (laterality; lost_information); requires final Russian terminology review before application.	MEDIUM
FMA4058	left common carotid artery	carotis communis sinistra	left common carotid artery	EXACT	Левый общая сонная артерия	APPLY	Левая общая сонная артерия	Exact TA2 mapping and unambiguous Russian correction; no source information is lost.	HIGH
FMA4062	left internal carotid artery	carotis interna	internal carotid artery	PROBABLE	Левый внутренняя сонная артерия	APPLY	Левая внутренняя сонная артерия	Candidate from QA (laterality; lost_information); requires final Russian terminology review before application.	MEDIUM
FMA4066	left vertebral artery	arteria vertebralis	vertebral artery	PROBABLE	Левый позвоночная артерия	APPLY	Левая позвоночная артерия	Candidate from QA (laterality; lost_information); requires final Russian terminology review before application.	MEDIUM
FMA4068	left internal thoracic artery	arteria thoracica interna	internal thoracic artery	PROBABLE	Левый внутренняя грудная артерия	APPLY	Левая внутренняя грудная артерия	Candidate from QA (laterality; lost_information); requires final Russian terminology review before application.	MEDIUM
FMA4077	left musculophrenic artery	arteria musculophrenica	musculophrenic artery	PROBABLE	Левый мышечно-диафрагмальная артерия	APPLY	Левая мышечно-диафрагмальная артерия	Candidate from QA (laterality; lost_information); requires final Russian terminology review before application.	MEDIUM
FMA4083	left superior epigastric artery	arteria epigastrica superior	superior epigastric artery	PROBABLE	Левый верхняя надчревная артерия	APPLY	Левая верхняя надчревная артерия	Candidate from QA (laterality; lost_information); requires final Russian terminology review before application.	MEDIUM
FMA4084	left thyrocervical trunk	truncus thyreocervicalis	thyrocervical trunk	PROBABLE	Левый щитовидно-шейный туловище	APPLY	Левое щитовидно-шейный туловище	Candidate from QA (laterality; lost_information); requires final Russian terminology review before application.	MEDIUM
FMA4086	left costocervical trunk	truncus costocervicalis	costocervical trunk	PROBABLE	Левый рёберно-шейный туловище	APPLY	Левое рёберно-шейный туловище	Candidate from QA (laterality; lost_information); requires final Russian terminology review before application.	MEDIUM
FMA4088	left superior intercostal artery			NO_MATCH	Левый верхняя межрёберная артерия	APPLY	Левая верхняя межрёберная артерия	Candidate from QA (laterality; lost_information); requires final Russian terminology review before application.	MEDIUM
FMA4112	left second posterior intercostal artery	arteria intercostalis posterior secunda	second posterior intercostal artery	PROBABLE	Левый вторая задняя межрёберная артерия	APPLY	Левая вторая задняя межрёберная артерия	Candidate from QA (laterality; lost_information); requires final Russian terminology review before application.	MEDIUM
FMA4134	left deep cervical artery	arteria cervicalis profunda	deep cervical artery	PROBABLE	Левый глубокая шейная артерия	APPLY	Левая глубокая шейная артерия	Candidate from QA (laterality; lost_information); requires final Russian terminology review before application.	MEDIUM
FMA4149	esophageal artery			NO_MATCH	Пищеводная артерия	KEEP	Пищеводная артерия	No deterministic QA defect detected; normative Russian source not independently confirmed.	MEDIUM
FMA4176	posterior intercostal artery	arteria intercostalis posterior	posterior intercostal artery	EXACT	Задняя межрёберная артерия	KEEP	Задняя межрёберная артерия	No deterministic QA defect detected; normative Russian source not independently confirmed.	MEDIUM
FMA4613	subcostal artery	arteria subcostalis	subcostal artery	EXACT	Подрёберная артерия	KEEP	Подрёберная артерия	No deterministic QA defect detected; normative Russian source not independently confirmed.	MEDIUM
FMA4634	right subcostal artery	arteria subcostalis	subcostal artery	PROBABLE	Правый подрёберная артерия	APPLY	Правая подрёберная артерия	Candidate from QA (laterality; lost_information); requires final Russian terminology review before application.	MEDIUM
FMA4654	left subcostal artery	arteria subcostalis	subcostal artery	PROBABLE	Левый подрёберная артерия	APPLY	Левая подрёберная артерия	Candidate from QA (laterality; lost_information); requires final Russian terminology review before application.	MEDIUM
FMA4677	trunk of branch of coronary artery			NO_MATCH	Туловище ветвь коронарная артерия	KEEP	Туловище ветвь коронарная артерия	No deterministic QA defect detected; normative Russian source not independently confirmed.	MEDIUM
FMA4694	left subclavian artery	arteria subclavia sinistra	left subclavian artery	EXACT	Левый подключичная артерия	APPLY	Левая подключичная артерия	Exact TA2 mapping and unambiguous Russian correction; no source information is lost.	HIGH
FMA4706	coronary sinus	sinus coronarius	coronary sinus	EXACT	Коронарная синус	KEEP	Коронарная синус	No deterministic QA defect detected; normative Russian source not independently confirmed.	MEDIUM
FMA4707	great cardiac vein	vena magna cordis	great cardiac vein	EXACT	Большая сердечная вена	KEEP	Большая сердечная вена	No deterministic QA defect detected; normative Russian source not independently confirmed.	MEDIUM
FMA4708	left marginal vein			NO_MATCH	Левый краевая вена	APPLY	Левая краевая вена	Candidate from QA (laterality; lost_information); requires final Russian terminology review before application.	MEDIUM
FMA4712	posterior vein of left ventricle	vena inferior ventriculi sinistri	inferior vein of left ventricle	EXACT	Задняя вена левый желудочек	KEEP	Задняя вена левый желудочек	No deterministic QA defect detected; normative Russian source not independently confirmed.	MEDIUM
FMA4713	middle cardiac vein	vena media cordis	middle cardiac vein	EXACT	Средняя сердечная вена	KEEP	Средняя сердечная вена	No deterministic QA defect detected; normative Russian source not independently confirmed.	MEDIUM
FMA4714	small cardiac vein	vena parva cordis	small cardiac vein	EXACT	Малая сердечная вена	KEEP	Малая сердечная вена	No deterministic QA defect detected; normative Russian source not independently confirmed.	MEDIUM
FMA4716	right marginal vein			NO_MATCH	Правый краевая вена	APPLY	Правая краевая вена	Candidate from QA (laterality; lost_information); requires final Russian terminology review before application.	MEDIUM
FMA4720	superior vena cava	vena cava superior	superior vena cava	EXACT	Верхняя полая вена	KEEP	Верхняя полая вена	No deterministic QA defect detected; normative Russian source not independently confirmed.	MEDIUM
FMA4723	brachiocephalic vein	vena brachiocephalica	brachiocephalic vein	EXACT	Плечеголовная вена	KEEP	Плечеголовная вена	No deterministic QA defect detected; normative Russian source not independently confirmed.	MEDIUM
FMA4724	internal jugular vein	vena jugularis interna	internal jugular vein	EXACT	Внутренняя яремная вена	KEEP	Внутренняя яремная вена	No deterministic QA defect detected; normative Russian source not independently confirmed.	MEDIUM
FMA4725	subclavian vein	vena subclavia	subclavian vein	EXACT	Подключичная вена	KEEP	Подключичная вена	No deterministic QA defect detected; normative Russian source not independently confirmed.	MEDIUM
FMA4729	internal thoracic vein			NO_MATCH	Внутренняя грудная вена	KEEP	Внутренняя грудная вена	No deterministic QA defect detected; normative Russian source not independently confirmed.	MEDIUM
FMA4731	superior epigastric vein			NO_MATCH	Верхняя надчревная вена	KEEP	Верхняя надчревная вена	No deterministic QA defect detected; normative Russian source not independently confirmed.	MEDIUM
FMA4732	musculophrenic vein			NO_MATCH	Мышечно-диафрагмальная вена	KEEP	Мышечно-диафрагмальная вена	No deterministic QA defect detected; normative Russian source not independently confirmed.	MEDIUM
FMA4751	right brachiocephalic vein	vena brachiocephalica dextra	right brachiocephalic vein	EXACT	Правый плечеголовная вена	APPLY	Правая плечеголовная вена	Exact TA2 mapping and unambiguous Russian correction; no source information is lost.	HIGH
FMA4754	right internal jugular vein	vena jugularis interna	internal jugular vein	PROBABLE	Правый внутренняя яремная вена	APPLY	Правая внутренняя яремная вена	Candidate from QA (laterality; lost_information); requires final Russian terminology review before application.	MEDIUM
FMA4755	right subclavian vein	vena subclavia	subclavian vein	PROBABLE	Правый подключичная вена	APPLY	Правая подключичная вена	Candidate from QA (laterality; lost_information); requires final Russian terminology review before application.	MEDIUM
FMA4758	right internal thoracic vein			NO_MATCH	Правый внутренняя грудная вена	APPLY	Правая внутренняя грудная вена	Candidate from QA (laterality; lost_information); requires final Russian terminology review before application.	MEDIUM
FMA4761	left brachiocephalic vein	vena brachiocephalica sinistra	left brachiocephalic vein	EXACT	Левый плечеголовная вена	APPLY	Левая плечеголовная вена	Exact TA2 mapping and unambiguous Russian correction; no source information is lost.	HIGH
FMA4762	left internal jugular vein	vena jugularis interna	internal jugular vein	PROBABLE	Левый внутренняя яремная вена	APPLY	Левая внутренняя яремная вена	Candidate from QA (laterality; lost_information); requires final Russian terminology review before application.	MEDIUM
FMA4763	left subclavian vein	vena subclavia	subclavian vein	PROBABLE	Левый подключичная вена	APPLY	Левая подключичная вена	Candidate from QA (laterality; lost_information); requires final Russian terminology review before application.	MEDIUM
FMA4771	right superior epigastric vein			NO_MATCH	Правый верхняя надчревная вена	APPLY	Правая верхняя надчревная вена	Candidate from QA (laterality; lost_information); requires final Russian terminology review before application.	MEDIUM
FMA4772	right musculophrenic vein			NO_MATCH	Правый мышечно-диафрагмальная вена	APPLY	Правая мышечно-диафрагмальная вена	Candidate from QA (laterality; lost_information); requires final Russian terminology review before application.	MEDIUM
FMA4785	left superior epigastric vein			NO_MATCH	Левый верхняя надчревная вена	APPLY	Левая верхняя надчревная вена	Candidate from QA (laterality; lost_information); requires final Russian terminology review before application.	MEDIUM
FMA4786	left musculophrenic vein			NO_MATCH	Левый мышечно-диафрагмальная вена	APPLY	Левая мышечно-диафрагмальная вена	Candidate from QA (laterality; lost_information); requires final Russian terminology review before application.	MEDIUM
FMA4797	left superior intercostal vein	vena intercostalis superior sinistra	left superior intercostal vein	EXACT	Левый верхняя межрёберная вена	APPLY	Левая верхняя межрёберная вена	Exact TA2 mapping and unambiguous Russian correction; no source information is lost.	HIGH
FMA4838	azygos vein	vena azyga	azygos vein	EXACT	Непарная вена	KEEP	Непарная вена	No deterministic QA defect detected; normative Russian source not independently confirmed.	MEDIUM
FMA4843	right ascending lumbar vein	vena lumbalis ascendens dextra	right ascending lumbar vein	EXACT	Правый восходящая поясничная вена	APPLY	Правая восходящая поясничная вена	Exact TA2 mapping and unambiguous Russian correction; no source information is lost.	HIGH
FMA4844	right subcostal vein	vena subcostalis dextra	right subcostal vein	EXACT	Правый подрёберная вена	APPLY	Правая подрёберная вена	Exact TA2 mapping and unambiguous Russian correction; no source information is lost.	HIGH
FMA4877	right superior intercostal vein	vena intercostalis superior dextra	right superior intercostal vein	EXACT	Правый верхняя межрёберная вена	APPLY	Правая верхняя межрёберная вена	Exact TA2 mapping and unambiguous Russian correction; no source information is lost.	HIGH
FMA4944	hemiazygos vein			NO_MATCH	Хэмиазйгос вена	KEEP	Хэмиазйгос вена	No deterministic QA defect detected; normative Russian source not independently confirmed.	MEDIUM
FMA4950	left ascending lumbar vein	vena lumbalis ascendens sinistra	left ascending lumbar vein	EXACT	Левый восходящая поясничная вена	APPLY	Левая восходящая поясничная вена	Exact TA2 mapping and unambiguous Russian correction; no source information is lost.	HIGH
FMA4951	left subcostal vein	vena subcostalis sinistra	left subcostal vein	EXACT	Левый подрёберная вена	APPLY	Левая подрёберная вена	Exact TA2 mapping and unambiguous Russian correction; no source information is lost.	HIGH
FMA5011	accessory hemiazygos vein			NO_MATCH	Добавочная полунепарная вена	KEEP	Добавочная полунепарная вена	No deterministic QA defect detected; normative Russian source not independently confirmed.	MEDIUM
FMA5018	bone organ			NO_MATCH	Костный орган	REVIEW		Needs external Russian anatomical terminology verification.	LOW
FMA5022	muscle organ			NO_MATCH	Мышечный орган	REVIEW		Needs external Russian anatomical terminology verification.	LOW
FMA5039	right costocervical trunk	truncus costocervicalis	costocervical trunk	PROBABLE	Правый рёберно-шейный туловище	APPLY	Правое рёберно-шейный туловище	Candidate from QA (laterality; lost_information); requires final Russian terminology review before application.	MEDIUM
FMA5041	right second posterior intercostal artery	arteria intercostalis posterior secunda	second posterior intercostal artery	PROBABLE	Правый вторая задняя межрёберная артерия	APPLY	Правая вторая задняя межрёберная артерия	Candidate from QA (laterality; lost_information); requires final Russian terminology review before application.	MEDIUM
FMA5042	right superior intercostal artery			NO_MATCH	Правый верхняя межрёберная артерия	APPLY	Правая верхняя межрёберная артерия	Candidate from QA (laterality; lost_information); requires final Russian terminology review before application.	MEDIUM
FMA5865	cranial nerve	nervus cranialis	cranial nerve	EXACT	Черепной нерв	KEEP	Черепной нерв	No deterministic QA defect detected; normative Russian source not independently confirmed.	MEDIUM
FMA5884	ganglion			NO_MATCH	Ганглий	KEEP	Ганглий	No deterministic QA defect detected; normative Russian source not independently confirmed.	MEDIUM
FMA5889	autonomic ganglion			NO_MATCH	Вегетативный ганглий	KEEP	Вегетативный ганглий	No deterministic QA defect detected; normative Russian source not independently confirmed.	MEDIUM
FMA5894	parasympathetic ganglion	ganglion parasympathicum	parasympathetic ganglion	EXACT	Парасимпатическая ганглий	KEEP	Парасимпатическая ганглий	No deterministic QA defect detected; normative Russian source not independently confirmed.	MEDIUM
FMA5895	cranial parasympathetic ganglion			NO_MATCH	Черепной парасимпатическая ганглий	KEEP	Черепной парасимпатическая ганглий	No deterministic QA defect detected; normative Russian source not independently confirmed.	MEDIUM
FMA5897	anatomical space			NO_MATCH	Анатомическое пространство	KEEP	Анатомическое пространство	No deterministic QA defect detected; normative Russian source not independently confirmed.	MEDIUM
FMA5898	anatomical junction			NO_MATCH	Анатомическое соединение	KEEP	Анатомическое соединение	No deterministic QA defect detected; normative Russian source not independently confirmed.	MEDIUM
FMA5913	nerve trunk			NO_MATCH	Нерв туловище	REVIEW		Needs external Russian anatomical terminology verification.	LOW
FMA6964	ciliary ganglion	ganglion ciliare	ciliary ganglion	EXACT	Ресничная ганглий	KEEP	Ресничная ганглий	No deterministic QA defect detected; normative Russian source not independently confirmed.	MEDIUM
FMA7037	branch of ciliary ganglion			NO_MATCH	Ветвь ресничного узла	REVIEW		Needs external Russian anatomical terminology verification.	LOW
FMA7041	short ciliary nerve			NO_MATCH	Короткая ресничная нерв	KEEP	Короткая ресничная нерв	No deterministic QA defect detected; normative Russian source not independently confirmed.	MEDIUM
FMA7131	esophagus			NO_MATCH	Пищевод	KEEP	Пищевод	No deterministic QA defect detected; normative Russian source not independently confirmed.	MEDIUM
FMA7145	membrane organ			NO_MATCH	Мембранозный орган	KEEP	Мембранозный орган	No deterministic QA defect detected; normative Russian source not independently confirmed.	MEDIUM
FMA7146	organ component gland			NO_MATCH	Железа — компонент органа	KEEP	Железа — компонент органа	No deterministic QA defect detected; normative Russian source not independently confirmed.	MEDIUM
FMA7148	stomach	gaster	stomach	EXACT	Желудок	KEEP	Желудок	No deterministic QA defect detected; normative Russian source not independently confirmed.	MEDIUM
FMA7163	skin	cutis	skin	EXACT	Кожа	KEEP	Кожа	No deterministic QA defect detected; normative Russian source not independently confirmed.	MEDIUM
FMA7196	spleen	splen	spleen	EXACT	Селезёнка	KEEP	Селезёнка	No deterministic QA defect detected; normative Russian source not independently confirmed.	MEDIUM
FMA7198	pancreas	pancreas	pancreas	EXACT	Поджелудочная железа	KEEP	Поджелудочная железа	No deterministic QA defect detected; normative Russian source not independently confirmed.	MEDIUM
FMA7202	gallbladder	vesica biliaris	gallbladder	EXACT	Желчный пузырь	KEEP	Желчный пузырь	No deterministic QA defect detected; normative Russian source not independently confirmed.	MEDIUM
FMA7203	kidney	ren	kidney	EXACT	Почка	KEEP	Почка	No deterministic QA defect detected; normative Russian source not independently confirmed.	MEDIUM
FMA7204	right kidney	ren	kidney	PROBABLE	Правая почка	REVIEW		Needs external Russian anatomical terminology verification.	LOW
FMA7205	left kidney	ren	kidney	PROBABLE	Левая почка	REVIEW		Needs external Russian anatomical terminology verification.	LOW
FMA7206	duodenum	duodenum	duodenum	EXACT	Дуодэнум	KEEP	Дуодэнум	No deterministic QA defect detected; normative Russian source not independently confirmed.	MEDIUM
FMA7210	testis	testis	testis	EXACT	Яичко	KEEP	Яичко	No deterministic QA defect detected; normative Russian source not independently confirmed.	MEDIUM
FMA7211	right testis	testis	testis	PROBABLE	Правое яичко	REVIEW		Needs external Russian anatomical terminology verification.	LOW
FMA7212	left testis	testis	testis	PROBABLE	Левое яичко	REVIEW		Needs external Russian anatomical terminology verification.	LOW
FMA7232	cusp of cardiac valve			NO_MATCH	Заслонка сердечного клапана	KEEP	Заслонка сердечного клапана	No deterministic QA defect detected; normative Russian source not independently confirmed.	MEDIUM
FMA7237	leaflet of tricuspid valve			NO_MATCH	Створка трёхстворчатого клапана	KEEP	Створка трёхстворчатого клапана	No deterministic QA defect detected; normative Russian source not independently confirmed.	MEDIUM
FMA7238	anterior leaflet of tricuspid valve			NO_MATCH	Передняя створка трёхстворчатого клапана	KEEP	Передняя створка трёхстворчатого клапана	No deterministic QA defect detected; normative Russian source not independently confirmed.	MEDIUM
FMA7239	posterior leaflet of tricuspid valve			NO_MATCH	Задняя створка трёхстворчатого клапана	KEEP	Задняя створка трёхстворчатого клапана	No deterministic QA defect detected; normative Russian source not independently confirmed.	MEDIUM
FMA7240	septal leaflet of tricuspid valve			NO_MATCH	Перегородочная створка трёхстворчатого клапана	KEEP	Перегородочная створка трёхстворчатого клапана	No deterministic QA defect detected; normative Russian source not independently confirmed.	MEDIUM
FMA7241	leaflet of mitral valve			NO_MATCH	Створка митрального клапана	KEEP	Створка митрального клапана	No deterministic QA defect detected; normative Russian source not independently confirmed.	MEDIUM
FMA7242	anterior leaflet of mitral valve			NO_MATCH	Передняя створка митрального клапана	KEEP	Передняя створка митрального клапана	No deterministic QA defect detected; normative Russian source not independently confirmed.	MEDIUM
FMA7243	posterior leaflet of mitral valve			NO_MATCH	Задняя створка митрального клапана	KEEP	Задняя створка митрального клапана	No deterministic QA defect detected; normative Russian source not independently confirmed.	MEDIUM
FMA7247	left anterior cusp of pulmonary valve			NO_MATCH	Левая передняя заслонка клапана лёгочного ствола	REVIEW		Needs external Russian anatomical terminology verification.	LOW
FMA7248	cusp of pulmonary valve			NO_MATCH	Заслонка клапана лёгочного ствола	KEEP	Заслонка клапана лёгочного ствола	No deterministic QA defect detected; normative Russian source not independently confirmed.	MEDIUM
FMA7249	right anterior cusp of pulmonary valve			NO_MATCH	Правая передняя заслонка клапана лёгочного ствола	REVIEW		Needs external Russian anatomical terminology verification.	LOW
FMA7250	posterior cusp of pulmonary valve			NO_MATCH	Задняя заслонка клапана лёгочного ствола	REVIEW		Needs external Russian anatomical terminology verification.	LOW
FMA7251	cusp of aortic valve			NO_MATCH	Заслонка аортального клапана	KEEP	Заслонка аортального клапана	No deterministic QA defect detected; normative Russian source not independently confirmed.	MEDIUM
FMA7252	right posterior cusp of aortic valve			NO_MATCH	Правая задняя заслонка аортального клапана	REVIEW		Needs external Russian anatomical terminology verification.	LOW
FMA7253	anterior cusp of aortic valve			NO_MATCH	Передняя заслонка аортального клапана	KEEP	Передняя заслонка аортального клапана	No deterministic QA defect detected; normative Russian source not independently confirmed.	MEDIUM
FMA7254	left posterior cusp of aortic valve			NO_MATCH	Левая задняя заслонка аортального клапана	REVIEW		Needs external Russian anatomical terminology verification.	LOW
FMA7260	anterior papillary muscle of right ventricle	musculus papillaris anterior ventriculi dextri	anterior papillary muscle of right ventricle	EXACT	Передняя сосочковая мышца правого желудочка	KEEP	Передняя сосочковая мышца правого желудочка	Exact TA2 mapping; current Russian term is grammatical and semantically complete.	HIGH
FMA7261	posterior papillary muscle of right ventricle	musculus papillaris inferior ventriculi dextri	inferior papillary muscle of right ventricle	EXACT	Задняя сосочковая мышца правый желудочек	APPLY	Задняя сосочковая мышца правого желудочка	Exact TA2 mapping and unambiguous Russian correction; no source information is lost.	HIGH
FMA7262	septal papillary muscle of right ventricle	musculus papillaris septalis ventriculi dextri	septal papillary muscle of right ventricle	EXACT	Перегородочная сосочковая мышца правый желудочек	APPLY	Перегородочная сосочковая мышца правого желудочка	Exact TA2 mapping and unambiguous Russian correction; no source information is lost.	HIGH
FMA7264	lateral papillary muscle of left ventricle			NO_MATCH	Латеральная сосочковая мышца левый желудочек	REVIEW		Needs external Russian anatomical terminology verification.	LOW
FMA7265	anterolateral head of lateral papillary muscle of left ventricle			NO_MATCH	Переднелатеральная головка латеральной сосочковой мышцы левого желудочка	REVIEW		Needs external Russian anatomical terminology verification.	LOW
FMA7394	trachea	trachea	trachea	EXACT	Трахея	KEEP	Трахея	No deterministic QA defect detected; normative Russian source not independently confirmed.	MEDIUM
FMA7396	left main bronchus	bronchus principalis sinister	left main bronchus	EXACT	Левый главный бронх	KEEP	Левый главный бронх	Exact TA2 mapping; current Russian term is grammatical and semantically complete.	HIGH
FMA7405	main bronchus	bronchus principalis	main bronchus	EXACT	Главный бронх	KEEP	Главный бронх	No deterministic QA defect detected; normative Russian source not independently confirmed.	MEDIUM
FMA7409	bronchus	bronchus	bronchus	EXACT	Бронх	KEEP	Бронх	No deterministic QA defect detected; normative Russian source not independently confirmed.	MEDIUM
FMA7474	long bone	os longum	long bone	EXACT	Длинная кость	KEEP	Длинная кость	No deterministic QA defect detected; normative Russian source not independently confirmed.	MEDIUM
FMA7475	short bone	os breve	short bone	EXACT	Короткая кость	KEEP	Короткая кость	No deterministic QA defect detected; normative Russian source not independently confirmed.	MEDIUM
FMA7476	flat bone	os planum	flat bone	EXACT	Плоская кость	KEEP	Плоская кость	No deterministic QA defect detected; normative Russian source not independently confirmed.	MEDIUM
FMA7477	irregular bone	os irregulare	irregular bone	EXACT	Неправильная кость	KEEP	Неправильная кость	No deterministic QA defect detected; normative Russian source not independently confirmed.	MEDIUM
FMA7478	pneumatized bone			NO_MATCH	Пневматизированная кость	KEEP	Пневматизированная кость	No deterministic QA defect detected; normative Russian source not independently confirmed.	MEDIUM
FMA7486	manubrium			NO_MATCH	Рукоятка	KEEP	Рукоятка	No deterministic QA defect detected; normative Russian source not independently confirmed.	MEDIUM
FMA7487	body of sternum	corpus sterni	body of sternum	EXACT	Тело грудины	KEEP	Тело грудины	No deterministic QA defect detected; normative Russian source not independently confirmed.	MEDIUM
FMA7488	xiphoid process	processus xiphoideus	xiphoid process	EXACT	Мечевидный отросток	KEEP	Мечевидный отросток	No deterministic QA defect detected; normative Russian source not independently confirmed.	MEDIUM
FMA7538	cartilage organ component			NO_MATCH	Хрящ орган компонент	REVIEW		Needs external Russian anatomical terminology verification.	LOW
FMA7574	rib	costa	rib	EXACT	Ребро	KEEP	Ребро	Exact TA2 mapping; current Russian term is grammatical and semantically complete.	HIGH
FMA7591	costal cartilage	cartilago costalis	costal cartilage	EXACT	Рёберная хрящ	APPLY	Рёберный хрящ	Exact TA2 mapping and unambiguous Russian correction; no source information is lost.	HIGH
FMA7592	true rib			NO_MATCH	Истинное ребро	KEEP	Истинное ребро	No deterministic QA defect detected; normative Russian source not independently confirmed.	MEDIUM
FMA7593	typical rib			NO_MATCH	Типичное ребро	KEEP	Типичное ребро	No deterministic QA defect detected; normative Russian source not independently confirmed.	MEDIUM
FMA7594	false rib			NO_MATCH	Ложное ребро	KEEP	Ложное ребро	No deterministic QA defect detected; normative Russian source not independently confirmed.	MEDIUM
FMA7595	floating rib			NO_MATCH	Плавающее ребро	KEEP	Плавающее ребро	No deterministic QA defect detected; normative Russian source not independently confirmed.	MEDIUM
FMA7596	atypical rib			NO_MATCH	Атипичное ребро	KEEP	Атипичное ребро	No deterministic QA defect detected; normative Russian source not independently confirmed.	MEDIUM
FMA7597	first rib	costa prima	first rib	EXACT	Первая ребро	APPLY	Первое ребро	Exact TA2 mapping and unambiguous Russian correction; no source information is lost.	HIGH
FMA7603	first costal cartilage			NO_MATCH	Первая рёберная хрящ	APPLY	Первый рёберный хрящ	FMA/TA2 structure family with unambiguous Russian grammatical normalization.	HIGH
FMA7620	second rib	costa secunda	second rib	EXACT	Вторая ребро	APPLY	Второе ребро	Exact TA2 mapping and unambiguous Russian correction; no source information is lost.	HIGH
FMA7638	third rib			NO_MATCH	Третья ребро	APPLY	Третье ребро	FMA/TA2 structure family with unambiguous Russian grammatical normalization.	HIGH
FMA7646	retinaculum	retinaculum tendinis	retinaculum	EXACT	Удерживатель	KEEP	Удерживатель	No deterministic QA defect detected; normative Russian source not independently confirmed.	MEDIUM
FMA7703	second costal cartilage			NO_MATCH	Вторая рёберная хрящ	APPLY	Второй рёберный хрящ	FMA/TA2 structure family with unambiguous Russian grammatical normalization.	HIGH
FMA7741	third costal cartilage			NO_MATCH	Третья рёберная хрящ	APPLY	Третий рёберный хрящ	FMA/TA2 structure family with unambiguous Russian grammatical normalization.	HIGH
FMA7749	fourth rib			NO_MATCH	Четвёртая ребро	APPLY	четвёртое ребро	FMA/TA2 structure family with unambiguous Russian grammatical normalization.	HIGH
FMA7768	fourth costal cartilage			NO_MATCH	Четвёртая рёберная хрящ	APPLY	Четвёртый рёберный хрящ	FMA/TA2 structure family with unambiguous Russian grammatical normalization.	HIGH
FMA7776	fifth rib			NO_MATCH	Пятая ребро	APPLY	пятое ребро	FMA/TA2 structure family with unambiguous Russian grammatical normalization.	HIGH
FMA7795	fifth costal cartilage			NO_MATCH	Пятая рёберная хрящ	APPLY	Пятый рёберный хрящ	FMA/TA2 structure family with unambiguous Russian grammatical normalization.	HIGH
FMA7822	sixth costal cartilage			NO_MATCH	Шестая рёберная хрящ	APPLY	Шестой рёберный хрящ	FMA/TA2 structure family with unambiguous Russian grammatical normalization.	HIGH
FMA7830	seventh rib			NO_MATCH	Седьмая ребро	APPLY	седьмое ребро	FMA/TA2 structure family with unambiguous Russian grammatical normalization.	HIGH
FMA7849	seventh costal cartilage			NO_MATCH	Седьмая рёберная хрящ	APPLY	Седьмой рёберный хрящ	FMA/TA2 structure family with unambiguous Russian grammatical normalization.	HIGH
FMA7857	right first rib	costa prima	first rib	PROBABLE	Правый первая ребро	APPLY	Правое первое ребро	FMA/TA2 structure family with unambiguous Russian grammatical normalization.	HIGH
FMA7875	right first costal cartilage			NO_MATCH	Правый первая рёберная хрящ	APPLY	Правый первый рёберный хрящ	FMA/TA2 structure family with unambiguous Russian grammatical normalization.	HIGH
FMA7882	right second rib	costa secunda	second rib	PROBABLE	Правый вторая ребро	APPLY	Правое второе ребро	FMA/TA2 structure family with unambiguous Russian grammatical normalization.	HIGH
FMA7886	right second costal cartilage			NO_MATCH	Правый вторая рёберная хрящ	APPLY	Правый второй рёберный хрящ	FMA/TA2 structure family with unambiguous Russian grammatical normalization.	HIGH
FMA7909	right third rib			NO_MATCH	Правый третья ребро	APPLY	Правое третье ребро	FMA/TA2 structure family with unambiguous Russian grammatical normalization.	HIGH
FMA7913	right third costal cartilage			NO_MATCH	Правый третья рёберная хрящ	APPLY	Правый третий рёберный хрящ	FMA/TA2 structure family with unambiguous Russian grammatical normalization.	HIGH
FMA7957	right fourth rib			NO_MATCH	Правый четвёртая ребро	APPLY	Правое четвёртое ребро	FMA/TA2 structure family with unambiguous Russian grammatical normalization.	HIGH
FMA7976	right fourth costal cartilage			NO_MATCH	Правый четвёртая рёберная хрящ	APPLY	Правый четвёртый рёберный хрящ	FMA/TA2 structure family with unambiguous Russian grammatical normalization.	HIGH
FMA7987	left first rib	costa prima	first rib	PROBABLE	Левый первая ребро	APPLY	Левое первое ребро	FMA/TA2 structure family with unambiguous Russian grammatical normalization.	HIGH
FMA8005	left first costal cartilage			NO_MATCH	Левый первая рёберная хрящ	APPLY	Левый первый рёберный хрящ	FMA/TA2 structure family with unambiguous Russian grammatical normalization.	HIGH
FMA8012	left second rib	costa secunda	second rib	PROBABLE	Левый вторая ребро	APPLY	Левое второе ребро	FMA/TA2 structure family with unambiguous Russian grammatical normalization.	HIGH
FMA8031	left second costal cartilage			NO_MATCH	Левый вторая рёберная хрящ	APPLY	Левый второй рёберный хрящ	FMA/TA2 structure family with unambiguous Russian grammatical normalization.	HIGH
FMA8039	left third rib			NO_MATCH	Левый третья ребро	APPLY	Левое третье ребро	FMA/TA2 structure family with unambiguous Russian grammatical normalization.	HIGH
FMA8058	left third costal cartilage			NO_MATCH	Левый третья рёберная хрящ	APPLY	Левый третий рёберный хрящ	FMA/TA2 structure family with unambiguous Russian grammatical normalization.	HIGH
FMA8066	right fifth rib			NO_MATCH	Правый пятая ребро	APPLY	Правое пятое ребро	FMA/TA2 structure family with unambiguous Russian grammatical normalization.	HIGH
FMA8070	right fifth costal cartilage			NO_MATCH	Правый пятая рёберная хрящ	APPLY	Правый пятый рёберный хрящ	FMA/TA2 structure family with unambiguous Russian grammatical normalization.	HIGH
FMA8093	left fifth rib			NO_MATCH	Левый пятая ребро	APPLY	Левое пятое ребро	FMA/TA2 structure family with unambiguous Russian grammatical normalization.	HIGH
FMA8112	left fifth costal cartilage			NO_MATCH	Левый пятая рёберная хрящ	APPLY	Левый пятый рёберный хрящ	FMA/TA2 structure family with unambiguous Russian grammatical normalization.	HIGH
FMA8120	eighth rib			NO_MATCH	Восьмая ребро	APPLY	восьмое ребро	FMA/TA2 structure family with unambiguous Russian grammatical normalization.	HIGH
FMA8147	sixth rib			NO_MATCH	Шестая ребро	APPLY	шестое ребро	FMA/TA2 structure family with unambiguous Russian grammatical normalization.	HIGH
FMA8148	left fourth rib			NO_MATCH	Левый четвёртая ребро	APPLY	Левое четвёртое ребро	FMA/TA2 structure family with unambiguous Russian grammatical normalization.	HIGH
FMA8167	left fourth costal cartilage			NO_MATCH	Левый четвёртая рёберная хрящ	APPLY	Левый четвёртый рёберный хрящ	FMA/TA2 structure family with unambiguous Russian grammatical normalization.	HIGH
FMA8175	right sixth rib			NO_MATCH	Правый шестая ребро	APPLY	Правое шестое ребро	FMA/TA2 structure family with unambiguous Russian grammatical normalization.	HIGH
FMA8194	right sixth costal cartilage			NO_MATCH	Правый шестая рёберная хрящ	APPLY	Правый шестой рёберный хрящ	FMA/TA2 structure family with unambiguous Russian grammatical normalization.	HIGH
FMA8202	left sixth rib			NO_MATCH	Левый шестая ребро	APPLY	Левое шестое ребро	FMA/TA2 structure family with unambiguous Russian grammatical normalization.	HIGH
FMA8221	left sixth costal cartilage			NO_MATCH	Левый шестая рёберная хрящ	APPLY	Левый шестой рёберный хрящ	FMA/TA2 structure family with unambiguous Russian grammatical normalization.	HIGH
FMA8229	right seventh rib			NO_MATCH	Правый седьмая ребро	APPLY	Правое седьмое ребро	FMA/TA2 structure family with unambiguous Russian grammatical normalization.	HIGH
FMA8248	right seventh costal cartilage			NO_MATCH	Правый седьмая рёберная хрящ	APPLY	Правый седьмой рёберный хрящ	FMA/TA2 structure family with unambiguous Russian grammatical normalization.	HIGH
FMA8256	left seventh rib			NO_MATCH	Левый седьмая ребро	APPLY	Левое седьмое ребро	FMA/TA2 structure family with unambiguous Russian grammatical normalization.	HIGH
FMA8275	left seventh costal cartilage			NO_MATCH	Левый седьмая рёберная хрящ	APPLY	Левый седьмой рёберный хрящ	FMA/TA2 structure family with unambiguous Russian grammatical normalization.	HIGH
FMA8283	right eighth rib			NO_MATCH	Правый восьмая ребро	APPLY	Правое восьмое ребро	FMA/TA2 structure family with unambiguous Russian grammatical normalization.	HIGH
FMA8310	left eighth rib			NO_MATCH	Левый восьмая ребро	APPLY	Левое восьмое ребро	FMA/TA2 structure family with unambiguous Russian grammatical normalization.	HIGH
FMA8337	ninth rib			NO_MATCH	Девятая ребро	APPLY	девятое ребро	FMA/TA2 structure family with unambiguous Russian grammatical normalization.	HIGH
FMA8364	right ninth rib			NO_MATCH	Правый девятая ребро	APPLY	Правое девятое ребро	FMA/TA2 structure family with unambiguous Russian grammatical normalization.	HIGH
FMA8391	left ninth rib			NO_MATCH	Левый девятая ребро	APPLY	Левое девятое ребро	FMA/TA2 structure family with unambiguous Russian grammatical normalization.	HIGH
FMA8418	tenth rib			NO_MATCH	Десятая ребро	APPLY	десятое ребро	FMA/TA2 structure family with unambiguous Russian grammatical normalization.	HIGH
FMA8445	right tenth rib			NO_MATCH	Правый десятая ребро	APPLY	Правое десятое ребро	FMA/TA2 structure family with unambiguous Russian grammatical normalization.	HIGH
FMA8472	left tenth rib			NO_MATCH	Левый десятая ребро	APPLY	Левое десятое ребро	FMA/TA2 structure family with unambiguous Russian grammatical normalization.	HIGH
FMA8499	eleventh rib			NO_MATCH	Одиннадцатая ребро	KEEP	Одиннадцатая ребро	No deterministic QA defect detected; normative Russian source not independently confirmed.	MEDIUM
FMA8515	twelfth rib			NO_MATCH	Двенадцатая ребро	KEEP	Двенадцатая ребро	No deterministic QA defect detected; normative Russian source not independently confirmed.	MEDIUM
FMA8531	right eleventh rib			NO_MATCH	Правый одиннадцатая ребро	APPLY	Правое одиннадцатая ребро	Candidate from QA (laterality; lost_information); requires final Russian terminology review before application.	MEDIUM
FMA8532	left eleventh rib			NO_MATCH	Левый одиннадцатая ребро	APPLY	Левое одиннадцатая ребро	Candidate from QA (laterality; lost_information); requires final Russian terminology review before application.	MEDIUM
FMA8533	right twelfth rib			NO_MATCH	Правый двенадцатая ребро	APPLY	Правое двенадцатая ребро	Candidate from QA (laterality; lost_information); requires final Russian terminology review before application.	MEDIUM
FMA8534	left twelfth rib			NO_MATCH	Левый двенадцатая ребро	APPLY	Левое двенадцатая ребро	Candidate from QA (laterality; lost_information); requires final Russian terminology review before application.	MEDIUM
FMA8612	pulmonary trunk	truncus pulmonalis	pulmonary trunk	EXACT	Лёгочный туловище	KEEP	Лёгочный туловище	No deterministic QA defect detected; normative Russian source not independently confirmed.	MEDIUM
FMA8615	pulmonary arterial trunk			NO_MATCH	Лёгочный артериальная туловище	KEEP	Лёгочный артериальная туловище	No deterministic QA defect detected; normative Russian source not independently confirmed.	MEDIUM
FMA8620	right anterior segmental artery			NO_MATCH	Правый передняя сегментарный артерия	APPLY	Правая передняя сегментарный артерия	Candidate from QA (laterality; lost_information); requires final Russian terminology review before application.	MEDIUM
FMA8634	left apical segmental artery			NO_MATCH	Левый верхушечная сегментарный артерия	APPLY	Левая верхушечная сегментарный артерия	Candidate from QA (laterality; lost_information); requires final Russian terminology review before application.	MEDIUM
FMA8635	left posterior segmental artery			NO_MATCH	Левый задняя сегментарный артерия	APPLY	Левая задняя сегментарный артерия	Candidate from QA (laterality; lost_information); requires final Russian terminology review before application.	MEDIUM
FMA8639	superior lingular artery			NO_MATCH	Верхняя язычковая артерия	KEEP	Верхняя язычковая артерия	No deterministic QA defect detected; normative Russian source not independently confirmed.	MEDIUM
FMA8640	inferior lingular artery			NO_MATCH	Нижняя язычковая артерия	KEEP	Нижняя язычковая артерия	No deterministic QA defect detected; normative Russian source not independently confirmed.	MEDIUM
FMA8642	left superior segmental artery			NO_MATCH	Левый верхняя сегментарный артерия	APPLY	Левая верхняя сегментарный артерия	Candidate from QA (laterality; lost_information); requires final Russian terminology review before application.	MEDIUM
FMA8644	left medial basal segmental artery			NO_MATCH	Левый медиальная базальная сегментарный артерия	APPLY	Левая медиальная базальная сегментарный артерия	Candidate from QA (laterality; lost_information); requires final Russian terminology review before application.	MEDIUM
FMA8645	left anterior basal segmental artery			NO_MATCH	Левый передняя базальная сегментарный артерия	APPLY	Левая передняя базальная сегментарный артерия	Candidate from QA (laterality; lost_information); requires final Russian terminology review before application.	MEDIUM
FMA8646	left lateral basal segmental artery			NO_MATCH	Левый латеральная базальная сегментарный артерия	APPLY	Левая латеральная базальная сегментарный артерия	Candidate from QA (laterality; lost_information); requires final Russian terminology review before application.	MEDIUM
FMA8647	left posterior basal segmental artery			NO_MATCH	Левый задняя базальная сегментарный артерия	APPLY	Левая задняя базальная сегментарный артерия	Candidate from QA (laterality; lost_information); requires final Russian terminology review before application.	MEDIUM
FMA8648	trunk of pulmonary vein			NO_MATCH	Туловище лёгочный вена	KEEP	Туловище лёгочный вена	No deterministic QA defect detected; normative Russian source not independently confirmed.	MEDIUM
FMA8662	right anterior segmental vein			NO_MATCH	Правый передняя сегментарный вена	APPLY	Правая передняя сегментарный вена	Candidate from QA (laterality; lost_information); requires final Russian terminology review before application.	MEDIUM
FMA8663	right posterior segmental vein			NO_MATCH	Правый задняя сегментарный вена	APPLY	Правая задняя сегментарный вена	Candidate from QA (laterality; lost_information); requires final Russian terminology review before application.	MEDIUM
FMA8667	left anterior segmental vein			NO_MATCH	Левый передняя сегментарный вена	APPLY	Левая передняя сегментарный вена	Candidate from QA (laterality; lost_information); requires final Russian terminology review before application.	MEDIUM
FMA8668	superior lingular vein			NO_MATCH	Верхняя язычковая вена	KEEP	Верхняя язычковая вена	No deterministic QA defect detected; normative Russian source not independently confirmed.	MEDIUM
FMA8669	inferior lingular vein			NO_MATCH	Нижняя язычковая вена	KEEP	Нижняя язычковая вена	No deterministic QA defect detected; normative Russian source not independently confirmed.	MEDIUM
FMA8670	right superior segmental vein			NO_MATCH	Правый верхняя сегментарный вена	APPLY	Правая верхняя сегментарный вена	Candidate from QA (laterality; lost_information); requires final Russian terminology review before application.	MEDIUM
FMA8673	right anterior basal segmental vein			NO_MATCH	Правый передняя базальная сегментарный вена	APPLY	Правая передняя базальная сегментарный вена	Candidate from QA (laterality; lost_information); requires final Russian terminology review before application.	MEDIUM
FMA8678	left anterior basal segmental vein			NO_MATCH	Левый передняя базальная сегментарный вена	APPLY	Левая передняя базальная сегментарный вена	Candidate from QA (laterality; lost_information); requires final Russian terminology review before application.	MEDIUM
FMA8681	apical part of right apical segmental vein			NO_MATCH	Верхушечная часть правой верхушечной сегментарной вены	REVIEW		Needs external Russian anatomical terminology verification.	LOW
FMA8683	superior part of anterior segmental vein			NO_MATCH	Верхняя часть передняя сегментарный вена	REVIEW		Needs external Russian anatomical terminology verification.	LOW
FMA8693	inferior part of anterior segmental vein			NO_MATCH	Нижняя часть передняя сегментарный вена	REVIEW		Needs external Russian anatomical terminology verification.	LOW
FMA8702	upper lobar artery			NO_MATCH	Верхняя долевой артерия	KEEP	Верхняя долевой артерия	No deterministic QA defect detected; normative Russian source not independently confirmed.	MEDIUM
FMA8707	apical segmental artery			NO_MATCH	Верхушечная сегментарная артерия	KEEP	Верхушечная сегментарная артерия	No deterministic QA defect detected; normative Russian source not independently confirmed.	MEDIUM
FMA8714	superior segmental artery			NO_MATCH	Верхняя сегментарный артерия	KEEP	Верхняя сегментарный артерия	No deterministic QA defect detected; normative Russian source not independently confirmed.	MEDIUM
FMA8716	medial basal segmental artery			NO_MATCH	Медиальная базальная сегментарный артерия	KEEP	Медиальная базальная сегментарный артерия	No deterministic QA defect detected; normative Russian source not independently confirmed.	MEDIUM
FMA8717	anterior basal segmental artery			NO_MATCH	Передняя базальная сегментарная артерия	KEEP	Передняя базальная сегментарная артерия	No deterministic QA defect detected; normative Russian source not independently confirmed.	MEDIUM
FMA8718	lateral basal segmental artery			NO_MATCH	Латеральная базальная сегментарный артерия	KEEP	Латеральная базальная сегментарный артерия	No deterministic QA defect detected; normative Russian source not independently confirmed.	MEDIUM
FMA8719	posterior basal segmental artery			NO_MATCH	Задняя базальная сегментарный артерия	KEEP	Задняя базальная сегментарный артерия	No deterministic QA defect detected; normative Russian source not independently confirmed.	MEDIUM
FMA8755	segmental pulmonary artery			NO_MATCH	Сегментарный лёгочный артерия	REVIEW		Needs external Russian anatomical terminology verification.	LOW
FMA9139	thoracic vertebra	vertebra thoracica	thoracic vertebra	EXACT	Грудная позвонок	KEEP	Грудная позвонок	No deterministic QA defect detected; normative Russian source not independently confirmed.	MEDIUM
FMA9165	first thoracic vertebra	vertebra thoracica prima	first thoracic vertebra	EXACT	Первая грудная позвонок	KEEP	Первая грудная позвонок	No deterministic QA defect detected; normative Russian source not independently confirmed.	MEDIUM
FMA9187	second thoracic vertebra			NO_MATCH	Вторая грудная позвонок	KEEP	Вторая грудная позвонок	No deterministic QA defect detected; normative Russian source not independently confirmed.	MEDIUM
FMA9209	third thoracic vertebra			NO_MATCH	Третья грудная позвонок	KEEP	Третья грудная позвонок	No deterministic QA defect detected; normative Russian source not independently confirmed.	MEDIUM
FMA9248	fourth thoracic vertebra			NO_MATCH	Четвёртая грудная позвонок	KEEP	Четвёртая грудная позвонок	No deterministic QA defect detected; normative Russian source not independently confirmed.	MEDIUM
FMA9291	cavity of right ventricle			NO_MATCH	Полость правого желудочка	KEEP	Полость правого желудочка	No deterministic QA defect detected; normative Russian source not independently confirmed.	MEDIUM
FMA9311	subsegmental pulmonary artery			NO_MATCH	Субсегментарный лёгочный артерия	KEEP	Субсегментарный лёгочный артерия	No deterministic QA defect detected; normative Russian source not independently confirmed.	MEDIUM
FMA9337	organ cavity subdivision			NO_MATCH	Орган полость подразделение	KEEP	Орган полость подразделение	No deterministic QA defect detected; normative Russian source not independently confirmed.	MEDIUM
FMA9338	anatomical conduit space			NO_MATCH	Полость анатомического проводника	KEEP	Полость анатомического проводника	No deterministic QA defect detected; normative Russian source not independently confirmed.	MEDIUM
FMA9411	segmental pulmonary vein			NO_MATCH	Сегментарный лёгочный вена	REVIEW		Needs external Russian anatomical terminology verification.	LOW
FMA9413	subsegmental pulmonary vein			NO_MATCH	Субсегментарный лёгочный вена	KEEP	Субсегментарный лёгочный вена	No deterministic QA defect detected; normative Russian source not independently confirmed.	MEDIUM
FMA9419	subsegmental part of lateral segmental vein			NO_MATCH	Субсегментарный часть латеральная сегментарный вена	REVIEW		Needs external Russian anatomical terminology verification.	LOW
FMA9421	subsegmental part of medial segmental vein			NO_MATCH	Субсегментарный часть медиальная сегментарный вена	REVIEW		Needs external Russian anatomical terminology verification.	LOW
FMA9422	right medial basal segmental vein			NO_MATCH	Правый медиальная базальная сегментарный вена	APPLY	Правая медиальная базальная сегментарный вена	Candidate from QA (laterality; lost_information); requires final Russian terminology review before application.	MEDIUM
FMA9425	right lateral basal segmental vein			NO_MATCH	Правый латеральная базальная сегментарный вена	APPLY	Правая латеральная базальная сегментарный вена	Candidate from QA (laterality; lost_information); requires final Russian terminology review before application.	MEDIUM
FMA9428	right posterior basal segmental vein			NO_MATCH	Правый задняя базальная сегментарный вена	APPLY	Правая задняя базальная сегментарный вена	Candidate from QA (laterality; lost_information); requires final Russian terminology review before application.	MEDIUM
FMA9437	left apical segmental vein			NO_MATCH	Левый верхушечная сегментарный вена	APPLY	Левая верхушечная сегментарный вена	Candidate from QA (laterality; lost_information); requires final Russian terminology review before application.	MEDIUM
FMA9438	left posterior segmental vein			NO_MATCH	Левый задняя сегментарный вена	APPLY	Левая задняя сегментарный вена	Candidate from QA (laterality; lost_information); requires final Russian terminology review before application.	MEDIUM
FMA9450	left lateral basal segmental vein			NO_MATCH	Левый латеральная базальная сегментарный вена	APPLY	Левая латеральная базальная сегментарный вена	Candidate from QA (laterality; lost_information); requires final Russian terminology review before application.	MEDIUM
FMA9451	left posterior basal segmental vein			NO_MATCH	Левый задняя базальная сегментарный вена	APPLY	Левая задняя базальная сегментарный вена	Candidate from QA (laterality; lost_information); requires final Russian terminology review before application.	MEDIUM
FMA9457	wall of right atrium			NO_MATCH	Стенка правого предсердия	REVIEW		Needs external Russian anatomical terminology verification.	LOW
FMA9464	cavity of cardiac chamber			NO_MATCH	Полость камеры сердца	KEEP	Полость камеры сердца	No deterministic QA defect detected; normative Russian source not independently confirmed.	MEDIUM
FMA9465	cavity of left atrium			NO_MATCH	Полость левого предсердия	KEEP	Полость левого предсердия	No deterministic QA defect detected; normative Russian source not independently confirmed.	MEDIUM
FMA9466	cavity of left ventricle			NO_MATCH	Полость левого желудочка	KEEP	Полость левого желудочка	No deterministic QA defect detected; normative Russian source not independently confirmed.	MEDIUM
FMA9531	wall of left atrium			NO_MATCH	Стенка левого предсердия	REVIEW		Needs external Russian anatomical terminology verification.	LOW
FMA9597	salivary gland			NO_MATCH	Слюнная железа	KEEP	Слюнная железа	No deterministic QA defect detected; normative Russian source not independently confirmed.	MEDIUM
FMA9600	prostate	prostata	prostate	EXACT	Предстательная железа	KEEP	Предстательная железа	No deterministic QA defect detected; normative Russian source not independently confirmed.	MEDIUM
FMA9604	adrenal gland	glandula suprarenalis	suprarenal gland	EXACT	Надпочечник	KEEP	Надпочечник	No deterministic QA defect detected; normative Russian source not independently confirmed.	MEDIUM
FMA9611	femur	os femoris	femur	EXACT	Бедренная кость	KEEP	Бедренная кость	No deterministic QA defect detected; normative Russian source not independently confirmed.	MEDIUM
FMA9612	metacarpal bone	os metacarpi	metacarpal bone	EXACT	Пястная кость кость	KEEP	Пястная кость кость	No deterministic QA defect detected; normative Russian source not independently confirmed.	MEDIUM
FMA9613	parietal bone	os parietale	parietal bone	EXACT	Теменная кость	KEEP	Теменная кость	No deterministic QA defect detected; normative Russian source not independently confirmed.	MEDIUM
FMA9615	cricoid cartilage	cartilago cricoidea	cricoid cartilage	EXACT	Перстневидный хрящ	KEEP	Перстневидный хрящ	No deterministic QA defect detected; normative Russian source not independently confirmed.	MEDIUM
FMA9616	muscle of head			NO_MATCH	Мышца головка	REVIEW		Needs external Russian anatomical terminology verification.	LOW
FMA9617	muscle of neck			NO_MATCH	Мышца шейка	REVIEW		Needs external Russian anatomical terminology verification.	LOW
FMA9619	muscle of thorax			NO_MATCH	Мышца грудная клетка	REVIEW		Needs external Russian anatomical terminology verification.	LOW
FMA9620	muscle of abdomen			NO_MATCH	Мышца живот	REVIEW		Needs external Russian anatomical terminology verification.	LOW
FMA9621	muscle of upper limb			NO_MATCH	Мышца верхняя конечность	REVIEW		Needs external Russian anatomical terminology verification.	LOW
FMA9622	muscle of lower limb			NO_MATCH	Мышца нижняя конечность	REVIEW		Needs external Russian anatomical terminology verification.	LOW
FMA9623	perineal muscle			NO_MATCH	Промежностная мышца	KEEP	Промежностная мышца	No deterministic QA defect detected; normative Russian source not independently confirmed.	MEDIUM
FMA9625	stylohyoid			NO_MATCH	Шилоподъязычная	KEEP	Шилоподъязычная	No deterministic QA defect detected; normative Russian source not independently confirmed.	MEDIUM
FMA9629	supraspinatus			NO_MATCH	Надостная	KEEP	Надостная	No deterministic QA defect detected; normative Russian source not independently confirmed.	MEDIUM
FMA9637	portion of tissue			NO_MATCH	Часть ткань	KEEP	Часть ткань	No deterministic QA defect detected; normative Russian source not independently confirmed.	MEDIUM
FMA9640	portion of connective tissue			NO_MATCH	Часть соединительная ткань	KEEP	Часть соединительная ткань	No deterministic QA defect detected; normative Russian source not independently confirmed.	MEDIUM
FMA9649	decussation			NO_MATCH	Перекрёст	KEEP	Перекрёст	No deterministic QA defect detected; normative Russian source not independently confirmed.	MEDIUM
FMA9657	anatomical line			NO_MATCH	Анатомическая линия	KEEP	Анатомическая линия	No deterministic QA defect detected; normative Russian source not independently confirmed.	MEDIUM
FMA9703	nasolacrimal duct	ductus nasolacrimalis	nasolacrimal duct	EXACT	Носослёзный проток	KEEP	Носослёзный проток	No deterministic QA defect detected; normative Russian source not independently confirmed.	MEDIUM
FMA9704	ureter	ureter	ureter	EXACT	Мочеточник	KEEP	Мочеточник	No deterministic QA defect detected; normative Russian source not independently confirmed.	MEDIUM
FMA9706	bile duct	ductus biliaris	bile duct	EXACT	Желчный проток	KEEP	Желчный проток	No deterministic QA defect detected; normative Russian source not independently confirmed.	MEDIUM
FMA9708	talus	os tali	talus	EXACT	Таранная кость	KEEP	Таранная кость	No deterministic QA defect detected; normative Russian source not independently confirmed.	MEDIUM
FMA9710	vomer	vomer	vomer	EXACT	Вомэр	KEEP	Вомэр	No deterministic QA defect detected; normative Russian source not independently confirmed.	MEDIUM
FMA9711	maxilla	maxilla	maxilla	EXACT	Верхняя челюсть	KEEP	Верхняя челюсть	No deterministic QA defect detected; normative Russian source not independently confirmed.	MEDIUM
FMA9721	tendon	tendo	tendon	EXACT	Сухожилие	KEEP	Сухожилие	No deterministic QA defect detected; normative Russian source not independently confirmed.	MEDIUM
FMA9756	external intercostal muscle			NO_MATCH	Наружная межрёберная мышца	KEEP	Наружная межрёберная мышца	No deterministic QA defect detected; normative Russian source not independently confirmed.	MEDIUM
FMA9757	internal intercostal muscle			NO_MATCH	Внутренняя межрёберная мышца	KEEP	Внутренняя межрёберная мышца	No deterministic QA defect detected; normative Russian source not independently confirmed.	MEDIUM
FMA9758	innermost intercostal muscle			NO_MATCH	Самая глубокая межрёберная мышца	KEEP	Самая глубокая межрёберная мышца	No deterministic QA defect detected; normative Russian source not independently confirmed.	MEDIUM
FMA9760	transversus thoracis			NO_MATCH	Поперечная мышца груди	KEEP	Поперечная мышца груди	No deterministic QA defect detected; normative Russian source not independently confirmed.	MEDIUM
FMA9761	right transversus thoracis			NO_MATCH	Правый поперечная мышца груди	APPLY	Правая поперечная мышца груди	Candidate from QA (laterality; lost_information); requires final Russian terminology review before application.	MEDIUM
FMA9762	left transversus thoracis			NO_MATCH	Левый поперечная мышца груди	APPLY	Левая поперечная мышца груди	Candidate from QA (laterality; lost_information); requires final Russian terminology review before application.	MEDIUM
FMA9914	vertebra	vertebra	vertebra	EXACT	Позвонок	KEEP	Позвонок	No deterministic QA defect detected; normative Russian source not independently confirmed.	MEDIUM
FMA9915	cervical vertebra	vertebra cervicalis	cervical vertebra	EXACT	Шейная позвонок	KEEP	Шейная позвонок	No deterministic QA defect detected; normative Russian source not independently confirmed.	MEDIUM
FMA9921	lumbar vertebra	vertebra lumbalis	lumbar vertebra	EXACT	Поясничная позвонок	KEEP	Поясничная позвонок	No deterministic QA defect detected; normative Russian source not independently confirmed.	MEDIUM
FMA9922	fifth thoracic vertebra			NO_MATCH	Пятая грудная позвонок	KEEP	Пятая грудная позвонок	No deterministic QA defect detected; normative Russian source not independently confirmed.	MEDIUM
FMA9945	sixth thoracic vertebra			NO_MATCH	Шестая грудная позвонок	KEEP	Шестая грудная позвонок	No deterministic QA defect detected; normative Russian source not independently confirmed.	MEDIUM
FMA9968	seventh thoracic vertebra			NO_MATCH	Седьмая грудная позвонок	KEEP	Седьмая грудная позвонок	No deterministic QA defect detected; normative Russian source not independently confirmed.	MEDIUM
FMA9991	eighth thoracic vertebra			NO_MATCH	Восьмая грудная позвонок	KEEP	Восьмая грудная позвонок	No deterministic QA defect detected; normative Russian source not independently confirmed.	MEDIUM
FMA10014	ninth thoracic vertebra			NO_MATCH	Девятая грудная позвонок	KEEP	Девятая грудная позвонок	No deterministic QA defect detected; normative Russian source not independently confirmed.	MEDIUM
FMA10037	tenth thoracic vertebra			NO_MATCH	Десятая грудная позвонок	KEEP	Десятая грудная позвонок	No deterministic QA defect detected; normative Russian source not independently confirmed.	MEDIUM
FMA10059	eleventh thoracic vertebra			NO_MATCH	Одиннадцатая грудная позвонок	KEEP	Одиннадцатая грудная позвонок	No deterministic QA defect detected; normative Russian source not independently confirmed.	MEDIUM
FMA10081	twelfth thoracic vertebra			NO_MATCH	Двенадцатая грудная позвонок	KEEP	Двенадцатая грудная позвонок	No deterministic QA defect detected; normative Russian source not independently confirmed.	MEDIUM
FMA10419	pancreatic duct	ductus pancreaticus	pancreatic duct	EXACT	Поджелудочная проток	KEEP	Поджелудочная проток	No deterministic QA defect detected; normative Russian source not independently confirmed.	MEDIUM
FMA10446	intervertebral disk			NO_MATCH	Межпозвоночное диск	KEEP	Межпозвоночное диск	No deterministic QA defect detected; normative Russian source not independently confirmed.	MEDIUM
FMA10455	intervertebral disk of thoracic vertebra			NO_MATCH	Межпозвоночное диск грудная позвонок	KEEP	Межпозвоночное диск грудная позвонок	No deterministic QA defect detected; normative Russian source not independently confirmed.	MEDIUM
FMA10458	intervertebral disk of first thoracic vertebra			NO_MATCH	Межпозвоночное диск первая грудная позвонок	REVIEW		Needs external Russian anatomical terminology verification.	LOW
FMA10474	zone of muscle organ			NO_MATCH	Зона мышца орган	KEEP	Зона мышца орган	No deterministic QA defect detected; normative Russian source not independently confirmed.	MEDIUM
FMA10483	zone of bone organ			NO_MATCH	Зона кость орган	KEEP	Зона кость орган	No deterministic QA defect detected; normative Russian source not independently confirmed.	MEDIUM
FMA10552	left dorsal scapular artery	arteria dorsalis scapulae	dorsal scapular artery	PROBABLE	Левый тыльная лопаточная артерия	APPLY	Левая тыльная лопаточная артерия	Candidate from QA (laterality; lost_information); requires final Russian terminology review before application.	MEDIUM
FMA10636	costocervical trunk	truncus costocervicalis	costocervical trunk	EXACT	Рёберно-шейный туловище	KEEP	Рёберно-шейный туловище	No deterministic QA defect detected; normative Russian source not independently confirmed.	MEDIUM
FMA10645	musculophrenic artery	arteria musculophrenica	musculophrenic artery	EXACT	Мышечно-диафрагмальная артерия	KEEP	Мышечно-диафрагмальная артерия	No deterministic QA defect detected; normative Russian source not independently confirmed.	MEDIUM
FMA10646	superior epigastric artery	arteria epigastrica superior	superior epigastric artery	EXACT	Верхняя надчревная артерия	KEEP	Верхняя надчревная артерия	No deterministic QA defect detected; normative Russian source not independently confirmed.	MEDIUM
FMA10659	deep cervical artery	arteria cervicalis profunda	deep cervical artery	EXACT	Глубокая шейная артерия	KEEP	Глубокая шейная артерия	No deterministic QA defect detected; normative Russian source not independently confirmed.	MEDIUM
FMA10660	right deep cervical artery	arteria cervicalis profunda	deep cervical artery	PROBABLE	Правый глубокая шейная артерия	APPLY	Правая глубокая шейная артерия	Candidate from QA (laterality; lost_information); requires final Russian terminology review before application.	MEDIUM
FMA10662	inferior thyroid artery	arteria thyreoidea inferior	inferior thyroid artery	EXACT	Нижняя щитовидная железа артерия	KEEP	Нижняя щитовидная железа артерия	No deterministic QA defect detected; normative Russian source not independently confirmed.	MEDIUM
FMA10663	suprascapular artery	arteria suprascapularis	suprascapular artery	EXACT	надлопаточная артерия	KEEP	надлопаточная артерия	No deterministic QA defect detected; normative Russian source not independently confirmed.	MEDIUM
FMA10664	transverse cervical artery	arteria transversa colli	transverse cervical artery	EXACT	Поперечная шейная артерия	KEEP	Поперечная шейная артерия	No deterministic QA defect detected; normative Russian source not independently confirmed.	MEDIUM
FMA10665	superficial cervical artery	ramus superficialis arteriae transversae colli	superficial branch of transverse cervical artery	EXACT	Поверхностная шейная артерия	KEEP	Поверхностная шейная артерия	No deterministic QA defect detected; normative Russian source not independently confirmed.	MEDIUM
FMA10680	left inferior thyroid artery	arteria thyreoidea inferior	inferior thyroid artery	PROBABLE	Левый нижняя щитовидная железа артерия	APPLY	Левая нижняя щитовидная железа артерия	Candidate from QA (laterality; lost_information); requires final Russian terminology review before application.	MEDIUM
FMA10681	left suprascapular artery	arteria suprascapularis	suprascapular artery	PROBABLE	Левая надлопаточная артерия	REVIEW		Needs external Russian anatomical terminology verification.	LOW
FMA10682	left transverse cervical artery	arteria transversa colli	transverse cervical artery	PROBABLE	Левый поперечная шейная артерия	APPLY	Левая поперечная шейная артерия	Candidate from QA (laterality; lost_information); requires final Russian terminology review before application.	MEDIUM
FMA10683	left superficial cervical artery	ramus superficialis arteriae transversae colli	superficial branch of transverse cervical artery	PROBABLE	Левый поверхностная шейная артерия	APPLY	Левая поверхностная шейная артерия	Candidate from QA (laterality; lost_information); requires final Russian terminology review before application.	MEDIUM
FMA10692	right musculophrenic artery	arteria musculophrenica	musculophrenic artery	PROBABLE	Правый мышечно-диафрагмальная артерия	APPLY	Правая мышечно-диафрагмальная артерия	Candidate from QA (laterality; lost_information); requires final Russian terminology review before application.	MEDIUM
FMA10697	right inferior thyroid artery	arteria thyreoidea inferior	inferior thyroid artery	PROBABLE	Правый нижняя щитовидная железа артерия	APPLY	Правая нижняя щитовидная железа артерия	Candidate from QA (laterality; lost_information); requires final Russian terminology review before application.	MEDIUM
FMA10698	right suprascapular artery	arteria suprascapularis	suprascapular artery	PROBABLE	Правая надлопаточная артерия	REVIEW		Needs external Russian anatomical terminology verification.	LOW
FMA10699	right transverse cervical artery	arteria transversa colli	transverse cervical artery	PROBABLE	Правый поперечная шейная артерия	APPLY	Правая поперечная шейная артерия	Candidate from QA (laterality; lost_information); requires final Russian terminology review before application.	MEDIUM
FMA10700	right superficial cervical artery	ramus superficialis arteriae transversae colli	superficial branch of transverse cervical artery	PROBABLE	Правый поверхностная шейная артерия	APPLY	Правая поверхностная шейная артерия	Candidate from QA (laterality; lost_information); requires final Russian terminology review before application.	MEDIUM
FMA10704	variant bronchial artery			NO_MATCH	Вариантная бронхиальная артерия	KEEP	Вариантная бронхиальная артерия	No deterministic QA defect detected; normative Russian source not independently confirmed.	MEDIUM
FMA10951	inferior vena cava	vena cava inferior	inferior vena cava	EXACT	Нижняя полая вена	KEEP	Нижняя полая вена	No deterministic QA defect detected; normative Russian source not independently confirmed.	MEDIUM
FMA11195	segment of neural tree organ			NO_MATCH	Сегмент нервная дерево орган	REVIEW		Needs external Russian anatomical terminology verification.	LOW
FMA11336	linea alba	linea alba	linea alba	EXACT	Линэа алба	KEEP	Линэа алба	No deterministic QA defect detected; normative Russian source not independently confirmed.	MEDIUM
FMA11337	zone of continuity			NO_MATCH	Зона непрерывность	KEEP	Зона непрерывность	No deterministic QA defect detected; normative Russian source not independently confirmed.	MEDIUM
FMA11338	ileocecal junction			NO_MATCH	Илэокэкал соединение	KEEP	Илэокэкал соединение	No deterministic QA defect detected; normative Russian source not independently confirmed.	MEDIUM
FMA11359	cavity of right atrium			NO_MATCH	Полость правого предсердия	KEEP	Полость правого предсердия	No deterministic QA defect detected; normative Russian source not independently confirmed.	MEDIUM
FMA12215	zone of sternum			NO_MATCH	Зона грудина	APPLY	зона грудины	Candidate from QA (grammar); requires final Russian terminology review before application.	MEDIUM
FMA12224	segment of tracheobronchial tree			NO_MATCH	Сегмент трахеобронхиальный дерево	REVIEW		Needs external Russian anatomical terminology verification.	LOW
FMA12516	tooth	dens	tooth	EXACT	Зуб	KEEP	Зуб	No deterministic QA defect detected; normative Russian source not independently confirmed.	MEDIUM
FMA12519	atlas	atlas	atlas	EXACT	Атлант	KEEP	Атлант	No deterministic QA defect detected; normative Russian source not independently confirmed.	MEDIUM
FMA12520	axis	axis	axis	EXACT	Осевой позвонок	KEEP	Осевой позвонок	No deterministic QA defect detected; normative Russian source not independently confirmed.	MEDIUM
FMA12521	third cervical vertebra			NO_MATCH	Третья шейная позвонок	KEEP	Третья шейная позвонок	No deterministic QA defect detected; normative Russian source not independently confirmed.	MEDIUM
FMA12522	fourth cervical vertebra			NO_MATCH	Четвёртая шейная позвонок	KEEP	Четвёртая шейная позвонок	No deterministic QA defect detected; normative Russian source not independently confirmed.	MEDIUM
FMA12523	fifth cervical vertebra			NO_MATCH	Пятая шейная позвонок	KEEP	Пятая шейная позвонок	No deterministic QA defect detected; normative Russian source not independently confirmed.	MEDIUM
FMA12524	sixth cervical vertebra			NO_MATCH	Шестая шейная позвонок	KEEP	Шестая шейная позвонок	No deterministic QA defect detected; normative Russian source not independently confirmed.	MEDIUM
FMA12525	seventh cervical vertebra			NO_MATCH	Седьмая шейная позвонок	KEEP	Седьмая шейная позвонок	No deterministic QA defect detected; normative Russian source not independently confirmed.	MEDIUM
FMA12823	incisor tooth	dens incisivus	incisor tooth	EXACT	Резец зуб	KEEP	Резец зуб	No deterministic QA defect detected; normative Russian source not independently confirmed.	MEDIUM
FMA12845	subcostal vein			NO_MATCH	Подрёберная вена	KEEP	Подрёберная вена	No deterministic QA defect detected; normative Russian source not independently confirmed.	MEDIUM
FMA12846	cardiac vein			NO_MATCH	Сердечная вена	KEEP	Сердечная вена	No deterministic QA defect detected; normative Russian source not independently confirmed.	MEDIUM
FMA12858	ascending lumbar vein			NO_MATCH	Восходящая поясничная вена	KEEP	Восходящая поясничная вена	No deterministic QA defect detected; normative Russian source not independently confirmed.	MEDIUM
FMA13072	first lumbar vertebra			NO_MATCH	Первая поясничная позвонок	KEEP	Первая поясничная позвонок	No deterministic QA defect detected; normative Russian source not independently confirmed.	MEDIUM
FMA13073	second lumbar vertebra			NO_MATCH	Вторая поясничная позвонок	KEEP	Вторая поясничная позвонок	No deterministic QA defect detected; normative Russian source not independently confirmed.	MEDIUM
FMA13074	third lumbar vertebra			NO_MATCH	Третья поясничная позвонок	KEEP	Третья поясничная позвонок	No deterministic QA defect detected; normative Russian source not independently confirmed.	MEDIUM
FMA13075	fourth lumbar vertebra			NO_MATCH	Четвёртая поясничная позвонок	KEEP	Четвёртая поясничная позвонок	No deterministic QA defect detected; normative Russian source not independently confirmed.	MEDIUM
FMA13076	fifth lumbar vertebra			NO_MATCH	Пятая поясничная позвонок	KEEP	Пятая поясничная позвонок	No deterministic QA defect detected; normative Russian source not independently confirmed.	MEDIUM
FMA13087	segment of aorta			NO_MATCH	Сегмент аорта	REVIEW		Needs external Russian anatomical terminology verification.	LOW
FMA13109	pectoralis minor			NO_MATCH	Грудная мышца малая	KEEP	Грудная мышца малая	No deterministic QA defect detected; normative Russian source not independently confirmed.	MEDIUM
FMA13237	cavity of atrium			NO_MATCH	Полость предсердия	KEEP	Полость предсердия	No deterministic QA defect detected; normative Russian source not independently confirmed.	MEDIUM
FMA13238	cavity of ventricle			NO_MATCH	Полость желудочка	KEEP	Полость желудочка	No deterministic QA defect detected; normative Russian source not independently confirmed.	MEDIUM
FMA13256	wall of cardiac chamber			NO_MATCH	Стенка камеры сердца	REVIEW		Needs external Russian anatomical terminology verification.	LOW
FMA13278	anterior segmental artery			NO_MATCH	Передняя сегментарная артерия	KEEP	Передняя сегментарная артерия	No deterministic QA defect detected; normative Russian source not independently confirmed.	MEDIUM
FMA13279	left anterior segmental artery			NO_MATCH	Левый передняя сегментарный артерия	APPLY	Левая передняя сегментарный артерия	Candidate from QA (laterality; lost_information); requires final Russian terminology review before application.	MEDIUM
FMA13280	posterior segmental artery			NO_MATCH	Задняя сегментарный артерия	KEEP	Задняя сегментарный артерия	No deterministic QA defect detected; normative Russian source not independently confirmed.	MEDIUM
FMA13289	medial basal segmental vein			NO_MATCH	Медиальная базальная сегментарный вена	KEEP	Медиальная базальная сегментарный вена	No deterministic QA defect detected; normative Russian source not independently confirmed.	MEDIUM
FMA13290	anterior basal segmental vein			NO_MATCH	Передняя базальная сегментарная вена	KEEP	Передняя базальная сегментарная вена	No deterministic QA defect detected; normative Russian source not independently confirmed.	MEDIUM
FMA13291	lateral basal segmental vein			NO_MATCH	Латеральная базальная сегментарный вена	KEEP	Латеральная базальная сегментарный вена	No deterministic QA defect detected; normative Russian source not independently confirmed.	MEDIUM
FMA13292	posterior basal segmental vein			NO_MATCH	Задняя базальная сегментарный вена	KEEP	Задняя базальная сегментарный вена	No deterministic QA defect detected; normative Russian source not independently confirmed.	MEDIUM
FMA13295	diaphragm	diaphragma	diaphragm	EXACT	Диафрагма	KEEP	Диафрагма	No deterministic QA defect detected; normative Russian source not independently confirmed.	MEDIUM
FMA13303	humerus	humerus	humerus	EXACT	Плечевая кость	KEEP	Плечевая кость	No deterministic QA defect detected; normative Russian source not independently confirmed.	MEDIUM
FMA13321	clavicle	clavicula	clavicle	EXACT	Ключица	KEEP	Ключица	No deterministic QA defect detected; normative Russian source not independently confirmed.	MEDIUM
FMA13322	right clavicle	clavicula	clavicle	PROBABLE	Правый ключица	REVIEW		Needs external Russian anatomical terminology verification.	LOW
FMA13323	left clavicle	clavicula	clavicle	PROBABLE	Левый ключица	REVIEW		Needs external Russian anatomical terminology verification.	LOW
FMA13324	cephalic vein	vena cephalica	cephalic vein	EXACT	Латеральная подкожная вена	KEEP	Латеральная подкожная вена	No deterministic QA defect detected; normative Russian source not independently confirmed.	MEDIUM
FMA13325	right cephalic vein	vena cephalica	cephalic vein	PROBABLE	Правый латеральная подкожная вена	APPLY	Правая латеральная подкожная вена	Candidate from QA (laterality; lost_information); requires final Russian terminology review before application.	MEDIUM
FMA13326	left cephalic vein	vena cephalica	cephalic vein	PROBABLE	Левый латеральная подкожная вена	APPLY	Левая латеральная подкожная вена	Candidate from QA (laterality; lost_information); requires final Russian terminology review before application.	MEDIUM
FMA13329	axillary vein	vena axillaris	axillary vein	EXACT	Подмышечная вена	KEEP	Подмышечная вена	No deterministic QA defect detected; normative Russian source not independently confirmed.	MEDIUM
FMA13330	right axillary vein	vena axillaris	axillary vein	PROBABLE	Правый подмышечная вена	APPLY	Правая подмышечная вена	Candidate from QA (laterality; lost_information); requires final Russian terminology review before application.	MEDIUM
FMA13331	left axillary vein	vena axillaris	axillary vein	PROBABLE	Левый подмышечная вена	APPLY	Левая подмышечная вена	Candidate from QA (laterality; lost_information); requires final Russian terminology review before application.	MEDIUM
FMA13335	external oblique			NO_MATCH	Наружная косая мышца	KEEP	Наружная косая мышца	No deterministic QA defect detected; normative Russian source not independently confirmed.	MEDIUM
FMA13336	right external oblique			NO_MATCH	Правый наружная косая мышца	APPLY	Правая наружная косая мышца	Candidate from QA (laterality; lost_information); requires final Russian terminology review before application.	MEDIUM
FMA13337	left external oblique			NO_MATCH	Левый наружная косая мышца	APPLY	Левая наружная косая мышца	Candidate from QA (laterality; lost_information); requires final Russian terminology review before application.	MEDIUM
FMA13338	infrahyoid muscle			NO_MATCH	Подъязычная мышца	KEEP	Подъязычная мышца	No deterministic QA defect detected; normative Russian source not independently confirmed.	MEDIUM
FMA13341	sternohyoid			NO_MATCH	Грудино-подъязычная мышца	KEEP	Грудино-подъязычная мышца	No deterministic QA defect detected; normative Russian source not independently confirmed.	MEDIUM
FMA13342	omohyoid			NO_MATCH	Лопаточно-подъязычная мышца	KEEP	Лопаточно-подъязычная мышца	No deterministic QA defect detected; normative Russian source not independently confirmed.	MEDIUM
FMA13343	sternothyroid			NO_MATCH	Грудино-щитовидная мышца	KEEP	Грудино-щитовидная мышца	No deterministic QA defect detected; normative Russian source not independently confirmed.	MEDIUM
FMA13344	thyrohyoid			NO_MATCH	Щито-подъязычная мышца	KEEP	Щито-подъязычная мышца	No deterministic QA defect detected; normative Russian source not independently confirmed.	MEDIUM
FMA13346	right sternohyoid			NO_MATCH	Правый грудино-подъязычная мышца	APPLY	Правая грудино-подъязычная мышца	Candidate from QA (laterality; lost_information); requires final Russian terminology review before application.	MEDIUM
FMA13347	left sternohyoid			NO_MATCH	Левый грудино-подъязычная мышца	APPLY	Левая грудино-подъязычная мышца	Candidate from QA (laterality; lost_information); requires final Russian terminology review before application.	MEDIUM
FMA13348	right omohyoid			NO_MATCH	Правый лопаточно-подъязычная мышца	APPLY	Правая лопаточно-подъязычная мышца	Candidate from QA (laterality; lost_information); requires final Russian terminology review before application.	MEDIUM
FMA13349	left omohyoid			NO_MATCH	Левый лопаточно-подъязычная мышца	APPLY	Левая лопаточно-подъязычная мышца	Candidate from QA (laterality; lost_information); requires final Russian terminology review before application.	MEDIUM
FMA13350	right sternothyroid			NO_MATCH	Правый грудино-щитовидная мышца	APPLY	Правая грудино-щитовидная мышца	Candidate from QA (laterality; lost_information); requires final Russian terminology review before application.	MEDIUM
FMA13351	left sternothyroid			NO_MATCH	Левый грудино-щитовидная мышца	APPLY	Левая грудино-щитовидная мышца	Candidate from QA (laterality; lost_information); requires final Russian terminology review before application.	MEDIUM
FMA13352	right thyrohyoid			NO_MATCH	Правый щито-подъязычная мышца	APPLY	Правая щито-подъязычная мышца	Candidate from QA (laterality; lost_information); requires final Russian terminology review before application.	MEDIUM
FMA13353	left thyrohyoid			NO_MATCH	Левый щито-подъязычная мышца	APPLY	Левая щито-подъязычная мышца	Candidate from QA (laterality; lost_information); requires final Russian terminology review before application.	MEDIUM
FMA13354	intercostal muscle			NO_MATCH	Межрёберная мышца	KEEP	Межрёберная мышца	No deterministic QA defect detected; normative Russian source not independently confirmed.	MEDIUM
FMA13365	caudate lobe of liver			NO_MATCH	Хвостатая доля печень	KEEP	Хвостатая доля печень	No deterministic QA defect detected; normative Russian source not independently confirmed.	MEDIUM
FMA13375	right pectoralis minor			NO_MATCH	Правый грудная мышца малая	APPLY	Правая грудная мышца малая	Candidate from QA (laterality; lost_information); requires final Russian terminology review before application.	MEDIUM
FMA13376	left pectoralis minor			NO_MATCH	Левый грудная мышца малая	APPLY	Левая грудная мышца малая	Candidate from QA (laterality; lost_information); requires final Russian terminology review before application.	MEDIUM
FMA13379	rhomboid major			NO_MATCH	Ромбовидная мышца большая	KEEP	Ромбовидная мышца большая	No deterministic QA defect detected; normative Russian source not independently confirmed.	MEDIUM
FMA13380	rhomboid minor			NO_MATCH	Ромбовидная мышца малая	KEEP	Ромбовидная мышца малая	No deterministic QA defect detected; normative Russian source not independently confirmed.	MEDIUM
FMA13381	right rhomboid major			NO_MATCH	Правый ромбовидная мышца большая	APPLY	Правая ромбовидная мышца большая	Candidate from QA (laterality; lost_information); requires final Russian terminology review before application.	MEDIUM
FMA13382	left rhomboid major			NO_MATCH	Левый ромбовидная мышца большая	APPLY	Левая ромбовидная мышца большая	Candidate from QA (laterality; lost_information); requires final Russian terminology review before application.	MEDIUM
FMA13383	right rhomboid minor			NO_MATCH	Правый ромбовидная мышца малая	APPLY	Правая ромбовидная мышца малая	Candidate from QA (laterality; lost_information); requires final Russian terminology review before application.	MEDIUM
FMA13384	left rhomboid minor			NO_MATCH	Левый ромбовидная мышца малая	APPLY	Левая ромбовидная мышца малая	Candidate from QA (laterality; lost_information); requires final Russian terminology review before application.	MEDIUM
FMA13385	scalenus anterior			NO_MATCH	Лестничная мышца передняя	KEEP	Лестничная мышца передняя	No deterministic QA defect detected; normative Russian source not independently confirmed.	MEDIUM
FMA13386	scalenus medius			NO_MATCH	Лестничная мышца мэдиус	KEEP	Лестничная мышца мэдиус	No deterministic QA defect detected; normative Russian source not independently confirmed.	MEDIUM
FMA13387	scalenus posterior			NO_MATCH	Лестничная мышца задняя	KEEP	Лестничная мышца задняя	No deterministic QA defect detected; normative Russian source not independently confirmed.	MEDIUM
FMA13388	right scalenus posterior			NO_MATCH	Правый лестничная мышца задняя	APPLY	Правая лестничная мышца задняя	Candidate from QA (laterality; lost_information); requires final Russian terminology review before application.	MEDIUM
FMA13389	left scalenus posterior			NO_MATCH	Левый лестничная мышца задняя	APPLY	Левая лестничная мышца задняя	Candidate from QA (laterality; lost_information); requires final Russian terminology review before application.	MEDIUM
FMA13390	right scalenus medius			NO_MATCH	Правый лестничная мышца мэдиус	APPLY	Правая лестничная мышца мэдиус	Candidate from QA (laterality; lost_information); requires final Russian terminology review before application.	MEDIUM
FMA13391	left scalenus medius			NO_MATCH	Левый лестничная мышца мэдиус	APPLY	Левая лестничная мышца мэдиус	Candidate from QA (laterality; lost_information); requires final Russian terminology review before application.	MEDIUM
FMA13392	right scalenus anterior			NO_MATCH	Правый лестничная мышца передняя	APPLY	Правая лестничная мышца передняя	Candidate from QA (laterality; lost_information); requires final Russian terminology review before application.	MEDIUM
FMA13393	left scalenus anterior			NO_MATCH	Левый лестничная мышца передняя	APPLY	Левая лестничная мышца передняя	Candidate from QA (laterality; lost_information); requires final Russian terminology review before application.	MEDIUM
FMA13394	scapula	scapula	scapula	EXACT	Лопатка	KEEP	Лопатка	No deterministic QA defect detected; normative Russian source not independently confirmed.	MEDIUM
FMA13395	right scapula	scapula	scapula	PROBABLE	Правый лопатка	REVIEW		Needs external Russian anatomical terminology verification.	LOW
FMA13396	left scapula	scapula	scapula	PROBABLE	Левый лопатка	REVIEW		Needs external Russian anatomical terminology verification.	LOW
FMA13397	serratus anterior			NO_MATCH	Передняя зубчатая мышца передняя	KEEP	Передняя зубчатая мышца передняя	No deterministic QA defect detected; normative Russian source not independently confirmed.	MEDIUM
FMA13398	right serratus anterior			NO_MATCH	Правый передняя зубчатая мышца передняя	APPLY	Правая передняя зубчатая мышца передняя	Candidate from QA (laterality; lost_information); requires final Russian terminology review before application.	MEDIUM
FMA13399	left serratus anterior			NO_MATCH	Левый передняя зубчатая мышца передняя	APPLY	Левая передняя зубчатая мышца передняя	Candidate from QA (laterality; lost_information); requires final Russian terminology review before application.	MEDIUM
FMA13400	serratus posterior			NO_MATCH	Передняя зубчатая мышца задняя	KEEP	Передняя зубчатая мышца задняя	No deterministic QA defect detected; normative Russian source not independently confirmed.	MEDIUM
FMA13401	serratus posterior superior			NO_MATCH	Передняя зубчатая мышца задняя верхняя	REVIEW		Needs external Russian anatomical terminology verification.	LOW
FMA13402	serratus posterior inferior			NO_MATCH	Передняя зубчатая мышца задняя нижняя	REVIEW		Needs external Russian anatomical terminology verification.	LOW
FMA13403	right serratus posterior superior			NO_MATCH	Правый передняя зубчатая мышца задняя верхняя	APPLY	Правая передняя зубчатая мышца задняя верхняя	Candidate from QA (laterality; lost_information); requires final Russian terminology review before application.	MEDIUM
FMA13404	left serratus posterior superior			NO_MATCH	Левый передняя зубчатая мышца задняя верхняя	APPLY	Левая передняя зубчатая мышца задняя верхняя	Candidate from QA (laterality; lost_information); requires final Russian terminology review before application.	MEDIUM
FMA13405	right serratus posterior inferior			NO_MATCH	Правый передняя зубчатая мышца задняя нижняя	APPLY	Правая передняя зубчатая мышца задняя нижняя	Candidate from QA (laterality; lost_information); requires final Russian terminology review before application.	MEDIUM
FMA13406	left serratus posterior inferior			NO_MATCH	Левый передняя зубчатая мышца задняя нижняя	APPLY	Левая передняя зубчатая мышца задняя нижняя	Candidate from QA (laterality; lost_information); requires final Russian terminology review before application.	MEDIUM
FMA13407	sternocleidomastoid			NO_MATCH	Грудино-ключично-сосцевидная мышца	KEEP	Грудино-ключично-сосцевидная мышца	No deterministic QA defect detected; normative Russian source not independently confirmed.	MEDIUM
FMA13408	right sternocleidomastoid			NO_MATCH	Правый грудино-ключично-сосцевидная мышца	APPLY	Правая грудино-ключично-сосцевидная мышца	Candidate from QA (laterality; lost_information); requires final Russian terminology review before application.	MEDIUM
FMA13409	left sternocleidomastoid			NO_MATCH	Левый грудино-ключично-сосцевидная мышца	APPLY	Левая грудино-ключично-сосцевидная мышца	Candidate from QA (laterality; lost_information); requires final Russian terminology review before application.	MEDIUM
FMA13410	subclavius			NO_MATCH	Подключичная мышца	KEEP	Подключичная мышца	No deterministic QA defect detected; normative Russian source not independently confirmed.	MEDIUM
FMA13411	left subclavius			NO_MATCH	Левый подключичная мышца	APPLY	Левая подключичная мышца	Candidate from QA (laterality; lost_information); requires final Russian terminology review before application.	MEDIUM
FMA13412	right subclavius			NO_MATCH	Правый подключичная мышца	APPLY	Правая подключичная мышца	Candidate from QA (laterality; lost_information); requires final Russian terminology review before application.	MEDIUM
FMA13413	subscapularis			NO_MATCH	Подлопаточная мышца	KEEP	Подлопаточная мышца	No deterministic QA defect detected; normative Russian source not independently confirmed.	MEDIUM
FMA13414	right subscapularis			NO_MATCH	Правый подлопаточная мышца	APPLY	Правая подлопаточная мышца	Candidate from QA (laterality; lost_information); requires final Russian terminology review before application.	MEDIUM
FMA13415	left subscapularis			NO_MATCH	Левый подлопаточная мышца	APPLY	Левая подлопаточная мышца	Candidate from QA (laterality; lost_information); requires final Russian terminology review before application.	MEDIUM
FMA13442	anterior segmental vein			NO_MATCH	Передняя сегментарная вена	KEEP	Передняя сегментарная вена	No deterministic QA defect detected; normative Russian source not independently confirmed.	MEDIUM
FMA13443	posterior segmental vein			NO_MATCH	Задняя сегментарный вена	KEEP	Задняя сегментарный вена	No deterministic QA defect detected; normative Russian source not independently confirmed.	MEDIUM
FMA13444	apical segmental vein			NO_MATCH	Верхушечная сегментарная вена	KEEP	Верхушечная сегментарная вена	No deterministic QA defect detected; normative Russian source not independently confirmed.	MEDIUM
FMA13445	superior segmental vein			NO_MATCH	Верхняя сегментарный вена	KEEP	Верхняя сегментарный вена	No deterministic QA defect detected; normative Russian source not independently confirmed.	MEDIUM
FMA13495	intervertebral disk of second thoracic vertebra			NO_MATCH	Межпозвоночное диск вторая грудная позвонок	REVIEW		Needs external Russian anatomical terminology verification.	LOW
FMA13500	intervertebral disk of third thoracic vertebra			NO_MATCH	Межпозвоночное диск третья грудная позвонок	REVIEW		Needs external Russian anatomical terminology verification.	LOW
FMA13501	intervertebral disk of fourth thoracic vertebra			NO_MATCH	Межпозвоночное диск четвёртая грудная позвонок	REVIEW		Needs external Russian anatomical terminology verification.	LOW
FMA13502	intervertebral disk of fifth thoracic vertebra			NO_MATCH	Межпозвоночное диск пятая грудная позвонок	REVIEW		Needs external Russian anatomical terminology verification.	LOW
FMA13503	intervertebral disk of sixth thoracic vertebra			NO_MATCH	Межпозвоночное диск шестая грудная позвонок	REVIEW		Needs external Russian anatomical terminology verification.	LOW
FMA13504	intervertebral disk of seventh thoracic vertebra			NO_MATCH	Межпозвоночное диск седьмая грудная позвонок	REVIEW		Needs external Russian anatomical terminology verification.	LOW
FMA13505	intervertebral disk of eighth thoracic vertebra			NO_MATCH	Межпозвоночное диск восьмая грудная позвонок	REVIEW		Needs external Russian anatomical terminology verification.	LOW
FMA13506	intervertebral disk of ninth thoracic vertebra			NO_MATCH	Межпозвоночное диск девятая грудная позвонок	REVIEW		Needs external Russian anatomical terminology verification.	LOW
FMA13507	intervertebral disk of tenth thoracic vertebra			NO_MATCH	Межпозвоночное диск десятая грудная позвонок	REVIEW		Needs external Russian anatomical terminology verification.	LOW
FMA13508	intervertebral disk of eleventh thoracic vertebra			NO_MATCH	Межпозвоночное диск одиннадцатая грудная позвонок	REVIEW		Needs external Russian anatomical terminology verification.	LOW
FMA13883	wall of atrium			NO_MATCH	Стенка предсердия	REVIEW		Needs external Russian anatomical terminology verification.	LOW
FMA13884	wall of ventricle			NO_MATCH	Стенка желудочка	REVIEW		Needs external Russian anatomical terminology verification.	LOW
FMA13889	pituitary gland	glandula pituitaria	pituitary gland	EXACT	Гипофиз	KEEP	Гипофиз	No deterministic QA defect detected; normative Russian source not independently confirmed.	MEDIUM
FMA13894	intervertebral disk of lumbar vertebra			NO_MATCH	Межпозвоночное диск поясничная позвонок	KEEP	Межпозвоночное диск поясничная позвонок	No deterministic QA defect detected; normative Russian source not independently confirmed.	MEDIUM
FMA13895	intervertebral disk of cervical vertebra			NO_MATCH	Межпозвоночное диск шейная позвонок	KEEP	Межпозвоночное диск шейная позвонок	No deterministic QA defect detected; normative Russian source not independently confirmed.	MEDIUM
FMA13896	intervertebral disk of third cervical vertebra			NO_MATCH	Межпозвоночное диск третья шейная позвонок	REVIEW		Needs external Russian anatomical terminology verification.	LOW
FMA13897	intervertebral disk of fourth cervical vertebra			NO_MATCH	Межпозвоночное диск четвёртая шейная позвонок	REVIEW		Needs external Russian anatomical terminology verification.	LOW
FMA13898	intervertebral disk of fifth cervical vertebra			NO_MATCH	Межпозвоночное диск пятая шейная позвонок	REVIEW		Needs external Russian anatomical terminology verification.	LOW
FMA13899	intervertebral disk of sixth cervical vertebra			NO_MATCH	Межпозвоночное диск шестая шейная позвонок	REVIEW		Needs external Russian anatomical terminology verification.	LOW
FMA13900	intervertebral disk of seventh cervical vertebra			NO_MATCH	Межпозвоночное диск седьмая шейная позвонок	REVIEW		Needs external Russian anatomical terminology verification.	LOW
FMA13912	ventricular branch of right coronary artery			NO_MATCH	Желудочковая ветвь правый коронарная артерия	APPLY	Желудочковая ветвь Правая коронарная артерия	Candidate from QA (laterality); requires final Russian terminology review before application.	MEDIUM
FMA13914	anterior branch of anterior interventricular branch of left coronary artery			NO_MATCH	Передняя ветвь передней межжелудочковой ветви левой коронарной артерии	REVIEW		Needs external Russian anatomical terminology verification.	LOW
FMA13921	branch of anterior interventricular branch of left coronary artery			NO_MATCH	Ветвь передней межжелудочковой ветви левой коронарной артерии	REVIEW		Needs external Russian anatomical terminology verification.	LOW
FMA14065	organ component			NO_MATCH	Орган компонент	KEEP	Орган компонент	No deterministic QA defect detected; normative Russian source not independently confirmed.	MEDIUM
FMA14092	zone of small intestine			NO_MATCH	Зона малая кишка	KEEP	Зона малая кишка	No deterministic QA defect detected; normative Russian source not independently confirmed.	MEDIUM
FMA14177	bronchial branch of arch of aorta			NO_MATCH	Бронхиальная ветвь дуга аорта	KEEP	Бронхиальная ветвь дуга аорта	No deterministic QA defect detected; normative Russian source not independently confirmed.	MEDIUM
FMA14284	venous tree organ			NO_MATCH	Венозная дерево орган	KEEP	Венозная дерево орган	No deterministic QA defect detected; normative Russian source not independently confirmed.	MEDIUM
FMA14293	tributary of internal thoracic vein			NO_MATCH	Приток внутренняя грудная вена	REVIEW		Needs external Russian anatomical terminology verification.	LOW
FMA14294	tributary of azygos vein			NO_MATCH	Приток непарная вена	REVIEW		Needs external Russian anatomical terminology verification.	LOW
FMA14309	subsegmental part of apical segmental vein			NO_MATCH	Субсегментарный часть верхушечная сегментарный вена	REVIEW		Needs external Russian anatomical terminology verification.	LOW
FMA14310	subsegmental part of anterior segmental vein			NO_MATCH	Субсегментарный часть передняя сегментарный вена	REVIEW		Needs external Russian anatomical terminology verification.	LOW
FMA14317	tributary of external jugular vein			NO_MATCH	Приток наружная яремная вена	REVIEW		Needs external Russian anatomical terminology verification.	LOW
FMA14319	suprascapular vein	vena suprascapularis	suprascapular vein	EXACT	надлопаточная вена	KEEP	надлопаточная вена	No deterministic QA defect detected; normative Russian source not independently confirmed.	MEDIUM
FMA14329	trunk of portal vein			NO_MATCH	Туловище воротная вена	KEEP	Туловище воротная вена	No deterministic QA defect detected; normative Russian source not independently confirmed.	MEDIUM
FMA14331	splenic vein	vena splenica	splenic vein	EXACT	Селезёночная вена	KEEP	Селезёночная вена	No deterministic QA defect detected; normative Russian source not independently confirmed.	MEDIUM
FMA14332	superior mesenteric vein	vena mesenterica superior	superior mesenteric vein	EXACT	Верхняя брыжеечная вена	KEEP	Верхняя брыжеечная вена	No deterministic QA defect detected; normative Russian source not independently confirmed.	MEDIUM
FMA14333	common iliac vein	vena iliaca communis	common iliac vein	EXACT	Общая подвздошная вена	KEEP	Общая подвздошная вена	No deterministic QA defect detected; normative Russian source not independently confirmed.	MEDIUM
FMA14334	renal vein			NO_MATCH	Почечная вена	KEEP	Почечная вена	No deterministic QA defect detected; normative Russian source not independently confirmed.	MEDIUM
FMA14335	right renal vein	vena renalis dextra	right renal vein	EXACT	Правый почечная вена	APPLY	Правая почечная вена	Exact TA2 mapping and unambiguous Russian correction; no source information is lost.	HIGH
FMA14336	left renal vein	vena renalis sinistra	left renal vein	EXACT	Левый почечная вена	APPLY	Левая почечная вена	Exact TA2 mapping and unambiguous Russian correction; no source information is lost.	HIGH
FMA14337	hepatic vein			NO_MATCH	Печёночная вена	KEEP	Печёночная вена	No deterministic QA defect detected; normative Russian source not independently confirmed.	MEDIUM
FMA14338	right hepatic vein	vena hepatica dextra	right hepatic vein	EXACT	Правый печёночная вена	APPLY	Правая печёночная вена	Exact TA2 mapping and unambiguous Russian correction; no source information is lost.	HIGH
FMA14339	left hepatic vein	vena hepatica sinistra	left hepatic vein	EXACT	Левый печёночная вена	APPLY	Левая печёночная вена	Exact TA2 mapping and unambiguous Russian correction; no source information is lost.	HIGH
FMA14340	middle hepatic vein			NO_MATCH	Средняя печёночная вена	KEEP	Средняя печёночная вена	No deterministic QA defect detected; normative Russian source not independently confirmed.	MEDIUM
FMA14341	right testicular vein	vena testicularis dextra	right testicular vein	EXACT	Правый яичковая вена	APPLY	Правая яичковая вена	Exact TA2 mapping and unambiguous Russian correction; no source information is lost.	HIGH
FMA14343	right suprarenal vein	vena suprarenalis dextra	right suprarenal vein	EXACT	Правый надпочечниковая вена	APPLY	Правая надпочечниковая вена	Exact TA2 mapping and unambiguous Russian correction; no source information is lost.	HIGH
FMA14344	testicular vein			NO_MATCH	Яичковая вена	KEEP	Яичковая вена	No deterministic QA defect detected; normative Russian source not independently confirmed.	MEDIUM
FMA14345	left testicular vein	vena testicularis sinistra	left testicular vein	EXACT	Левый яичковая вена	APPLY	Левая яичковая вена	Exact TA2 mapping and unambiguous Russian correction; no source information is lost.	HIGH
FMA14348	suprarenal vein			NO_MATCH	Надпочечниковая вена	KEEP	Надпочечниковая вена	No deterministic QA defect detected; normative Russian source not independently confirmed.	MEDIUM
FMA14349	left suprarenal vein	vena suprarenalis sinistra	left suprarenal vein	EXACT	Левый надпочечниковая вена	APPLY	Левая надпочечниковая вена	Exact TA2 mapping and unambiguous Russian correction; no source information is lost.	HIGH
FMA14495	segment of liver			NO_MATCH	Сегмент печень	REVIEW		Needs external Russian anatomical terminology verification.	LOW
FMA14539	cystic duct	ductus cysticus	cystic duct	EXACT	Пузырная проток	KEEP	Пузырная проток	No deterministic QA defect detected; normative Russian source not independently confirmed.	MEDIUM
FMA14540	segment of large intestine			NO_MATCH	Сегмент большая кишка	REVIEW		Needs external Russian anatomical terminology verification.	LOW
FMA14542	appendix	appendix vermiformis	vermiform appendix	EXACT	Червеобразный отросток	KEEP	Червеобразный отросток	No deterministic QA defect detected; normative Russian source not independently confirmed.	MEDIUM
FMA14544	rectum	rectum	rectum	EXACT	Прямая кишка	KEEP	Прямая кишка	No deterministic QA defect detected; normative Russian source not independently confirmed.	MEDIUM
FMA14545	ascending colon	colon ascendens	ascending colon	EXACT	Восходящая ободочная кишка	KEEP	Восходящая ободочная кишка	No deterministic QA defect detected; normative Russian source not independently confirmed.	MEDIUM
FMA14546	transverse colon	colon transversum	transverse colon	EXACT	Поперечная ободочная кишка	KEEP	Поперечная ободочная кишка	No deterministic QA defect detected; normative Russian source not independently confirmed.	MEDIUM
FMA14547	descending colon	colon descendens	descending colon	EXACT	Нисходящая ободочная кишка	KEEP	Нисходящая ободочная кишка	No deterministic QA defect detected; normative Russian source not independently confirmed.	MEDIUM
FMA14643	mesentery of small intestine			NO_MATCH	Брыжейка малая кишка	KEEP	Брыжейка малая кишка	No deterministic QA defect detected; normative Russian source not independently confirmed.	MEDIUM
FMA14645	mesentery of large intestine			NO_MATCH	Брыжейка большая кишка	KEEP	Брыжейка большая кишка	No deterministic QA defect detected; normative Russian source not independently confirmed.	MEDIUM
FMA14647	transverse mesocolon	mesocolon transversum	transverse mesocolon	EXACT	Поперечная ободочная брыжейка	KEEP	Поперечная ободочная брыжейка	No deterministic QA defect detected; normative Russian source not independently confirmed.	MEDIUM
FMA14668	common hepatic duct	ductus hepaticus communis	common hepatic duct	EXACT	Общая печёночная проток	KEEP	Общая печёночная проток	No deterministic QA defect detected; normative Russian source not independently confirmed.	MEDIUM
FMA14669	right hepatic duct	ductus hepaticus dexter	right hepatic duct	EXACT	Правый печёночная проток	APPLY	Правый печёночный проток	Exact TA2 mapping and unambiguous Russian correction; no source information is lost.	HIGH
FMA14670	left hepatic duct	ductus hepaticus sinister	left hepatic duct	EXACT	Левый печёночная проток	APPLY	Левый печёночный проток	Exact TA2 mapping and unambiguous Russian correction; no source information is lost.	HIGH
FMA14678	extrahepatic bile duct			NO_MATCH	Внепечёночный желчный проток	KEEP	Внепечёночный желчный проток	No deterministic QA defect detected; normative Russian source not independently confirmed.	MEDIUM
FMA14734	inferior phrenic artery	arteria phrenica inferior	inferior phrenic artery	EXACT	Нижняя диафрагмальная артерия	KEEP	Нижняя диафрагмальная артерия	No deterministic QA defect detected; normative Russian source not independently confirmed.	MEDIUM
FMA14735	lumbar artery			NO_MATCH	Поясничная артерия	KEEP	Поясничная артерия	No deterministic QA defect detected; normative Russian source not independently confirmed.	MEDIUM
FMA14746	right inferior phrenic artery	arteria phrenica inferior	inferior phrenic artery	PROBABLE	Правый нижняя диафрагмальная артерия	APPLY	Правая нижняя диафрагмальная артерия	Candidate from QA (laterality; lost_information); requires final Russian terminology review before application.	MEDIUM
FMA14747	left inferior phrenic artery	arteria phrenica inferior	inferior phrenic artery	PROBABLE	Левый нижняя диафрагмальная артерия	APPLY	Левая нижняя диафрагмальная артерия	Candidate from QA (laterality; lost_information); requires final Russian terminology review before application.	MEDIUM
FMA14749	superior mesenteric artery	arteria mesenterica superior	superior mesenteric artery	EXACT	Верхняя брыжеечная артерия	KEEP	Верхняя брыжеечная артерия	No deterministic QA defect detected; normative Russian source not independently confirmed.	MEDIUM
FMA14750	inferior mesenteric artery	arteria mesenterica inferior	inferior mesenteric artery	EXACT	Нижняя брыжеечная артерия	KEEP	Нижняя брыжеечная артерия	No deterministic QA defect detected; normative Russian source not independently confirmed.	MEDIUM
FMA14751	renal artery	arteria renalis	renal artery	EXACT	Почечная артерия	KEEP	Почечная артерия	No deterministic QA defect detected; normative Russian source not independently confirmed.	MEDIUM
FMA14752	right renal artery	arteria renalis	renal artery	PROBABLE	Правый почечная артерия	APPLY	Правая почечная артерия	Candidate from QA (laterality; lost_information); requires final Russian terminology review before application.	MEDIUM
FMA14753	left renal artery	arteria renalis	renal artery	PROBABLE	Левый почечная артерия	APPLY	Левая почечная артерия	Candidate from QA (laterality; lost_information); requires final Russian terminology review before application.	MEDIUM
FMA14754	middle suprarenal artery	arteria suprarenalis media	middle suprarenal artery	EXACT	Средняя надпочечниковая артерия	KEEP	Средняя надпочечниковая артерия	No deterministic QA defect detected; normative Russian source not independently confirmed.	MEDIUM
FMA14755	right middle suprarenal artery	arteria suprarenalis media	middle suprarenal artery	PROBABLE	Правый средняя надпочечниковая артерия	APPLY	Правая средняя надпочечниковая артерия	Candidate from QA (laterality; lost_information); requires final Russian terminology review before application.	MEDIUM
FMA14756	left middle suprarenal artery	arteria suprarenalis media	middle suprarenal artery	PROBABLE	Левый средняя надпочечниковая артерия	APPLY	Левая средняя надпочечниковая артерия	Candidate from QA (laterality; lost_information); requires final Russian terminology review before application.	MEDIUM
FMA14758	testicular artery	arteria testicularis	testicular artery	EXACT	Яичковая артерия	KEEP	Яичковая артерия	No deterministic QA defect detected; normative Russian source not independently confirmed.	MEDIUM
FMA14759	right testicular artery	arteria testicularis	testicular artery	PROBABLE	Правый яичковая артерия	APPLY	Правая яичковая артерия	Candidate from QA (laterality; lost_information); requires final Russian terminology review before application.	MEDIUM
FMA14760	left testicular artery	arteria testicularis	testicular artery	PROBABLE	Левый яичковая артерия	APPLY	Левая яичковая артерия	Candidate from QA (laterality; lost_information); requires final Russian terminology review before application.	MEDIUM
FMA14764	common iliac artery	arteria iliaca communis	common iliac artery	EXACT	Общая подвздошная артерия	KEEP	Общая подвздошная артерия	No deterministic QA defect detected; normative Russian source not independently confirmed.	MEDIUM
FMA14765	right common iliac artery	arteria iliaca communis	common iliac artery	PROBABLE	Правый общая подвздошная артерия	APPLY	Правая общая подвздошная артерия	Candidate from QA (laterality; lost_information); requires final Russian terminology review before application.	MEDIUM
FMA14766	left common iliac artery	arteria iliaca communis	common iliac artery	PROBABLE	Левый общая подвздошная артерия	APPLY	Левая общая подвздошная артерия	Candidate from QA (laterality; lost_information); requires final Russian terminology review before application.	MEDIUM
FMA14767	trunk of branch of coeliac artery			NO_MATCH	Туловище ветвь чревная артерия	KEEP	Туловище ветвь чревная артерия	No deterministic QA defect detected; normative Russian source not independently confirmed.	MEDIUM
FMA14768	left gastric artery	arteria gastrica sinistra	left gastric artery	EXACT	Левый желудочная артерия	APPLY	Левая желудочная артерия	Exact TA2 mapping and unambiguous Russian correction; no source information is lost.	HIGH
FMA14769	hepatic artery			NO_MATCH	Печёночная артерия	KEEP	Печёночная артерия	No deterministic QA defect detected; normative Russian source not independently confirmed.	MEDIUM
FMA14771	common hepatic artery	arteria hepatica communis	common hepatic artery	EXACT	Общая печёночная артерия	KEEP	Общая печёночная артерия	No deterministic QA defect detected; normative Russian source not independently confirmed.	MEDIUM
FMA14772	hepatic artery proper	arteria hepatica propria	proper hepatic artery	EXACT	Печёночная артерия собственно	KEEP	Печёночная артерия собственно	No deterministic QA defect detected; normative Russian source not independently confirmed.	MEDIUM
FMA14773	splenic artery	arteria splenica	splenic artery	EXACT	Селезёночная артерия	KEEP	Селезёночная артерия	No deterministic QA defect detected; normative Russian source not independently confirmed.	MEDIUM
FMA14776	right gastric artery	arteria gastrica dextra	right gastric artery	EXACT	Правый желудочная артерия	APPLY	Правая желудочная артерия	Exact TA2 mapping and unambiguous Russian correction; no source information is lost.	HIGH
FMA14781	right gastro-epiploic artery			NO_MATCH	Правый гастро-эпиплоик артерия	APPLY	Правая гастро-эпиплоик артерия	Candidate from QA (laterality; lost_information); requires final Russian terminology review before application.	MEDIUM
FMA14782	anterior superior pancreaticoduodenal artery	arteria pancreaticoduodenalis superior anterior	anterior superior pancreaticoduodenal artery	EXACT	Передняя верхняя панкреатодуоденальная артерия	KEEP	Передняя верхняя панкреатодуоденальная артерия	No deterministic QA defect detected; normative Russian source not independently confirmed.	MEDIUM
FMA14784	posterior superior pancreaticoduodenal artery	arteria pancreaticoduodenalis superior posterior	posterior superior pancreaticoduodenal artery	EXACT	Задняя верхняя поджелудочно-двенадцатиперстная артерия	KEEP	Задняя верхняя поджелудочно-двенадцатиперстная артерия	No deterministic QA defect detected; normative Russian source not independently confirmed.	MEDIUM
FMA14787	dorsal pancreatic artery	arteria pancreatica dorsalis	dorsal pancreatic artery	EXACT	Тыльная поджелудочная артерия	KEEP	Тыльная поджелудочная артерия	No deterministic QA defect detected; normative Russian source not independently confirmed.	MEDIUM
FMA14790	inferior pancreatic artery	arteria pancreatica inferior	inferior pancreatic artery	EXACT	Нижняя поджелудочная артерия	KEEP	Нижняя поджелудочная артерия	No deterministic QA defect detected; normative Russian source not independently confirmed.	MEDIUM
FMA14792	great pancreatic artery	arteria pancreatica magna	great pancreatic artery	EXACT	Большая поджелудочная артерия	KEEP	Большая поджелудочная артерия	No deterministic QA defect detected; normative Russian source not independently confirmed.	MEDIUM
FMA14793	caudal pancreatic artery			NO_MATCH	Хвостовая поджелудочная артерия	KEEP	Хвостовая поджелудочная артерия	No deterministic QA defect detected; normative Russian source not independently confirmed.	MEDIUM
FMA14796	left gastro-epiploic artery			NO_MATCH	Левый гастро-эпиплоик артерия	APPLY	Левая гастро-эпиплоик артерия	Candidate from QA (laterality; lost_information); requires final Russian terminology review before application.	MEDIUM
FMA14805	inferior pancreaticoduodenal artery	arteria pancreaticoduodenalis inferior	inferior pancreaticoduodenal artery	EXACT	Нижняя поджелудочно-двенадцатиперстная артерия	KEEP	Нижняя поджелудочно-двенадцатиперстная артерия	No deterministic QA defect detected; normative Russian source not independently confirmed.	MEDIUM
FMA14809	ileal artery			NO_MATCH	Подвздошная артерия	KEEP	Подвздошная артерия	No deterministic QA defect detected; normative Russian source not independently confirmed.	MEDIUM
FMA14810	middle colic artery	arteria colica media	middle colic artery	EXACT	Средняя ободочная артерия	KEEP	Средняя ободочная артерия	No deterministic QA defect detected; normative Russian source not independently confirmed.	MEDIUM
FMA14811	right colic artery	arteria colica dextra	right colic artery	EXACT	Правый ободочная артерия	APPLY	Правая ободочная артерия	Exact TA2 mapping and unambiguous Russian correction; no source information is lost.	HIGH
FMA14812	celiac trunk			NO_MATCH	Чревная туловище	KEEP	Чревная туловище	No deterministic QA defect detected; normative Russian source not independently confirmed.	MEDIUM
FMA14815	ileocolic artery	arteria ileocolica	ileocolic artery	EXACT	Подвздошно-ободочная артерия	KEEP	Подвздошно-ободочная артерия	No deterministic QA defect detected; normative Russian source not independently confirmed.	MEDIUM
FMA14816	anterior cecal artery			NO_MATCH	Передняя слепокишечная артерия	KEEP	Передняя слепокишечная артерия	No deterministic QA defect detected; normative Russian source not independently confirmed.	MEDIUM
FMA14817	posterior cecal artery			NO_MATCH	Задняя слепокишечная артерия	KEEP	Задняя слепокишечная артерия	No deterministic QA defect detected; normative Russian source not independently confirmed.	MEDIUM
FMA14818	appendicular artery	arteria appendicularis	appendicular artery	EXACT	Артерия червеобразного отростка	KEEP	Артерия червеобразного отростка	Exact TA2 mapping; current Russian term is grammatical and semantically complete.	HIGH
FMA14819	ileal branch of inferior branch of ileocolic artery			NO_MATCH	Подвздошная ветвь нижняя ветвь подвздошно-ободочная артерия	REVIEW		Needs external Russian anatomical terminology verification.	LOW
FMA14820	ascending branch of inferior branch of ileocolic artery			NO_MATCH	Восходящая ветвь нижней ветви подвздошно-ободочной артерии	REVIEW		Needs external Russian anatomical terminology verification.	LOW
FMA14821	branch of ileocolic artery			NO_MATCH	Ветвь подвздошно-ободочной артерии	REVIEW		Needs external Russian anatomical terminology verification.	LOW
FMA14824	marginal colic artery			NO_MATCH	Краевая ободочная артерия	KEEP	Краевая ободочная артерия	No deterministic QA defect detected; normative Russian source not independently confirmed.	MEDIUM
FMA14825	trunk of branch of inferior mesenteric artery			NO_MATCH	Туловище ветвь нижняя брыжеечная артерия	REVIEW		Needs external Russian anatomical terminology verification.	LOW
FMA14826	left colic artery	arteria colica sinistra	left colic artery	EXACT	Левый ободочная артерия	APPLY	Левая ободочная артерия	Exact TA2 mapping and unambiguous Russian correction; no source information is lost.	HIGH
FMA14828	ascending branch of left colic artery	ramus ascendens arteriae colicae sinistrae	ascending branch of left colic artery	EXACT	Восходящая ветвь левой ободочной артерии	KEEP	Восходящая ветвь левой ободочной артерии	Exact TA2 mapping; current Russian term is grammatical and semantically complete.	HIGH
FMA14829	descending branch of left colic artery	ramus descendens arteriae colicae sinistrae	descending branch of left colic artery	EXACT	Нисходящая ветвь левый ободочная артерия	APPLY	Нисходящая ветвь левой ободочной артерии	Exact TA2 mapping and unambiguous Russian correction; no source information is lost.	HIGH
FMA14830	sigmoid artery			NO_MATCH	Сигмовидная артерия	KEEP	Сигмовидная артерия	No deterministic QA defect detected; normative Russian source not independently confirmed.	MEDIUM
FMA14831	marginal artery of colon			NO_MATCH	Краевая артерия ободочная кишка	KEEP	Краевая артерия ободочная кишка	No deterministic QA defect detected; normative Russian source not independently confirmed.	MEDIUM
FMA14832	superior rectal artery	arteria anorectalis superior	superior anorectal artery	EXACT	Верхняя прямокишечная артерия	KEEP	Верхняя прямокишечная артерия	No deterministic QA defect detected; normative Russian source not independently confirmed.	MEDIUM
FMA14837	subdivision of hepatic artery proper			NO_MATCH	Подразделение печёночная артерия собственно	KEEP	Подразделение печёночная артерия собственно	No deterministic QA defect detected; normative Russian source not independently confirmed.	MEDIUM
FMA14963	zone of ileum			NO_MATCH	Зона подвздошная кишка	KEEP	Зона подвздошная кишка	No deterministic QA defect detected; normative Russian source not independently confirmed.	MEDIUM
FMA14964	proximal part of ileum			NO_MATCH	Проксимальная часть подвздошная кишка	KEEP	Проксимальная часть подвздошная кишка	No deterministic QA defect detected; normative Russian source not independently confirmed.	MEDIUM
FMA14965	middle part of ileum			NO_MATCH	Средняя часть подвздошная кишка	KEEP	Средняя часть подвздошная кишка	No deterministic QA defect detected; normative Russian source not independently confirmed.	MEDIUM
FMA14966	distal part of ileum			NO_MATCH	Дистальная часть подвздошная кишка	KEEP	Дистальная часть подвздошная кишка	No deterministic QA defect detected; normative Russian source not independently confirmed.	MEDIUM
FMA15041	taenia coli			NO_MATCH	Лента ободочной кишки	KEEP	Лента ободочной кишки	No deterministic QA defect detected; normative Russian source not independently confirmed.	MEDIUM
FMA15042	taenia mesocolica			NO_MATCH	Лента мэсоколика	KEEP	Лента мэсоколика	No deterministic QA defect detected; normative Russian source not independently confirmed.	MEDIUM
FMA15043	taenia omentalis			NO_MATCH	Лента омэнталис	KEEP	Лента омэнталис	No deterministic QA defect detected; normative Russian source not independently confirmed.	MEDIUM
FMA15044	taenia libera			NO_MATCH	Лента свободная	KEEP	Лента свободная	No deterministic QA defect detected; normative Russian source not independently confirmed.	MEDIUM
FMA15370	lumbar vein			NO_MATCH	Поясничная вена	KEEP	Поясничная вена	No deterministic QA defect detected; normative Russian source not independently confirmed.	MEDIUM
FMA15387	tributary of splenic vein			NO_MATCH	Приток селезёночная вена	REVIEW		Needs external Russian anatomical terminology verification.	LOW
FMA15390	left gastroepiploic vein			NO_MATCH	Левый желудочно-сальниковая вена	APPLY	Левая желудочно-сальниковая вена	Candidate from QA (laterality; lost_information); requires final Russian terminology review before application.	MEDIUM
FMA15391	inferior mesenteric vein	vena mesenterica inferior	inferior mesenteric vein	EXACT	Нижняя брыжеечная вена	KEEP	Нижняя брыжеечная вена	No deterministic QA defect detected; normative Russian source not independently confirmed.	MEDIUM
FMA15392	tributary of inferior mesenteric vein			NO_MATCH	Приток нижняя брыжеечная вена	REVIEW		Needs external Russian anatomical terminology verification.	LOW
FMA15393	superior rectal vein	vena anorectalis superior	superior anorectal vein	EXACT	Верхняя прямокишечная вена	KEEP	Верхняя прямокишечная вена	No deterministic QA defect detected; normative Russian source not independently confirmed.	MEDIUM
FMA15394	left colic vein	vena colica sinistra	left colic vein	EXACT	Левый ободочная вена	APPLY	Левая ободочная вена	Exact TA2 mapping and unambiguous Russian correction; no source information is lost.	HIGH
FMA15395	sigmoid vein			NO_MATCH	Сигмовидная вена	KEEP	Сигмовидная вена	No deterministic QA defect detected; normative Russian source not independently confirmed.	MEDIUM
FMA15396	tributary of superior mesenteric vein			NO_MATCH	Приток верхняя брыжеечная вена	REVIEW		Needs external Russian anatomical terminology verification.	LOW
FMA15397	right gastroepiploic vein			NO_MATCH	Правый желудочно-сальниковая вена	APPLY	Правая желудочно-сальниковая вена	Candidate from QA (laterality; lost_information); requires final Russian terminology review before application.	MEDIUM
FMA15398	pancreaticoduodenal vein			NO_MATCH	Поджелудочно-двенадцатиперстная вена	KEEP	Поджелудочно-двенадцатиперстная вена	No deterministic QA defect detected; normative Russian source not independently confirmed.	MEDIUM
FMA15399	left gastric vein	vena gastrica sinistra	left gastric vein	EXACT	Левый желудочная вена	APPLY	Левая желудочная вена	Exact TA2 mapping and unambiguous Russian correction; no source information is lost.	HIGH
FMA15400	right gastric vein	vena gastrica dextra	right gastric vein	EXACT	Правый желудочная вена	APPLY	Правая желудочная вена	Exact TA2 mapping and unambiguous Russian correction; no source information is lost.	HIGH
FMA15405	ileal vein			NO_MATCH	Подвздошная вена	KEEP	Подвздошная вена	No deterministic QA defect detected; normative Russian source not independently confirmed.	MEDIUM
FMA15406	middle colic vein	vena colica media	middle colic vein	EXACT	Средняя ободочная вена	KEEP	Средняя ободочная вена	No deterministic QA defect detected; normative Russian source not independently confirmed.	MEDIUM
FMA15407	right colic vein	vena colica dextra	right colic vein	EXACT	Правый ободочная вена	APPLY	Правая ободочная вена	Exact TA2 mapping and unambiguous Russian correction; no source information is lost.	HIGH
FMA15408	ileocolic vein	vena ileocolica	ileocolic vein	EXACT	Подвздошно-ободочная вена	KEEP	Подвздошно-ободочная вена	No deterministic QA defect detected; normative Russian source not independently confirmed.	MEDIUM
FMA15414	right portal vein			NO_MATCH	Правый воротная вена	APPLY	Правая воротная вена	Candidate from QA (laterality; lost_information); requires final Russian terminology review before application.	MEDIUM
FMA15415	left portal vein			NO_MATCH	Левый воротная вена	APPLY	Левая воротная вена	Candidate from QA (laterality; lost_information); requires final Russian terminology review before application.	MEDIUM
FMA15420	anterior superior segmental branch of right portal vein			NO_MATCH	Передняя верхняя сегментарная ветвь правой воротной вены	REVIEW		Needs external Russian anatomical terminology verification.	LOW
FMA15421	anterior inferior segmental branch of right portal vein			NO_MATCH	Передняя нижняя сегментарная ветвь правой воротной вены	REVIEW		Needs external Russian anatomical terminology verification.	LOW
FMA15423	posterior superior segmental branch of right portal vein			NO_MATCH	Задняя верхняя сегментарный ветвь правый воротная вена	APPLY	Задняя верхняя сегментарный ветвь Правая воротная вена	Candidate from QA (laterality); requires final Russian terminology review before application.	MEDIUM
FMA15424	posterior inferior segmental branch of right portal vein			NO_MATCH	Задняя нижняя сегментарный ветвь правый воротная вена	APPLY	Задняя нижняя сегментарный ветвь Правая воротная вена	Candidate from QA (laterality); requires final Russian terminology review before application.	MEDIUM
FMA15425	caudate lobe branch of left portal vein			NO_MATCH	Хвостатая доля ветвь левый воротная вена	APPLY	Хвостатая доля ветвь Левая воротная вена	Candidate from QA (laterality); requires final Russian terminology review before application.	MEDIUM
FMA15428	medial superior segmental branch of left portal vein			NO_MATCH	Медиальная верхняя сегментарный ветвь левый воротная вена	APPLY	Медиальная верхняя сегментарный ветвь Левая воротная вена	Candidate from QA (laterality); requires final Russian terminology review before application.	MEDIUM
FMA15429	medial inferior segmental branch of left portal vein			NO_MATCH	Медиальная нижняя сегментарный ветвь левый воротная вена	APPLY	Медиальная нижняя сегментарный ветвь Левая воротная вена	Candidate from QA (laterality); requires final Russian terminology review before application.	MEDIUM
FMA15431	lateral superior segmental branch of left portal vein			NO_MATCH	Латеральная верхняя сегментарный ветвь левый воротная вена	APPLY	Латеральная верхняя сегментарный ветвь Левая воротная вена	Candidate from QA (laterality); requires final Russian terminology review before application.	MEDIUM
FMA15432	lateral inferior segmental branch of left portal vein			NO_MATCH	Латеральная нижняя сегментарный ветвь левый воротная вена	APPLY	Латеральная нижняя сегментарный ветвь Левая воротная вена	Candidate from QA (laterality); requires final Russian terminology review before application.	MEDIUM
FMA15571	right ureter	ureter	ureter	PROBABLE	Правый мочеточник	REVIEW		Needs external Russian anatomical terminology verification.	LOW
FMA15572	left ureter	ureter	ureter	PROBABLE	Левый мочеточник	REVIEW		Needs external Russian anatomical terminology verification.	LOW
FMA15629	right adrenal gland	glandula suprarenalis	suprarenal gland	PROBABLE	Правый надпочечник	REVIEW		Needs external Russian anatomical terminology verification.	LOW
FMA15630	left adrenal gland	glandula suprarenalis	suprarenal gland	PROBABLE	Левый надпочечник	REVIEW		Needs external Russian anatomical terminology verification.	LOW
FMA15737	hepatovenous subsector			NO_MATCH	Печёночно-венозный подсектор	KEEP	Печёночно-венозный подсектор	No deterministic QA defect detected; normative Russian source not independently confirmed.	MEDIUM
FMA15739	hepatovenous segment ii			NO_MATCH	Печёночно-венозный сегмент ии	KEEP	Печёночно-венозный сегмент ии	No deterministic QA defect detected; normative Russian source not independently confirmed.	MEDIUM
FMA15741	hepatovenous segment iii			NO_MATCH	Печёночно-венозный сегмент иии	KEEP	Печёночно-венозный сегмент иии	No deterministic QA defect detected; normative Russian source not independently confirmed.	MEDIUM
FMA15742	hepatovenous segment iv			NO_MATCH	Печёночно-венозный сегмент ив	KEEP	Печёночно-венозный сегмент ив	No deterministic QA defect detected; normative Russian source not independently confirmed.	MEDIUM
FMA15743	hepatovenous segment v			NO_MATCH	Печёночно-венозный сегмент в	KEEP	Печёночно-венозный сегмент в	No deterministic QA defect detected; normative Russian source not independently confirmed.	MEDIUM
FMA15744	hepatovenous segment vi			NO_MATCH	Печёночно-венозный сегмент ви	KEEP	Печёночно-венозный сегмент ви	No deterministic QA defect detected; normative Russian source not independently confirmed.	MEDIUM
FMA15745	hepatovenous segment vii			NO_MATCH	Печёночно-венозный сегмент вии	KEEP	Печёночно-венозный сегмент вии	No deterministic QA defect detected; normative Russian source not independently confirmed.	MEDIUM
FMA15746	hepatovenous segment viii			NO_MATCH	Печёночно-венозный сегмент виии	KEEP	Печёночно-венозный сегмент виии	No deterministic QA defect detected; normative Russian source not independently confirmed.	MEDIUM
FMA15747	hepatovenous segment ix			NO_MATCH	Печёночно-венозный сегмент икс	KEEP	Печёночно-венозный сегмент икс	No deterministic QA defect detected; normative Russian source not independently confirmed.	MEDIUM
FMA15755	region of anterior sector of right liver (in-vivo)			NO_MATCH	Область переднего сектора правой части печени	REVIEW		Needs external Russian anatomical terminology verification.	LOW
FMA15756	region of posterior sector of right liver (in-vivo)			NO_MATCH	Область заднего сектора правой части печени	REVIEW		Needs external Russian anatomical terminology verification.	LOW
FMA15757	region of anterior sector of left liver (in-vivo)			NO_MATCH	Область переднего сектора левой части печени	REVIEW		Needs external Russian anatomical terminology verification.	LOW
FMA15791	tributary of right hepatic vein			NO_MATCH	Приток правый печёночная вена	APPLY	Приток Правая печёночная вена	Candidate from QA (laterality; lost_information); requires final Russian terminology review before application.	MEDIUM
FMA15793	tributary of middle hepatic vein			NO_MATCH	Приток средняя печёночная вена	REVIEW		Needs external Russian anatomical terminology verification.	LOW
FMA15794	tributary of left hepatic vein			NO_MATCH	Приток левый печёночная вена	APPLY	Приток Левая печёночная вена	Candidate from QA (laterality; lost_information); requires final Russian terminology review before application.	MEDIUM
FMA15796	posterior superior segmental tributary of right hepatic vein			NO_MATCH	Задняя верхняя сегментарный приток правый печёночная вена	APPLY	Задняя верхняя сегментарный приток Правая печёночная вена	Candidate from QA (laterality; lost_information); requires final Russian terminology review before application.	MEDIUM
FMA15797	posterior inferior segmental tributary of right hepatic vein			NO_MATCH	Задняя нижняя сегментарный приток правый печёночная вена	APPLY	Задняя нижняя сегментарный приток Правая печёночная вена	Candidate from QA (laterality; lost_information); requires final Russian terminology review before application.	MEDIUM
FMA15798	anterior superior segmental tributary of right hepatic vein			NO_MATCH	Передний верхний сегментарный приток правой печёночной вены	REVIEW		Needs external Russian anatomical terminology verification.	LOW
FMA15800	anterior inferior segmental tributary of middle hepatic vein			NO_MATCH	Передний нижний сегментарный приток средней печёночной вены	REVIEW		Needs external Russian anatomical terminology verification.	LOW
FMA15801	medial inferior segmental tributary of middle hepatic vein			NO_MATCH	Медиальная нижняя сегментарный приток средняя печёночная вена	REVIEW		Needs external Russian anatomical terminology verification.	LOW
FMA15802	medial superior segmental tributary of left hepatic vein			NO_MATCH	Медиальная верхняя сегментарный приток левый печёночная вена	APPLY	Медиальная верхняя сегментарный приток Левая печёночная вена	Candidate from QA (laterality; lost_information); requires final Russian terminology review before application.	MEDIUM
FMA15803	lateral superior segmental tributary of left hepatic vein			NO_MATCH	Латеральная верхняя сегментарный приток левый печёночная вена	APPLY	Латеральная верхняя сегментарный приток Левая печёночная вена	Candidate from QA (laterality; lost_information); requires final Russian terminology review before application.	MEDIUM
FMA15804	lateral inferior segmental tributary of left hepatic vein			NO_MATCH	Латеральная нижняя сегментарный приток левый печёночная вена	APPLY	Латеральная нижняя сегментарный приток Левая печёночная вена	Candidate from QA (laterality; lost_information); requires final Russian terminology review before application.	MEDIUM
FMA15900	urinary bladder	vesica urinaria	urinary bladder	EXACT	Мочевой пузырь	KEEP	Мочевой пузырь	No deterministic QA defect detected; normative Russian source not independently confirmed.	MEDIUM
FMA16033	intervertebral disk of first lumbar vertebra			NO_MATCH	Межпозвоночное диск первая поясничная позвонок	REVIEW		Needs external Russian anatomical terminology verification.	LOW
FMA16034	intervertebral disk of second lumbar vertebra			NO_MATCH	Межпозвоночное диск вторая поясничная позвонок	REVIEW		Needs external Russian anatomical terminology verification.	LOW
FMA16035	intervertebral disk of third lumbar vertebra			NO_MATCH	Межпозвоночное диск третья поясничная позвонок	REVIEW		Needs external Russian anatomical terminology verification.	LOW
FMA16036	intervertebral disk of fourth lumbar vertebra			NO_MATCH	Межпозвоночное диск четвёртая поясничная позвонок	REVIEW		Needs external Russian anatomical terminology verification.	LOW
FMA16037	intervertebral disk of fifth lumbar vertebra			NO_MATCH	Межпозвоночное диск пятая поясничная позвонок	REVIEW		Needs external Russian anatomical terminology verification.	LOW
FMA16202	sacrum	os sacrum	sacrum	EXACT	Сакрум	KEEP	Сакрум	No deterministic QA defect detected; normative Russian source not independently confirmed.	MEDIUM
FMA16549	mesoappendix			NO_MATCH	Мэсоаппэндикс	KEEP	Мэсоаппэндикс	No deterministic QA defect detected; normative Russian source not independently confirmed.	MEDIUM
FMA16585	hip bone	os coxae	hip bone	EXACT	Тазобедренная область кость	KEEP	Тазобедренная область кость	No deterministic QA defect detected; normative Russian source not independently confirmed.	MEDIUM
FMA16586	right hip bone	os coxae	hip bone	PROBABLE	Правый тазобедренная область кость	APPLY	Правая тазобедренная область кость	Candidate from QA (laterality; lost_information); requires final Russian terminology review before application.	MEDIUM
FMA16587	left hip bone	os coxae	hip bone	PROBABLE	Левый тазобедренная область кость	APPLY	Левая тазобедренная область кость	Candidate from QA (laterality; lost_information); requires final Russian terminology review before application.	MEDIUM
FMA16980	zone of jejunum			NO_MATCH	Зона тощая кишка	APPLY	Зона тощей кишки	FMA/TA2 structure family with unambiguous Russian grammatical normalization.	HIGH
FMA16981	proximal part of jejunum			NO_MATCH	Проксимальная часть тощая кишка	APPLY	Проксимальная часть тощей кишки	FMA/TA2 structure family with unambiguous Russian grammatical normalization.	HIGH
FMA16982	middle part of jejunum			NO_MATCH	Средняя часть тощая кишка	APPLY	Средняя часть тощей кишки	FMA/TA2 structure family with unambiguous Russian grammatical normalization.	HIGH
FMA16983	distal part of jejunum			NO_MATCH	Дистальная часть тощая кишка	APPLY	Дистальная часть тощей кишки	FMA/TA2 structure family with unambiguous Russian grammatical normalization.	HIGH
FMA17541	tributary of hepatic vein			NO_MATCH	Приток печёночная вена	REVIEW		Needs external Russian anatomical terminology verification.	LOW
FMA18060	psoas major	psoas major	psoas major	EXACT	Псоас большая	KEEP	Псоас большая	No deterministic QA defect detected; normative Russian source not independently confirmed.	MEDIUM
FMA18247	glans penis	glans penis	glans penis	EXACT	Головка полового члена	KEEP	Головка полового члена	No deterministic QA defect detected; normative Russian source not independently confirmed.	MEDIUM
FMA18255	epididymis	epididymis	epididymis	EXACT	Придаток яичка	KEEP	Придаток яичка	No deterministic QA defect detected; normative Russian source not independently confirmed.	MEDIUM
FMA18256	right epididymis	epididymis	epididymis	PROBABLE	Правый придаток яичка	REVIEW		Needs external Russian anatomical terminology verification.	LOW
FMA18257	left epididymis	epididymis	epididymis	PROBABLE	Левый придаток яичка	REVIEW		Needs external Russian anatomical terminology verification.	LOW
FMA18805	external iliac artery	arteria iliaca externa	external iliac artery	EXACT	Наружная подвздошная артерия	KEEP	Наружная подвздошная артерия	No deterministic QA defect detected; normative Russian source not independently confirmed.	MEDIUM
FMA18806	right external iliac artery	arteria iliaca externa	external iliac artery	PROBABLE	Правый наружная подвздошная артерия	APPLY	Правая наружная подвздошная артерия	Candidate from QA (laterality; lost_information); requires final Russian terminology review before application.	MEDIUM
FMA18807	left external iliac artery	arteria iliaca externa	external iliac artery	PROBABLE	Левый наружная подвздошная артерия	APPLY	Левая наружная подвздошная артерия	Candidate from QA (laterality; lost_information); requires final Russian terminology review before application.	MEDIUM
FMA18808	internal iliac artery	arteria iliaca interna	internal iliac artery	EXACT	Внутренняя подвздошная артерия	KEEP	Внутренняя подвздошная артерия	No deterministic QA defect detected; normative Russian source not independently confirmed.	MEDIUM
FMA18809	right internal iliac artery	arteria iliaca interna	internal iliac artery	PROBABLE	Правый внутренняя подвздошная артерия	APPLY	Правая внутренняя подвздошная артерия	Candidate from QA (laterality; lost_information); requires final Russian terminology review before application.	MEDIUM
FMA18810	left internal iliac artery	arteria iliaca interna	internal iliac artery	PROBABLE	Левый внутренняя подвздошная артерия	APPLY	Левая внутренняя подвздошная артерия	Candidate from QA (laterality; lost_information); requires final Russian terminology review before application.	MEDIUM
FMA18883	external iliac vein	vena iliaca externa	external iliac vein	EXACT	Наружная подвздошная вена	KEEP	Наружная подвздошная вена	No deterministic QA defect detected; normative Russian source not independently confirmed.	MEDIUM
FMA18884	internal iliac vein	vena iliaca interna	internal iliac vein	EXACT	Внутренняя подвздошная вена	KEEP	Внутренняя подвздошная вена	No deterministic QA defect detected; normative Russian source not independently confirmed.	MEDIUM
FMA18885	right external iliac vein	vena iliaca externa	external iliac vein	PROBABLE	Правый наружная подвздошная вена	APPLY	Правая наружная подвздошная вена	Candidate from QA (laterality; lost_information); requires final Russian terminology review before application.	MEDIUM
FMA18886	left external iliac vein	vena iliaca externa	external iliac vein	PROBABLE	Левый наружная подвздошная вена	APPLY	Левая наружная подвздошная вена	Candidate from QA (laterality; lost_information); requires final Russian terminology review before application.	MEDIUM
FMA18887	right internal iliac vein	vena iliaca interna	internal iliac vein	PROBABLE	Правый внутренняя подвздошная вена	APPLY	Правая внутренняя подвздошная вена	Candidate from QA (laterality; lost_information); requires final Russian terminology review before application.	MEDIUM
FMA18888	left internal iliac vein	vena iliaca interna	internal iliac vein	PROBABLE	Левый внутренняя подвздошная вена	APPLY	Левая внутренняя подвздошная вена	Candidate from QA (laterality; lost_information); requires final Russian terminology review before application.	MEDIUM
FMA18889	tributary of internal iliac vein			NO_MATCH	Приток внутренняя подвздошная вена	REVIEW		Needs external Russian anatomical terminology verification.	LOW
FMA18902	iliolumbar vein	vena iliolumbalis	iliolumbar vein	EXACT	Илиолумбар вена	KEEP	Илиолумбар вена	No deterministic QA defect detected; normative Russian source not independently confirmed.	MEDIUM
FMA18903	right iliolumbar vein	vena iliolumbalis	iliolumbar vein	PROBABLE	Правый илиолумбар вена	APPLY	Правая илиолумбар вена	Candidate from QA (laterality; lost_information); requires final Russian terminology review before application.	MEDIUM
FMA18904	left iliolumbar vein	vena iliolumbalis	iliolumbar vein	PROBABLE	Левый илиолумбар вена	APPLY	Левая илиолумбар вена	Candidate from QA (laterality; lost_information); requires final Russian terminology review before application.	MEDIUM
FMA18905	lateral sacral vein			NO_MATCH	Латеральная крестцовая вена	KEEP	Латеральная крестцовая вена	No deterministic QA defect detected; normative Russian source not independently confirmed.	MEDIUM
FMA18906	right lateral sacral vein			NO_MATCH	Правый латеральная крестцовая вена	APPLY	Правая латеральная крестцовая вена	Candidate from QA (laterality; lost_information); requires final Russian terminology review before application.	MEDIUM
FMA18907	left lateral sacral vein			NO_MATCH	Левый латеральная крестцовая вена	APPLY	Левая латеральная крестцовая вена	Candidate from QA (laterality; lost_information); requires final Russian terminology review before application.	MEDIUM
FMA18908	superior gluteal vein			NO_MATCH	Верхняя ягодичная вена	KEEP	Верхняя ягодичная вена	No deterministic QA defect detected; normative Russian source not independently confirmed.	MEDIUM
FMA18909	right superior gluteal vein			NO_MATCH	Правый верхняя ягодичная вена	APPLY	Правая верхняя ягодичная вена	Candidate from QA (laterality; lost_information); requires final Russian terminology review before application.	MEDIUM
FMA18910	left superior gluteal vein			NO_MATCH	Левый верхняя ягодичная вена	APPLY	Левая верхняя ягодичная вена	Candidate from QA (laterality; lost_information); requires final Russian terminology review before application.	MEDIUM
FMA18911	inferior gluteal vein			NO_MATCH	Нижняя ягодичная вена	KEEP	Нижняя ягодичная вена	No deterministic QA defect detected; normative Russian source not independently confirmed.	MEDIUM
FMA18912	right inferior gluteal vein			NO_MATCH	Правый нижняя ягодичная вена	APPLY	Правая нижняя ягодичная вена	Candidate from QA (laterality; lost_information); requires final Russian terminology review before application.	MEDIUM
FMA18913	left inferior gluteal vein			NO_MATCH	Левый нижняя ягодичная вена	APPLY	Левая нижняя ягодичная вена	Candidate from QA (laterality; lost_information); requires final Russian terminology review before application.	MEDIUM
FMA18914	obturator vein			NO_MATCH	Обтуратор вена	KEEP	Обтуратор вена	No deterministic QA defect detected; normative Russian source not independently confirmed.	MEDIUM
FMA18915	right obturator vein			NO_MATCH	Правый обтуратор вена	APPLY	Правая обтуратор вена	Candidate from QA (laterality; lost_information); requires final Russian terminology review before application.	MEDIUM
FMA18916	left obturator vein			NO_MATCH	Левый обтуратор вена	APPLY	Левая обтуратор вена	Candidate from QA (laterality; lost_information); requires final Russian terminology review before application.	MEDIUM
FMA18917	internal pudendal vein	vena pudendalis interna	internal pudendal vein	EXACT	Внутренняя пудендальная вена	KEEP	Внутренняя пудендальная вена	No deterministic QA defect detected; normative Russian source not independently confirmed.	MEDIUM
FMA18918	right internal pudendal vein	vena pudendalis interna	internal pudendal vein	PROBABLE	Правый внутренняя пудендальная вена	APPLY	Правая внутренняя пудендальная вена	Candidate from QA (laterality; lost_information); requires final Russian terminology review before application.	MEDIUM
FMA18919	left internal pudendal vein	vena pudendalis interna	internal pudendal vein	PROBABLE	Левый внутренняя пудендальная вена	APPLY	Левая внутренняя пудендальная вена	Candidate from QA (laterality; lost_information); requires final Russian terminology review before application.	MEDIUM
FMA19082	piriformis			NO_MATCH	Пириформис	KEEP	Пириформис	No deterministic QA defect detected; normative Russian source not independently confirmed.	MEDIUM
FMA19083	obturator muscle			NO_MATCH	Обтуратор мышца	KEEP	Обтуратор мышца	No deterministic QA defect detected; normative Russian source not independently confirmed.	MEDIUM
FMA19086	muscle of pelvis			NO_MATCH	Мышца таз	REVIEW		Needs external Russian anatomical terminology verification.	LOW
FMA19088	coccygeus			NO_MATCH	Коккйгэус	KEEP	Коккйгэус	No deterministic QA defect detected; normative Russian source not independently confirmed.	MEDIUM
FMA19089	zone of levator ani			NO_MATCH	Зона мышца, поднимающая ани	KEEP	Зона мышца, поднимающая ани	No deterministic QA defect detected; normative Russian source not independently confirmed.	MEDIUM
FMA19090	pubococcygeus			NO_MATCH	Пубококкйгэус	KEEP	Пубококкйгэус	No deterministic QA defect detected; normative Russian source not independently confirmed.	MEDIUM
FMA19091	puborectalis			NO_MATCH	Пуборэкталис	KEEP	Пуборэкталис	No deterministic QA defect detected; normative Russian source not independently confirmed.	MEDIUM
FMA19092	iliococcygeus			NO_MATCH	Илиококкйгэус	KEEP	Илиококкйгэус	No deterministic QA defect detected; normative Russian source not independently confirmed.	MEDIUM
FMA19234	deferent duct			NO_MATCH	Семявыносящий проток	KEEP	Семявыносящий проток	No deterministic QA defect detected; normative Russian source not independently confirmed.	MEDIUM
FMA19235	right deferent duct			NO_MATCH	Правый семявыносящий проток	REVIEW		Needs external Russian anatomical terminology verification.	LOW
FMA19236	left deferent duct			NO_MATCH	Левый семявыносящий проток	REVIEW		Needs external Russian anatomical terminology verification.	LOW
FMA19386	seminal vesicle	glandula seminalis	seminal gland	EXACT	Семенной пузырёк	KEEP	Семенной пузырёк	No deterministic QA defect detected; normative Russian source not independently confirmed.	MEDIUM
FMA19387	right seminal vesicle	glandula seminalis	seminal gland	PROBABLE	Правый семенной пузырёк	REVIEW		Needs external Russian anatomical terminology verification.	LOW
FMA19388	left seminal vesicle	glandula seminalis	seminal gland	PROBABLE	Левый семенной пузырёк	REVIEW		Needs external Russian anatomical terminology verification.	LOW
FMA19617	corpus spongiosum of penis	corpus spongiosum penis	corpus spongiosum of penis	EXACT	Губчатое тело полового члена	KEEP	Губчатое тело полового члена	No deterministic QA defect detected; normative Russian source not independently confirmed.	MEDIUM
FMA19618	corpus cavernosum of penis	corpus cavernosum penis	corpus cavernosum of penis	EXACT	Пещеристое тело полового члена	KEEP	Пещеристое тело полового члена	No deterministic QA defect detected; normative Russian source not independently confirmed.	MEDIUM
FMA19667	urethra	urethra	urethra	EXACT	Мочеиспускательный канал	KEEP	Мочеиспускательный канал	No deterministic QA defect detected; normative Russian source not independently confirmed.	MEDIUM
FMA19728	superficial perineal muscle			NO_MATCH	Поверхностная промежностная мышца	KEEP	Поверхностная промежностная мышца	No deterministic QA defect detected; normative Russian source not independently confirmed.	MEDIUM
FMA19754	region of peritoneum			NO_MATCH	Область брюшина	KEEP	Область брюшина	No deterministic QA defect detected; normative Russian source not independently confirmed.	MEDIUM
FMA19783	loose connective tissue			NO_MATCH	Рыхлая соединительная ткань	KEEP	Рыхлая соединительная ткань	No deterministic QA defect detected; normative Russian source not independently confirmed.	MEDIUM
FMA19795	dorsal artery of penis	arteria dorsalis penis	dorsal artery of penis	EXACT	Тыльная артерия половой член	KEEP	Тыльная артерия половой член	No deterministic QA defect detected; normative Russian source not independently confirmed.	MEDIUM
FMA20107	irregular connective tissue			NO_MATCH	Неправильная соединительная ткань	KEEP	Неправильная соединительная ткань	No deterministic QA defect detected; normative Russian source not independently confirmed.	MEDIUM
FMA20111	mucoid tissue			NO_MATCH	Слизеподобный ткань	KEEP	Слизеподобный ткань	No deterministic QA defect detected; normative Russian source not independently confirmed.	MEDIUM
FMA20194	cavernous organ			NO_MATCH	Пещеристый орган	KEEP	Пещеристый орган	No deterministic QA defect detected; normative Russian source not independently confirmed.	MEDIUM
FMA20221	zone of cavernous organ			NO_MATCH	Зона пещеристого органа	KEEP	Зона пещеристого органа	No deterministic QA defect detected; normative Russian source not independently confirmed.	MEDIUM
FMA20247	zone of corpus spongiosum of penis			NO_MATCH	Зона губчатого тела полового члена	REVIEW		Needs external Russian anatomical terminology verification.	LOW
FMA20278	muscle of anterior abdominal wall			NO_MATCH	Мышца передняя абдоминал стенка	REVIEW		Needs external Russian anatomical terminology verification.	LOW
FMA20289	lacrimal sac	saccus lacrimalis	lacrimal sac	EXACT	Слёзная сак	KEEP	Слёзная сак	No deterministic QA defect detected; normative Russian source not independently confirmed.	MEDIUM
FMA20570	peritoneal mesentery			NO_MATCH	Пэритонэал брыжейка	KEEP	Пэритонэал брыжейка	No deterministic QA defect detected; normative Russian source not independently confirmed.	MEDIUM
FMA20593	region of visceral peritoneum			NO_MATCH	Область висцеральная брюшина	KEEP	Область висцеральная брюшина	No deterministic QA defect detected; normative Russian source not independently confirmed.	MEDIUM
FMA20684	trunk of branch of external iliac artery			NO_MATCH	Туловище ветвь наружная подвздошная артерия	REVIEW		Needs external Russian anatomical terminology verification.	LOW
FMA20686	inferior epigastric artery	arteria epigastrica inferior	inferior epigastric artery	EXACT	Нижняя надчревная артерия	KEEP	Нижняя надчревная артерия	No deterministic QA defect detected; normative Russian source not independently confirmed.	MEDIUM
FMA20688	right inferior epigastric artery	arteria epigastrica inferior	inferior epigastric artery	PROBABLE	Правый нижняя надчревная артерия	APPLY	Правая нижняя надчревная артерия	Candidate from QA (laterality; lost_information); requires final Russian terminology review before application.	MEDIUM
FMA20689	left inferior epigastric artery	arteria epigastrica inferior	inferior epigastric artery	PROBABLE	Левый нижняя надчревная артерия	APPLY	Левая нижняя надчревная артерия	Candidate from QA (laterality; lost_information); requires final Russian terminology review before application.	MEDIUM
FMA20734	superficial epigastric artery	arteria epigastrica superficialis	superficial epigastric artery	EXACT	Поверхностная надчревная артерия	KEEP	Поверхностная надчревная артерия	No deterministic QA defect detected; normative Russian source not independently confirmed.	MEDIUM
FMA20735	right superficial epigastric artery	arteria epigastrica superficialis	superficial epigastric artery	PROBABLE	Правый поверхностная надчревная артерия	APPLY	Правая поверхностная надчревная артерия	Candidate from QA (laterality; lost_information); requires final Russian terminology review before application.	MEDIUM
FMA20736	left superficial epigastric artery	arteria epigastrica superficialis	superficial epigastric artery	PROBABLE	Левый поверхностная надчревная артерия	APPLY	Левая поверхностная надчревная артерия	Candidate from QA (laterality; lost_information); requires final Russian terminology review before application.	MEDIUM
FMA20798	lateral circumflex femoral artery	arteria circumflexa lateralis femoris	lateral circumflex femoral artery	EXACT	Латеральная огибающая бедренная артерия	KEEP	Латеральная огибающая бедренная артерия	No deterministic QA defect detected; normative Russian source not independently confirmed.	MEDIUM
FMA20801	right lateral circumflex femoral artery	arteria circumflexa lateralis femoris	lateral circumflex femoral artery	PROBABLE	Правый латеральная огибающая бедренная артерия	APPLY	Правая латеральная огибающая бедренная артерия	Candidate from QA (laterality; lost_information); requires final Russian terminology review before application.	MEDIUM
FMA20802	left lateral circumflex femoral artery	arteria circumflexa lateralis femoris	lateral circumflex femoral artery	PROBABLE	Левый латеральная огибающая бедренная артерия	APPLY	Левая латеральная огибающая бедренная артерия	Candidate from QA (laterality; lost_information); requires final Russian terminology review before application.	MEDIUM
FMA20803	branch of lateral circumflex femoral artery			NO_MATCH	Ветвь латеральной артерии, огибающей бедренную кость	REVIEW		Needs external Russian anatomical terminology verification.	LOW
FMA20805	descending branch of lateral circumflex femoral artery	ramus descendens arteriae circumflexae lateralis femoris	descending branch of lateral circumflex femoral artery	EXACT	Нисходящая ветвь латеральная огибающая бедренная артерия	APPLY	Нисходящая ветвь латеральной огибающей бедренной артерии	Exact TA2 mapping and unambiguous Russian correction; no source information is lost.	HIGH
FMA20818	right dorsal artery of penis	arteria dorsalis penis	dorsal artery of penis	PROBABLE	Правый тыльная артерия половой член	APPLY	Правая тыльная артерия половой член	Candidate from QA (laterality; lost_information); requires final Russian terminology review before application.	MEDIUM
FMA20819	left dorsal artery of penis	arteria dorsalis penis	dorsal artery of penis	PROBABLE	Левый тыльная артерия половой член	APPLY	Левая тыльная артерия половой член	Candidate from QA (laterality; lost_information); requires final Russian terminology review before application.	MEDIUM
FMA21162	inferior epigastric vein	vena epigastrica inferior	inferior epigastric vein	EXACT	Нижняя надчревная вена	KEEP	Нижняя надчревная вена	No deterministic QA defect detected; normative Russian source not independently confirmed.	MEDIUM
FMA21163	right inferior epigastric vein	vena epigastrica inferior	inferior epigastric vein	PROBABLE	Правый нижняя надчревная вена	APPLY	Правая нижняя надчревная вена	Candidate from QA (laterality; lost_information); requires final Russian terminology review before application.	MEDIUM
FMA21164	left inferior epigastric vein	vena epigastrica inferior	inferior epigastric vein	PROBABLE	Левый нижняя надчревная вена	APPLY	Левая нижняя надчревная вена	Candidate from QA (laterality; lost_information); requires final Russian terminology review before application.	MEDIUM
FMA21185	femoral vein	vena femoralis	femoral vein	EXACT	Бедренная вена	KEEP	Бедренная вена	No deterministic QA defect detected; normative Russian source not independently confirmed.	MEDIUM
FMA21188	right femoral vein	vena femoralis	femoral vein	PROBABLE	Правый бедренная вена	APPLY	Правая бедренная вена	Candidate from QA (laterality; lost_information); requires final Russian terminology review before application.	MEDIUM
FMA21189	left femoral vein	vena femoralis	femoral vein	PROBABLE	Левый бедренная вена	APPLY	Левая бедренная вена	Candidate from QA (laterality; lost_information); requires final Russian terminology review before application.	MEDIUM
FMA21240	tributary of internal pudendal vein			NO_MATCH	Приток внутренняя пудендальная вена	REVIEW		Needs external Russian anatomical terminology verification.	LOW
FMA21354	deep dorsal vein of penis	vena dorsalis profunda penis	deep dorsal vein of penis	EXACT	Глубокая тыльная вена половой член	APPLY	Глубокая тыльная вена полового члена	Exact TA2 mapping and unambiguous Russian correction; no source information is lost.	HIGH
FMA21376	great saphenous vein	vena saphena magna	great saphenous vein	EXACT	Большая подкожная вена	KEEP	Большая подкожная вена	No deterministic QA defect detected; normative Russian source not independently confirmed.	MEDIUM
FMA21378	tributary of great saphenous vein			NO_MATCH	Приток большая подкожная вена	REVIEW		Needs external Russian anatomical terminology verification.	LOW
FMA21379	right great saphenous vein	vena saphena magna	great saphenous vein	PROBABLE	Правый большая подкожная вена	APPLY	Правая большая подкожная вена	Candidate from QA (laterality; lost_information); requires final Russian terminology review before application.	MEDIUM
FMA21380	left great saphenous vein	vena saphena magna	great saphenous vein	PROBABLE	Левый большая подкожная вена	APPLY	Левая большая подкожная вена	Candidate from QA (laterality; lost_information); requires final Russian terminology review before application.	MEDIUM
FMA21383	tributary of superficial external pudendal vein			NO_MATCH	Приток поверхностная наружная пудендальная вена	REVIEW		Needs external Russian anatomical terminology verification.	LOW
FMA21384	superficial dorsal vein of penis			NO_MATCH	Поверхностная тыльная вена половой член	REVIEW		Needs external Russian anatomical terminology verification.	LOW
FMA21385	right superficial dorsal vein of penis			NO_MATCH	Правый поверхностная тыльная вена половой член	APPLY	Правая поверхностная тыльная вена половой член	Candidate from QA (laterality; lost_information); requires final Russian terminology review before application.	MEDIUM
FMA21386	left superficial dorsal vein of penis			NO_MATCH	Левый поверхностная тыльная вена половой член	APPLY	Левая поверхностная тыльная вена половой член	Candidate from QA (laterality; lost_information); requires final Russian terminology review before application.	MEDIUM
FMA21387	right common iliac vein	vena iliaca communis	common iliac vein	PROBABLE	Правый общая подвздошная вена	APPLY	Правая общая подвздошная вена	Candidate from QA (laterality; lost_information); requires final Russian terminology review before application.	MEDIUM
FMA21388	left common iliac vein	vena iliaca communis	common iliac vein	PROBABLE	Левый общая подвздошная вена	APPLY	Левая общая подвздошная вена	Candidate from QA (laterality; lost_information); requires final Russian terminology review before application.	MEDIUM
FMA21422	descending branch of right lateral circumflex femoral artery	ramus descendens arteriae circumflexae lateralis femoris	descending branch of lateral circumflex femoral artery	PROBABLE	Нисходящая ветвь правый латеральная огибающая бедренная артерия	APPLY	Нисходящая ветвь Правая латеральная огибающая бедренная артерия	Candidate from QA (laterality); requires final Russian terminology review before application.	MEDIUM
FMA21423	descending branch of left lateral circumflex femoral artery	ramus descendens arteriae circumflexae lateralis femoris	descending branch of lateral circumflex femoral artery	PROBABLE	Нисходящая ветвь левый латеральная огибающая бедренная артерия	APPLY	Нисходящая ветвь Левая латеральная огибающая бедренная артерия	Candidate from QA (laterality); requires final Russian terminology review before application.	MEDIUM
FMA21496	ligament organ			NO_MATCH	Связка орган	KEEP	Связка орган	No deterministic QA defect detected; normative Russian source not independently confirmed.	MEDIUM
FMA21520	branch of inferior branch of ileocolic artery			NO_MATCH	Ветвь нижней ветви подвздошно-ободочной артерии	REVIEW		Needs external Russian anatomical terminology verification.	LOW
FMA21521	trunk of branch of left colic artery			NO_MATCH	Туловище ветвь левый ободочная артерия	APPLY	Туловище ветвь Левое ободочная артерия	Candidate from QA (laterality); requires final Russian terminology review before application.	MEDIUM
FMA21930	external anal sphincter	sphincter externus ani	external anal sphincter	EXACT	Наружная анал сфинктэр	KEEP	Наружная анал сфинктэр	No deterministic QA defect detected; normative Russian source not independently confirmed.	MEDIUM
FMA22298	obturator internus	obturator internus	obturator internus	EXACT	Обтуратор интэрнус	KEEP	Обтуратор интэрнус	No deterministic QA defect detected; normative Russian source not independently confirmed.	MEDIUM
FMA22299	obturator externus	obturator externus	obturator externus	EXACT	Обтуратор экстэрнус	KEEP	Обтуратор экстэрнус	No deterministic QA defect detected; normative Russian source not independently confirmed.	MEDIUM
FMA22310	iliacus			NO_MATCH	Илиакус	KEEP	Илиакус	No deterministic QA defect detected; normative Russian source not independently confirmed.	MEDIUM
FMA22314	gluteus maximus			NO_MATCH	Ягодичная мышца максимус	KEEP	Ягодичная мышца максимус	No deterministic QA defect detected; normative Russian source not independently confirmed.	MEDIUM
FMA22315	gluteus medius			NO_MATCH	Ягодичная мышца мэдиус	KEEP	Ягодичная мышца мэдиус	No deterministic QA defect detected; normative Russian source not independently confirmed.	MEDIUM
FMA22317	gluteus minimus			NO_MATCH	Ягодичная мышца минимус	KEEP	Ягодичная мышца минимус	No deterministic QA defect detected; normative Russian source not independently confirmed.	MEDIUM
FMA22318	gemellus superior			NO_MATCH	Гэмэллус верхняя	KEEP	Гэмэллус верхняя	No deterministic QA defect detected; normative Russian source not independently confirmed.	MEDIUM
FMA22319	gemellus			NO_MATCH	Гэмэллус	KEEP	Гэмэллус	No deterministic QA defect detected; normative Russian source not independently confirmed.	MEDIUM
FMA22320	gemellus inferior			NO_MATCH	Гэмэллус нижняя	KEEP	Гэмэллус нижняя	No deterministic QA defect detected; normative Russian source not independently confirmed.	MEDIUM
FMA22321	quadratus femoris			NO_MATCH	Квадратус бедра	KEEP	Квадратус бедра	No deterministic QA defect detected; normative Russian source not independently confirmed.	MEDIUM
FMA22322	right iliacus			NO_MATCH	Правый илиакус	REVIEW		Needs external Russian anatomical terminology verification.	LOW
FMA22323	left iliacus			NO_MATCH	Левый илиакус	REVIEW		Needs external Russian anatomical terminology verification.	LOW
FMA22324	right obturator internus	obturator internus	obturator internus	PROBABLE	Правый обтуратор интэрнус	REVIEW		Needs external Russian anatomical terminology verification.	LOW
FMA22325	left obturator internus	obturator internus	obturator internus	PROBABLE	Левый обтуратор интэрнус	REVIEW		Needs external Russian anatomical terminology verification.	LOW
FMA22326	right obturator externus	obturator externus	obturator externus	PROBABLE	Правый обтуратор экстэрнус	REVIEW		Needs external Russian anatomical terminology verification.	LOW
FMA22327	left obturator externus	obturator externus	obturator externus	PROBABLE	Левый обтуратор экстэрнус	REVIEW		Needs external Russian anatomical terminology verification.	LOW
FMA22328	right gluteus maximus			NO_MATCH	Правый ягодичная мышца максимус	APPLY	Правая ягодичная мышца максимус	Candidate from QA (laterality; lost_information); requires final Russian terminology review before application.	MEDIUM
FMA22329	left gluteus maximus			NO_MATCH	Левый ягодичная мышца максимус	APPLY	Левая ягодичная мышца максимус	Candidate from QA (laterality; lost_information); requires final Russian terminology review before application.	MEDIUM
FMA22330	right gluteus medius			NO_MATCH	Правый ягодичная мышца мэдиус	APPLY	Правая ягодичная мышца мэдиус	Candidate from QA (laterality; lost_information); requires final Russian terminology review before application.	MEDIUM
FMA22331	left gluteus medius			NO_MATCH	Левый ягодичная мышца мэдиус	APPLY	Левая ягодичная мышца мэдиус	Candidate from QA (laterality; lost_information); requires final Russian terminology review before application.	MEDIUM
FMA22332	right gluteus minimus			NO_MATCH	Правый ягодичная мышца минимус	APPLY	Правая ягодичная мышца минимус	Candidate from QA (laterality; lost_information); requires final Russian terminology review before application.	MEDIUM
FMA22333	left gluteus minimus			NO_MATCH	Левый ягодичная мышца минимус	APPLY	Левая ягодичная мышца минимус	Candidate from QA (laterality; lost_information); requires final Russian terminology review before application.	MEDIUM
FMA22334	right gemellus superior			NO_MATCH	Правый гэмэллус верхняя	REVIEW		Needs external Russian anatomical terminology verification.	LOW
FMA22335	left gemellus superior			NO_MATCH	Левый гэмэллус верхняя	REVIEW		Needs external Russian anatomical terminology verification.	LOW
FMA22336	right gemellus inferior			NO_MATCH	Правый гэмэллус нижняя	REVIEW		Needs external Russian anatomical terminology verification.	LOW
FMA22337	left gemellus inferior			NO_MATCH	Левый гэмэллус нижняя	REVIEW		Needs external Russian anatomical terminology verification.	LOW
FMA22338	right quadratus femoris			NO_MATCH	Правый квадратус бедра	REVIEW		Needs external Russian anatomical terminology verification.	LOW
FMA22339	left quadratus femoris			NO_MATCH	Левый квадратус бедра	REVIEW		Needs external Russian anatomical terminology verification.	LOW
FMA22340	right piriformis			NO_MATCH	Правый пириформис	REVIEW		Needs external Russian anatomical terminology verification.	LOW
FMA22341	left piriformis			NO_MATCH	Левый пириформис	REVIEW		Needs external Russian anatomical terminology verification.	LOW
FMA22342	right psoas major	psoas major	psoas major	PROBABLE	Правый псоас большая	REVIEW		Needs external Russian anatomical terminology verification.	LOW
FMA22343	left psoas major	psoas major	psoas major	PROBABLE	Левый псоас большая	REVIEW		Needs external Russian anatomical terminology verification.	LOW
FMA22353	sartorius			NO_MATCH	Портняжная мышца	KEEP	Портняжная мышца	No deterministic QA defect detected; normative Russian source not independently confirmed.	MEDIUM
FMA22354	right sartorius			NO_MATCH	Правый портняжная мышца	APPLY	Правая портняжная мышца	Candidate from QA (laterality; lost_information); requires final Russian terminology review before application.	MEDIUM
FMA22355	left sartorius			NO_MATCH	Левый портняжная мышца	APPLY	Левая портняжная мышца	Candidate from QA (laterality; lost_information); requires final Russian terminology review before application.	MEDIUM
FMA22357	semitendinosus			NO_MATCH	Сэмитэндиносус	KEEP	Сэмитэндиносус	No deterministic QA defect detected; normative Russian source not independently confirmed.	MEDIUM
FMA22358	right semitendinosus			NO_MATCH	Правый сэмитэндиносус	REVIEW		Needs external Russian anatomical terminology verification.	LOW
FMA22359	left semitendinosus			NO_MATCH	Левый сэмитэндиносус	REVIEW		Needs external Russian anatomical terminology verification.	LOW
FMA22423	tensor fasciae latae	tensor fasciae latae	tensor fasciae latae	EXACT	Напрягатель фаскиаэ латаэ	APPLY	Мышца, напрягающая широкую фасцию	Exact TA2 mapping and unambiguous Russian correction; no source information is lost.	HIGH
FMA22424	muscle of anterior compartment of thigh			NO_MATCH	Мышца передняя компартмент бедро	REVIEW		Needs external Russian anatomical terminology verification.	LOW
FMA22425	right tensor fasciae latae	tensor fasciae latae	tensor fasciae latae	PROBABLE	Правый напрягатель фаскиаэ латаэ	APPLY	Правая мышца, напрягающая широкую фасцию	FMA/TA2 structure family with unambiguous Russian grammatical normalization.	HIGH
FMA22426	left tensor fasciae latae	tensor fasciae latae	tensor fasciae latae	PROBABLE	Левый напрягатель фаскиаэ латаэ	APPLY	Левая мышца, напрягающая широкую фасцию	FMA/TA2 structure family with unambiguous Russian grammatical normalization.	HIGH
FMA22427	muscle of posterior compartment of thigh			NO_MATCH	Мышца задняя компартмент бедро	REVIEW		Needs external Russian anatomical terminology verification.	LOW
FMA22429	zone of quadriceps femoris			NO_MATCH	Зона квадрикэпс бедра	KEEP	Зона квадрикэпс бедра	No deterministic QA defect detected; normative Russian source not independently confirmed.	MEDIUM
FMA22430	rectus femoris			NO_MATCH	Прямая мышца бедра	KEEP	Прямая мышца бедра	No deterministic QA defect detected; normative Russian source not independently confirmed.	MEDIUM
FMA22431	vastus lateralis			NO_MATCH	Вастус латеральная	KEEP	Вастус латеральная	No deterministic QA defect detected; normative Russian source not independently confirmed.	MEDIUM
FMA22432	vastus medialis			NO_MATCH	Вастус медиальная	KEEP	Вастус медиальная	No deterministic QA defect detected; normative Russian source not independently confirmed.	MEDIUM
FMA22433	vastus intermedius			NO_MATCH	Вастус интэрмэдиус	KEEP	Вастус интэрмэдиус	No deterministic QA defect detected; normative Russian source not independently confirmed.	MEDIUM
FMA22438	semimembranosus			NO_MATCH	Сэмимэмбраносус	KEEP	Сэмимэмбраносус	No deterministic QA defect detected; normative Russian source not independently confirmed.	MEDIUM
FMA22439	muscle of medial compartment of thigh			NO_MATCH	Мышца медиальная компартмент бедро	REVIEW		Needs external Russian anatomical terminology verification.	LOW
FMA22440	pectineus			NO_MATCH	Пэктинэус	KEEP	Пэктинэус	No deterministic QA defect detected; normative Russian source not independently confirmed.	MEDIUM
FMA22441	adductor longus	adductor longus	adductor longus	EXACT	Длинная приводящая мышца	KEEP	Длинная приводящая мышца	No deterministic QA defect detected; normative Russian source not independently confirmed.	MEDIUM
FMA22442	adductor brevis	adductor brevis	adductor brevis	EXACT	Короткая приводящая мышца	KEEP	Короткая приводящая мышца	No deterministic QA defect detected; normative Russian source not independently confirmed.	MEDIUM
FMA22443	adductor magnus	adductor magnus	adductor magnus	EXACT	Большая приводящая мышца	KEEP	Большая приводящая мышца	No deterministic QA defect detected; normative Russian source not independently confirmed.	MEDIUM
FMA22448	right semimembranosus			NO_MATCH	Правый сэмимэмбраносус	REVIEW		Needs external Russian anatomical terminology verification.	LOW
FMA22449	left semimembranosus			NO_MATCH	Левый сэмимэмбраносус	REVIEW		Needs external Russian anatomical terminology verification.	LOW
FMA22450	right pectineus			NO_MATCH	Правый пэктинэус	REVIEW		Needs external Russian anatomical terminology verification.	LOW
FMA22451	left pectineus			NO_MATCH	Левый пэктинэус	REVIEW		Needs external Russian anatomical terminology verification.	LOW
FMA22452	right adductor brevis	adductor brevis	adductor brevis	PROBABLE	Правый приводящая мышца короткая	APPLY	Правая приводящая мышца короткая	Candidate from QA (laterality; lost_information); requires final Russian terminology review before application.	MEDIUM
FMA22454	left adductor brevis	adductor brevis	adductor brevis	PROBABLE	Левый приводящая мышца короткая	APPLY	Левая приводящая мышца короткая	Candidate from QA (laterality; lost_information); requires final Russian terminology review before application.	MEDIUM
FMA22456	right adductor longus	adductor longus	adductor longus	PROBABLE	Правый приводящая мышца длинная	APPLY	Правая приводящая мышца длинная	Candidate from QA (laterality; lost_information); requires final Russian terminology review before application.	MEDIUM
FMA22457	left adductor longus	adductor longus	adductor longus	PROBABLE	Левый приводящая мышца длинная	APPLY	Левая приводящая мышца длинная	Candidate from QA (laterality; lost_information); requires final Russian terminology review before application.	MEDIUM
FMA22459	right adductor magnus	adductor magnus	adductor magnus	PROBABLE	Правый приводящая мышца магнус	APPLY	Правая приводящая мышца магнус	Candidate from QA (laterality; lost_information); requires final Russian terminology review before application.	MEDIUM
FMA22460	left adductor magnus	adductor magnus	adductor magnus	PROBABLE	Левый приводящая мышца магнус	APPLY	Левая приводящая мышца магнус	Candidate from QA (laterality; lost_information); requires final Russian terminology review before application.	MEDIUM
FMA22470	muscle of thigh			NO_MATCH	Мышца бедро	REVIEW		Needs external Russian anatomical terminology verification.	LOW
FMA22471	muscle of leg			NO_MATCH	Мышца голень	REVIEW		Needs external Russian anatomical terminology verification.	LOW
FMA22472	muscle of anterior compartment of leg			NO_MATCH	Мышца передняя компартмент голень	REVIEW		Needs external Russian anatomical terminology verification.	LOW
FMA22473	muscle of lateral compartment of leg			NO_MATCH	Мышца латеральная компартмент голень	REVIEW		Needs external Russian anatomical terminology verification.	LOW
FMA22474	muscle of posterior compartment of leg			NO_MATCH	Мышца задняя компартмент голень	REVIEW		Needs external Russian anatomical terminology verification.	LOW
FMA22506	descending genicular artery	arteria descendens genus	descending genicular artery	EXACT	Нисходящая коленная артерия	KEEP	Нисходящая коленная артерия	No deterministic QA defect detected; normative Russian source not independently confirmed.	MEDIUM
FMA22507	right descending genicular artery	arteria descendens genus	descending genicular artery	PROBABLE	Правый нисходящая коленная артерия	APPLY	Правая нисходящая коленная артерия	Candidate from QA (laterality; lost_information); requires final Russian terminology review before application.	MEDIUM
FMA22508	left descending genicular artery	arteria descendens genus	descending genicular artery	PROBABLE	Левый нисходящая коленная артерия	APPLY	Левая нисходящая коленная артерия	Candidate from QA (laterality; lost_information); requires final Russian terminology review before application.	MEDIUM
FMA22532	tibialis anterior			NO_MATCH	Тибиалис передняя	KEEP	Тибиалис передняя	No deterministic QA defect detected; normative Russian source not independently confirmed.	MEDIUM
FMA22533	extensor hallucis longus	extensor longus hallucis	extensor hallucis longus	EXACT	Разгибатель большого пальца стопы длинная	APPLY	Длинная мышца, разгибающая большой палец стопы	Exact TA2 mapping and unambiguous Russian correction; no source information is lost.	HIGH
FMA22534	extensor digitorum longus	extensor longus digitorum	extensor digitorum longus	EXACT	Разгибатель пальцев длинная	KEEP	Разгибатель пальцев длинная	No deterministic QA defect detected; normative Russian source not independently confirmed.	MEDIUM
FMA22535	superior genicular artery			NO_MATCH	Верхняя коленная артерия	KEEP	Верхняя коленная артерия	No deterministic QA defect detected; normative Russian source not independently confirmed.	MEDIUM
FMA22536	middle genicular artery	arteria media genus	middle genicular artery	EXACT	Средняя коленная артерия	KEEP	Средняя коленная артерия	No deterministic QA defect detected; normative Russian source not independently confirmed.	MEDIUM
FMA22537	inferior genicular artery			NO_MATCH	Нижняя коленная артерия	KEEP	Нижняя коленная артерия	No deterministic QA defect detected; normative Russian source not independently confirmed.	MEDIUM
FMA22538	fibularis tertius			NO_MATCH	Фибуларис тэртиус	KEEP	Фибуларис тэртиус	No deterministic QA defect detected; normative Russian source not independently confirmed.	MEDIUM
FMA22539	fibularis longus			NO_MATCH	Фибуларис длинная	KEEP	Фибуларис длинная	No deterministic QA defect detected; normative Russian source not independently confirmed.	MEDIUM
FMA22540	fibularis brevis			NO_MATCH	Фибуларис короткая	KEEP	Фибуларис короткая	No deterministic QA defect detected; normative Russian source not independently confirmed.	MEDIUM
FMA22542	soleus			NO_MATCH	Камбаловидная мышца	KEEP	Камбаловидная мышца	No deterministic QA defect detected; normative Russian source not independently confirmed.	MEDIUM
FMA22543	plantaris			NO_MATCH	Плантарис	KEEP	Плантарис	No deterministic QA defect detected; normative Russian source not independently confirmed.	MEDIUM
FMA22544	right tibialis anterior			NO_MATCH	Правый тибиалис передняя	REVIEW		Needs external Russian anatomical terminology verification.	LOW
FMA22545	left tibialis anterior			NO_MATCH	Левый тибиалис передняя	REVIEW		Needs external Russian anatomical terminology verification.	LOW
FMA22546	right extensor hallucis longus	extensor longus hallucis	extensor hallucis longus	PROBABLE	Правый разгибатель большого пальца стопы длинная	REVIEW		Needs external Russian anatomical terminology verification.	LOW
FMA22547	left extensor hallucis longus	extensor longus hallucis	extensor hallucis longus	PROBABLE	Левый разгибатель большого пальца стопы длинная	REVIEW		Needs external Russian anatomical terminology verification.	LOW
FMA22548	right extensor digitorum longus	extensor longus digitorum	extensor digitorum longus	PROBABLE	Правый разгибатель пальцев длинная	REVIEW		Needs external Russian anatomical terminology verification.	LOW
FMA22549	left extensor digitorum longus	extensor longus digitorum	extensor digitorum longus	PROBABLE	Левый разгибатель пальцев длинная	REVIEW		Needs external Russian anatomical terminology verification.	LOW
FMA22550	right fibularis tertius			NO_MATCH	Правый фибуларис тэртиус	REVIEW		Needs external Russian anatomical terminology verification.	LOW
FMA22551	left fibularis tertius			NO_MATCH	Левый фибуларис тэртиус	REVIEW		Needs external Russian anatomical terminology verification.	LOW
FMA22552	right fibularis longus			NO_MATCH	Правый фибуларис длинная	REVIEW		Needs external Russian anatomical terminology verification.	LOW
FMA22553	left fibularis longus			NO_MATCH	Левый фибуларис длинная	REVIEW		Needs external Russian anatomical terminology verification.	LOW
FMA22554	right fibularis brevis			NO_MATCH	Правый фибуларис короткая	REVIEW		Needs external Russian anatomical terminology verification.	LOW
FMA22555	left fibularis brevis			NO_MATCH	Левый фибуларис короткая	REVIEW		Needs external Russian anatomical terminology verification.	LOW
FMA22558	right soleus			NO_MATCH	Правый камбаловидная мышца	APPLY	Правая камбаловидная мышца	Candidate from QA (laterality; lost_information); requires final Russian terminology review before application.	MEDIUM
FMA22559	left soleus			NO_MATCH	Левый камбаловидная мышца	APPLY	Левая камбаловидная мышца	Candidate from QA (laterality; lost_information); requires final Russian terminology review before application.	MEDIUM
FMA22560	right plantaris			NO_MATCH	Правый плантарис	REVIEW		Needs external Russian anatomical terminology verification.	LOW
FMA22561	left plantaris			NO_MATCH	Левый плантарис	REVIEW		Needs external Russian anatomical terminology verification.	LOW
FMA22562	right middle genicular artery	arteria media genus	middle genicular artery	PROBABLE	Правый средняя коленная артерия	APPLY	Правая средняя коленная артерия	Candidate from QA (laterality; lost_information); requires final Russian terminology review before application.	MEDIUM
FMA22563	left middle genicular artery	arteria media genus	middle genicular artery	PROBABLE	Левый средняя коленная артерия	APPLY	Левая средняя коленная артерия	Candidate from QA (laterality; lost_information); requires final Russian terminology review before application.	MEDIUM
FMA22584	superior medial genicular artery	arteria superior medialis genus	superior medial genicular artery	EXACT	Верхняя медиальная коленная артерия	KEEP	Верхняя медиальная коленная артерия	No deterministic QA defect detected; normative Russian source not independently confirmed.	MEDIUM
FMA22585	superior lateral genicular artery	arteria superior lateralis genus	superior lateral genicular artery	EXACT	Верхняя латеральная коленная артерия	KEEP	Верхняя латеральная коленная артерия	No deterministic QA defect detected; normative Russian source not independently confirmed.	MEDIUM
FMA22586	right medial superior genicular artery			NO_MATCH	Правый медиальная верхняя коленная артерия	APPLY	Правая медиальная верхняя коленная артерия	Candidate from QA (laterality; lost_information); requires final Russian terminology review before application.	MEDIUM
FMA22587	left medial superior genicular artery			NO_MATCH	Левый медиальная верхняя коленная артерия	APPLY	Левая медиальная верхняя коленная артерия	Candidate from QA (laterality; lost_information); requires final Russian terminology review before application.	MEDIUM
FMA22588	right lateral superior genicular artery			NO_MATCH	Правый латеральная верхняя коленная артерия	APPLY	Правая латеральная верхняя коленная артерия	Candidate from QA (laterality; lost_information); requires final Russian terminology review before application.	MEDIUM
FMA22589	left lateral superior genicular artery			NO_MATCH	Левый латеральная верхняя коленная артерия	APPLY	Левая латеральная верхняя коленная артерия	Candidate from QA (laterality; lost_information); requires final Russian terminology review before application.	MEDIUM
FMA22590	popliteus			NO_MATCH	Поплитэус	KEEP	Поплитэус	No deterministic QA defect detected; normative Russian source not independently confirmed.	MEDIUM
FMA22591	right popliteus			NO_MATCH	Правый поплитэус	REVIEW		Needs external Russian anatomical terminology verification.	LOW
FMA22592	left popliteus			NO_MATCH	Левый поплитэус	REVIEW		Needs external Russian anatomical terminology verification.	LOW
FMA22593	flexor hallucis longus	flexor longus hallucis	flexor hallucis longus	EXACT	Сгибатель большого пальца стопы длинная	APPLY	Длинная мышца, сгибающая большой палец стопы	Exact TA2 mapping and unambiguous Russian correction; no source information is lost.	HIGH
FMA22594	muscle of vertebral column			NO_MATCH	Мышца позвоночная столб	REVIEW		Needs external Russian anatomical terminology verification.	LOW
FMA22653	splenius capitis			NO_MATCH	Сплэниус головки	KEEP	Сплэниус головки	No deterministic QA defect detected; normative Russian source not independently confirmed.	MEDIUM
FMA22654	axillary artery	arteria axillaris	axillary artery	EXACT	Подмышечная артерия	KEEP	Подмышечная артерия	No deterministic QA defect detected; normative Russian source not independently confirmed.	MEDIUM
FMA22655	right axillary artery	arteria axillaris	axillary artery	PROBABLE	Правый подмышечная артерия	APPLY	Правая подмышечная артерия	Candidate from QA (laterality; lost_information); requires final Russian terminology review before application.	MEDIUM
FMA22656	left axillary artery	arteria axillaris	axillary artery	PROBABLE	Левый подмышечная артерия	APPLY	Левая подмышечная артерия	Candidate from QA (laterality; lost_information); requires final Russian terminology review before application.	MEDIUM
FMA22674	lateral thoracic artery	arteria thoracica lateralis	lateral thoracic artery	EXACT	Латеральная грудная артерия	KEEP	Латеральная грудная артерия	No deterministic QA defect detected; normative Russian source not independently confirmed.	MEDIUM
FMA22675	right lateral thoracic artery	arteria thoracica lateralis	lateral thoracic artery	PROBABLE	Правый латеральная грудная артерия	APPLY	Правая латеральная грудная артерия	Candidate from QA (laterality; lost_information); requires final Russian terminology review before application.	MEDIUM
FMA22676	left lateral thoracic artery	arteria thoracica lateralis	lateral thoracic artery	PROBABLE	Левый латеральная грудная артерия	APPLY	Левая латеральная грудная артерия	Candidate from QA (laterality; lost_information); requires final Russian terminology review before application.	MEDIUM
FMA22677	subscapular artery	arteria subscapularis	subscapular artery	EXACT	Субскапулар артерия	KEEP	Субскапулар артерия	No deterministic QA defect detected; normative Russian source not independently confirmed.	MEDIUM
FMA22678	right subscapular artery	arteria subscapularis	subscapular artery	PROBABLE	Правый субскапулар артерия	APPLY	Правая субскапулар артерия	Candidate from QA (laterality; lost_information); requires final Russian terminology review before application.	MEDIUM
FMA22679	left subscapular artery	arteria subscapularis	subscapular artery	PROBABLE	Левый субскапулар артерия	APPLY	Левая субскапулар артерия	Candidate from QA (laterality; lost_information); requires final Russian terminology review before application.	MEDIUM
FMA22680	anterior circumflex humeral artery	arteria circumflexa anterior humeri	anterior circumflex humeral artery	EXACT	Передняя артерия, огибающая плечевую кость	KEEP	Передняя артерия, огибающая плечевую кость	Exact TA2 mapping; current Russian term is grammatical and semantically complete.	HIGH
FMA22681	splenius cervicis			NO_MATCH	ременная мышца шеи	KEEP	ременная мышца шеи	No deterministic QA defect detected; normative Russian source not independently confirmed.	MEDIUM
FMA22682	right anterior circumflex humeral artery	arteria circumflexa anterior humeri	anterior circumflex humeral artery	PROBABLE	Правая передняя артерия, огибающая плечевую кость	REVIEW		Needs external Russian anatomical terminology verification.	LOW
FMA22683	left anterior circumflex humeral artery	arteria circumflexa anterior humeri	anterior circumflex humeral artery	PROBABLE	Левая передняя артерия, огибающая плечевую кость	REVIEW		Needs external Russian anatomical terminology verification.	LOW
FMA22684	posterior circumflex humeral artery	arteria circumflexa posterior humeri	posterior circumflex humeral artery	EXACT	Задняя артерия, огибающая плечевую кость	KEEP	Задняя артерия, огибающая плечевую кость	Exact TA2 mapping; current Russian term is grammatical and semantically complete.	HIGH
FMA22685	right posterior circumflex humeral artery	arteria circumflexa posterior humeri	posterior circumflex humeral artery	PROBABLE	Правая задняя артерия, огибающая плечевую кость	REVIEW		Needs external Russian anatomical terminology verification.	LOW
FMA22687	left posterior circumflex humeral artery	arteria circumflexa posterior humeri	posterior circumflex humeral artery	PROBABLE	Левая задняя артерия, огибающая плечевую кость	REVIEW		Needs external Russian anatomical terminology verification.	LOW
FMA22689	brachial artery	arteria brachialis	brachial artery	EXACT	Плечевая артерия	KEEP	Плечевая артерия	No deterministic QA defect detected; normative Russian source not independently confirmed.	MEDIUM
FMA22691	right brachial artery	arteria brachialis	brachial artery	PROBABLE	Правый плечевая артерия	APPLY	Правая плечевая артерия	Candidate from QA (laterality; lost_information); requires final Russian terminology review before application.	MEDIUM
FMA22692	left brachial artery	arteria brachialis	brachial artery	PROBABLE	Левый плечевая артерия	APPLY	Левая плечевая артерия	Candidate from QA (laterality; lost_information); requires final Russian terminology review before application.	MEDIUM
FMA22693	branch of brachial artery			NO_MATCH	Ветвь плечевой артерии	REVIEW		Needs external Russian anatomical terminology verification.	LOW
FMA22695	deep brachial artery	arteria profunda brachii	deep brachial artery	EXACT	Глубокая плечевая артерия	KEEP	Глубокая плечевая артерия	No deterministic QA defect detected; normative Russian source not independently confirmed.	MEDIUM
FMA22696	right deep brachial artery	arteria profunda brachii	deep brachial artery	PROBABLE	Правый глубокая плечевая артерия	APPLY	Правая глубокая плечевая артерия	Candidate from QA (laterality; lost_information); requires final Russian terminology review before application.	MEDIUM
FMA22697	left deep brachial artery	arteria profunda brachii	deep brachial artery	PROBABLE	Левый глубокая плечевая артерия	APPLY	Левая глубокая плечевая артерия	Candidate from QA (laterality; lost_information); requires final Russian terminology review before application.	MEDIUM
FMA22702	iliocostalis lumborum			NO_MATCH	Илиокосталис лумборум	KEEP	Илиокосталис лумборум	No deterministic QA defect detected; normative Russian source not independently confirmed.	MEDIUM
FMA22703	iliocostalis thoracis			NO_MATCH	Илиокосталис груди	KEEP	Илиокосталис груди	No deterministic QA defect detected; normative Russian source not independently confirmed.	MEDIUM
FMA22704	iliocostalis cervicis			NO_MATCH	подвздошно-рёберная мышца шеи	KEEP	подвздошно-рёберная мышца шеи	No deterministic QA defect detected; normative Russian source not independently confirmed.	MEDIUM
FMA22706	superior ulnar collateral artery	arteria collateralis ulnaris superior	superior ulnar collateral artery	EXACT	верхняя локтевая коллатеральная артерия	KEEP	верхняя локтевая коллатеральная артерия	No deterministic QA defect detected; normative Russian source not independently confirmed.	MEDIUM
FMA22707	right superior ulnar collateral artery	arteria collateralis ulnaris superior	superior ulnar collateral artery	PROBABLE	Правая верхняя локтевая коллатеральная артерия	REVIEW		Needs external Russian anatomical terminology verification.	LOW
FMA22708	left superior ulnar collateral artery	arteria collateralis ulnaris superior	superior ulnar collateral artery	PROBABLE	Левая верхняя локтевая коллатеральная артерия	REVIEW		Needs external Russian anatomical terminology verification.	LOW
FMA22709	longissimus thoracis			NO_MATCH	Лонгиссимус груди	KEEP	Лонгиссимус груди	No deterministic QA defect detected; normative Russian source not independently confirmed.	MEDIUM
FMA22710	inferior ulnar collateral artery	arteria collateralis ulnaris inferior	inferior ulnar collateral artery	EXACT	нижняя локтевая коллатеральная артерия	KEEP	нижняя локтевая коллатеральная артерия	No deterministic QA defect detected; normative Russian source not independently confirmed.	MEDIUM
FMA22711	longissimus cervicis			NO_MATCH	длиннейшая мышца шеи	KEEP	длиннейшая мышца шеи	No deterministic QA defect detected; normative Russian source not independently confirmed.	MEDIUM
FMA22712	right inferior ulnar collateral artery	arteria collateralis ulnaris inferior	inferior ulnar collateral artery	PROBABLE	Правая нижняя локтевая коллатеральная артерия	REVIEW		Needs external Russian anatomical terminology verification.	LOW
FMA22713	left inferior ulnar collateral artery	arteria collateralis ulnaris inferior	inferior ulnar collateral artery	PROBABLE	Левая нижняя локтевая коллатеральная артерия	REVIEW		Needs external Russian anatomical terminology verification.	LOW
FMA22714	longissimus capitis			NO_MATCH	Лонгиссимус головки	KEEP	Лонгиссимус головки	No deterministic QA defect detected; normative Russian source not independently confirmed.	MEDIUM
FMA22726	right splenius cervicis			NO_MATCH	Правая ременная мышца шеи	REVIEW		Needs external Russian anatomical terminology verification.	LOW
FMA22727	left splenius cervicis			NO_MATCH	Левая ременная мышца шеи	REVIEW		Needs external Russian anatomical terminology verification.	LOW
FMA22728	right splenius capitis			NO_MATCH	Правый сплэниус головки	REVIEW		Needs external Russian anatomical terminology verification.	LOW
FMA22729	left splenius capitis			NO_MATCH	Левый сплэниус головки	REVIEW		Needs external Russian anatomical terminology verification.	LOW
FMA22730	radial artery	arteria radialis	radial artery	EXACT	Лучевая артерия	KEEP	Лучевая артерия	No deterministic QA defect detected; normative Russian source not independently confirmed.	MEDIUM
FMA22733	right radial artery	arteria radialis	radial artery	PROBABLE	Правый лучевая артерия	APPLY	Правая лучевая артерия	Candidate from QA (laterality; lost_information); requires final Russian terminology review before application.	MEDIUM
FMA22734	left radial artery	arteria radialis	radial artery	PROBABLE	Левый лучевая артерия	APPLY	Левая лучевая артерия	Candidate from QA (laterality; lost_information); requires final Russian terminology review before application.	MEDIUM
FMA22738	branch of radial artery			NO_MATCH	Ветвь лучевой артерии	REVIEW		Needs external Russian anatomical terminology verification.	LOW
FMA22740	right iliocostalis lumborum			NO_MATCH	Правый илиокосталис лумборум	REVIEW		Needs external Russian anatomical terminology verification.	LOW
FMA22741	left iliocostalis lumborum			NO_MATCH	Левый илиокосталис лумборум	REVIEW		Needs external Russian anatomical terminology verification.	LOW
FMA22742	right iliocostalis thoracis			NO_MATCH	Правый илиокосталис груди	REVIEW		Needs external Russian anatomical terminology verification.	LOW
FMA22743	left iliocostalis thoracis			NO_MATCH	Левый илиокосталис груди	REVIEW		Needs external Russian anatomical terminology verification.	LOW
FMA22744	right iliocostalis cervicis			NO_MATCH	Правая подвздошно-рёберная мышца шеи	REVIEW		Needs external Russian anatomical terminology verification.	LOW
FMA22745	left iliocostalis cervicis			NO_MATCH	Левая подвздошно-рёберная мышца шеи	REVIEW		Needs external Russian anatomical terminology verification.	LOW
FMA22748	radial recurrent artery	arteria recurrens radialis	radial recurrent artery	EXACT	Лучевая возвратная артерия	KEEP	Лучевая возвратная артерия	No deterministic QA defect detected; normative Russian source not independently confirmed.	MEDIUM
FMA22751	right longissimus thoracis			NO_MATCH	Правый лонгиссимус груди	REVIEW		Needs external Russian anatomical terminology verification.	LOW
FMA22753	left longissimus thoracis			NO_MATCH	Левый лонгиссимус груди	REVIEW		Needs external Russian anatomical terminology verification.	LOW
FMA22754	right longissimus capitis			NO_MATCH	Правый лонгиссимус головки	REVIEW		Needs external Russian anatomical terminology verification.	LOW
FMA22755	dorsal carpal branch of radial artery	ramus carpeus dorsalis arteriae radialis	dorsal carpal branch of radial artery	EXACT	Тыльная запястная кость ветвь лучевая артерия	APPLY	Тыльная запястная ветвь лучевой артерии	Exact TA2 mapping and unambiguous Russian correction; no source information is lost.	HIGH
FMA22756	left longissimus capitis			NO_MATCH	Левый лонгиссимус головки	REVIEW		Needs external Russian anatomical terminology verification.	LOW
FMA22757	right longissimus cervicis			NO_MATCH	Правая длиннейшая мышца шеи	REVIEW		Needs external Russian anatomical terminology verification.	LOW
FMA22758	left longissimus cervicis			NO_MATCH	Левая длиннейшая мышца шеи	REVIEW		Needs external Russian anatomical terminology verification.	LOW
FMA22762	arteria princeps pollicis			NO_MATCH	Главная артерия большого пальца кисти	REVIEW		Needs external Russian anatomical terminology verification.	LOW
FMA22763	arteria radialis indicis			NO_MATCH	Лучевая артерия указательного пальца	KEEP	Лучевая артерия указательного пальца	No deterministic QA defect detected; normative Russian source not independently confirmed.	MEDIUM
FMA22764	right radial recurrent artery	arteria recurrens radialis	radial recurrent artery	PROBABLE	Правый лучевая возвратная артерия	APPLY	Правая лучевая возвратная артерия	Candidate from QA (laterality; lost_information); requires final Russian terminology review before application.	MEDIUM
FMA22765	spinalis thoracis			NO_MATCH	Спиналис груди	KEEP	Спиналис груди	No deterministic QA defect detected; normative Russian source not independently confirmed.	MEDIUM
FMA22766	left radial recurrent artery	arteria recurrens radialis	radial recurrent artery	PROBABLE	Левый лучевая возвратная артерия	APPLY	Левая лучевая возвратная артерия	Candidate from QA (laterality; lost_information); requires final Russian terminology review before application.	MEDIUM
FMA22772	dorsal carpal branch of right radial artery	ramus carpeus dorsalis arteriae radialis	dorsal carpal branch of radial artery	PROBABLE	Тыльная запястная кость ветвь правый лучевая артерия	APPLY	Тыльная запястная кость ветвь Правая лучевая артерия	Candidate from QA (laterality); requires final Russian terminology review before application.	MEDIUM
FMA22773	dorsal carpal branch of left radial artery	ramus carpeus dorsalis arteriae radialis	dorsal carpal branch of radial artery	PROBABLE	Тыльная запястная кость ветвь левый лучевая артерия	APPLY	Тыльная запястная кость ветвь Левая лучевая артерия	Candidate from QA (laterality); requires final Russian terminology review before application.	MEDIUM
FMA22777	right arteria radialis indicis			NO_MATCH	Правая лучевая артерия указательного пальца	REVIEW		Needs external Russian anatomical terminology verification.	LOW
FMA22778	left arteria radialis indicis			NO_MATCH	Левая лучевая артерия указательного пальца	REVIEW		Needs external Russian anatomical terminology verification.	LOW
FMA22779	right spinalis thoracis			NO_MATCH	Правый спиналис груди	REVIEW		Needs external Russian anatomical terminology verification.	LOW
FMA22780	left spinalis thoracis			NO_MATCH	Левый спиналис груди	REVIEW		Needs external Russian anatomical terminology verification.	LOW
FMA22796	ulnar artery	arteria ulnaris	ulnar artery	EXACT	Локтевая артерия	KEEP	Локтевая артерия	No deterministic QA defect detected; normative Russian source not independently confirmed.	MEDIUM
FMA22797	right ulnar artery	arteria ulnaris	ulnar artery	PROBABLE	Правый локтевая артерия	APPLY	Правая локтевая артерия	Candidate from QA (laterality; lost_information); requires final Russian terminology review before application.	MEDIUM
FMA22798	left ulnar artery	arteria ulnaris	ulnar artery	PROBABLE	Левый локтевая артерия	APPLY	Левая локтевая артерия	Candidate from QA (laterality; lost_information); requires final Russian terminology review before application.	MEDIUM
FMA22799	branch of ulnar artery			NO_MATCH	Ветвь локтевая артерия	REVIEW		Needs external Russian anatomical terminology verification.	LOW
FMA22800	anterior ulnar recurrent artery	arteria recurrens ulnaris anterior	anterior ulnar recurrent artery	EXACT	Передняя возвратная локтевая артерия	KEEP	Передняя возвратная локтевая артерия	No deterministic QA defect detected; normative Russian source not independently confirmed.	MEDIUM
FMA22801	right anterior ulnar recurrent artery	arteria recurrens ulnaris anterior	anterior ulnar recurrent artery	PROBABLE	Правый передняя локтевая возвратная артерия	APPLY	Правая передняя локтевая возвратная артерия	Candidate from QA (laterality; lost_information); requires final Russian terminology review before application.	MEDIUM
FMA22802	left anterior ulnar recurrent artery	arteria recurrens ulnaris anterior	anterior ulnar recurrent artery	PROBABLE	Левый передняя локтевая возвратная артерия	APPLY	Левая передняя локтевая возвратная артерия	Candidate from QA (laterality; lost_information); requires final Russian terminology review before application.	MEDIUM
FMA22803	posterior ulnar recurrent artery	arteria recurrens ulnaris posterior	posterior ulnar recurrent artery	EXACT	Задняя локтевая возвратная артерия	KEEP	Задняя локтевая возвратная артерия	No deterministic QA defect detected; normative Russian source not independently confirmed.	MEDIUM
FMA22804	right posterior ulnar recurrent artery	arteria recurrens ulnaris posterior	posterior ulnar recurrent artery	PROBABLE	Правый задняя локтевая возвратная артерия	APPLY	Правая задняя локтевая возвратная артерия	Candidate from QA (laterality; lost_information); requires final Russian terminology review before application.	MEDIUM
FMA22805	left posterior ulnar recurrent artery	arteria recurrens ulnaris posterior	posterior ulnar recurrent artery	PROBABLE	Левый задняя локтевая возвратная артерия	APPLY	Левая задняя локтевая возвратная артерия	Candidate from QA (laterality; lost_information); requires final Russian terminology review before application.	MEDIUM
FMA22806	common interosseous artery	arteria interossea communis	common interosseous artery	EXACT	Общая межкостная артерия	KEEP	Общая межкостная артерия	No deterministic QA defect detected; normative Russian source not independently confirmed.	MEDIUM
FMA22807	right common interosseous artery	arteria interossea communis	common interosseous artery	PROBABLE	Правый общая межкостная артерия	APPLY	Правая общая межкостная артерия	Candidate from QA (laterality; lost_information); requires final Russian terminology review before application.	MEDIUM
FMA22808	left common interosseous artery	arteria interossea communis	common interosseous artery	PROBABLE	Левый общая межкостная артерия	APPLY	Левая общая межкостная артерия	Candidate from QA (laterality; lost_information); requires final Russian terminology review before application.	MEDIUM
FMA22809	branch of common interosseous artery			NO_MATCH	Ветвь общей межкостной артерии	REVIEW		Needs external Russian anatomical terminology verification.	LOW
FMA22810	anterior interosseous artery	arteria interossea anterior	anterior interosseous artery	EXACT	Передняя межкостная артерия	KEEP	Передняя межкостная артерия	No deterministic QA defect detected; normative Russian source not independently confirmed.	MEDIUM
FMA22812	right anterior interosseous artery	arteria interossea anterior	anterior interosseous artery	PROBABLE	Правый передняя межкостная артерия	APPLY	Правая передняя межкостная артерия	Candidate from QA (laterality; lost_information); requires final Russian terminology review before application.	MEDIUM
FMA22813	left anterior interosseous artery	arteria interossea anterior	anterior interosseous artery	PROBABLE	Левый передняя межкостная артерия	APPLY	Левая передняя межкостная артерия	Candidate from QA (laterality; lost_information); requires final Russian terminology review before application.	MEDIUM
FMA22820	dorsal carpal branch of ulnar artery	ramus carpeus dorsalis arteriae ulnaris	dorsal carpal branch of ulnar artery	EXACT	Тыльная запястная кость ветвь локтевая артерия	APPLY	Тыльная запястная ветвь локтевой артерии	Exact TA2 mapping and unambiguous Russian correction; no source information is lost.	HIGH
FMA22821	right dorsal carpal branch of ulnar artery	ramus carpeus dorsalis arteriae ulnaris	dorsal carpal branch of ulnar artery	PROBABLE	Правый тыльная запястная кость ветвь локтевая артерия	APPLY	Правая тыльная запястная кость ветвь локтевая артерия	Candidate from QA (laterality; lost_information); requires final Russian terminology review before application.	MEDIUM
FMA22822	left dorsal carpal branch of ulnar artery	ramus carpeus dorsalis arteriae ulnaris	dorsal carpal branch of ulnar artery	PROBABLE	Левый тыльная запястная кость ветвь локтевая артерия	APPLY	Левая тыльная запястная кость ветвь локтевая артерия	Candidate from QA (laterality; lost_information); requires final Russian terminology review before application.	MEDIUM
FMA22823	semispinalis			NO_MATCH	Сэмиспиналис	KEEP	Сэмиспиналис	No deterministic QA defect detected; normative Russian source not independently confirmed.	MEDIUM
FMA22828	semispinalis thoracis			NO_MATCH	Сэмиспиналис груди	KEEP	Сэмиспиналис груди	No deterministic QA defect detected; normative Russian source not independently confirmed.	MEDIUM
FMA22829	semispinalis cervicis			NO_MATCH	Полуостистая мышца шеи	KEEP	Полуостистая мышца шеи	No deterministic QA defect detected; normative Russian source not independently confirmed.	MEDIUM
FMA22830	semispinalis capitis			NO_MATCH	Сэмиспиналис головки	KEEP	Сэмиспиналис головки	No deterministic QA defect detected; normative Russian source not independently confirmed.	MEDIUM
FMA22834	superficial palmar arterial arch			NO_MATCH	Поверхностная ладонная артериальная дуга	KEEP	Поверхностная ладонная артериальная дуга	No deterministic QA defect detected; normative Russian source not independently confirmed.	MEDIUM
FMA22835	right superficial palmar arterial arch			NO_MATCH	Правый поверхностная ладонная артериальная дуга	REVIEW		Needs external Russian anatomical terminology verification.	LOW
FMA22837	left superficial palmar arterial arch			NO_MATCH	Левый поверхностная ладонная артериальная дуга	REVIEW		Needs external Russian anatomical terminology verification.	LOW
FMA22838	deep palmar arterial arch			NO_MATCH	Глубокая ладонная артериальная дуга	KEEP	Глубокая ладонная артериальная дуга	No deterministic QA defect detected; normative Russian source not independently confirmed.	MEDIUM
FMA22839	right deep palmar arch	arcus palmaris profundus	deep palmar arch	PROBABLE	Правый глубокая ладонная дуга	REVIEW		Needs external Russian anatomical terminology verification.	LOW
FMA22840	left deep palmar arch	arcus palmaris profundus	deep palmar arch	PROBABLE	Левый глубокая ладонная дуга	REVIEW		Needs external Russian anatomical terminology verification.	LOW
FMA22841	interspinalis muscle			NO_MATCH	Интэрспиналис мышца	KEEP	Интэрспиналис мышца	No deterministic QA defect detected; normative Russian source not independently confirmed.	MEDIUM
FMA22842	branch of arterial anastomosis			NO_MATCH	Ветвь артериального анастомоза	REVIEW		Needs external Russian anatomical terminology verification.	LOW
FMA22843	branch of deep palmar arterial arch			NO_MATCH	Ветвь глубокой ладонной артериальной дуги	REVIEW		Needs external Russian anatomical terminology verification.	LOW
FMA22845	branch of superficial palmar arterial arch			NO_MATCH	Ветвь поверхностная ладонная артериальная дуга	REVIEW		Needs external Russian anatomical terminology verification.	LOW
FMA22846	interspinalis thoracis			NO_MATCH	Интэрспиналис груди	KEEP	Интэрспиналис груди	No deterministic QA defect detected; normative Russian source not independently confirmed.	MEDIUM
FMA22848	intertransversarius muscle			NO_MATCH	Интэртрансвэрсариус мышца	KEEP	Интэртрансвэрсариус мышца	No deterministic QA defect detected; normative Russian source not independently confirmed.	MEDIUM
FMA22849	lumbar intertransversarius			NO_MATCH	Поясничная интэртрансвэрсариус	KEEP	Поясничная интэртрансвэрсариус	No deterministic QA defect detected; normative Russian source not independently confirmed.	MEDIUM
FMA22850	lateral lumbar intertransversarius			NO_MATCH	Латеральная поясничная интэртрансвэрсариус	KEEP	Латеральная поясничная интэртрансвэрсариус	No deterministic QA defect detected; normative Russian source not independently confirmed.	MEDIUM
FMA22851	medial lumbar intertransversarius			NO_MATCH	Медиальная поясничная интэртрансвэрсариус	KEEP	Медиальная поясничная интэртрансвэрсариус	No deterministic QA defect detected; normative Russian source not independently confirmed.	MEDIUM
FMA22854	first common palmar digital artery			NO_MATCH	первая общая ладонная пальцевая артерия	REVIEW		Needs external Russian anatomical terminology verification.	LOW
FMA22855	second common palmar digital artery			NO_MATCH	вторая общая ладонная пальцевая артерия	REVIEW		Needs external Russian anatomical terminology verification.	LOW
FMA22856	right first common palmar digital artery			NO_MATCH	первая общая ладонная пальцевая артерия	REVIEW		Needs external Russian anatomical terminology verification.	LOW
FMA22857	lateral proper palmar digital artery of middle finger			NO_MATCH	Латеральная собственно ладонная пальцевая артерия средняя палец	APPLY	Латеральная собственно ладонная пальцевая артерия среднего пальца	Candidate from QA (word_order); requires final Russian terminology review before application.	MEDIUM
FMA22858	lateral proper palmar digital artery of right middle finger			NO_MATCH	Правая латеральная собственная ладонная пальцевая артерия среднего пальца	APPLY	Латеральная собственно ладонная пальцевая артерия правого среднего пальца	FMA/TA2 structure family with unambiguous Russian grammatical normalization.	HIGH
FMA22860	lateral proper palmar digital artery of left middle finger			NO_MATCH	Левая латеральная собственная ладонная пальцевая артерия среднего пальца	APPLY	Латеральная собственно ладонная пальцевая артерия левого среднего пальца	FMA/TA2 structure family with unambiguous Russian grammatical normalization.	HIGH
FMA22863	palmar metacarpal artery			NO_MATCH	Ладонная пястная кость артерия	KEEP	Ладонная пястная кость артерия	No deterministic QA defect detected; normative Russian source not independently confirmed.	MEDIUM
FMA22864	right palmar metacarpal artery			NO_MATCH	Правый ладонная пястная кость артерия	APPLY	Правая ладонная пястная кость артерия	Candidate from QA (laterality; lost_information); requires final Russian terminology review before application.	MEDIUM
FMA22865	left palmar metacarpal artery			NO_MATCH	Левый ладонная пястная кость артерия	APPLY	Левая ладонная пястная кость артерия	Candidate from QA (laterality; lost_information); requires final Russian terminology review before application.	MEDIUM
FMA22872	right semispinalis thoracis			NO_MATCH	Правый сэмиспиналис груди	REVIEW		Needs external Russian anatomical terminology verification.	LOW
FMA22873	left semispinalis thoracis			NO_MATCH	Левый сэмиспиналис груди	REVIEW		Needs external Russian anatomical terminology verification.	LOW
FMA22874	right semispinalis cervicis			NO_MATCH	Правая полуостистая мышца шеи	REVIEW		Needs external Russian anatomical terminology verification.	LOW
FMA22875	left semispinalis cervicis			NO_MATCH	Левая полуостистая мышца шеи	REVIEW		Needs external Russian anatomical terminology verification.	LOW
FMA22876	right semispinalis capitis			NO_MATCH	Правый сэмиспиналис головки	REVIEW		Needs external Russian anatomical terminology verification.	LOW
FMA22877	left semispinalis capitis			NO_MATCH	Левый сэмиспиналис головки	REVIEW		Needs external Russian anatomical terminology verification.	LOW
FMA22890	right interspinalis thoracis			NO_MATCH	Правый интэрспиналис груди	REVIEW		Needs external Russian anatomical terminology verification.	LOW
FMA22891	left interspinalis thoracis			NO_MATCH	Левый интэрспиналис груди	REVIEW		Needs external Russian anatomical terminology verification.	LOW
FMA22905	right arteria princeps pollicis			NO_MATCH	Правый артэриа принкэпс большого пальца кисти	REVIEW		Needs external Russian anatomical terminology verification.	LOW
FMA22907	left arteria princeps pollicis			NO_MATCH	Левый артэриа принкэпс большого пальца кисти	REVIEW		Needs external Russian anatomical terminology verification.	LOW
FMA22908	basilic vein	vena basilica	basilic vein	EXACT	Базиликовая вена	KEEP	Базиликовая вена	No deterministic QA defect detected; normative Russian source not independently confirmed.	MEDIUM
FMA22909	right basilic vein	vena basilica	basilic vein	PROBABLE	Правый медиальная подкожная вена	APPLY	Правая медиальная подкожная вена	Candidate from QA (laterality; lost_information); requires final Russian terminology review before application.	MEDIUM
FMA22910	left basilic vein	vena basilica	basilic vein	PROBABLE	Левый медиальная подкожная вена	APPLY	Левая медиальная подкожная вена	Candidate from QA (laterality; lost_information); requires final Russian terminology review before application.	MEDIUM
FMA22911	deep palmar venous arch			NO_MATCH	Глубокая ладонная венозная дуга	KEEP	Глубокая ладонная венозная дуга	No deterministic QA defect detected; normative Russian source not independently confirmed.	MEDIUM
FMA22912	right deep palmar venous arch			NO_MATCH	Правый глубокая ладонная венозная дуга	REVIEW		Needs external Russian anatomical terminology verification.	LOW
FMA22913	left deep palmar venous arch			NO_MATCH	Левый глубокая ладонная венозная дуга	REVIEW		Needs external Russian anatomical terminology verification.	LOW
FMA22914	superficial palmar venous arch			NO_MATCH	Поверхностная ладонная венозная дуга	KEEP	Поверхностная ладонная венозная дуга	No deterministic QA defect detected; normative Russian source not independently confirmed.	MEDIUM
FMA22915	right superficial palmar venous arch			NO_MATCH	Правый поверхностная ладонная венозная дуга	REVIEW		Needs external Russian anatomical terminology verification.	LOW
FMA22916	left superficial palmar venous arch			NO_MATCH	Левый поверхностная ладонная венозная дуга	REVIEW		Needs external Russian anatomical terminology verification.	LOW
FMA22917	tributary of venous anastomosis			NO_MATCH	Приток венозная анастомоз	APPLY	Приток венозный анастомоз	Candidate from QA (grammar; lost_information); requires final Russian terminology review before application.	MEDIUM
FMA22919	palmar metacarpal vein			NO_MATCH	Ладонная пястная кость вена	KEEP	Ладонная пястная кость вена	No deterministic QA defect detected; normative Russian source not independently confirmed.	MEDIUM
FMA22920	right palmar metacarpal vein			NO_MATCH	Правый ладонная пястная кость вена	APPLY	Правая ладонная пястная кость вена	Candidate from QA (laterality; lost_information); requires final Russian terminology review before application.	MEDIUM
FMA22921	left palmar metacarpal vein			NO_MATCH	Левый ладонная пястная кость вена	APPLY	Левая ладонная пястная кость вена	Candidate from QA (laterality; lost_information); requires final Russian terminology review before application.	MEDIUM
FMA22922	tributary of superficial palmar venous arch			NO_MATCH	Приток поверхностная ладонная венозная дуга	REVIEW		Needs external Russian anatomical terminology verification.	LOW
FMA22923	common palmar digital vein			NO_MATCH	общая ладонная пальцевая вена	KEEP	общая ладонная пальцевая вена	No deterministic QA defect detected; normative Russian source not independently confirmed.	MEDIUM
FMA22926	tributary of common palmar digital vein			NO_MATCH	общая ладонная пальцевая вена	REVIEW		Needs external Russian anatomical terminology verification.	LOW
FMA22927	proper palmar digital vein of index finger			NO_MATCH	Собственно ладонная пальцевая вена указательного палец	APPLY	Собственно ладонная пальцевая вена указательного пальца	Candidate from QA (word_order); requires final Russian terminology review before application.	MEDIUM
FMA22928	proper palmar digital vein of middle finger			NO_MATCH	Собственно ладонная пальцевая вена средняя палец	APPLY	Собственно ладонная пальцевая вена среднего пальца	Candidate from QA (word_order); requires final Russian terminology review before application.	MEDIUM
FMA22929	proper palmar digital vein of ring finger			NO_MATCH	Собственно ладонная пальцевая вена кольцо палец	APPLY	Собственно ладонная пальцевая вена безымянного пальца	Candidate from QA (word_order); requires final Russian terminology review before application.	MEDIUM
FMA22930	tributary of subclavian vein			NO_MATCH	Приток подключичная вена	REVIEW		Needs external Russian anatomical terminology verification.	LOW
FMA22934	brachial vein			NO_MATCH	Плечевая вена	KEEP	Плечевая вена	No deterministic QA defect detected; normative Russian source not independently confirmed.	MEDIUM
FMA22935	right medial brachial vein			NO_MATCH	Правый медиальная плечевая вена	APPLY	Правая медиальная плечевая вена	Candidate from QA (laterality; lost_information); requires final Russian terminology review before application.	MEDIUM
FMA22936	left medial brachial vein			NO_MATCH	Левый медиальная плечевая вена	APPLY	Левая медиальная плечевая вена	Candidate from QA (laterality; lost_information); requires final Russian terminology review before application.	MEDIUM
FMA22937	tributary of brachial vein			NO_MATCH	Приток плечевая вена	REVIEW		Needs external Russian anatomical terminology verification.	LOW
FMA22947	radial vein			NO_MATCH	Лучевая вена	KEEP	Лучевая вена	No deterministic QA defect detected; normative Russian source not independently confirmed.	MEDIUM
FMA22948	right radial vein			NO_MATCH	Правый лучевая вена	APPLY	Правая лучевая вена	Candidate from QA (laterality; lost_information); requires final Russian terminology review before application.	MEDIUM
FMA22949	left radial vein			NO_MATCH	Левый лучевая вена	APPLY	Левая лучевая вена	Candidate from QA (laterality; lost_information); requires final Russian terminology review before application.	MEDIUM
FMA22950	ulnar vein			NO_MATCH	Локтевая вена	KEEP	Локтевая вена	No deterministic QA defect detected; normative Russian source not independently confirmed.	MEDIUM
FMA22951	right ulnar vein			NO_MATCH	Правый локтевая вена	APPLY	Правая локтевая вена	Candidate from QA (laterality; lost_information); requires final Russian terminology review before application.	MEDIUM
FMA22952	left ulnar vein			NO_MATCH	Левый локтевая вена	APPLY	Левая локтевая вена	Candidate from QA (laterality; lost_information); requires final Russian terminology review before application.	MEDIUM
FMA22953	tributary of radial vein			NO_MATCH	Приток лучевая вена	REVIEW		Needs external Russian anatomical terminology verification.	LOW
FMA22954	dorsal metacarpal vein			NO_MATCH	Тыльная пястная кость вена	KEEP	Тыльная пястная кость вена	No deterministic QA defect detected; normative Russian source not independently confirmed.	MEDIUM
FMA22963	median cubital vein	vena mediana cubiti	median cubital vein	EXACT	Мэдиан кубитал вена	KEEP	Мэдиан кубитал вена	No deterministic QA defect detected; normative Russian source not independently confirmed.	MEDIUM
FMA22964	right median cubital vein	vena mediana cubiti	median cubital vein	PROBABLE	Правый мэдиан кубитал вена	APPLY	Правая мэдиан кубитал вена	Candidate from QA (laterality; lost_information); requires final Russian terminology review before application.	MEDIUM
FMA22965	left median cubital vein	vena mediana cubiti	median cubital vein	PROBABLE	Левый мэдиан кубитал вена	APPLY	Левая мэдиан кубитал вена	Candidate from QA (laterality; lost_information); requires final Russian terminology review before application.	MEDIUM
FMA22967	median antebrachial vein	vena mediana antebrachii	median antebrachial vein	EXACT	Мэдиан антэбрачиал вена	KEEP	Мэдиан антэбрачиал вена	No deterministic QA defect detected; normative Russian source not independently confirmed.	MEDIUM
FMA22968	right median antebrachial vein	vena mediana antebrachii	median antebrachial vein	PROBABLE	Правый мэдиан антэбрачиал вена	APPLY	Правая мэдиан антэбрачиал вена	Candidate from QA (laterality; lost_information); requires final Russian terminology review before application.	MEDIUM
FMA22969	left median antebrachial vein	vena mediana antebrachii	median antebrachial vein	PROBABLE	Левый мэдиан антэбрачиал вена	APPLY	Левая мэдиан антэбрачиал вена	Candidate from QA (laterality; lost_information); requires final Russian terminology review before application.	MEDIUM
FMA23046	medial proper palmar digital artery of ring finger			NO_MATCH	Медиальная собственно ладонная пальцевая артерия кольцо палец	APPLY	Медиальная собственно ладонная пальцевая артерия безымянного пальца	Candidate from QA (word_order); requires final Russian terminology review before application.	MEDIUM
FMA23047	medial proper palmar digital artery of index finger			NO_MATCH	Медиальная собственно ладонная пальцевая артерия указательного палец	APPLY	Медиальная собственно ладонная пальцевая артерия указательного пальца	Candidate from QA (word_order); requires final Russian terminology review before application.	MEDIUM
FMA23048	lateral proper palmar digital artery of little finger			NO_MATCH	Латеральная собственно ладонная пальцевая артерия мизинца палец	APPLY	Латеральная собственно ладонная пальцевая артерия мизинца	Candidate from QA (word_order); requires final Russian terminology review before application.	MEDIUM
FMA23050	medial proper palmar digital artery of right index finger			NO_MATCH	Правая медиальная собственная ладонная пальцевая артерия указательного пальца	APPLY	Медиальная собственно ладонная пальцевая артерия правого указательного пальца	FMA/TA2 structure family with unambiguous Russian grammatical normalization.	HIGH
FMA23051	medial proper palmar digital artery of left index finger			NO_MATCH	Левая медиальная собственная ладонная пальцевая артерия указательного пальца	APPLY	Медиальная собственно ладонная пальцевая артерия левого указательного пальца	FMA/TA2 structure family with unambiguous Russian grammatical normalization.	HIGH
FMA23052	medial proper palmar digital artery of right ring finger			NO_MATCH	Правая медиальная собственная ладонная пальцевая артерия безымянного пальца	APPLY	Медиальная собственно ладонная пальцевая артерия правого безымянного пальца	FMA/TA2 structure family with unambiguous Russian grammatical normalization.	HIGH
FMA23054	lateral proper palmar digital artery of right little finger			NO_MATCH	Правая латеральная собственная ладонная пальцевая артерия мизинца	APPLY	Латеральная собственно ладонная пальцевая артерия правого мизинца	FMA/TA2 structure family with unambiguous Russian grammatical normalization.	HIGH
FMA23055	lateral proper palmar digital artery of left little finger			NO_MATCH	Левая латеральная собственная ладонная пальцевая артерия мизинца	APPLY	Латеральная собственно ладонная пальцевая артерия левого мизинца	FMA/TA2 structure family with unambiguous Russian grammatical normalization.	HIGH
FMA23062	pectoral branch of thoraco-acromial artery			NO_MATCH	Грудная ветвь грудоакромиальной артерии	KEEP	Грудная ветвь грудоакромиальной артерии	No deterministic QA defect detected; normative Russian source not independently confirmed.	MEDIUM
FMA23063	pectoral branch of right thoraco-acromial artery			NO_MATCH	Грудная ветвь правой грудоакромиальной артерии	REVIEW		Needs external Russian anatomical terminology verification.	LOW
FMA23064	pectoral branch of left thoraco-acromial artery			NO_MATCH	Грудная ветвь левой грудоакромиальной артерии	REVIEW		Needs external Russian anatomical terminology verification.	LOW
FMA23065	acromial branch of thoraco-acromial artery			NO_MATCH	Акромиальная ветвь грудоакромиальной артерии	KEEP	Акромиальная ветвь грудоакромиальной артерии	No deterministic QA defect detected; normative Russian source not independently confirmed.	MEDIUM
FMA23067	deltoid branch of thoraco-acromial artery			NO_MATCH	Дельтовидная ветвь грудоакромиальной артерии	KEEP	Дельтовидная ветвь грудоакромиальной артерии	No deterministic QA defect detected; normative Russian source not independently confirmed.	MEDIUM
FMA23068	acromial branch of right thoraco-acromial artery			NO_MATCH	Акромиальная ветвь правой грудоакромиальной артерии	REVIEW		Needs external Russian anatomical terminology verification.	LOW
FMA23069	acromial branch of left thoraco-acromial artery			NO_MATCH	Акромиальная ветвь левой грудоакромиальной артерии	REVIEW		Needs external Russian anatomical terminology verification.	LOW
FMA23072	deltoid branch of right thoraco-acromial artery			NO_MATCH	Дельтовидная ветвь правой грудоакромиальной артерии	REVIEW		Needs external Russian anatomical terminology verification.	LOW
FMA23073	deltoid branch of left thoraco-acromial artery			NO_MATCH	Дельтовидная ветвь левой грудоакромиальной артерии	REVIEW		Needs external Russian anatomical terminology verification.	LOW
FMA23081	rotator muscle			NO_MATCH	Вращатель мышца	KEEP	Вращатель мышца	No deterministic QA defect detected; normative Russian source not independently confirmed.	MEDIUM
FMA23082	cervical rotator			NO_MATCH	Шейная вращатель	KEEP	Шейная вращатель	No deterministic QA defect detected; normative Russian source not independently confirmed.	MEDIUM
FMA23083	thoracic rotator			NO_MATCH	Грудная вращатель	KEEP	Грудная вращатель	No deterministic QA defect detected; normative Russian source not independently confirmed.	MEDIUM
FMA23084	lumbar rotator			NO_MATCH	Поясничная вращатель	KEEP	Поясничная вращатель	No deterministic QA defect detected; normative Russian source not independently confirmed.	MEDIUM
FMA23089	right lumbar rotator			NO_MATCH	Правый поясничная вращатель	REVIEW		Needs external Russian anatomical terminology verification.	LOW
FMA23090	left lumbar rotator			NO_MATCH	Левый поясничная вращатель	REVIEW		Needs external Russian anatomical terminology verification.	LOW
FMA23113	subscapular vein	vena subscapularis	subscapular vein	EXACT	Субскапулар вена	KEEP	Субскапулар вена	No deterministic QA defect detected; normative Russian source not independently confirmed.	MEDIUM
FMA23114	right subscapular vein	vena subscapularis	subscapular vein	PROBABLE	Правый субскапулар вена	APPLY	Правая субскапулар вена	Candidate from QA (laterality; lost_information); requires final Russian terminology review before application.	MEDIUM
FMA23115	left subscapular vein	vena subscapularis	subscapular vein	PROBABLE	Левый субскапулар вена	APPLY	Левая субскапулар вена	Candidate from QA (laterality; lost_information); requires final Russian terminology review before application.	MEDIUM
FMA23117	branch of deep brachial artery			NO_MATCH	Ветвь глубокой артерии плеча	REVIEW		Needs external Russian anatomical terminology verification.	LOW
FMA23119	medial collateral artery			NO_MATCH	Медиальная коллатеральная артерия	KEEP	Медиальная коллатеральная артерия	No deterministic QA defect detected; normative Russian source not independently confirmed.	MEDIUM
FMA23120	radial collateral artery	arteria collateralis radialis	radial collateral artery	EXACT	Лучевая коллатеральная артерия	KEEP	Лучевая коллатеральная артерия	No deterministic QA defect detected; normative Russian source not independently confirmed.	MEDIUM
FMA23124	middle collateral branch of right deep brachial artery			NO_MATCH	Средняя коллатеральная ветвь правой глубокой плечевой артерии	REVIEW		Needs external Russian anatomical terminology verification.	LOW
FMA23125	middle collateral branch of left deep brachial artery			NO_MATCH	Средняя коллатеральная ветвь левой глубокой плечевой артерии	REVIEW		Needs external Russian anatomical terminology verification.	LOW
FMA23126	radial collateral branch of right deep brachial artery			NO_MATCH	Лучевая коллатеральная ветвь правой глубокой плечевой артерии	REVIEW		Needs external Russian anatomical terminology verification.	LOW
FMA23127	radial collateral branch of left deep brachial artery			NO_MATCH	Лучевая коллатеральная ветвь левой глубокой плечевой артерии	REVIEW		Needs external Russian anatomical terminology verification.	LOW
FMA23130	right humerus	humerus	humerus	PROBABLE	Правый плечевая кость	APPLY	Правая плечевая кость	Candidate from QA (laterality; lost_information); requires final Russian terminology review before application.	MEDIUM
FMA23131	left humerus	humerus	humerus	PROBABLE	Левый плечевая кость	APPLY	Левая плечевая кость	Candidate from QA (laterality; lost_information); requires final Russian terminology review before application.	MEDIUM
FMA23179	circumflex scapular artery	arteria circumflexa scapulae	circumflex scapular artery	EXACT	Огибающая лопаточная артерия	KEEP	Огибающая лопаточная артерия	No deterministic QA defect detected; normative Russian source not independently confirmed.	MEDIUM
FMA23180	right circumflex scapular artery	arteria circumflexa scapulae	circumflex scapular artery	PROBABLE	Правый огибающая лопаточная артерия	APPLY	Правая огибающая лопаточная артерия	Candidate from QA (laterality; lost_information); requires final Russian terminology review before application.	MEDIUM
FMA23181	left circumflex scapular artery	arteria circumflexa scapulae	circumflex scapular artery	PROBABLE	Левый огибающая лопаточная артерия	APPLY	Левая огибающая лопаточная артерия	Candidate from QA (laterality; lost_information); requires final Russian terminology review before application.	MEDIUM
FMA23463	radius	radius	radius	EXACT	Лучевая кость	KEEP	Лучевая кость	No deterministic QA defect detected; normative Russian source not independently confirmed.	MEDIUM
FMA23464	right radius	radius	radius	PROBABLE	Правый лучевая кость	APPLY	Правая лучевая кость	Candidate from QA (laterality; lost_information); requires final Russian terminology review before application.	MEDIUM
FMA23465	left radius	radius	radius	PROBABLE	Левый лучевая кость	APPLY	Левая лучевая кость	Candidate from QA (laterality; lost_information); requires final Russian terminology review before application.	MEDIUM
FMA23466	ulna	ulna	ulna	EXACT	Локтевая кость	KEEP	Локтевая кость	No deterministic QA defect detected; normative Russian source not independently confirmed.	MEDIUM
FMA23467	right ulna	ulna	ulna	PROBABLE	Правый локтевая кость	APPLY	Правая локтевая кость	Candidate from QA (laterality; lost_information); requires final Russian terminology review before application.	MEDIUM
FMA23468	left ulna	ulna	ulna	PROBABLE	Левый локтевая кость	APPLY	Левая локтевая кость	Candidate from QA (laterality; lost_information); requires final Russian terminology review before application.	MEDIUM
FMA23706	interosseous membrane of forearm	membrana interossea antebrachii	interosseous membrane of forearm	EXACT	Межкостная оболочка предплечье	KEEP	Межкостная оболочка предплечье	No deterministic QA defect detected; normative Russian source not independently confirmed.	MEDIUM
FMA23707	interosseous membrane of right forearm	membrana interossea antebrachii	interosseous membrane of forearm	PROBABLE	Межкостная оболочка правый предплечье	KEEP	Межкостная оболочка правый предплечье	No deterministic QA defect detected; normative Russian source not independently confirmed.	MEDIUM
FMA23708	interosseous membrane of left forearm	membrana interossea antebrachii	interosseous membrane of forearm	PROBABLE	Межкостная оболочка левый предплечье	KEEP	Межкостная оболочка левый предплечье	No deterministic QA defect detected; normative Russian source not independently confirmed.	MEDIUM
FMA23709	scaphoid			NO_MATCH	Скафоид	KEEP	Скафоид	No deterministic QA defect detected; normative Russian source not independently confirmed.	MEDIUM
FMA23712	lunate			NO_MATCH	Лунатэ	KEEP	Лунатэ	No deterministic QA defect detected; normative Russian source not independently confirmed.	MEDIUM
FMA23715	triquetral			NO_MATCH	Триквэтрал	KEEP	Триквэтрал	No deterministic QA defect detected; normative Russian source not independently confirmed.	MEDIUM
FMA23718	pisiform			NO_MATCH	Писиформ	KEEP	Писиформ	No deterministic QA defect detected; normative Russian source not independently confirmed.	MEDIUM
FMA23721	trapezium			NO_MATCH	Трапэзиум	KEEP	Трапэзиум	No deterministic QA defect detected; normative Russian source not independently confirmed.	MEDIUM
FMA23724	trapezoid			NO_MATCH	Трапэзоид	KEEP	Трапэзоид	No deterministic QA defect detected; normative Russian source not independently confirmed.	MEDIUM
FMA23725	right trapezoid			NO_MATCH	Правый трапэзоид	REVIEW		Needs external Russian anatomical terminology verification.	LOW
FMA23727	capitate			NO_MATCH	Капитатэ	KEEP	Капитатэ	No deterministic QA defect detected; normative Russian source not independently confirmed.	MEDIUM
FMA23730	hamate			NO_MATCH	Хаматэ	KEEP	Хаматэ	No deterministic QA defect detected; normative Russian source not independently confirmed.	MEDIUM
FMA23889	carpal bone			NO_MATCH	Запястная кость кость	KEEP	Запястная кость кость	No deterministic QA defect detected; normative Russian source not independently confirmed.	MEDIUM
FMA23899	first metacarpal bone			NO_MATCH	Первая пястная кость кость	KEEP	Первая пястная кость кость	No deterministic QA defect detected; normative Russian source not independently confirmed.	MEDIUM
FMA23900	second metacarpal bone			NO_MATCH	Вторая пястная кость кость	KEEP	Вторая пястная кость кость	No deterministic QA defect detected; normative Russian source not independently confirmed.	MEDIUM
FMA23901	third metacarpal bone	os tertium metacarpi	third metacarpal bone	EXACT	Третья пястная кость кость	KEEP	Третья пястная кость кость	No deterministic QA defect detected; normative Russian source not independently confirmed.	MEDIUM
FMA23902	fourth metacarpal bone			NO_MATCH	Четвёртая пястная кость кость	KEEP	Четвёртая пястная кость кость	No deterministic QA defect detected; normative Russian source not independently confirmed.	MEDIUM
FMA23903	fifth metacarpal bone			NO_MATCH	Пятая пястная кость кость	KEEP	Пятая пястная кость кость	No deterministic QA defect detected; normative Russian source not independently confirmed.	MEDIUM
FMA23914	phalanx of finger			NO_MATCH	Фаланга палец	REVIEW		Needs external Russian anatomical terminology verification.	LOW
FMA23918	proximal phalanx of thumb			NO_MATCH	Проксимальная фаланга тумб	KEEP	Проксимальная фаланга тумб	No deterministic QA defect detected; normative Russian source not independently confirmed.	MEDIUM
FMA23919	proximal phalanx of index finger			NO_MATCH	Проксимальная фаланга указательного палец	APPLY	Проксимальная фаланга указательного пальца	FMA/TA2 structure family with unambiguous Russian grammatical normalization.	HIGH
FMA23920	proximal phalanx of middle finger			NO_MATCH	Проксимальная фаланга средняя палец	APPLY	Проксимальная фаланга среднего пальца	FMA/TA2 structure family with unambiguous Russian grammatical normalization.	HIGH
FMA23921	proximal phalanx of ring finger			NO_MATCH	Проксимальная фаланга кольцо палец	APPLY	Проксимальная фаланга безымянного пальца	FMA/TA2 structure family with unambiguous Russian grammatical normalization.	HIGH
FMA23922	proximal phalanx of little finger			NO_MATCH	Проксимальная фаланга мизинца палец	APPLY	Проксимальная фаланга мизинца	FMA/TA2 structure family with unambiguous Russian grammatical normalization.	HIGH
FMA23933	middle phalanx of index finger			NO_MATCH	Средняя фаланга указательного палец	APPLY	Средняя фаланга указательного пальца	FMA/TA2 structure family with unambiguous Russian grammatical normalization.	HIGH
FMA23934	middle phalanx of middle finger			NO_MATCH	Средняя фаланга средняя палец	APPLY	Средняя фаланга среднего пальца	FMA/TA2 structure family with unambiguous Russian grammatical normalization.	HIGH
FMA23935	middle phalanx of ring finger			NO_MATCH	Средняя фаланга кольцо палец	APPLY	Средняя фаланга безымянного пальца	FMA/TA2 structure family with unambiguous Russian grammatical normalization.	HIGH
FMA23936	middle phalanx of little finger			NO_MATCH	Средняя фаланга мизинца палец	APPLY	Средняя фаланга мизинца	FMA/TA2 structure family with unambiguous Russian grammatical normalization.	HIGH
FMA23938	middle phalanx of left index finger			NO_MATCH	Средняя фаланга левый указательного палец	APPLY	Средняя фаланга левого указательного пальца	FMA/TA2 structure family with unambiguous Russian grammatical normalization.	HIGH
FMA23940	middle phalanx of left middle finger			NO_MATCH	Средняя фаланга левый средняя палец	APPLY	Средняя фаланга левого среднего пальца	FMA/TA2 structure family with unambiguous Russian grammatical normalization.	HIGH
FMA23942	middle phalanx of left ring finger			NO_MATCH	Средняя фаланга левый кольцо палец	APPLY	Средняя фаланга левого безымянного пальца	FMA/TA2 structure family with unambiguous Russian grammatical normalization.	HIGH
FMA23944	middle phalanx of left little finger			NO_MATCH	Средняя фаланга левый мизинца палец	APPLY	Средняя фаланга левого мизинца	FMA/TA2 structure family with unambiguous Russian grammatical normalization.	HIGH
FMA23945	distal phalanx of thumb			NO_MATCH	Дистальная фаланга тумб	KEEP	Дистальная фаланга тумб	No deterministic QA defect detected; normative Russian source not independently confirmed.	MEDIUM
FMA23946	distal phalanx of index finger			NO_MATCH	Дистальная фаланга указательного пальца	KEEP	Дистальная фаланга указательного пальца	No deterministic QA defect detected; normative Russian source not independently confirmed.	MEDIUM
FMA23947	distal phalanx of middle finger			NO_MATCH	Дистальная фаланга средняя палец	APPLY	Дистальная фаланга среднего пальца	FMA/TA2 structure family with unambiguous Russian grammatical normalization.	HIGH
FMA23948	distal phalanx of ring finger			NO_MATCH	Дистальная фаланга кольцо палец	APPLY	Дистальная фаланга безымянного пальца	FMA/TA2 structure family with unambiguous Russian grammatical normalization.	HIGH
FMA23949	distal phalanx of little finger			NO_MATCH	Дистальная фаланга мизинца	KEEP	Дистальная фаланга мизинца	No deterministic QA defect detected; normative Russian source not independently confirmed.	MEDIUM
FMA23951	distal phalanx of left thumb			NO_MATCH	Дистальная фаланга левый тумб	APPLY	Дистальная фаланга Левая тумб	Candidate from QA (laterality); requires final Russian terminology review before application.	MEDIUM
FMA23953	distal phalanx of left index finger			NO_MATCH	Дистальная фаланга левой указательного пальца	APPLY	Дистальная фаланга левого указательного пальца	FMA/TA2 structure family with unambiguous Russian grammatical normalization.	HIGH
FMA23955	distal phalanx of left middle finger			NO_MATCH	Дистальная фаланга левый средняя палец	APPLY	Дистальная фаланга левого среднего пальца	FMA/TA2 structure family with unambiguous Russian grammatical normalization.	HIGH
FMA23957	distal phalanx of left ring finger			NO_MATCH	Дистальная фаланга левый кольцо палец	APPLY	Дистальная фаланга левого безымянного пальца	FMA/TA2 structure family with unambiguous Russian grammatical normalization.	HIGH
FMA23959	distal phalanx of left little finger			NO_MATCH	Дистальная фаланга левой мизинца	APPLY	Дистальная фаланга левого мизинца	FMA/TA2 structure family with unambiguous Russian grammatical normalization.	HIGH
FMA24034	cavity of organ part			NO_MATCH	Полость части органа	KEEP	Полость части органа	No deterministic QA defect detected; normative Russian source not independently confirmed.	MEDIUM
FMA24218	subdivision of head			NO_MATCH	Подразделение головка	KEEP	Подразделение головка	No deterministic QA defect detected; normative Russian source not independently confirmed.	MEDIUM
FMA24435	right scaphoid			NO_MATCH	Правый скафоид	REVIEW		Needs external Russian anatomical terminology verification.	LOW
FMA24436	left scaphoid			NO_MATCH	Левый скафоид	REVIEW		Needs external Russian anatomical terminology verification.	LOW
FMA24437	right lunate			NO_MATCH	Правый лунатэ	REVIEW		Needs external Russian anatomical terminology verification.	LOW
FMA24438	left lunate			NO_MATCH	Левый лунатэ	REVIEW		Needs external Russian anatomical terminology verification.	LOW
FMA24439	right triquetral			NO_MATCH	Правый триквэтрал	REVIEW		Needs external Russian anatomical terminology verification.	LOW
FMA24440	left triquetral			NO_MATCH	Левый триквэтрал	REVIEW		Needs external Russian anatomical terminology verification.	LOW
FMA24441	right pisiform			NO_MATCH	Правый писиформ	REVIEW		Needs external Russian anatomical terminology verification.	LOW
FMA24442	left pisiform			NO_MATCH	Левый писиформ	REVIEW		Needs external Russian anatomical terminology verification.	LOW
FMA24443	right trapezium			NO_MATCH	Правый трапэзиум	REVIEW		Needs external Russian anatomical terminology verification.	LOW
FMA24444	left trapezium			NO_MATCH	Левый трапэзиум	REVIEW		Needs external Russian anatomical terminology verification.	LOW
FMA24445	left trapezoid			NO_MATCH	Левый трапэзоид	REVIEW		Needs external Russian anatomical terminology verification.	LOW
FMA24446	right capitate			NO_MATCH	Правый капитатэ	REVIEW		Needs external Russian anatomical terminology verification.	LOW
FMA24447	left capitate			NO_MATCH	Левый капитатэ	REVIEW		Needs external Russian anatomical terminology verification.	LOW
FMA24448	right hamate			NO_MATCH	Правый хаматэ	REVIEW		Needs external Russian anatomical terminology verification.	LOW
FMA24449	left hamate			NO_MATCH	Левый хаматэ	REVIEW		Needs external Russian anatomical terminology verification.	LOW
FMA24450	proximal phalanx of right thumb			NO_MATCH	Проксимальная фаланга правый тумб	APPLY	Проксимальная фаланга Правая тумб	Candidate from QA (laterality); requires final Russian terminology review before application.	MEDIUM
FMA24451	proximal phalanx of right index finger			NO_MATCH	Проксимальная фаланга правый указательного палец	APPLY	Проксимальная фаланга правого указательного пальца	FMA/TA2 structure family with unambiguous Russian grammatical normalization.	HIGH
FMA24452	proximal phalanx of right middle finger			NO_MATCH	Проксимальная фаланга правый средняя палец	APPLY	Проксимальная фаланга правого среднего пальца	FMA/TA2 structure family with unambiguous Russian grammatical normalization.	HIGH
FMA24453	proximal phalanx of right ring finger			NO_MATCH	Проксимальная фаланга правый кольцо палец	APPLY	Проксимальная фаланга правого безымянного пальца	FMA/TA2 structure family with unambiguous Russian grammatical normalization.	HIGH
FMA24454	proximal phalanx of right little finger			NO_MATCH	Проксимальная фаланга правый мизинца палец	APPLY	Проксимальная фаланга правого мизинца	FMA/TA2 structure family with unambiguous Russian grammatical normalization.	HIGH
FMA24455	middle phalanx of right index finger			NO_MATCH	Средняя фаланга правый указательного палец	APPLY	Средняя фаланга правого указательного пальца	FMA/TA2 structure family with unambiguous Russian grammatical normalization.	HIGH
FMA24456	middle phalanx of right middle finger			NO_MATCH	Средняя фаланга правый средняя палец	APPLY	Средняя фаланга правого среднего пальца	FMA/TA2 structure family with unambiguous Russian grammatical normalization.	HIGH
FMA24457	middle phalanx of right ring finger			NO_MATCH	Средняя фаланга правый кольцо палец	APPLY	Средняя фаланга правого безымянного пальца	FMA/TA2 structure family with unambiguous Russian grammatical normalization.	HIGH
FMA24458	middle phalanx of right little finger			NO_MATCH	Средняя фаланга правый мизинца палец	APPLY	Средняя фаланга правого мизинца	FMA/TA2 structure family with unambiguous Russian grammatical normalization.	HIGH
FMA24459	distal phalanx of right thumb			NO_MATCH	Дистальная фаланга правый тумб	APPLY	Дистальная фаланга Правая тумб	Candidate from QA (laterality); requires final Russian terminology review before application.	MEDIUM
FMA24460	distal phalanx of right index finger			NO_MATCH	Дистальная фаланга правой указательного пальца	APPLY	Дистальная фаланга правого указательного пальца	FMA/TA2 structure family with unambiguous Russian grammatical normalization.	HIGH
FMA24461	distal phalanx of right middle finger			NO_MATCH	Дистальная фаланга правый средняя палец	APPLY	Дистальная фаланга правого среднего пальца	FMA/TA2 structure family with unambiguous Russian grammatical normalization.	HIGH
FMA24462	distal phalanx of right ring finger			NO_MATCH	Дистальная фаланга правый кольцо палец	APPLY	Дистальная фаланга правого безымянного пальца	FMA/TA2 structure family with unambiguous Russian grammatical normalization.	HIGH
FMA24463	distal phalanx of right little finger			NO_MATCH	Дистальная фаланга правой мизинца	APPLY	Дистальная фаланга правого мизинца	FMA/TA2 structure family with unambiguous Russian grammatical normalization.	HIGH
FMA24464	right first metacarpal bone			NO_MATCH	Правый первая пястная кость кость	APPLY	Правая первая пястная кость кость	Candidate from QA (laterality; lost_information); requires final Russian terminology review before application.	MEDIUM
FMA24465	left first metacarpal bone			NO_MATCH	Левый первая пястная кость кость	APPLY	Левая первая пястная кость кость	Candidate from QA (laterality; lost_information); requires final Russian terminology review before application.	MEDIUM
FMA24466	right second metacarpal bone			NO_MATCH	Правый вторая пястная кость кость	APPLY	Правая вторая пястная кость кость	Candidate from QA (laterality; lost_information); requires final Russian terminology review before application.	MEDIUM
FMA24467	left second metacarpal bone			NO_MATCH	Левый вторая пястная кость кость	APPLY	Левая вторая пястная кость кость	Candidate from QA (laterality; lost_information); requires final Russian terminology review before application.	MEDIUM
FMA24468	right third metacarpal bone	os tertium metacarpi	third metacarpal bone	PROBABLE	Правый третья пястная кость кость	APPLY	Правая третья пястная кость кость	Candidate from QA (laterality; lost_information); requires final Russian terminology review before application.	MEDIUM
FMA24469	left third metacarpal bone	os tertium metacarpi	third metacarpal bone	PROBABLE	Левый третья пястная кость кость	APPLY	Левая третья пястная кость кость	Candidate from QA (laterality; lost_information); requires final Russian terminology review before application.	MEDIUM
FMA24470	right fourth metacarpal bone			NO_MATCH	Правый четвёртая пястная кость кость	APPLY	Правая четвёртая пястная кость кость	Candidate from QA (laterality; lost_information); requires final Russian terminology review before application.	MEDIUM
FMA24471	left fourth metacarpal bone			NO_MATCH	Левый четвёртая пястная кость кость	APPLY	Левая четвёртая пястная кость кость	Candidate from QA (laterality; lost_information); requires final Russian terminology review before application.	MEDIUM
FMA24472	right fifth metacarpal bone			NO_MATCH	Правый пятая пястная кость кость	APPLY	Правая пятая пястная кость кость	Candidate from QA (laterality; lost_information); requires final Russian terminology review before application.	MEDIUM
FMA24473	left fifth metacarpal bone			NO_MATCH	Левый пятая пястная кость кость	APPLY	Левая пятая пястная кость кость	Candidate from QA (laterality; lost_information); requires final Russian terminology review before application.	MEDIUM
FMA24474	right femur	os femoris	femur	PROBABLE	Правый бедренная кость	APPLY	Правая бедренная кость	Candidate from QA (laterality; lost_information); requires final Russian terminology review before application.	MEDIUM
FMA24475	left femur	os femoris	femur	PROBABLE	Левый бедренная кость	APPLY	Левая бедренная кость	Candidate from QA (laterality; lost_information); requires final Russian terminology review before application.	MEDIUM
FMA24476	tibia	tibia	tibia	EXACT	Большеберцовая кость	KEEP	Большеберцовая кость	No deterministic QA defect detected; normative Russian source not independently confirmed.	MEDIUM
FMA24477	right tibia	tibia	tibia	PROBABLE	Правый большеберцовая кость	APPLY	Правая большеберцовая кость	Candidate from QA (laterality; lost_information); requires final Russian terminology review before application.	MEDIUM
FMA24478	left tibia	tibia	tibia	PROBABLE	Левый большеберцовая кость	APPLY	Левая большеберцовая кость	Candidate from QA (laterality; lost_information); requires final Russian terminology review before application.	MEDIUM
FMA24479	fibula	fibula	fibula	EXACT	Малоберцовая кость	KEEP	Малоберцовая кость	No deterministic QA defect detected; normative Russian source not independently confirmed.	MEDIUM
FMA24480	right fibula	fibula	fibula	PROBABLE	Правый малоберцовая кость	APPLY	Правая малоберцовая кость	Candidate from QA (laterality; lost_information); requires final Russian terminology review before application.	MEDIUM
FMA24481	left fibula	fibula	fibula	PROBABLE	Левый малоберцовая кость	APPLY	Левая малоберцовая кость	Candidate from QA (laterality; lost_information); requires final Russian terminology review before application.	MEDIUM
FMA24482	right talus	os tali	talus	PROBABLE	Правый таранная кость	APPLY	Правая таранная кость	Candidate from QA (laterality; lost_information); requires final Russian terminology review before application.	MEDIUM
FMA24483	left talus	os tali	talus	PROBABLE	Левый таранная кость	APPLY	Левая таранная кость	Candidate from QA (laterality; lost_information); requires final Russian terminology review before application.	MEDIUM
FMA24485	patella	patella	patella	EXACT	Надколенник	KEEP	Надколенник	No deterministic QA defect detected; normative Russian source not independently confirmed.	MEDIUM
FMA24486	right patella	patella	patella	PROBABLE	Правый надколенник	REVIEW		Needs external Russian anatomical terminology verification.	LOW
FMA24487	left patella	patella	patella	PROBABLE	Левый надколенник	REVIEW		Needs external Russian anatomical terminology verification.	LOW
FMA24491	tarsal bone			NO_MATCH	Предплюсневая кость кость	KEEP	Предплюсневая кость кость	No deterministic QA defect detected; normative Russian source not independently confirmed.	MEDIUM
FMA24492	metatarsal bone	os metatarsi	metatarsal bone	EXACT	Плюсневая кость кость	KEEP	Плюсневая кость кость	No deterministic QA defect detected; normative Russian source not independently confirmed.	MEDIUM
FMA24493	phalanx of toe			NO_MATCH	Фаланга палец стопы	REVIEW		Needs external Russian anatomical terminology verification.	LOW
FMA24496	calcaneus	calcaneus	calcaneus	EXACT	Пяточная кость	KEEP	Пяточная кость	No deterministic QA defect detected; normative Russian source not independently confirmed.	MEDIUM
FMA24497	right calcaneus	calcaneus	calcaneus	PROBABLE	Правый пяточная кость	APPLY	Правая пяточная кость	Candidate from QA (laterality; lost_information); requires final Russian terminology review before application.	MEDIUM
FMA24498	left calcaneus	calcaneus	calcaneus	PROBABLE	Левый пяточная кость	APPLY	Левая пяточная кость	Candidate from QA (laterality; lost_information); requires final Russian terminology review before application.	MEDIUM
FMA24499	navicular bone of foot			NO_MATCH	Навикулар кость стопа	KEEP	Навикулар кость стопа	No deterministic QA defect detected; normative Russian source not independently confirmed.	MEDIUM
FMA24500	navicular bone of right foot			NO_MATCH	Навикулар кость правый стопа	APPLY	Навикулар кость Правая стопа	Candidate from QA (laterality); requires final Russian terminology review before application.	MEDIUM
FMA24501	navicular bone of left foot			NO_MATCH	Навикулар кость левый стопа	APPLY	Навикулар кость Левая стопа	Candidate from QA (laterality); requires final Russian terminology review before application.	MEDIUM
FMA24502	first metatarsal bone	os primum metatarsi	first metatarsal bone	EXACT	Первая плюсневая кость кость	KEEP	Первая плюсневая кость кость	No deterministic QA defect detected; normative Russian source not independently confirmed.	MEDIUM
FMA24503	second metatarsal bone			NO_MATCH	Вторая плюсневая кость кость	KEEP	Вторая плюсневая кость кость	No deterministic QA defect detected; normative Russian source not independently confirmed.	MEDIUM
FMA24504	third metatarsal bone			NO_MATCH	Третья плюсневая кость кость	KEEP	Третья плюсневая кость кость	No deterministic QA defect detected; normative Russian source not independently confirmed.	MEDIUM
FMA24505	fourth metatarsal bone			NO_MATCH	Четвёртая плюсневая кость кость	KEEP	Четвёртая плюсневая кость кость	No deterministic QA defect detected; normative Russian source not independently confirmed.	MEDIUM
FMA24506	fifth metatarsal bone	os quintum metatarsi	fifth metatarsal bone	EXACT	Пятая плюсневая кость кость	KEEP	Пятая плюсневая кость кость	No deterministic QA defect detected; normative Russian source not independently confirmed.	MEDIUM
FMA24507	right first metatarsal bone	os primum metatarsi	first metatarsal bone	PROBABLE	Правый первая плюсневая кость кость	APPLY	Правая первая плюсневая кость кость	Candidate from QA (laterality; lost_information); requires final Russian terminology review before application.	MEDIUM
FMA24508	left first metatarsal bone	os primum metatarsi	first metatarsal bone	PROBABLE	Левый первая плюсневая кость кость	APPLY	Левая первая плюсневая кость кость	Candidate from QA (laterality; lost_information); requires final Russian terminology review before application.	MEDIUM
FMA24509	right second metatarsal bone			NO_MATCH	Правый вторая плюсневая кость кость	APPLY	Правая вторая плюсневая кость кость	Candidate from QA (laterality; lost_information); requires final Russian terminology review before application.	MEDIUM
FMA24510	left second metatarsal bone			NO_MATCH	Левый вторая плюсневая кость кость	APPLY	Левая вторая плюсневая кость кость	Candidate from QA (laterality; lost_information); requires final Russian terminology review before application.	MEDIUM
FMA24511	right third metatarsal bone			NO_MATCH	Правый третья плюсневая кость кость	APPLY	Правая третья плюсневая кость кость	Candidate from QA (laterality; lost_information); requires final Russian terminology review before application.	MEDIUM
FMA24512	left third metatarsal bone			NO_MATCH	Левый третья плюсневая кость кость	APPLY	Левая третья плюсневая кость кость	Candidate from QA (laterality; lost_information); requires final Russian terminology review before application.	MEDIUM
FMA24513	right fourth metatarsal bone			NO_MATCH	Правый четвёртая плюсневая кость кость	APPLY	Правая четвёртая плюсневая кость кость	Candidate from QA (laterality; lost_information); requires final Russian terminology review before application.	MEDIUM
FMA24514	left fourth metatarsal bone			NO_MATCH	Левый четвёртая плюсневая кость кость	APPLY	Левая четвёртая плюсневая кость кость	Candidate from QA (laterality; lost_information); requires final Russian terminology review before application.	MEDIUM
FMA24515	right fifth metatarsal bone	os quintum metatarsi	fifth metatarsal bone	PROBABLE	Правый пятая плюсневая кость кость	APPLY	Правая пятая плюсневая кость кость	Candidate from QA (laterality; lost_information); requires final Russian terminology review before application.	MEDIUM
FMA24516	left fifth metatarsal bone	os quintum metatarsi	fifth metatarsal bone	PROBABLE	Левый пятая плюсневая кость кость	APPLY	Левая пятая плюсневая кость кость	Candidate from QA (laterality; lost_information); requires final Russian terminology review before application.	MEDIUM
FMA24517	cuneiform bone			NO_MATCH	клиновидная кость	KEEP	клиновидная кость	No deterministic QA defect detected; normative Russian source not independently confirmed.	MEDIUM
FMA24518	medial cuneiform bone	os cuneiforme mediale	medial cuneiform bone	EXACT	медиальная клиновидная кость	KEEP	медиальная клиновидная кость	No deterministic QA defect detected; normative Russian source not independently confirmed.	MEDIUM
FMA24519	intermediate cuneiform bone	os cuneiforme intermedium	intermediate cuneiform bone	EXACT	промежуточная клиновидная кость	KEEP	промежуточная клиновидная кость	No deterministic QA defect detected; normative Russian source not independently confirmed.	MEDIUM
FMA24520	lateral cuneiform bone	os cuneiforme laterale	lateral cuneiform bone	EXACT	латеральная клиновидная кость	KEEP	латеральная клиновидная кость	No deterministic QA defect detected; normative Russian source not independently confirmed.	MEDIUM
FMA24521	right medial cuneiform bone	os cuneiforme mediale	medial cuneiform bone	PROBABLE	Правая медиальная клиновидная кость	REVIEW		Needs external Russian anatomical terminology verification.	LOW
FMA24522	left medial cuneiform bone	os cuneiforme mediale	medial cuneiform bone	PROBABLE	Левая медиальная клиновидная кость	REVIEW		Needs external Russian anatomical terminology verification.	LOW
FMA24523	right intermediate cuneiform bone	os cuneiforme intermedium	intermediate cuneiform bone	PROBABLE	Правая промежуточная клиновидная кость	REVIEW		Needs external Russian anatomical terminology verification.	LOW
FMA24524	left intermediate cuneiform bone	os cuneiforme intermedium	intermediate cuneiform bone	PROBABLE	Левая промежуточная клиновидная кость	REVIEW		Needs external Russian anatomical terminology verification.	LOW
FMA24525	right lateral cuneiform bone	os cuneiforme laterale	lateral cuneiform bone	PROBABLE	Правая латеральная клиновидная кость	REVIEW		Needs external Russian anatomical terminology verification.	LOW
FMA24526	left lateral cuneiform bone	os cuneiforme laterale	lateral cuneiform bone	PROBABLE	Левая латеральная клиновидная кость	REVIEW		Needs external Russian anatomical terminology verification.	LOW
FMA24527	cuboid bone	os cuboideum	cuboid bone	EXACT	Кубоид кость	KEEP	Кубоид кость	No deterministic QA defect detected; normative Russian source not independently confirmed.	MEDIUM
FMA24528	right cuboid bone	os cuboideum	cuboid bone	PROBABLE	Правый кубоид кость	APPLY	Правая кубоид кость	Candidate from QA (laterality; lost_information); requires final Russian terminology review before application.	MEDIUM
FMA24529	left cuboid bone	os cuboideum	cuboid bone	PROBABLE	Левый кубоид кость	APPLY	Левая кубоид кость	Candidate from QA (laterality; lost_information); requires final Russian terminology review before application.	MEDIUM
FMA24551	trunk of intrapulmonary vein			NO_MATCH	Туловище интрапулмонарй вена	KEEP	Туловище интрапулмонарй вена	No deterministic QA defect detected; normative Russian source not independently confirmed.	MEDIUM
FMA25058	intervertebral disk of axis			NO_MATCH	Межпозвоночное диск атлантоаксиальное	KEEP	Межпозвоночное диск атлантоаксиальное	No deterministic QA defect detected; normative Russian source not independently confirmed.	MEDIUM
FMA25624	skeletal ligament			NO_MATCH	Скелетный связка	KEEP	Скелетный связка	No deterministic QA defect detected; normative Russian source not independently confirmed.	MEDIUM
FMA25625	nonskeletal ligament			NO_MATCH	Нонскэлэтал связка	KEEP	Нонскэлэтал связка	No deterministic QA defect detected; normative Russian source not independently confirmed.	MEDIUM
FMA30313	arterial trunk			NO_MATCH	Артериальный ствол	KEEP	Артериальный ствол	No deterministic QA defect detected; normative Russian source not independently confirmed.	MEDIUM
FMA30314	venous trunk			NO_MATCH	Венозная туловище	KEEP	Венозная туловище	No deterministic QA defect detected; normative Russian source not independently confirmed.	MEDIUM
FMA30320	duct			NO_MATCH	Проток	KEEP	Проток	No deterministic QA defect detected; normative Russian source not independently confirmed.	MEDIUM
FMA31739	segment of bronchial tree			NO_MATCH	Сегмент бронхиальная дерево	REVIEW		Needs external Russian anatomical terminology verification.	LOW
FMA32514	prevertebral muscle			NO_MATCH	Прэвэртэбрал мышца	KEEP	Прэвэртэбрал мышца	No deterministic QA defect detected; normative Russian source not independently confirmed.	MEDIUM
FMA32515	postvertebral muscle			NO_MATCH	Поствэртэбрал мышца	KEEP	Поствэртэбрал мышца	No deterministic QA defect detected; normative Russian source not independently confirmed.	MEDIUM
FMA32516	extrinsic muscle of shoulder			NO_MATCH	Экстринсик мышца плечо	KEEP	Экстринсик мышца плечо	No deterministic QA defect detected; normative Russian source not independently confirmed.	MEDIUM
FMA32518	deep extrinsic muscle of shoulder			NO_MATCH	Глубокая экстринсик мышца плечо	KEEP	Глубокая экстринсик мышца плечо	No deterministic QA defect detected; normative Russian source not independently confirmed.	MEDIUM
FMA32519	levator scapulae	levator scapulae	levator scapulae	EXACT	Мышца, поднимающая скапулаэ	KEEP	Мышца, поднимающая скапулаэ	No deterministic QA defect detected; normative Russian source not independently confirmed.	MEDIUM
FMA32520	intrinsic muscle of shoulder			NO_MATCH	Собственная мышца плеча	KEEP	Собственная мышца плеча	No deterministic QA defect detected; normative Russian source not independently confirmed.	MEDIUM
FMA32525	rectus capitis posterior major			NO_MATCH	Прямая мышца головки задняя большая	REVIEW		Needs external Russian anatomical terminology verification.	LOW
FMA32526	rectus capitis posterior minor			NO_MATCH	Прямая мышца головки задняя малая	REVIEW		Needs external Russian anatomical terminology verification.	LOW
FMA32527	obliquus capitis superior			NO_MATCH	Обликвус головки верхняя	KEEP	Обликвус головки верхняя	No deterministic QA defect detected; normative Russian source not independently confirmed.	MEDIUM
FMA32528	obliquus capitis inferior			NO_MATCH	Обликвус головки нижняя	KEEP	Обликвус головки нижняя	No deterministic QA defect detected; normative Russian source not independently confirmed.	MEDIUM
FMA32529	zone of trapezius			NO_MATCH	Зона трапециевидная мышца	KEEP	Зона трапециевидная мышца	No deterministic QA defect detected; normative Russian source not independently confirmed.	MEDIUM
FMA32530	right rectus capitis posterior major			NO_MATCH	Правый прямая мышца головки задняя большая	APPLY	Правая прямая мышца головки задняя большая	Candidate from QA (laterality; lost_information); requires final Russian terminology review before application.	MEDIUM
FMA32531	left rectus capitis posterior major			NO_MATCH	Левый прямая мышца головки задняя большая	APPLY	Левая прямая мышца головки задняя большая	Candidate from QA (laterality; lost_information); requires final Russian terminology review before application.	MEDIUM
FMA32532	right rectus capitis posterior minor			NO_MATCH	Правый прямая мышца головки задняя малая	APPLY	Правая прямая мышца головки задняя малая	Candidate from QA (laterality; lost_information); requires final Russian terminology review before application.	MEDIUM
FMA32533	left rectus capitis posterior minor			NO_MATCH	Левый прямая мышца головки задняя малая	APPLY	Левая прямая мышца головки задняя малая	Candidate from QA (laterality; lost_information); requires final Russian terminology review before application.	MEDIUM
FMA32534	right obliquus capitis superior			NO_MATCH	Правый обликвус головки верхняя	REVIEW		Needs external Russian anatomical terminology verification.	LOW
FMA32535	left obliquus capitis superior			NO_MATCH	Левый обликвус головки верхняя	REVIEW		Needs external Russian anatomical terminology verification.	LOW
FMA32536	right obliquus capitis inferior			NO_MATCH	Правый обликвус головки нижняя	REVIEW		Needs external Russian anatomical terminology verification.	LOW
FMA32537	left obliquus capitis inferior			NO_MATCH	Левый обликвус головки нижняя	REVIEW		Needs external Russian anatomical terminology verification.	LOW
FMA32540	right levator scapulae	levator scapulae	levator scapulae	PROBABLE	Правый мышца, поднимающая скапулаэ	REVIEW		Needs external Russian anatomical terminology verification.	LOW
FMA32541	left levator scapulae	levator scapulae	levator scapulae	PROBABLE	Левый мышца, поднимающая скапулаэ	REVIEW		Needs external Russian anatomical terminology verification.	LOW
FMA32544	right supraspinatus			NO_MATCH	Правый надостная	REVIEW		Needs external Russian anatomical terminology verification.	LOW
FMA32545	left supraspinatus			NO_MATCH	Левый надостная	REVIEW		Needs external Russian anatomical terminology verification.	LOW
FMA32546	infraspinatus			NO_MATCH	Инфраспинатус	KEEP	Инфраспинатус	No deterministic QA defect detected; normative Russian source not independently confirmed.	MEDIUM
FMA32547	right infraspinatus muscle	musculus infraspinatus	infraspinatus muscle	PROBABLE	Правый инфраспинатус мышца	APPLY	Правая инфраспинатус мышца	Candidate from QA (laterality; lost_information); requires final Russian terminology review before application.	MEDIUM
FMA32548	left infraspinatus muscle	musculus infraspinatus	infraspinatus muscle	PROBABLE	Левый инфраспинатус мышца	APPLY	Левая инфраспинатус мышца	Candidate from QA (laterality; lost_information); requires final Russian terminology review before application.	MEDIUM
FMA32549	teres major			NO_MATCH	Большая круглая мышца	KEEP	Большая круглая мышца	No deterministic QA defect detected; normative Russian source not independently confirmed.	MEDIUM
FMA32550	teres minor			NO_MATCH	Малая круглая мышца	KEEP	Малая круглая мышца	No deterministic QA defect detected; normative Russian source not independently confirmed.	MEDIUM
FMA32551	right teres major			NO_MATCH	Правая большая круглая мышца	REVIEW		Needs external Russian anatomical terminology verification.	LOW
FMA32552	left teres major			NO_MATCH	Левая большая круглая мышца	REVIEW		Needs external Russian anatomical terminology verification.	LOW
FMA32553	right teres minor			NO_MATCH	Правая малая круглая мышца	REVIEW		Needs external Russian anatomical terminology verification.	LOW
FMA32554	left teres minor			NO_MATCH	Левая малая круглая мышца	REVIEW		Needs external Russian anatomical terminology verification.	LOW
FMA32555	ascending part of trapezius			NO_MATCH	Восходящая часть трапециевидной мышцы	KEEP	Восходящая часть трапециевидной мышцы	No deterministic QA defect detected; normative Russian source not independently confirmed.	MEDIUM
FMA32556	transverse part of trapezius			NO_MATCH	Поперечная часть трапециевидная мышца	KEEP	Поперечная часть трапециевидная мышца	No deterministic QA defect detected; normative Russian source not independently confirmed.	MEDIUM
FMA32557	descending part of trapezius			NO_MATCH	Нисходящая часть трапециевидная мышца	KEEP	Нисходящая часть трапециевидная мышца	No deterministic QA defect detected; normative Russian source not independently confirmed.	MEDIUM
FMA32558	musculature			NO_MATCH	Мускулатура	KEEP	Мускулатура	No deterministic QA defect detected; normative Russian source not independently confirmed.	MEDIUM
FMA32559	superficial postvertebral muscle			NO_MATCH	Поверхностная поствэртэбрал мышца	KEEP	Поверхностная поствэртэбрал мышца	No deterministic QA defect detected; normative Russian source not independently confirmed.	MEDIUM
FMA32560	intermediate postvertebral muscle			NO_MATCH	Промежуточная поствэртэбрал мышца	KEEP	Промежуточная поствэртэбрал мышца	No deterministic QA defect detected; normative Russian source not independently confirmed.	MEDIUM
FMA32561	deep postvertebral muscle			NO_MATCH	Глубокая поствэртэбрал мышца	KEEP	Глубокая поствэртэбрал мышца	No deterministic QA defect detected; normative Russian source not independently confirmed.	MEDIUM
FMA32582	posterior suboccipital muscle			NO_MATCH	Задняя субоккипитал мышца	KEEP	Задняя субоккипитал мышца	No deterministic QA defect detected; normative Russian source not independently confirmed.	MEDIUM
FMA32618	proximal phalanx of second toe			NO_MATCH	Проксимальная фаланга вторая палец стопы	REVIEW		Needs external Russian anatomical terminology verification.	LOW
FMA32619	proximal phalanx of third toe			NO_MATCH	Проксимальная фаланга третья палец стопы	REVIEW		Needs external Russian anatomical terminology verification.	LOW
FMA32620	proximal phalanx of fourth toe			NO_MATCH	Проксимальная фаланга четвёртая палец стопы	REVIEW		Needs external Russian anatomical terminology verification.	LOW
FMA32621	proximal phalanx of little toe			NO_MATCH	Проксимальная фаланга мизинца палец стопы	APPLY	Проксимальная фаланга мизинца стопы	Candidate from QA (word_order); requires final Russian terminology review before application.	MEDIUM
FMA32623	middle phalanx of second toe			NO_MATCH	Средняя фаланга вторая палец стопы	REVIEW		Needs external Russian anatomical terminology verification.	LOW
FMA32624	middle phalanx of third toe			NO_MATCH	Средняя фаланга третья палец стопы	REVIEW		Needs external Russian anatomical terminology verification.	LOW
FMA32625	middle phalanx of fourth toe			NO_MATCH	Средняя фаланга четвёртая палец стопы	REVIEW		Needs external Russian anatomical terminology verification.	LOW
FMA32627	distal phalanx of big toe			NO_MATCH	Дистальная фаланга биг палец стопы	REVIEW		Needs external Russian anatomical terminology verification.	LOW
FMA32628	distal phalanx of second toe			NO_MATCH	Дистальная фаланга вторая палец стопы	REVIEW		Needs external Russian anatomical terminology verification.	LOW
FMA32629	distal phalanx of third toe			NO_MATCH	Дистальная фаланга третья палец стопы	REVIEW		Needs external Russian anatomical terminology verification.	LOW
FMA32630	distal phalanx of fourth toe			NO_MATCH	Дистальная фаланга четвёртая палец стопы	REVIEW		Needs external Russian anatomical terminology verification.	LOW
FMA32631	distal phalanx of little toe			NO_MATCH	Дистальная фаланга мизинца стопы	KEEP	Дистальная фаланга мизинца стопы	No deterministic QA defect detected; normative Russian source not independently confirmed.	MEDIUM
FMA32634	proximal phalanx of right second toe			NO_MATCH	Проксимальная фаланга правый вторая палец стопы	REVIEW		Needs external Russian anatomical terminology verification.	LOW
FMA32635	proximal phalanx of left second toe			NO_MATCH	Проксимальная фаланга левый вторая палец стопы	REVIEW		Needs external Russian anatomical terminology verification.	LOW
FMA32636	proximal phalanx of right third toe			NO_MATCH	Проксимальная фаланга правый третья палец стопы	REVIEW		Needs external Russian anatomical terminology verification.	LOW
FMA32637	proximal phalanx of left third toe			NO_MATCH	Проксимальная фаланга левый третья палец стопы	REVIEW		Needs external Russian anatomical terminology verification.	LOW
FMA32638	proximal phalanx of right fourth toe			NO_MATCH	Проксимальная фаланга правый четвёртая палец стопы	REVIEW		Needs external Russian anatomical terminology verification.	LOW
FMA32639	proximal phalanx of left fourth toe			NO_MATCH	Проксимальная фаланга левый четвёртая палец стопы	REVIEW		Needs external Russian anatomical terminology verification.	LOW
FMA32640	proximal phalanx of right little toe			NO_MATCH	Проксимальная фаланга правый мизинца палец стопы	APPLY	Проксимальная фаланга правого мизинца стопы	FMA/TA2 structure family with unambiguous Russian grammatical normalization.	HIGH
FMA32641	proximal phalanx of left little toe			NO_MATCH	Проксимальная фаланга левый мизинца палец стопы	APPLY	Проксимальная фаланга левого мизинца стопы	FMA/TA2 structure family with unambiguous Russian grammatical normalization.	HIGH
FMA32642	middle phalanx of right second toe			NO_MATCH	Средняя фаланга правый вторая палец стопы	REVIEW		Needs external Russian anatomical terminology verification.	LOW
FMA32643	middle phalanx of left second toe			NO_MATCH	Средняя фаланга левый вторая палец стопы	REVIEW		Needs external Russian anatomical terminology verification.	LOW
FMA32644	middle phalanx of right third toe			NO_MATCH	Средняя фаланга правый третья палец стопы	REVIEW		Needs external Russian anatomical terminology verification.	LOW
FMA32645	middle phalanx of left third toe			NO_MATCH	Средняя фаланга левый третья палец стопы	REVIEW		Needs external Russian anatomical terminology verification.	LOW
FMA32646	middle phalanx of right fourth toe			NO_MATCH	Средняя фаланга правый четвёртая палец стопы	REVIEW		Needs external Russian anatomical terminology verification.	LOW
FMA32647	middle phalanx of left fourth toe			NO_MATCH	Средняя фаланга левый четвёртая палец стопы	REVIEW		Needs external Russian anatomical terminology verification.	LOW
FMA32650	distal phalanx of right big toe			NO_MATCH	Дистальная фаланга правый биг палец стопы	REVIEW		Needs external Russian anatomical terminology verification.	LOW
FMA32651	distal phalanx of left big toe			NO_MATCH	Дистальная фаланга левый биг палец стопы	REVIEW		Needs external Russian anatomical terminology verification.	LOW
FMA32652	distal phalanx of right second toe			NO_MATCH	Дистальная фаланга правый вторая палец стопы	REVIEW		Needs external Russian anatomical terminology verification.	LOW
FMA32653	distal phalanx of left second toe			NO_MATCH	Дистальная фаланга левый вторая палец стопы	REVIEW		Needs external Russian anatomical terminology verification.	LOW
FMA32654	distal phalanx of right third toe			NO_MATCH	Дистальная фаланга правый третья палец стопы	REVIEW		Needs external Russian anatomical terminology verification.	LOW
FMA32655	distal phalanx of left third toe			NO_MATCH	Дистальная фаланга левый третья палец стопы	REVIEW		Needs external Russian anatomical terminology verification.	LOW
FMA32656	distal phalanx of right fourth toe			NO_MATCH	Дистальная фаланга правый четвёртая палец стопы	REVIEW		Needs external Russian anatomical terminology verification.	LOW
FMA32657	distal phalanx of left fourth toe			NO_MATCH	Дистальная фаланга левый четвёртая палец стопы	REVIEW		Needs external Russian anatomical terminology verification.	LOW
FMA32658	distal phalanx of right little toe			NO_MATCH	Дистальная фаланга правой мизинца стопы	APPLY	Дистальная фаланга правого мизинца стопы	FMA/TA2 structure family with unambiguous Russian grammatical normalization.	HIGH
FMA32659	distal phalanx of left little toe			NO_MATCH	Дистальная фаланга левой мизинца стопы	APPLY	Дистальная фаланга левого мизинца стопы	FMA/TA2 structure family with unambiguous Russian grammatical normalization.	HIGH
FMA32672	sesamoid bone	os sesamoideum	sesamoid bone	EXACT	Сэсамоид кость	KEEP	Сэсамоид кость	No deterministic QA defect detected; normative Russian source not independently confirmed.	MEDIUM
FMA32884	phalanx of big toe			NO_MATCH	Фаланга биг палец стопы	REVIEW		Needs external Russian anatomical terminology verification.	LOW
FMA32899	phalanx of second toe			NO_MATCH	Фаланга вторая палец стопы	REVIEW		Needs external Russian anatomical terminology verification.	LOW
FMA32900	phalanx of third toe			NO_MATCH	Фаланга третья палец стопы	REVIEW		Needs external Russian anatomical terminology verification.	LOW
FMA32901	phalanx of fourth toe			NO_MATCH	Фаланга четвёртая палец стопы	REVIEW		Needs external Russian anatomical terminology verification.	LOW
FMA32902	phalanx of little toe			NO_MATCH	Дистальная фаланга мизинца стопы	KEEP	Дистальная фаланга мизинца стопы	No deterministic QA defect detected; normative Russian source not independently confirmed.	MEDIUM
FMA33302	proximal carpal bone			NO_MATCH	Проксимальная запястная кость кость	KEEP	Проксимальная запястная кость кость	No deterministic QA defect detected; normative Russian source not independently confirmed.	MEDIUM
FMA33303	distal carpal bone			NO_MATCH	Дистальная запястная кость кость	KEEP	Дистальная запястная кость кость	No deterministic QA defect detected; normative Russian source not independently confirmed.	MEDIUM
FMA33531	muscle of shoulder			NO_MATCH	Мышца плечо	REVIEW		Needs external Russian anatomical terminology verification.	LOW
FMA33581	ascending part of right trapezius			NO_MATCH	Восходящая часть правой трапециевидной мышцы	REVIEW		Needs external Russian anatomical terminology verification.	LOW
FMA33583	ascending part of left trapezius			NO_MATCH	Восходящая часть левой трапециевидной мышцы	REVIEW		Needs external Russian anatomical terminology verification.	LOW
FMA33584	transverse part of right trapezius			NO_MATCH	Поперечная часть правый трапециевидная мышца	APPLY	Поперечная часть Правая трапециевидная мышца	Candidate from QA (laterality); requires final Russian terminology review before application.	MEDIUM
FMA33585	transverse part of left trapezius			NO_MATCH	Поперечная часть левый трапециевидная мышца	APPLY	Поперечная часть Левая трапециевидная мышца	Candidate from QA (laterality); requires final Russian terminology review before application.	MEDIUM
FMA33586	descending part of right trapezius			NO_MATCH	Нисходящая часть правый трапециевидная мышца	APPLY	Нисходящая часть Правая трапециевидная мышца	Candidate from QA (laterality); requires final Russian terminology review before application.	MEDIUM
FMA33587	descending part of left trapezius			NO_MATCH	Нисходящая часть левый трапециевидная мышца	APPLY	Нисходящая часть Левая трапециевидная мышца	Candidate from QA (laterality); requires final Russian terminology review before application.	MEDIUM
FMA34676	zone of deltoid			NO_MATCH	Зона дельтовидная мышца	KEEP	Зона дельтовидная мышца	No deterministic QA defect detected; normative Russian source not independently confirmed.	MEDIUM
FMA34677	clavicular part of deltoid			NO_MATCH	Клавикулар часть дельтовидная мышца	KEEP	Клавикулар часть дельтовидная мышца	No deterministic QA defect detected; normative Russian source not independently confirmed.	MEDIUM
FMA34678	acromial part of deltoid			NO_MATCH	Акромиальная часть дельтовидной мышцы	KEEP	Акромиальная часть дельтовидной мышцы	No deterministic QA defect detected; normative Russian source not independently confirmed.	MEDIUM
FMA34679	spinal part of deltoid			NO_MATCH	Спинномозговая часть дельтовидная мышца	KEEP	Спинномозговая часть дельтовидная мышца	No deterministic QA defect detected; normative Russian source not independently confirmed.	MEDIUM
FMA34680	clavicular part of right deltoid			NO_MATCH	Клавикулар часть правый дельтовидная мышца	APPLY	Клавикулар часть Правая дельтовидная мышца	Candidate from QA (laterality); requires final Russian terminology review before application.	MEDIUM
FMA34681	clavicular part of left deltoid			NO_MATCH	Клавикулар часть левый дельтовидная мышца	APPLY	Клавикулар часть Левая дельтовидная мышца	Candidate from QA (laterality); requires final Russian terminology review before application.	MEDIUM
FMA34682	acromial part of right deltoid			NO_MATCH	Акромиальная часть правой дельтовидной мышцы	REVIEW		Needs external Russian anatomical terminology verification.	LOW
FMA34683	acromial part of left deltoid			NO_MATCH	Акромиальная часть левой дельтовидной мышцы	REVIEW		Needs external Russian anatomical terminology verification.	LOW
FMA34684	spinal part of right deltoid			NO_MATCH	Спинномозговая часть правый дельтовидная мышца	APPLY	Спинномозговая часть Правая дельтовидная мышца	Candidate from QA (laterality); requires final Russian terminology review before application.	MEDIUM
FMA34685	spinal part of left deltoid			NO_MATCH	Спинномозговая часть левый дельтовидная мышца	APPLY	Спинномозговая часть Левая дельтовидная мышца	Candidate from QA (laterality); requires final Russian terminology review before application.	MEDIUM
FMA34686	zone of pectoralis major			NO_MATCH	Зона грудная мышца большая	KEEP	Зона грудная мышца большая	No deterministic QA defect detected; normative Russian source not independently confirmed.	MEDIUM
FMA34687	clavicular part of pectoralis major			NO_MATCH	Клавикулар часть грудная мышца большая	REVIEW		Needs external Russian anatomical terminology verification.	LOW
FMA34690	clavicular part of right pectoralis major			NO_MATCH	Клавикулар часть правый грудная мышца большая	APPLY	Клавикулар часть Правая грудная мышца большая	Candidate from QA (laterality); requires final Russian terminology review before application.	MEDIUM
FMA34691	clavicular part of left pectoralis major			NO_MATCH	Клавикулар часть левый грудная мышца большая	APPLY	Клавикулар часть Левая грудная мышца большая	Candidate from QA (laterality); requires final Russian terminology review before application.	MEDIUM
FMA34696	sternocostal part of pectoralis major			NO_MATCH	Стэрнокостал часть грудная мышца большая	REVIEW		Needs external Russian anatomical terminology verification.	LOW
FMA34699	abdominal part of pectoralis major			NO_MATCH	Брюшная часть большой грудной мышцы	REVIEW		Needs external Russian anatomical terminology verification.	LOW
FMA35187	interosseous membrane of leg	membrana interossea cruris	interosseous membrane of leg	EXACT	Межкостная оболочка голень	KEEP	Межкостная оболочка голень	No deterministic QA defect detected; normative Russian source not independently confirmed.	MEDIUM
FMA35192	interosseous membrane of right leg	membrana interossea cruris	interosseous membrane of leg	PROBABLE	Межкостная оболочка правый голень	KEEP	Межкостная оболочка правый голень	No deterministic QA defect detected; normative Russian source not independently confirmed.	MEDIUM
FMA35193	interosseous membrane of left leg	membrana interossea cruris	interosseous membrane of leg	PROBABLE	Межкостная оболочка левый голень	KEEP	Межкостная оболочка левый голень	No deterministic QA defect detected; normative Russian source not independently confirmed.	MEDIUM
FMA35477	phalanx of thumb			NO_MATCH	Фаланга тумб	KEEP	Фаланга тумб	No deterministic QA defect detected; normative Russian source not independently confirmed.	MEDIUM
FMA35480	phalanx of index finger			NO_MATCH	Дистальная фаланга указательного пальца	KEEP	Дистальная фаланга указательного пальца	No deterministic QA defect detected; normative Russian source not independently confirmed.	MEDIUM
FMA35483	phalanx of middle finger			NO_MATCH	Фаланга средняя палец	APPLY	Фаланга среднего пальца	Candidate from QA (word_order); requires final Russian terminology review before application.	MEDIUM
FMA35486	phalanx of ring finger			NO_MATCH	Фаланга кольцо палец	APPLY	Фаланга безымянного пальца	Candidate from QA (word_order; lost_information); requires final Russian terminology review before application.	MEDIUM
FMA35489	phalanx of little finger			NO_MATCH	Дистальная фаланга мизинца	KEEP	Дистальная фаланга мизинца	No deterministic QA defect detected; normative Russian source not independently confirmed.	MEDIUM
FMA37347	muscle of pectoral girdle			NO_MATCH	Мышца плечевой пояс	REVIEW		Needs external Russian anatomical terminology verification.	LOW
FMA37348	muscle of free upper limb			NO_MATCH	Мышца свободная верхняя конечность	REVIEW		Needs external Russian anatomical terminology verification.	LOW
FMA37349	pectoral muscle			NO_MATCH	Плечевой мышца	KEEP	Плечевой мышца	No deterministic QA defect detected; normative Russian source not independently confirmed.	MEDIUM
FMA37367	muscle of pelvic girdle			NO_MATCH	Мышца пэлвик пояс	REVIEW		Needs external Russian anatomical terminology verification.	LOW
FMA37368	muscle of free lower limb			NO_MATCH	Мышца свободная нижняя конечность	REVIEW		Needs external Russian anatomical terminology verification.	LOW
FMA37369	muscle of foot			NO_MATCH	Мышца стопа	REVIEW		Needs external Russian anatomical terminology verification.	LOW
FMA37370	muscle of arm			NO_MATCH	Мышца плечо	REVIEW		Needs external Russian anatomical terminology verification.	LOW
FMA37371	muscle of forearm			NO_MATCH	Мышца предплечье	REVIEW		Needs external Russian anatomical terminology verification.	LOW
FMA37372	muscle of hand			NO_MATCH	Мышца кисть	REVIEW		Needs external Russian anatomical terminology verification.	LOW
FMA37373	abductor pollicis brevis	abductor brevis pollicis	abductor pollicis brevis	EXACT	Короткая мышца, отводящая большой палец кисти	KEEP	Короткая мышца, отводящая большой палец кисти	Exact TA2 mapping; current Russian term is grammatical and semantically complete.	HIGH
FMA37378	flexor pollicis brevis	flexor brevis pollicis	flexor pollicis brevis	EXACT	Сгибатель большого пальца кисти короткая	APPLY	Короткая мышца, сгибающая большой палец кисти	Exact TA2 mapping and unambiguous Russian correction; no source information is lost.	HIGH
FMA37379	opponens pollicis			NO_MATCH	Мышца, противопоставляющая большой палец	KEEP	Мышца, противопоставляющая большой палец	No deterministic QA defect detected; normative Russian source not independently confirmed.	MEDIUM
FMA37382	abductor digiti minimi of hand	abductor digiti minimi manus	abductor digiti minimi of hand	EXACT	Мышца, отводящая мизинец кисти	KEEP	Мышца, отводящая мизинец кисти	No deterministic QA defect detected; normative Russian source not independently confirmed.	MEDIUM
FMA37383	flexor digiti minimi brevis of hand			NO_MATCH	Сгибатель пальца мизинца короткая кисть	REVIEW		Needs external Russian anatomical terminology verification.	LOW
FMA37384	opponens digiti minimi of hand			NO_MATCH	Мышца, противопоставляющая мизинец кисти	KEEP	Мышца, противопоставляющая мизинец кисти	No deterministic QA defect detected; normative Russian source not independently confirmed.	MEDIUM
FMA37386	right abductor pollicis brevis	abductor brevis pollicis	abductor pollicis brevis	PROBABLE	Правый отводящая мышца большого пальца кисти короткая	APPLY	Правая отводящая мышца большого пальца кисти короткая	Candidate from QA (laterality; lost_information); requires final Russian terminology review before application.	MEDIUM
FMA37387	left abductor pollicis brevis	abductor brevis pollicis	abductor pollicis brevis	PROBABLE	Левый отводящая мышца большого пальца кисти короткая	APPLY	Левая отводящая мышца большого пальца кисти короткая	Candidate from QA (laterality; lost_information); requires final Russian terminology review before application.	MEDIUM
FMA37388	right flexor pollicis brevis	flexor brevis pollicis	flexor pollicis brevis	PROBABLE	Правый сгибатель большого пальца кисти короткая	REVIEW		Needs external Russian anatomical terminology verification.	LOW
FMA37389	left flexor pollicis brevis	flexor brevis pollicis	flexor pollicis brevis	PROBABLE	Левый сгибатель большого пальца кисти короткая	REVIEW		Needs external Russian anatomical terminology verification.	LOW
FMA37390	right opponens pollicis			NO_MATCH	Правая мышца, противопоставляющая большой палец	APPLY	Правый мышца, противопоставляющая большой палец	Candidate from QA (laterality; lost_information); requires final Russian terminology review before application.	MEDIUM
FMA37391	left opponens pollicis			NO_MATCH	Левая мышца, противопоставляющая большой палец	APPLY	Левый мышца, противопоставляющая большой палец	Candidate from QA (laterality; lost_information); requires final Russian terminology review before application.	MEDIUM
FMA37396	abductor digiti minimi of right hand	abductor digiti minimi manus	abductor digiti minimi of hand	PROBABLE	Правая мышца, отводящая мизинец кисти	REVIEW		Needs external Russian anatomical terminology verification.	LOW
FMA37397	abductor digiti minimi of left hand	abductor digiti minimi manus	abductor digiti minimi of hand	PROBABLE	Левая мышца, отводящая мизинец кисти	REVIEW		Needs external Russian anatomical terminology verification.	LOW
FMA37398	flexor digiti minimi brevis of right hand			NO_MATCH	Сгибатель пальца мизинца короткая правый кисть	REVIEW		Needs external Russian anatomical terminology verification.	LOW
FMA37399	flexor digiti minimi brevis of left hand			NO_MATCH	Сгибатель пальца мизинца короткая левый кисть	REVIEW		Needs external Russian anatomical terminology verification.	LOW
FMA37400	opponens digiti minimi of right hand			NO_MATCH	Правая мышца, противопоставляющая мизинец кисти	REVIEW		Needs external Russian anatomical terminology verification.	LOW
FMA37401	opponens digiti minimi of left hand			NO_MATCH	Левая мышца, противопоставляющая мизинец кисти	REVIEW		Needs external Russian anatomical terminology verification.	LOW
FMA37448	abductor hallucis	abductor hallucis	abductor hallucis	EXACT	Мышца, отводящая большой палец стопы	KEEP	Мышца, отводящая большой палец стопы	Exact TA2 mapping; current Russian term is grammatical and semantically complete.	HIGH
FMA37450	flexor digitorum brevis	flexor brevis digitorum	flexor digitorum brevis	EXACT	Сгибатель пальцев короткая	KEEP	Сгибатель пальцев короткая	No deterministic QA defect detected; normative Russian source not independently confirmed.	MEDIUM
FMA37451	abductor digiti minimi of foot	abductor digiti minimi pedis	abductor digiti minimi of foot	EXACT	Мышца, отводящая мизинец стопы	KEEP	Мышца, отводящая мизинец стопы	No deterministic QA defect detected; normative Russian source not independently confirmed.	MEDIUM
FMA37452	flexor accessorius			NO_MATCH	Сгибатель аккэссориус	KEEP	Сгибатель аккэссориус	No deterministic QA defect detected; normative Russian source not independently confirmed.	MEDIUM
FMA37453	lumbrical of foot			NO_MATCH	Червеобразная стопа	KEEP	Червеобразная стопа	No deterministic QA defect detected; normative Russian source not independently confirmed.	MEDIUM
FMA37455	flexor digiti minimi brevis of foot			NO_MATCH	Сгибатель пальца мизинца короткая стопа	REVIEW		Needs external Russian anatomical terminology verification.	LOW
FMA37456	interosseous of foot			NO_MATCH	Межкостная стопа	KEEP	Межкостная стопа	No deterministic QA defect detected; normative Russian source not independently confirmed.	MEDIUM
FMA37458	plantar interosseous of foot			NO_MATCH	Подошвенная межкостная стопа	KEEP	Подошвенная межкостная стопа	No deterministic QA defect detected; normative Russian source not independently confirmed.	MEDIUM
FMA37459	right abductor hallucis	abductor hallucis	abductor hallucis	PROBABLE	Правый отводящая мышца большого пальца стопы	APPLY	Правая отводящая мышца большого пальца стопы	Candidate from QA (laterality; lost_information); requires final Russian terminology review before application.	MEDIUM
FMA37460	left abductor hallucis	abductor hallucis	abductor hallucis	PROBABLE	Левый отводящая мышца большого пальца стопы	APPLY	Левая отводящая мышца большого пальца стопы	Candidate from QA (laterality; lost_information); requires final Russian terminology review before application.	MEDIUM
FMA37461	right flexor digitorum brevis	flexor brevis digitorum	flexor digitorum brevis	PROBABLE	Правый сгибатель пальцев короткая	REVIEW		Needs external Russian anatomical terminology verification.	LOW
FMA37462	left flexor digitorum brevis	flexor brevis digitorum	flexor digitorum brevis	PROBABLE	Левый сгибатель пальцев короткая	REVIEW		Needs external Russian anatomical terminology verification.	LOW
FMA37463	abductor digiti minimi of right foot	abductor digiti minimi pedis	abductor digiti minimi of foot	PROBABLE	Правая мышца, отводящая мизинец стопы	REVIEW		Needs external Russian anatomical terminology verification.	LOW
FMA37464	abductor digiti minimi of left foot	abductor digiti minimi pedis	abductor digiti minimi of foot	PROBABLE	Левая мышца, отводящая мизинец стопы	REVIEW		Needs external Russian anatomical terminology verification.	LOW
FMA37465	right flexor accessorius			NO_MATCH	Правый сгибатель аккэссориус	REVIEW		Needs external Russian anatomical terminology verification.	LOW
FMA37466	left flexor accessorius			NO_MATCH	Левый сгибатель аккэссориус	REVIEW		Needs external Russian anatomical terminology verification.	LOW
FMA37471	flexor digiti minimi brevis of right foot			NO_MATCH	Сгибатель пальца мизинца короткая правый стопа	REVIEW		Needs external Russian anatomical terminology verification.	LOW
FMA37472	flexor digiti minimi brevis of left foot			NO_MATCH	Сгибатель пальца мизинца короткая левый стопа	REVIEW		Needs external Russian anatomical terminology verification.	LOW
FMA37479	first lumbrical of foot			NO_MATCH	Первая червеобразная стопа	KEEP	Первая червеобразная стопа	No deterministic QA defect detected; normative Russian source not independently confirmed.	MEDIUM
FMA37480	second lumbrical of foot			NO_MATCH	Вторая червеобразная стопа	KEEP	Вторая червеобразная стопа	No deterministic QA defect detected; normative Russian source not independently confirmed.	MEDIUM
FMA37481	third lumbrical of foot			NO_MATCH	Третья червеобразная стопа	KEEP	Третья червеобразная стопа	No deterministic QA defect detected; normative Russian source not independently confirmed.	MEDIUM
FMA37482	fourth lumbrical of foot			NO_MATCH	Четвёртая червеобразная стопа	KEEP	Четвёртая червеобразная стопа	No deterministic QA defect detected; normative Russian source not independently confirmed.	MEDIUM
FMA37483	fourth lumbrical of right foot			NO_MATCH	Четвёртая червеобразная правый стопа	KEEP	Четвёртая червеобразная правый стопа	No deterministic QA defect detected; normative Russian source not independently confirmed.	MEDIUM
FMA37484	fourth lumbrical of left foot			NO_MATCH	Четвёртая червеобразная левый стопа	KEEP	Четвёртая червеобразная левый стопа	No deterministic QA defect detected; normative Russian source not independently confirmed.	MEDIUM
FMA37485	third lumbrical of right foot			NO_MATCH	Третья червеобразная правый стопа	KEEP	Третья червеобразная правый стопа	No deterministic QA defect detected; normative Russian source not independently confirmed.	MEDIUM
FMA37486	third lumbrical of left foot			NO_MATCH	Третья червеобразная левый стопа	KEEP	Третья червеобразная левый стопа	No deterministic QA defect detected; normative Russian source not independently confirmed.	MEDIUM
FMA37664	coracobrachialis			NO_MATCH	Коракобрачиалис	KEEP	Коракобрачиалис	No deterministic QA defect detected; normative Russian source not independently confirmed.	MEDIUM
FMA37665	right coracobrachialis			NO_MATCH	Правый коракобрачиалис	REVIEW		Needs external Russian anatomical terminology verification.	LOW
FMA37666	left coracobrachialis			NO_MATCH	Левый коракобрачиалис	REVIEW		Needs external Russian anatomical terminology verification.	LOW
FMA37667	brachialis			NO_MATCH	Плечевая мышца	KEEP	Плечевая мышца	No deterministic QA defect detected; normative Russian source not independently confirmed.	MEDIUM
FMA37668	right brachialis			NO_MATCH	Правый брачиалис	REVIEW		Needs external Russian anatomical terminology verification.	LOW
FMA37669	left brachialis			NO_MATCH	Левый брачиалис	REVIEW		Needs external Russian anatomical terminology verification.	LOW
FMA37682	short head of biceps brachii	caput breve musculi bicipitis brachii	short head of biceps brachii	EXACT	Короткая головка двуглавая мышца плеча	APPLY	Короткая головка двуглавой мышцы плеча	Exact TA2 mapping and unambiguous Russian correction; no source information is lost.	HIGH
FMA37683	long head of biceps brachii	caput longum musculi bicipitis brachii	long head of biceps brachii	EXACT	Длинная головка двуглавая мышца плеча	APPLY	Длинная головка двуглавой мышцы плеча	Exact TA2 mapping and unambiguous Russian correction; no source information is lost.	HIGH
FMA37684	short head of right biceps brachii	caput breve musculi bicipitis brachii	short head of biceps brachii	PROBABLE	Короткая головка правый двуглавая мышца плеча	APPLY	Короткая головка Правая двуглавая мышца плеча	Candidate from QA (laterality); requires final Russian terminology review before application.	MEDIUM
FMA37685	short head of left biceps brachii	caput breve musculi bicipitis brachii	short head of biceps brachii	PROBABLE	Короткая головка левый двуглавая мышца плеча	APPLY	Короткая головка Левая двуглавая мышца плеча	Candidate from QA (laterality); requires final Russian terminology review before application.	MEDIUM
FMA37686	long head of right biceps brachii	caput longum musculi bicipitis brachii	long head of biceps brachii	PROBABLE	Длинная головка правый двуглавая мышца плеча	APPLY	Длинная головка Правая двуглавая мышца плеча	Candidate from QA (laterality); requires final Russian terminology review before application.	MEDIUM
FMA37687	long head of left biceps brachii	caput longum musculi bicipitis brachii	long head of biceps brachii	PROBABLE	Длинная головка левый двуглавая мышца плеча	APPLY	Длинная головка Левая двуглавая мышца плеча	Candidate from QA (laterality); requires final Russian terminology review before application.	MEDIUM
FMA37692	long head of triceps brachii	caput longum musculi tricipitis brachii	long head of triceps brachii	EXACT	Длинная головка трёхглавая мышца плеча	APPLY	Длинная головка трёхглавой мышцы плеча	Exact TA2 mapping and unambiguous Russian correction; no source information is lost.	HIGH
FMA37693	medial head of triceps brachii	caput mediale musculi tricipitis brachii	medial head of triceps brachii	EXACT	Медиальная головка трёхглавая мышца плеча	APPLY	Медиальная головка трёхглавой мышцы плеча	Exact TA2 mapping and unambiguous Russian correction; no source information is lost.	HIGH
FMA37694	lateral head of triceps brachii	caput laterale musculi tricipitis brachii	lateral head of triceps brachii	EXACT	Латеральная головка трёхглавая мышца плеча	APPLY	Латеральная головка трёхглавой мышцы плеча	Exact TA2 mapping and unambiguous Russian correction; no source information is lost.	HIGH
FMA37695	medial head of right triceps brachii	caput mediale musculi tricipitis brachii	medial head of triceps brachii	PROBABLE	Медиальная головка правый трёхглавая мышца плеча	APPLY	Медиальная головка Правая трёхглавая мышца плеча	Candidate from QA (laterality); requires final Russian terminology review before application.	MEDIUM
FMA37696	medial head of left triceps brachii	caput mediale musculi tricipitis brachii	medial head of triceps brachii	PROBABLE	Медиальная головка левый трёхглавая мышца плеча	APPLY	Медиальная головка Левая трёхглавая мышца плеча	Candidate from QA (laterality); requires final Russian terminology review before application.	MEDIUM
FMA37697	lateral head of right triceps brachii	caput laterale musculi tricipitis brachii	lateral head of triceps brachii	PROBABLE	Латеральная головка правый трёхглавая мышца плеча	APPLY	Латеральная головка Правая трёхглавая мышца плеча	Candidate from QA (laterality); requires final Russian terminology review before application.	MEDIUM
FMA37698	lateral head of left triceps brachii	caput laterale musculi tricipitis brachii	lateral head of triceps brachii	PROBABLE	Латеральная головка левый трёхглавая мышца плеча	APPLY	Латеральная головка Левая трёхглавая мышца плеча	Candidate from QA (laterality); requires final Russian terminology review before application.	MEDIUM
FMA37699	long head of right triceps brachii	caput longum musculi tricipitis brachii	long head of triceps brachii	PROBABLE	Длинная головка правый трёхглавая мышца плеча	APPLY	Длинная головка Правая трёхглавая мышца плеча	Candidate from QA (laterality); requires final Russian terminology review before application.	MEDIUM
FMA37700	long head of left triceps brachii	caput longum musculi tricipitis brachii	long head of triceps brachii	PROBABLE	Длинная головка левый трёхглавая мышца плеча	APPLY	Длинная головка Левая трёхглавая мышца плеча	Candidate from QA (laterality); requires final Russian terminology review before application.	MEDIUM
FMA37704	anconeus			NO_MATCH	Локтевая мышца	KEEP	Локтевая мышца	No deterministic QA defect detected; normative Russian source not independently confirmed.	MEDIUM
FMA37705	right anconeus			NO_MATCH	Правый анконэус	REVIEW		Needs external Russian anatomical terminology verification.	LOW
FMA37706	left anconeus			NO_MATCH	Левый анконэус	REVIEW		Needs external Russian anatomical terminology verification.	LOW
FMA37711	muscle of anterior compartment of arm			NO_MATCH	Мышца передняя компартмент плечо	REVIEW		Needs external Russian anatomical terminology verification.	LOW
FMA37712	muscle of posterior compartment of arm			NO_MATCH	Мышца задняя компартмент плечо	REVIEW		Needs external Russian anatomical terminology verification.	LOW
FMA37717	first lumbrical of right foot			NO_MATCH	Первая червеобразная правый стопа	KEEP	Первая червеобразная правый стопа	No deterministic QA defect detected; normative Russian source not independently confirmed.	MEDIUM
FMA37718	first lumbrical of left foot			NO_MATCH	Первая червеобразная левый стопа	KEEP	Первая червеобразная левый стопа	No deterministic QA defect detected; normative Russian source not independently confirmed.	MEDIUM
FMA37719	second lumbrical of right foot			NO_MATCH	Вторая червеобразная правый стопа	KEEP	Вторая червеобразная правый стопа	No deterministic QA defect detected; normative Russian source not independently confirmed.	MEDIUM
FMA37720	second lumbrical of left foot			NO_MATCH	Вторая червеобразная левый стопа	KEEP	Вторая червеобразная левый стопа	No deterministic QA defect detected; normative Russian source not independently confirmed.	MEDIUM
FMA37738	first plantar interosseous of foot			NO_MATCH	Первая подошвенная межкостная стопа	KEEP	Первая подошвенная межкостная стопа	No deterministic QA defect detected; normative Russian source not independently confirmed.	MEDIUM
FMA37739	second plantar interosseous of foot			NO_MATCH	Вторая подошвенная межкостная стопа	KEEP	Вторая подошвенная межкостная стопа	No deterministic QA defect detected; normative Russian source not independently confirmed.	MEDIUM
FMA37740	third plantar interosseous of foot			NO_MATCH	Третья подошвенная межкостная стопа	KEEP	Третья подошвенная межкостная стопа	No deterministic QA defect detected; normative Russian source not independently confirmed.	MEDIUM
FMA37741	third plantar interosseous of right foot			NO_MATCH	Третья подошвенная межкостная правый стопа	REVIEW		Needs external Russian anatomical terminology verification.	LOW
FMA37742	third plantar interosseous of left foot			NO_MATCH	Третья подошвенная межкостная левый стопа	REVIEW		Needs external Russian anatomical terminology verification.	LOW
FMA37743	second plantar interosseous of right foot			NO_MATCH	Вторая подошвенная межкостная правый стопа	REVIEW		Needs external Russian anatomical terminology verification.	LOW
FMA37744	second plantar interosseous of left foot			NO_MATCH	Вторая подошвенная межкостная левый стопа	REVIEW		Needs external Russian anatomical terminology verification.	LOW
FMA37745	first plantar interosseous of right foot			NO_MATCH	Первая подошвенная межкостная правый стопа	REVIEW		Needs external Russian anatomical terminology verification.	LOW
FMA37746	first plantar interosseous of left foot			NO_MATCH	Первая подошвенная межкостная левый стопа	REVIEW		Needs external Russian anatomical terminology verification.	LOW
FMA38453	pronator quadratus	pronator quadratus	pronator quadratus	EXACT	Круглый пронатор квадратус	KEEP	Круглый пронатор квадратус	No deterministic QA defect detected; normative Russian source not independently confirmed.	MEDIUM
FMA38454	right pronator quadratus	pronator quadratus	pronator quadratus	PROBABLE	Правый круглый пронатор квадратус	REVIEW		Needs external Russian anatomical terminology verification.	LOW
FMA38455	left pronator quadratus	pronator quadratus	pronator quadratus	PROBABLE	Левый круглый пронатор квадратус	REVIEW		Needs external Russian anatomical terminology verification.	LOW
FMA38456	muscle of anterior compartment of forearm			NO_MATCH	Мышца передняя компартмент предплечье	REVIEW		Needs external Russian anatomical terminology verification.	LOW
FMA38459	flexor carpi radialis	flexor radialis carpi	flexor carpi radialis	EXACT	Лучевой сгибатель запястья	KEEP	Лучевой сгибатель запястья	No deterministic QA defect detected; normative Russian source not independently confirmed.	MEDIUM
FMA38460	right flexor carpi radialis	flexor radialis carpi	flexor carpi radialis	PROBABLE	Правый лучевой сгибатель запястья	REVIEW		Needs external Russian anatomical terminology verification.	LOW
FMA38461	left flexor carpi radialis	flexor radialis carpi	flexor carpi radialis	PROBABLE	Левый лучевой сгибатель запястья	REVIEW		Needs external Russian anatomical terminology verification.	LOW
FMA38462	palmaris longus			NO_MATCH	Палмарис длинная	KEEP	Палмарис длинная	No deterministic QA defect detected; normative Russian source not independently confirmed.	MEDIUM
FMA38463	right palmaris longus			NO_MATCH	Правый палмарис длинная	REVIEW		Needs external Russian anatomical terminology verification.	LOW
FMA38464	left palmaris longus			NO_MATCH	Левый палмарис длинная	REVIEW		Needs external Russian anatomical terminology verification.	LOW
FMA38469	flexor digitorum superficialis	flexor superficialis digitorum	flexor digitorum superficialis	EXACT	Сгибатель пальцев супэрфикиалис	KEEP	Сгибатель пальцев супэрфикиалис	No deterministic QA defect detected; normative Russian source not independently confirmed.	MEDIUM
FMA38470	right flexor digitorum superficialis	flexor superficialis digitorum	flexor digitorum superficialis	PROBABLE	Правый сгибатель пальцев супэрфикиалис	REVIEW		Needs external Russian anatomical terminology verification.	LOW
FMA38471	left flexor digitorum superficialis	flexor superficialis digitorum	flexor digitorum superficialis	PROBABLE	Левый сгибатель пальцев супэрфикиалис	REVIEW		Needs external Russian anatomical terminology verification.	LOW
FMA38472	superficial muscle of anterior compartment of forearm			NO_MATCH	Поверхностная мышца передняя компартмент предплечье	REVIEW		Needs external Russian anatomical terminology verification.	LOW
FMA38475	deep muscle of anterior compartment of forearm			NO_MATCH	Глубокая мышца передняя компартмент предплечье	REVIEW		Needs external Russian anatomical terminology verification.	LOW
FMA38478	flexor digitorum profundus	flexor profundus digitorum	flexor digitorum profundus	EXACT	Сгибатель пальцев профундус	KEEP	Сгибатель пальцев профундус	No deterministic QA defect detected; normative Russian source not independently confirmed.	MEDIUM
FMA38479	right flexor digitorum profundus	flexor profundus digitorum	flexor digitorum profundus	PROBABLE	Правый сгибатель пальцев профундус	REVIEW		Needs external Russian anatomical terminology verification.	LOW
FMA38480	left flexor digitorum profundus	flexor profundus digitorum	flexor digitorum profundus	PROBABLE	Левый сгибатель пальцев профундус	REVIEW		Needs external Russian anatomical terminology verification.	LOW
FMA38481	flexor pollicis longus	flexor longus pollicis	flexor pollicis longus	EXACT	Сгибатель большого пальца кисти длинная	APPLY	Длинная мышца, сгибающая большой палец кисти	Exact TA2 mapping and unambiguous Russian correction; no source information is lost.	HIGH
FMA38482	right flexor pollicis longus	flexor longus pollicis	flexor pollicis longus	PROBABLE	Правый сгибатель большого пальца кисти длинная	REVIEW		Needs external Russian anatomical terminology verification.	LOW
FMA38484	left flexor pollicis longus	flexor longus pollicis	flexor pollicis longus	PROBABLE	Левый сгибатель большого пальца кисти длинная	REVIEW		Needs external Russian anatomical terminology verification.	LOW
FMA38485	brachioradialis			NO_MATCH	Плечелучевая мышца	KEEP	Плечелучевая мышца	No deterministic QA defect detected; normative Russian source not independently confirmed.	MEDIUM
FMA38486	right brachioradialis			NO_MATCH	Правая плечелучевая мышца	REVIEW		Needs external Russian anatomical terminology verification.	LOW
FMA38487	left brachioradialis			NO_MATCH	Левая плечелучевая мышца	REVIEW		Needs external Russian anatomical terminology verification.	LOW
FMA38488	muscle of posterior compartment of forearm			NO_MATCH	Мышца задняя компартмент предплечье	REVIEW		Needs external Russian anatomical terminology verification.	LOW
FMA38491	superficial muscle of posterior compartment of forearm			NO_MATCH	Поверхностная мышца задняя компартмент предплечье	REVIEW		Needs external Russian anatomical terminology verification.	LOW
FMA38494	extensor carpi radialis longus	extensor radialis longus carpi	extensor carpi radialis longus	EXACT	Длинная лучевая мышца, разгибающая запястье	KEEP	Длинная лучевая мышца, разгибающая запястье	Exact TA2 mapping; current Russian term is grammatical and semantically complete.	HIGH
FMA38495	right extensor carpi radialis longus	extensor radialis longus carpi	extensor carpi radialis longus	PROBABLE	Правый длинная лучевая мышца, разгибающая запястье	REVIEW		Needs external Russian anatomical terminology verification.	LOW
FMA38496	left extensor carpi radialis longus	extensor radialis longus carpi	extensor carpi radialis longus	PROBABLE	Левый длинная лучевая мышца, разгибающая запястье	REVIEW		Needs external Russian anatomical terminology verification.	LOW
FMA38497	extensor carpi radialis brevis	extensor radialis brevis carpi	extensor carpi radialis brevis	EXACT	Короткая лучевая мышца, разгибающая запястье	KEEP	Короткая лучевая мышца, разгибающая запястье	Exact TA2 mapping; current Russian term is grammatical and semantically complete.	HIGH
FMA38498	right extensor carpi radialis brevis	extensor radialis brevis carpi	extensor carpi radialis brevis	PROBABLE	Правый короткая лучевая мышца, разгибающая запястье	REVIEW		Needs external Russian anatomical terminology verification.	LOW
FMA38499	left extensor carpi radialis brevis	extensor radialis brevis carpi	extensor carpi radialis brevis	PROBABLE	Левый короткая лучевая мышца, разгибающая запястье	REVIEW		Needs external Russian anatomical terminology verification.	LOW
FMA38500	extensor digitorum	extensor digitorum	extensor digitorum	EXACT	Разгибатель пальцев	KEEP	Разгибатель пальцев	No deterministic QA defect detected; normative Russian source not independently confirmed.	MEDIUM
FMA38501	right extensor digitorum	extensor digitorum	extensor digitorum	PROBABLE	Правый разгибатель пальцев	REVIEW		Needs external Russian anatomical terminology verification.	LOW
FMA38502	left extensor digitorum	extensor digitorum	extensor digitorum	PROBABLE	Левый разгибатель пальцев	REVIEW		Needs external Russian anatomical terminology verification.	LOW
FMA38503	extensor digiti minimi	extensor digiti minimi	extensor digiti minimi	EXACT	Разгибатель пальца мизинца	KEEP	Разгибатель пальца мизинца	No deterministic QA defect detected; normative Russian source not independently confirmed.	MEDIUM
FMA38504	right extensor digiti minimi	extensor digiti minimi	extensor digiti minimi	PROBABLE	Правый разгибатель пальца мизинца	REVIEW		Needs external Russian anatomical terminology verification.	LOW
FMA38505	left extensor digiti minimi	extensor digiti minimi	extensor digiti minimi	PROBABLE	Левый разгибатель пальца мизинца	REVIEW		Needs external Russian anatomical terminology verification.	LOW
FMA38506	extensor carpi ulnaris	extensor ulnaris carpi	extensor carpi ulnaris	EXACT	Разгибатель кисти улнарис	KEEP	Разгибатель кисти улнарис	No deterministic QA defect detected; normative Russian source not independently confirmed.	MEDIUM
FMA38507	right extensor carpi ulnaris	extensor ulnaris carpi	extensor carpi ulnaris	PROBABLE	Правый разгибатель кисти улнарис	REVIEW		Needs external Russian anatomical terminology verification.	LOW
FMA38508	left extensor carpi ulnaris	extensor ulnaris carpi	extensor carpi ulnaris	PROBABLE	Левый разгибатель кисти улнарис	REVIEW		Needs external Russian anatomical terminology verification.	LOW
FMA38509	deep muscle of posterior compartment of forearm			NO_MATCH	Глубокая мышца задняя компартмент предплечье	REVIEW		Needs external Russian anatomical terminology verification.	LOW
FMA38512	supinator	supinator	supinator	EXACT	Супинатор	KEEP	Супинатор	No deterministic QA defect detected; normative Russian source not independently confirmed.	MEDIUM
FMA38513	right supinator	supinator	supinator	PROBABLE	Правый супинатор	REVIEW		Needs external Russian anatomical terminology verification.	LOW
FMA38514	left supinator	supinator	supinator	PROBABLE	Левый супинатор	REVIEW		Needs external Russian anatomical terminology verification.	LOW
FMA38515	abductor pollicis longus	abductor longus pollicis	abductor pollicis longus	EXACT	Длинная мышца, отводящая большой палец кисти	KEEP	Длинная мышца, отводящая большой палец кисти	Exact TA2 mapping; current Russian term is grammatical and semantically complete.	HIGH
FMA38516	right abductor pollicis longus	abductor longus pollicis	abductor pollicis longus	PROBABLE	Правый отводящая мышца большого пальца кисти длинная	APPLY	Правая отводящая мышца большого пальца кисти длинная	Candidate from QA (laterality; lost_information); requires final Russian terminology review before application.	MEDIUM
FMA38517	left abductor pollicis longus	abductor longus pollicis	abductor pollicis longus	PROBABLE	Левый отводящая мышца большого пальца кисти длинная	APPLY	Левая отводящая мышца большого пальца кисти длинная	Candidate from QA (laterality; lost_information); requires final Russian terminology review before application.	MEDIUM
FMA38518	extensor pollicis brevis	extensor brevis pollicis	extensor pollicis brevis	EXACT	Разгибатель большого пальца кисти короткая	APPLY	Короткая мышца, разгибающая большой палец кисти	Exact TA2 mapping and unambiguous Russian correction; no source information is lost.	HIGH
FMA38519	right extensor pollicis brevis	extensor brevis pollicis	extensor pollicis brevis	PROBABLE	Правый разгибатель большого пальца кисти короткая	REVIEW		Needs external Russian anatomical terminology verification.	LOW
FMA38520	left extensor pollicis brevis	extensor brevis pollicis	extensor pollicis brevis	PROBABLE	Левый разгибатель большого пальца кисти короткая	REVIEW		Needs external Russian anatomical terminology verification.	LOW
FMA38521	extensor pollicis longus	extensor longus pollicis	extensor pollicis longus	EXACT	Разгибатель большого пальца кисти длинная	APPLY	Длинная мышца, разгибающая большой палец кисти	Exact TA2 mapping and unambiguous Russian correction; no source information is lost.	HIGH
FMA38522	right extensor pollicis longus	extensor longus pollicis	extensor pollicis longus	PROBABLE	Правый разгибатель большого пальца кисти длинная	REVIEW		Needs external Russian anatomical terminology verification.	LOW
FMA38523	left extensor pollicis longus	extensor longus pollicis	extensor pollicis longus	PROBABLE	Левый разгибатель большого пальца кисти длинная	REVIEW		Needs external Russian anatomical terminology verification.	LOW
FMA38524	extensor indicis	extensor indicis	extensor indicis	EXACT	Разгибатель индикис	KEEP	Разгибатель индикис	No deterministic QA defect detected; normative Russian source not independently confirmed.	MEDIUM
FMA38525	right extensor indicis	extensor indicis	extensor indicis	PROBABLE	Правый разгибатель индикис	REVIEW		Needs external Russian anatomical terminology verification.	LOW
FMA38526	left extensor indicis	extensor indicis	extensor indicis	PROBABLE	Левый разгибатель индикис	REVIEW		Needs external Russian anatomical terminology verification.	LOW
FMA38558	humeral head of pronator teres	caput superficiale pronatoris teretis	superficial head of pronator teres	EXACT	Плечевая головка круглого пронатора	KEEP	Плечевая головка круглого пронатора	No deterministic QA defect detected; normative Russian source not independently confirmed.	MEDIUM
FMA38559	ulnar head of pronator teres	caput profundum pronatoris teretis	deep head of pronator teres	EXACT	Локтевая головка круглого пронатора	KEEP	Локтевая головка круглого пронатора	No deterministic QA defect detected; normative Russian source not independently confirmed.	MEDIUM
FMA38560	humeral head of right pronator teres	caput superficiale pronatoris teretis	superficial head of pronator teres	PROBABLE	Плечевая головка правого круглого пронатора	REVIEW		Needs external Russian anatomical terminology verification.	LOW
FMA38561	humeral head of left pronator teres	caput superficiale pronatoris teretis	superficial head of pronator teres	PROBABLE	Плечевая головка левого круглого пронатора	REVIEW		Needs external Russian anatomical terminology verification.	LOW
FMA38562	ulnar head of right pronator teres	caput profundum pronatoris teretis	deep head of pronator teres	PROBABLE	Локтевая головка правого круглого пронатора	REVIEW		Needs external Russian anatomical terminology verification.	LOW
FMA38563	ulnar head of left pronator teres	caput profundum pronatoris teretis	deep head of pronator teres	PROBABLE	Локтевая головка левого круглого пронатора	REVIEW		Needs external Russian anatomical terminology verification.	LOW
FMA38615	humeral head of flexor carpi ulnaris	caput humerale flexoris ulnaris carpi	humeral head of flexor carpi ulnaris	EXACT	Плечевая головка локтевого сгибателя запястья	KEEP	Плечевая головка локтевого сгибателя запястья	Exact TA2 mapping; current Russian term is grammatical and semantically complete.	HIGH
FMA38616	ulnar head of flexor carpi ulnaris	caput ulnare flexoris ulnaris carpi	ulnar head of flexor carpi ulnaris	EXACT	Локтевая головка сгибатель кисти улнарис	REVIEW		Needs external Russian anatomical terminology verification.	LOW
FMA38617	humeral head of right flexor carpi ulnaris	caput humerale flexoris ulnaris carpi	humeral head of flexor carpi ulnaris	PROBABLE	Плечевая головка правого локтевого сгибателя запястья	REVIEW		Needs external Russian anatomical terminology verification.	LOW
FMA38618	humeral head of left flexor carpi ulnaris	caput humerale flexoris ulnaris carpi	humeral head of flexor carpi ulnaris	PROBABLE	Плечевая головка левого локтевого сгибателя запястья	REVIEW		Needs external Russian anatomical terminology verification.	LOW
FMA38619	ulnar head of right flexor carpi ulnaris	caput ulnare flexoris ulnaris carpi	ulnar head of flexor carpi ulnaris	PROBABLE	Локтевая головка правый сгибатель кисти улнарис	REVIEW		Needs external Russian anatomical terminology verification.	LOW
FMA38620	ulnar head of left flexor carpi ulnaris	caput ulnare flexoris ulnaris carpi	ulnar head of flexor carpi ulnaris	PROBABLE	Локтевая головка левый сгибатель кисти улнарис	REVIEW		Needs external Russian anatomical terminology verification.	LOW
FMA38928	right rectus femoris			NO_MATCH	Правый прямая мышца бедра	APPLY	Правая прямая мышца бедра	Candidate from QA (laterality; lost_information); requires final Russian terminology review before application.	MEDIUM
FMA38929	left rectus femoris			NO_MATCH	Левый прямая мышца бедра	APPLY	Левая прямая мышца бедра	Candidate from QA (laterality; lost_information); requires final Russian terminology review before application.	MEDIUM
FMA38930	right vastus lateralis			NO_MATCH	Правый вастус латеральная	REVIEW		Needs external Russian anatomical terminology verification.	LOW
FMA38931	left vastus lateralis			NO_MATCH	Левый вастус латеральная	REVIEW		Needs external Russian anatomical terminology verification.	LOW
FMA38932	right vastus medialis			NO_MATCH	Правый вастус медиальная	REVIEW		Needs external Russian anatomical terminology verification.	LOW
FMA38933	left vastus medialis			NO_MATCH	Левый вастус медиальная	REVIEW		Needs external Russian anatomical terminology verification.	LOW
FMA38934	right vastus intermedius			NO_MATCH	Правый вастус интэрмэдиус	REVIEW		Needs external Russian anatomical terminology verification.	LOW
FMA38935	left vastus intermedius			NO_MATCH	Левый вастус интэрмэдиус	REVIEW		Needs external Russian anatomical terminology verification.	LOW
FMA39988	flexor retinaculum of wrist	retinaculum flexorium carpi	flexor retinaculum of wrist	EXACT	Сгибатель удерживатель запястье	KEEP	Сгибатель удерживатель запястье	No deterministic QA defect detected; normative Russian source not independently confirmed.	MEDIUM
FMA40120	flexor retinaculum of right wrist	retinaculum flexorium carpi	flexor retinaculum of wrist	PROBABLE	Сгибатель удерживатель правый запястье	KEEP	Сгибатель удерживатель правый запястье	No deterministic QA defect detected; normative Russian source not independently confirmed.	MEDIUM
FMA40121	flexor retinaculum of left wrist	retinaculum flexorium carpi	flexor retinaculum of wrist	PROBABLE	Сгибатель удерживатель левый запястье	KEEP	Сгибатель удерживатель левый запястье	No deterministic QA defect detected; normative Russian source not independently confirmed.	MEDIUM
FMA42380	intrinsic muscle of hand			NO_MATCH	Собственная мышца кисти	KEEP	Собственная мышца кисти	No deterministic QA defect detected; normative Russian source not independently confirmed.	MEDIUM
FMA42398	set of lumbricals of right hand			NO_MATCH	Совокупность червеобразных мышц правой кисти	REVIEW		Needs external Russian anatomical terminology verification.	LOW
FMA42399	set of lumbricals of left hand			NO_MATCH	Совокупность червеобразных мышц левой кисти	REVIEW		Needs external Russian anatomical terminology verification.	LOW
FMA42402	set of palmar interossei of right hand			NO_MATCH	Совокупность ладонных межкостных мышц правой кисти	REVIEW		Needs external Russian anatomical terminology verification.	LOW
FMA42403	set of palmar interossei of left hand			NO_MATCH	Совокупность ладонных межкостных мышц левой кисти	REVIEW		Needs external Russian anatomical terminology verification.	LOW
FMA42404	set of dorsal interossei of right hand			NO_MATCH	Совокупность тыльных межкостных мышц правой кисти	REVIEW		Needs external Russian anatomical terminology verification.	LOW
FMA42405	set of dorsal interossei of left hand			NO_MATCH	Совокупность тыльных межкостных мышц левой кисти	REVIEW		Needs external Russian anatomical terminology verification.	LOW
FMA42603	organ component cluster			NO_MATCH	Орган компонент клустэр	KEEP	Орган компонент клустэр	No deterministic QA defect detected; normative Russian source not independently confirmed.	MEDIUM
FMA43252	proximal phalanx of big toe			NO_MATCH	Проксимальная фаланга биг палец стопы	REVIEW		Needs external Russian anatomical terminology verification.	LOW
FMA43253	proximal phalanx of right big toe			NO_MATCH	Проксимальная фаланга правый биг палец стопы	REVIEW		Needs external Russian anatomical terminology verification.	LOW
FMA43254	proximal phalanx of left big toe			NO_MATCH	Проксимальная фаланга левый биг палец стопы	REVIEW		Needs external Russian anatomical terminology verification.	LOW
FMA43882	gracilis			NO_MATCH	Тонкая мышца	KEEP	Тонкая мышца	No deterministic QA defect detected; normative Russian source not independently confirmed.	MEDIUM
FMA43883	right gracilis			NO_MATCH	Правый тонкая мышца	APPLY	Правая тонкая мышца	Candidate from QA (laterality; lost_information); requires final Russian terminology review before application.	MEDIUM
FMA43884	left gracilis			NO_MATCH	Левый тонкая мышца	APPLY	Левая тонкая мышца	Candidate from QA (laterality; lost_information); requires final Russian terminology review before application.	MEDIUM
FMA43885	adductor minimus	adductor minimus	adductor minimus	EXACT	Малая приводящая мышца	KEEP	Малая приводящая мышца	No deterministic QA defect detected; normative Russian source not independently confirmed.	MEDIUM
FMA43886	right adductor minimus	adductor minimus	adductor minimus	PROBABLE	Правый приводящая мышца минимус	APPLY	Правая приводящая мышца минимус	Candidate from QA (laterality; lost_information); requires final Russian terminology review before application.	MEDIUM
FMA43887	left adductor minimus	adductor minimus	adductor minimus	PROBABLE	Левый приводящая мышца минимус	APPLY	Левая приводящая мышца минимус	Candidate from QA (laterality; lost_information); requires final Russian terminology review before application.	MEDIUM
FMA43888	inferior lateral genicular artery	arteria inferior lateralis genus	inferior lateral genicular artery	EXACT	Нижняя латеральная коленная артерия	KEEP	Нижняя латеральная коленная артерия	No deterministic QA defect detected; normative Russian source not independently confirmed.	MEDIUM
FMA43889	inferior medial genicular artery	arteria inferior medialis genus	inferior medial genicular artery	EXACT	Нижняя медиальная коленная артерия	KEEP	Нижняя медиальная коленная артерия	No deterministic QA defect detected; normative Russian source not independently confirmed.	MEDIUM
FMA43890	right inferior medial genicular artery	arteria inferior medialis genus	inferior medial genicular artery	PROBABLE	Правый нижняя медиальная коленная артерия	APPLY	Правая нижняя медиальная коленная артерия	Candidate from QA (laterality; lost_information); requires final Russian terminology review before application.	MEDIUM
FMA43891	left inferior medial genicular artery	arteria inferior medialis genus	inferior medial genicular artery	PROBABLE	Левый нижняя медиальная коленная артерия	APPLY	Левая нижняя медиальная коленная артерия	Candidate from QA (laterality; lost_information); requires final Russian terminology review before application.	MEDIUM
FMA43892	right inferior lateral genicular artery	arteria inferior lateralis genus	inferior lateral genicular artery	PROBABLE	Правый нижняя латеральная коленная артерия	APPLY	Правая нижняя латеральная коленная артерия	Candidate from QA (laterality; lost_information); requires final Russian terminology review before application.	MEDIUM
FMA43893	left inferior lateral genicular artery	arteria inferior lateralis genus	inferior lateral genicular artery	PROBABLE	Левый нижняя латеральная коленная артерия	APPLY	Левая нижняя латеральная коленная артерия	Candidate from QA (laterality; lost_information); requires final Russian terminology review before application.	MEDIUM
FMA43894	anterior tibial artery	arteria tibialis anterior	anterior tibial artery	EXACT	Передняя большеберцовая артерия	KEEP	Передняя большеберцовая артерия	No deterministic QA defect detected; normative Russian source not independently confirmed.	MEDIUM
FMA43895	posterior tibial artery	arteria tibialis posterior	posterior tibial artery	EXACT	Задняя большеберцовая артерия	KEEP	Задняя большеберцовая артерия	No deterministic QA defect detected; normative Russian source not independently confirmed.	MEDIUM
FMA43896	right anterior tibial artery	arteria tibialis anterior	anterior tibial artery	PROBABLE	Правый передняя большеберцовая артерия	APPLY	Правая передняя большеберцовая артерия	Candidate from QA (laterality; lost_information); requires final Russian terminology review before application.	MEDIUM
FMA43897	left anterior tibial artery	arteria tibialis anterior	anterior tibial artery	PROBABLE	Левый передняя большеберцовая артерия	APPLY	Левая передняя большеберцовая артерия	Candidate from QA (laterality; lost_information); requires final Russian terminology review before application.	MEDIUM
FMA43898	right posterior tibial artery	arteria tibialis posterior	posterior tibial artery	PROBABLE	Правый задняя большеберцовая артерия	APPLY	Правая задняя большеберцовая артерия	Candidate from QA (laterality; lost_information); requires final Russian terminology review before application.	MEDIUM
FMA43899	left posterior tibial artery	arteria tibialis posterior	posterior tibial artery	PROBABLE	Левый задняя большеберцовая артерия	APPLY	Левая задняя большеберцовая артерия	Candidate from QA (laterality; lost_information); requires final Russian terminology review before application.	MEDIUM
FMA43901	subdivision of posterior tibial artery			NO_MATCH	Подразделение задняя большеберцовая артерия	KEEP	Подразделение задняя большеберцовая артерия	No deterministic QA defect detected; normative Russian source not independently confirmed.	MEDIUM
FMA43902	anterior tibial recurrent artery	arteria recurrens tibialis anterior	anterior tibial recurrent artery	EXACT	Передняя возвратная большеберцовая артерия	KEEP	Передняя возвратная большеберцовая артерия	No deterministic QA defect detected; normative Russian source not independently confirmed.	MEDIUM
FMA43907	right anterior tibial recurrent artery	arteria recurrens tibialis anterior	anterior tibial recurrent artery	PROBABLE	Правый передняя большеберцовая возвратная артерия	APPLY	Правая передняя большеберцовая возвратная артерия	Candidate from QA (laterality; lost_information); requires final Russian terminology review before application.	MEDIUM
FMA43908	left anterior tibial recurrent artery	arteria recurrens tibialis anterior	anterior tibial recurrent artery	PROBABLE	Левый передняя большеберцовая возвратная артерия	APPLY	Левая передняя большеберцовая возвратная артерия	Candidate from QA (laterality; lost_information); requires final Russian terminology review before application.	MEDIUM
FMA43915	dorsalis pedis artery	arteria dorsalis pedis	dorsalis pedis artery	EXACT	Дорсалис пэдис артерия	KEEP	Дорсалис пэдис артерия	No deterministic QA defect detected; normative Russian source not independently confirmed.	MEDIUM
FMA43916	right dorsalis pedis artery	arteria dorsalis pedis	dorsalis pedis artery	PROBABLE	Правый дорсалис пэдис артерия	APPLY	Правая дорсалис пэдис артерия	Candidate from QA (laterality; lost_information); requires final Russian terminology review before application.	MEDIUM
FMA43917	left dorsalis pedis artery	arteria dorsalis pedis	dorsalis pedis artery	PROBABLE	Левый дорсалис пэдис артерия	APPLY	Левая дорсалис пэдис артерия	Candidate from QA (laterality; lost_information); requires final Russian terminology review before application.	MEDIUM
FMA43925	medial plantar artery	arteria plantaris medialis	medial plantar artery	EXACT	Медиальная подошвенная артерия	KEEP	Медиальная подошвенная артерия	No deterministic QA defect detected; normative Russian source not independently confirmed.	MEDIUM
FMA43926	lateral plantar artery	arteria plantaris lateralis	lateral plantar artery	EXACT	Латеральная подошвенная артерия	KEEP	Латеральная подошвенная артерия	No deterministic QA defect detected; normative Russian source not independently confirmed.	MEDIUM
FMA43929	right medial plantar artery	arteria plantaris medialis	medial plantar artery	PROBABLE	Правый медиальная подошвенная артерия	APPLY	Правая медиальная подошвенная артерия	Candidate from QA (laterality; lost_information); requires final Russian terminology review before application.	MEDIUM
FMA43930	left medial plantar artery	arteria plantaris medialis	medial plantar artery	PROBABLE	Левый медиальная подошвенная артерия	APPLY	Левая медиальная подошвенная артерия	Candidate from QA (laterality; lost_information); requires final Russian terminology review before application.	MEDIUM
FMA43931	right lateral plantar artery	arteria plantaris lateralis	lateral plantar artery	PROBABLE	Правый латеральная подошвенная артерия	APPLY	Правая латеральная подошвенная артерия	Candidate from QA (laterality; lost_information); requires final Russian terminology review before application.	MEDIUM
FMA43932	left lateral plantar artery	arteria plantaris lateralis	lateral plantar artery	PROBABLE	Левый латеральная подошвенная артерия	APPLY	Левая латеральная подошвенная артерия	Candidate from QA (laterality; lost_information); requires final Russian terminology review before application.	MEDIUM
FMA43933	superficial medial plantar artery			NO_MATCH	Поверхностная медиальная подошвенная артерия	KEEP	Поверхностная медиальная подошвенная артерия	No deterministic QA defect detected; normative Russian source not independently confirmed.	MEDIUM
FMA43937	right superficial medial plantar artery			NO_MATCH	Правый поверхностная медиальная подошвенная артерия	APPLY	Правая поверхностная медиальная подошвенная артерия	Candidate from QA (laterality; lost_information); requires final Russian terminology review before application.	MEDIUM
FMA43938	left superficial medial plantar artery			NO_MATCH	Левый поверхностная медиальная подошвенная артерия	APPLY	Левая поверхностная медиальная подошвенная артерия	Candidate from QA (laterality; lost_information); requires final Russian terminology review before application.	MEDIUM
FMA43940	branch of lateral plantar artery			NO_MATCH	Ветвь латеральной подошвенной артерии	REVIEW		Needs external Russian anatomical terminology verification.	LOW
FMA43941	branch of medial plantar artery			NO_MATCH	Ветвь медиальной подошвенной артерии	REVIEW		Needs external Russian anatomical terminology verification.	LOW
FMA43942	plantar arch	arcus plantaris	plantar arch	EXACT	Подошвенная дуга	KEEP	Подошвенная дуга	No deterministic QA defect detected; normative Russian source not independently confirmed.	MEDIUM
FMA43943	right plantar arch	arcus plantaris	plantar arch	PROBABLE	Правый подошвенная дуга	REVIEW		Needs external Russian anatomical terminology verification.	LOW
FMA43944	left plantar arch	arcus plantaris	plantar arch	PROBABLE	Левый подошвенная дуга	REVIEW		Needs external Russian anatomical terminology verification.	LOW
FMA43956	plantar metatarsal artery			NO_MATCH	Подошвенная плюсневая кость артерия	KEEP	Подошвенная плюсневая кость артерия	No deterministic QA defect detected; normative Russian source not independently confirmed.	MEDIUM
FMA44197	tarsal ligament			NO_MATCH	Предплюсневая кость связка	KEEP	Предплюсневая кость связка	No deterministic QA defect detected; normative Russian source not independently confirmed.	MEDIUM
FMA44245	plantar tarsal ligament			NO_MATCH	Подошвенная предплюсневая кость связка	KEEP	Подошвенная предплюсневая кость связка	No deterministic QA defect detected; normative Russian source not independently confirmed.	MEDIUM
FMA44248	long plantar ligament	ligamentum plantare longum	long plantar ligament	EXACT	Длинная подошвенная связка	KEEP	Длинная подошвенная связка	No deterministic QA defect detected; normative Russian source not independently confirmed.	MEDIUM
FMA44249	right long plantar ligament	ligamentum plantare longum	long plantar ligament	PROBABLE	Правый длинная подошвенная связка	REVIEW		Needs external Russian anatomical terminology verification.	LOW
FMA44250	left long plantar ligament	ligamentum plantare longum	long plantar ligament	PROBABLE	Левый длинная подошвенная связка	REVIEW		Needs external Russian anatomical terminology verification.	LOW
FMA44318	superficial epigastric vein	vena epigastrica superficialis	superficial epigastric vein	EXACT	Поверхностная надчревная вена	KEEP	Поверхностная надчревная вена	No deterministic QA defect detected; normative Russian source not independently confirmed.	MEDIUM
FMA44323	tributary of femoral vein			NO_MATCH	Приток бедренная вена	REVIEW		Needs external Russian anatomical terminology verification.	LOW
FMA44324	tributary of deep femoral vein			NO_MATCH	Приток глубокая бедренная вена	REVIEW		Needs external Russian anatomical terminology verification.	LOW
FMA44325	medial circumflex femoral vein			NO_MATCH	Медиальная огибающая бедренная вена	KEEP	Медиальная огибающая бедренная вена	No deterministic QA defect detected; normative Russian source not independently confirmed.	MEDIUM
FMA44326	lateral circumflex femoral vein			NO_MATCH	Латеральная огибающая бедренная вена	KEEP	Латеральная огибающая бедренная вена	No deterministic QA defect detected; normative Russian source not independently confirmed.	MEDIUM
FMA44327	popliteal vein	vena poplitea	popliteal vein	EXACT	Подколенная вена	KEEP	Подколенная вена	No deterministic QA defect detected; normative Russian source not independently confirmed.	MEDIUM
FMA44328	right popliteal vein	vena poplitea	popliteal vein	PROBABLE	Правый подколенная вена	APPLY	Правая подколенная вена	Candidate from QA (laterality; lost_information); requires final Russian terminology review before application.	MEDIUM
FMA44329	left popliteal vein	vena poplitea	popliteal vein	PROBABLE	Левый подколенная вена	APPLY	Левая подколенная вена	Candidate from QA (laterality; lost_information); requires final Russian terminology review before application.	MEDIUM
FMA44330	tributary of popliteal vein			NO_MATCH	Приток подколенная вена	REVIEW		Needs external Russian anatomical terminology verification.	LOW
FMA44331	anterior tibial vein			NO_MATCH	Передняя большеберцовая вена	KEEP	Передняя большеберцовая вена	No deterministic QA defect detected; normative Russian source not independently confirmed.	MEDIUM
FMA44332	posterior tibial vein			NO_MATCH	Задняя большеберцовая вена	KEEP	Задняя большеберцовая вена	No deterministic QA defect detected; normative Russian source not independently confirmed.	MEDIUM
FMA44333	small saphenous vein	vena saphena parva	small saphenous vein	EXACT	Малая подкожная вена	KEEP	Малая подкожная вена	No deterministic QA defect detected; normative Russian source not independently confirmed.	MEDIUM
FMA44334	right small saphenous vein	vena saphena parva	small saphenous vein	PROBABLE	Правый малая подкожная вена	APPLY	Правая малая подкожная вена	Candidate from QA (laterality; lost_information); requires final Russian terminology review before application.	MEDIUM
FMA44335	left small saphenous vein	vena saphena parva	small saphenous vein	PROBABLE	Левый малая подкожная вена	APPLY	Левая малая подкожная вена	Candidate from QA (laterality; lost_information); requires final Russian terminology review before application.	MEDIUM
FMA44336	right anterior tibial vein			NO_MATCH	Правый передняя большеберцовая вена	APPLY	Правая передняя большеберцовая вена	Candidate from QA (laterality; lost_information); requires final Russian terminology review before application.	MEDIUM
FMA44337	left anterior tibial vein			NO_MATCH	Левый передняя большеберцовая вена	APPLY	Левая передняя большеберцовая вена	Candidate from QA (laterality; lost_information); requires final Russian terminology review before application.	MEDIUM
FMA44338	right posterior tibial vein			NO_MATCH	Правый задняя большеберцовая вена	APPLY	Правая задняя большеберцовая вена	Candidate from QA (laterality; lost_information); requires final Russian terminology review before application.	MEDIUM
FMA44339	left posterior tibial vein			NO_MATCH	Левый задняя большеберцовая вена	APPLY	Левая задняя большеберцовая вена	Candidate from QA (laterality; lost_information); requires final Russian terminology review before application.	MEDIUM
FMA44340	right superficial epigastric vein	vena epigastrica superficialis	superficial epigastric vein	PROBABLE	Правый поверхностная надчревная вена	APPLY	Правая поверхностная надчревная вена	Candidate from QA (laterality; lost_information); requires final Russian terminology review before application.	MEDIUM
FMA44341	left superficial epigastric vein	vena epigastrica superficialis	superficial epigastric vein	PROBABLE	Левый поверхностная надчревная вена	APPLY	Левая поверхностная надчревная вена	Candidate from QA (laterality; lost_information); requires final Russian terminology review before application.	MEDIUM
FMA44356	dorsal venous arch of foot	arcus venosus dorsalis pedis	dorsal venous arch of foot	EXACT	Тыльная венозная дуга стопа	KEEP	Тыльная венозная дуга стопа	No deterministic QA defect detected; normative Russian source not independently confirmed.	MEDIUM
FMA44489	plantar venous arch of foot			NO_MATCH	Подошвенная венозная дуга стопа	KEEP	Подошвенная венозная дуга стопа	No deterministic QA defect detected; normative Russian source not independently confirmed.	MEDIUM
FMA44499	tributary of plantar venous arch			NO_MATCH	Приток подошвенная венозная дуга	REVIEW		Needs external Russian anatomical terminology verification.	LOW
FMA44504	plantar metatarsal vein			NO_MATCH	Подошвенная плюсневая кость вена	KEEP	Подошвенная плюсневая кость вена	No deterministic QA defect detected; normative Russian source not independently confirmed.	MEDIUM
FMA44558	fibular vein			NO_MATCH	Малоберцовая вена	KEEP	Малоберцовая вена	No deterministic QA defect detected; normative Russian source not independently confirmed.	MEDIUM
FMA44559	genicular vein			NO_MATCH	Коленная вена	KEEP	Коленная вена	No deterministic QA defect detected; normative Russian source not independently confirmed.	MEDIUM
FMA44594	arcuate artery	arteria arcuata	arcuate artery	EXACT	Дуговая артерия	KEEP	Дуговая артерия	No deterministic QA defect detected; normative Russian source not independently confirmed.	MEDIUM
FMA44595	lateral tarsal artery	arteria tarsea lateralis	lateral tarsal artery	EXACT	Латеральная предплюсневая кость артерия	KEEP	Латеральная предплюсневая кость артерия	No deterministic QA defect detected; normative Russian source not independently confirmed.	MEDIUM
FMA44660	dorsal digital artery of foot			NO_MATCH	Тыльная пальцевая артерия стопа	KEEP	Тыльная пальцевая артерия стопа	No deterministic QA defect detected; normative Russian source not independently confirmed.	MEDIUM
FMA44881	dorsal venous arch of right foot	arcus venosus dorsalis pedis	dorsal venous arch of foot	PROBABLE	Тыльная венозная дуга правый стопа	REVIEW		Needs external Russian anatomical terminology verification.	LOW
FMA44882	dorsal venous arch of left foot	arcus venosus dorsalis pedis	dorsal venous arch of foot	PROBABLE	Тыльная венозная дуга левый стопа	REVIEW		Needs external Russian anatomical terminology verification.	LOW
FMA44883	plantar venous arch of right foot			NO_MATCH	Подошвенная венозная дуга правый стопа	REVIEW		Needs external Russian anatomical terminology verification.	LOW
FMA44884	plantar venous arch of left foot			NO_MATCH	Подошвенная венозная дуга левый стопа	REVIEW		Needs external Russian anatomical terminology verification.	LOW
FMA44885	right fibular vein			NO_MATCH	Правый малоберцовая вена	APPLY	Правая малоберцовая вена	Candidate from QA (laterality; lost_information); requires final Russian terminology review before application.	MEDIUM
FMA44886	left fibular vein			NO_MATCH	Левый малоберцовая вена	APPLY	Левая малоберцовая вена	Candidate from QA (laterality; lost_information); requires final Russian terminology review before application.	MEDIUM
FMA44887	right genicular vein			NO_MATCH	Правый коленная вена	APPLY	Правая коленная вена	Candidate from QA (laterality; lost_information); requires final Russian terminology review before application.	MEDIUM
FMA44888	left genicular vein			NO_MATCH	Левый коленная вена	APPLY	Левая коленная вена	Candidate from QA (laterality; lost_information); requires final Russian terminology review before application.	MEDIUM
FMA44918	right medial circumflex femoral vein			NO_MATCH	Правый медиальная огибающая бедренная вена	APPLY	Правая медиальная огибающая бедренная вена	Candidate from QA (laterality; lost_information); requires final Russian terminology review before application.	MEDIUM
FMA44919	left medial circumflex femoral vein			NO_MATCH	Левый медиальная огибающая бедренная вена	APPLY	Левая медиальная огибающая бедренная вена	Candidate from QA (laterality; lost_information); requires final Russian terminology review before application.	MEDIUM
FMA44920	right lateral circumflex femoral vein			NO_MATCH	Правый латеральная огибающая бедренная вена	APPLY	Правая латеральная огибающая бедренная вена	Candidate from QA (laterality; lost_information); requires final Russian terminology review before application.	MEDIUM
FMA44922	left lateral circumflex femoral vein			NO_MATCH	Левый латеральная огибающая бедренная вена	APPLY	Левая латеральная огибающая бедренная вена	Candidate from QA (laterality; lost_information); requires final Russian terminology review before application.	MEDIUM
FMA45096	sesamoid bone of foot			NO_MATCH	Сэсамоид кость стопа	KEEP	Сэсамоид кость стопа	No deterministic QA defect detected; normative Russian source not independently confirmed.	MEDIUM
FMA45097	sesamoid bone of right foot			NO_MATCH	Сэсамоид кость правый стопа	APPLY	Сэсамоид кость Правая стопа	Candidate from QA (laterality); requires final Russian terminology review before application.	MEDIUM
FMA45098	sesamoid bone of left foot			NO_MATCH	Сэсамоид кость левый стопа	APPLY	Сэсамоид кость Левая стопа	Candidate from QA (laterality); requires final Russian terminology review before application.	MEDIUM
FMA45638	subdivision of nervous system			NO_MATCH	Подразделение нервная система	KEEP	Подразделение нервная система	No deterministic QA defect detected; normative Russian source not independently confirmed.	MEDIUM
FMA45728	anatomical lobe			NO_MATCH	Анатомическая доля	KEEP	Анатомическая доля	No deterministic QA defect detected; normative Russian source not independently confirmed.	MEDIUM
FMA45729	head of organ			NO_MATCH	Головка орган	KEEP	Головка орган	No deterministic QA defect detected; normative Russian source not independently confirmed.	MEDIUM
FMA45732	parenchyma			NO_MATCH	Парэнчйма	KEEP	Парэнчйма	No deterministic QA defect detected; normative Russian source not independently confirmed.	MEDIUM
FMA45734	body of organ			NO_MATCH	Тело органа	KEEP	Тело органа	No deterministic QA defect detected; normative Russian source not independently confirmed.	MEDIUM
FMA45738	platysma	platysma	platysma	EXACT	Платйсма	APPLY	Подкожная мышца шеи	FMA/TA2 structure family with unambiguous Russian grammatical normalization.	HIGH
FMA45739	right platysma	platysma	platysma	PROBABLE	Правый платйсма	APPLY	Правая подкожная мышца шеи	FMA/TA2 structure family with unambiguous Russian grammatical normalization.	HIGH
FMA45740	left platysma	platysma	platysma	PROBABLE	Левый платйсма	APPLY	Левая подкожная мышца шеи	FMA/TA2 structure family with unambiguous Russian grammatical normalization.	HIGH
FMA45826	right stylohyoid			NO_MATCH	Правый шилоподъязычная	REVIEW		Needs external Russian anatomical terminology verification.	LOW
FMA45827	left stylohyoid			NO_MATCH	Левый шилоподъязычная	REVIEW		Needs external Russian anatomical terminology verification.	LOW
FMA45854	right pubococcygeus			NO_MATCH	Правый пубококкйгэус	REVIEW		Needs external Russian anatomical terminology verification.	LOW
FMA45855	left pubococcygeus			NO_MATCH	Левый пубококкйгэус	REVIEW		Needs external Russian anatomical terminology verification.	LOW
FMA45856	right puborectalis			NO_MATCH	Правый пуборэкталис	REVIEW		Needs external Russian anatomical terminology verification.	LOW
FMA45857	left puborectalis			NO_MATCH	Левый пуборэкталис	REVIEW		Needs external Russian anatomical terminology verification.	LOW
FMA45858	right iliococcygeus			NO_MATCH	Правый илиококкйгэус	REVIEW		Needs external Russian anatomical terminology verification.	LOW
FMA45859	left iliococcygeus			NO_MATCH	Левый илиококкйгэус	REVIEW		Needs external Russian anatomical terminology verification.	LOW
FMA45874	abdominal part of right pectoralis major			NO_MATCH	Брюшная часть правой большой грудной мышцы	REVIEW		Needs external Russian anatomical terminology verification.	LOW
FMA45875	abdominal part of left pectoralis major			NO_MATCH	Брюшная часть левой большой грудной мышцы	REVIEW		Needs external Russian anatomical terminology verification.	LOW
FMA45881	head of biceps femoris			NO_MATCH	Головка двуглавая мышца бедра	KEEP	Головка двуглавая мышца бедра	No deterministic QA defect detected; normative Russian source not independently confirmed.	MEDIUM
FMA45887	long head of biceps femoris	caput longum musculi bicipitis femoris	long head of biceps femoris	EXACT	Длинная головка двуглавая мышца бедра	APPLY	Длинная головка двуглавой мышцы бедра	Exact TA2 mapping and unambiguous Russian correction; no source information is lost.	HIGH
FMA45888	long head of right biceps femoris	caput longum musculi bicipitis femoris	long head of biceps femoris	PROBABLE	Длинная головка правый двуглавая мышца бедра	APPLY	Длинная головка Правая двуглавая мышца бедра	Candidate from QA (laterality); requires final Russian terminology review before application.	MEDIUM
FMA45889	long head of left biceps femoris	caput longum musculi bicipitis femoris	long head of biceps femoris	PROBABLE	Длинная головка левый двуглавая мышца бедра	APPLY	Длинная головка Левая двуглавая мышца бедра	Candidate from QA (laterality); requires final Russian terminology review before application.	MEDIUM
FMA45890	short head of biceps femoris	caput breve musculi bicipitis femoris	short head of biceps femoris	EXACT	Короткая головка двуглавая мышца бедра	APPLY	Короткая головка двуглавой мышцы бедра	Exact TA2 mapping and unambiguous Russian correction; no source information is lost.	HIGH
FMA45891	short head of right biceps femoris	caput breve musculi bicipitis femoris	short head of biceps femoris	PROBABLE	Короткая головка правый двуглавая мышца бедра	APPLY	Короткая головка Правая двуглавая мышца бедра	Candidate from QA (laterality); requires final Russian terminology review before application.	MEDIUM
FMA45892	short head of left biceps femoris	caput breve musculi bicipitis femoris	short head of biceps femoris	PROBABLE	Короткая головка левый двуглавая мышца бедра	APPLY	Короткая головка Левая двуглавая мышца бедра	Candidate from QA (laterality); requires final Russian terminology review before application.	MEDIUM
FMA45950	head of gastrocnemius			NO_MATCH	Головка икроножная мышца	KEEP	Головка икроножная мышца	No deterministic QA defect detected; normative Russian source not independently confirmed.	MEDIUM
FMA45956	medial head of gastrocnemius	caput mediale musculi gastrocnemii	medial head of gastrocnemius	EXACT	Медиальная головка икроножная мышца	KEEP	Медиальная головка икроножная мышца	No deterministic QA defect detected; normative Russian source not independently confirmed.	MEDIUM
FMA45957	medial head of right gastrocnemius	caput mediale musculi gastrocnemii	medial head of gastrocnemius	PROBABLE	Медиальная головка правый икроножная мышца	APPLY	Медиальная головка Правая икроножная мышца	Candidate from QA (laterality); requires final Russian terminology review before application.	MEDIUM
FMA45958	medial head of left gastrocnemius	caput mediale musculi gastrocnemii	medial head of gastrocnemius	PROBABLE	Медиальная головка левый икроножная мышца	APPLY	Медиальная головка Левая икроножная мышца	Candidate from QA (laterality); requires final Russian terminology review before application.	MEDIUM
FMA45959	lateral head of gastrocnemius	caput laterale musculi gastrocnemii	lateral head of gastrocnemius	EXACT	Латеральная головка икроножная мышца	KEEP	Латеральная головка икроножная мышца	No deterministic QA defect detected; normative Russian source not independently confirmed.	MEDIUM
FMA45960	lateral head of right gastrocnemius	caput laterale musculi gastrocnemii	lateral head of gastrocnemius	PROBABLE	Латеральная головка правый икроножная мышца	APPLY	Латеральная головка Правая икроножная мышца	Candidate from QA (laterality); requires final Russian terminology review before application.	MEDIUM
FMA45961	lateral head of left gastrocnemius	caput laterale musculi gastrocnemii	lateral head of gastrocnemius	PROBABLE	Латеральная головка левый икроножная мышца	APPLY	Латеральная головка Левая икроножная мышца	Candidate from QA (laterality); requires final Russian terminology review before application.	MEDIUM
FMA45963	head of flexor hallucis brevis			NO_MATCH	Головка сгибатель большого пальца стопы короткая	REVIEW		Needs external Russian anatomical terminology verification.	LOW
FMA45969	medial head of flexor hallucis brevis	caput mediale flexoris brevis hallucis	medial head of flexor hallucis brevis	EXACT	Медиальная головка сгибатель большого пальца стопы короткая	APPLY	Медиальная головка короткого сгибателя большого пальца стопы	Exact TA2 mapping and unambiguous Russian correction; no source information is lost.	HIGH
FMA45970	lateral head of flexor hallucis brevis	caput laterale flexoris brevis hallucis	lateral head of flexor hallucis brevis	EXACT	Латеральная головка сгибатель большого пальца стопы короткая	APPLY	Латеральная головка короткого сгибателя большого пальца стопы	Exact TA2 mapping and unambiguous Russian correction; no source information is lost.	HIGH
FMA45971	medial head of right flexor hallucis brevis	caput mediale flexoris brevis hallucis	medial head of flexor hallucis brevis	PROBABLE	Медиальная головка правый сгибатель большого пальца стопы короткая	REVIEW		Needs external Russian anatomical terminology verification.	LOW
FMA45972	medial head of left flexor hallucis brevis	caput mediale flexoris brevis hallucis	medial head of flexor hallucis brevis	PROBABLE	Медиальная головка левый сгибатель большого пальца стопы короткая	REVIEW		Needs external Russian anatomical terminology verification.	LOW
FMA45973	lateral head of right flexor hallucis brevis	caput laterale flexoris brevis hallucis	lateral head of flexor hallucis brevis	PROBABLE	Латеральная головка правый сгибатель большого пальца стопы короткая	REVIEW		Needs external Russian anatomical terminology verification.	LOW
FMA45974	lateral head of left flexor hallucis brevis	caput laterale flexoris brevis hallucis	lateral head of flexor hallucis brevis	PROBABLE	Латеральная головка левый сгибатель большого пальца стопы короткая	REVIEW		Needs external Russian anatomical terminology verification.	LOW
FMA46012	head of adductor hallucis			NO_MATCH	Головка приводящая мышца большого пальца стопы	REVIEW		Needs external Russian anatomical terminology verification.	LOW
FMA46014	oblique head of adductor hallucis	caput obliquum adductoris hallucis	oblique head of adductor hallucis	EXACT	Косая мышца головка приводящая мышца большого пальца стопы	APPLY	Косая головка приводящей мышцы большого пальца стопы	Exact TA2 mapping and unambiguous Russian correction; no source information is lost.	HIGH
FMA46015	transverse head of adductor hallucis	caput transversum adductoris hallucis	transverse head of adductor hallucis	EXACT	Поперечная головка приводящая мышца большого пальца стопы	APPLY	Поперечная головка приводящей мышцы большого пальца стопы	Exact TA2 mapping and unambiguous Russian correction; no source information is lost.	HIGH
FMA46018	oblique head of right adductor hallucis	caput obliquum adductoris hallucis	oblique head of adductor hallucis	PROBABLE	Косая мышца головка правый приводящая мышца большого пальца стопы	APPLY	Косая мышца головка Правая приводящая мышца большого пальца стопы	Candidate from QA (laterality); requires final Russian terminology review before application.	MEDIUM
FMA46019	oblique head of left adductor hallucis	caput obliquum adductoris hallucis	oblique head of adductor hallucis	PROBABLE	Косая мышца головка левый приводящая мышца большого пальца стопы	APPLY	Косая мышца головка Левая приводящая мышца большого пальца стопы	Candidate from QA (laterality); requires final Russian terminology review before application.	MEDIUM
FMA46020	transverse head of right adductor hallucis	caput transversum adductoris hallucis	transverse head of adductor hallucis	PROBABLE	Поперечная головка правый приводящая мышца большого пальца стопы	APPLY	Поперечная головка Правая приводящая мышца большого пальца стопы	Candidate from QA (laterality); requires final Russian terminology review before application.	MEDIUM
FMA46021	transverse head of left adductor hallucis	caput transversum adductoris hallucis	transverse head of adductor hallucis	PROBABLE	Поперечная головка левый приводящая мышца большого пальца стопы	APPLY	Поперечная головка Левая приводящая мышца большого пальца стопы	Candidate from QA (laterality); requires final Russian terminology review before application.	MEDIUM
FMA46104	superficial head of flexor pollicis brevis	caput superficiale flexoris brevis pollicis	superficial head of flexor pollicis brevis	EXACT	Поверхностная головка сгибатель большого пальца кисти короткая	APPLY	Поверхностная головка короткого сгибателя большого пальца кисти	Exact TA2 mapping and unambiguous Russian correction; no source information is lost.	HIGH
FMA46119	oblique head of adductor pollicis	caput obliquum adductoris pollicis	oblique head of adductor pollicis	EXACT	Косая мышца головка приводящая мышца большого пальца кисти	APPLY	Косая головка приводящей мышцы большого пальца кисти	Exact TA2 mapping and unambiguous Russian correction; no source information is lost.	HIGH
FMA46120	transverse head of adductor pollicis	caput transversum adductoris pollicis	transverse head of adductor pollicis	EXACT	Поперечная головка приводящая мышца большого пальца кисти	APPLY	Поперечная головка приводящей мышцы большого пальца кисти	Exact TA2 mapping and unambiguous Russian correction; no source information is lost.	HIGH
FMA46121	oblique head of right adductor pollicis	caput obliquum adductoris pollicis	oblique head of adductor pollicis	PROBABLE	Косая мышца головка правый приводящая мышца большого пальца кисти	APPLY	Косая мышца головка Правая приводящая мышца большого пальца кисти	Candidate from QA (laterality); requires final Russian terminology review before application.	MEDIUM
FMA46122	oblique head of left adductor pollicis	caput obliquum adductoris pollicis	oblique head of adductor pollicis	PROBABLE	Косая мышца головка левый приводящая мышца большого пальца кисти	APPLY	Косая мышца головка Левая приводящая мышца большого пальца кисти	Candidate from QA (laterality); requires final Russian terminology review before application.	MEDIUM
FMA46123	transverse head of right adductor pollicis	caput transversum adductoris pollicis	transverse head of adductor pollicis	PROBABLE	Поперечная головка правый приводящая мышца большого пальца кисти	APPLY	Поперечная головка Правая приводящая мышца большого пальца кисти	Candidate from QA (laterality); requires final Russian terminology review before application.	MEDIUM
FMA46124	transverse head of left adductor pollicis	caput transversum adductoris pollicis	transverse head of adductor pollicis	PROBABLE	Поперечная головка левый приводящая мышца большого пальца кисти	APPLY	Поперечная головка Левая приводящая мышца большого пальца кисти	Candidate from QA (laterality); requires final Russian terminology review before application.	MEDIUM
FMA46279	zone of longus colli			NO_MATCH	Зона длинная колли	KEEP	Зона длинная колли	No deterministic QA defect detected; normative Russian source not independently confirmed.	MEDIUM
FMA46280	superior oblique part of longus colli			NO_MATCH	Верхняя косая мышца часть длинная колли	REVIEW		Needs external Russian anatomical terminology verification.	LOW
FMA46281	inferior oblique part of longus colli			NO_MATCH	Нижняя косая мышца часть длинная колли	REVIEW		Needs external Russian anatomical terminology verification.	LOW
FMA46282	vertical intermediate part of longus colli			NO_MATCH	Вертикальная промежуточная часть длинная колли	REVIEW		Needs external Russian anatomical terminology verification.	LOW
FMA46284	superior oblique part of left longus colli			NO_MATCH	Верхняя косая мышца часть левый длинная колли	APPLY	Верхняя косая мышца часть Левая длинная колли	Candidate from QA (laterality); requires final Russian terminology review before application.	MEDIUM
FMA46286	vertical intermediate part of left longus colli			NO_MATCH	Вертикальная промежуточная часть левый длинная колли	APPLY	Вертикальная промежуточная часть Левая длинная колли	Candidate from QA (laterality); requires final Russian terminology review before application.	MEDIUM
FMA46288	inferior oblique part of left longus colli			NO_MATCH	Нижняя косая мышца часть левый длинная колли	APPLY	Нижняя косая мышца часть Левая длинная колли	Candidate from QA (laterality); requires final Russian terminology review before application.	MEDIUM
FMA46290	suprahyoid muscle			NO_MATCH	Супрахйоид мышца	KEEP	Супрахйоид мышца	No deterministic QA defect detected; normative Russian source not independently confirmed.	MEDIUM
FMA46291	digastric			NO_MATCH	Дигастрик	KEEP	Дигастрик	No deterministic QA defect detected; normative Russian source not independently confirmed.	MEDIUM
FMA46292	right digastric			NO_MATCH	Правый дигастрик	REVIEW		Needs external Russian anatomical terminology verification.	LOW
FMA46293	left digastric			NO_MATCH	Левый дигастрик	REVIEW		Needs external Russian anatomical terminology verification.	LOW
FMA46308	longus capitis			NO_MATCH	Длинная головки	KEEP	Длинная головки	No deterministic QA defect detected; normative Russian source not independently confirmed.	MEDIUM
FMA46309	right longus capitis			NO_MATCH	Правый длинная головки	REVIEW		Needs external Russian anatomical terminology verification.	LOW
FMA46310	left longus capitis			NO_MATCH	Левый длинная головки	REVIEW		Needs external Russian anatomical terminology verification.	LOW
FMA46312	rectus capitis anterior			NO_MATCH	Прямая мышца головки передняя	KEEP	Прямая мышца головки передняя	No deterministic QA defect detected; normative Russian source not independently confirmed.	MEDIUM
FMA46313	right rectus capitis anterior			NO_MATCH	Правый прямая мышца головки передняя	APPLY	Правая прямая мышца головки передняя	Candidate from QA (laterality; lost_information); requires final Russian terminology review before application.	MEDIUM
FMA46314	left rectus capitis anterior			NO_MATCH	Левый прямая мышца головки передняя	APPLY	Левая прямая мышца головки передняя	Candidate from QA (laterality; lost_information); requires final Russian terminology review before application.	MEDIUM
FMA46316	rectus capitis lateralis			NO_MATCH	Прямая мышца головки латеральная	KEEP	Прямая мышца головки латеральная	No deterministic QA defect detected; normative Russian source not independently confirmed.	MEDIUM
FMA46317	right rectus capitis lateralis			NO_MATCH	Правый прямая мышца головки латеральная	APPLY	Правая прямая мышца головки латеральная	Candidate from QA (laterality; lost_information); requires final Russian terminology review before application.	MEDIUM
FMA46318	left rectus capitis lateralis			NO_MATCH	Левый прямая мышца головки латеральная	APPLY	Левая прямая мышца головки латеральная	Candidate from QA (laterality; lost_information); requires final Russian terminology review before application.	MEDIUM
FMA46320	mylohyoid			NO_MATCH	Мйлохйоид	KEEP	Мйлохйоид	No deterministic QA defect detected; normative Russian source not independently confirmed.	MEDIUM
FMA46321	right mylohyoid			NO_MATCH	Правый мйлохйоид	REVIEW		Needs external Russian anatomical terminology verification.	LOW
FMA46322	left mylohyoid			NO_MATCH	Левый мйлохйоид	REVIEW		Needs external Russian anatomical terminology verification.	LOW
FMA46325	geniohyoid			NO_MATCH	Гэниохйоид	KEEP	Гэниохйоид	No deterministic QA defect detected; normative Russian source not independently confirmed.	MEDIUM
FMA46326	right geniohyoid			NO_MATCH	Правый гэниохйоид	REVIEW		Needs external Russian anatomical terminology verification.	LOW
FMA46327	left geniohyoid			NO_MATCH	Левый гэниохйоид	REVIEW		Needs external Russian anatomical terminology verification.	LOW
FMA46442	tendinous arch of levator ani	arcus tendineus levatoris ani	tendinous arch of levator ani	EXACT	Сухожильная дуга мышца, поднимающая ани	REVIEW		Needs external Russian anatomical terminology verification.	LOW
FMA46443	right coccygeus			NO_MATCH	Правый коккйгэус	REVIEW		Needs external Russian anatomical terminology verification.	LOW
FMA46444	left coccygeus			NO_MATCH	Левый коккйгэус	REVIEW		Needs external Russian anatomical terminology verification.	LOW
FMA46490	subdivision of mouth			NO_MATCH	Подразделение полость рта	KEEP	Подразделение полость рта	No deterministic QA defect detected; normative Russian source not independently confirmed.	MEDIUM
FMA46562	muscle of larynx			NO_MATCH	Мышца гортань	REVIEW		Needs external Russian anatomical terminology verification.	LOW
FMA46576	posterior crico-arytenoid			NO_MATCH	Задняя перстнечерпаловидная мышца	KEEP	Задняя перстнечерпаловидная мышца	No deterministic QA defect detected; normative Russian source not independently confirmed.	MEDIUM
FMA46577	right posterior crico-arytenoid			NO_MATCH	Правая задняя перстнечерпаловидная мышца	REVIEW		Needs external Russian anatomical terminology verification.	LOW
FMA46578	left posterior crico-arytenoid			NO_MATCH	Левая задняя перстнечерпаловидная мышца	REVIEW		Needs external Russian anatomical terminology verification.	LOW
FMA46579	lateral crico-arytenoid			NO_MATCH	Латеральная перстнечерпаловидная мышца	KEEP	Латеральная перстнечерпаловидная мышца	No deterministic QA defect detected; normative Russian source not independently confirmed.	MEDIUM
FMA46580	right lateral crico-arytenoid			NO_MATCH	Правая латеральная перстнечерпаловидная мышца	REVIEW		Needs external Russian anatomical terminology verification.	LOW
FMA46581	left lateral crico-arytenoid			NO_MATCH	Левая латеральная перстнечерпаловидная мышца	REVIEW		Needs external Russian anatomical terminology verification.	LOW
FMA46582	transverse arytenoid			NO_MATCH	Поперечная черпаловидная мышца	KEEP	Поперечная черпаловидная мышца	No deterministic QA defect detected; normative Russian source not independently confirmed.	MEDIUM
FMA46583	oblique arytenoid			NO_MATCH	Косая черпаловидная мышца	KEEP	Косая черпаловидная мышца	No deterministic QA defect detected; normative Russian source not independently confirmed.	MEDIUM
FMA46584	right oblique arytenoid			NO_MATCH	Правая косая черпаловидная мышца	REVIEW		Needs external Russian anatomical terminology verification.	LOW
FMA46585	left oblique arytenoid			NO_MATCH	Левая косая черпаловидная мышца	REVIEW		Needs external Russian anatomical terminology verification.	LOW
FMA46588	thyro-arytenoid			NO_MATCH	Щиточерпаловидная мышца	KEEP	Щиточерпаловидная мышца	No deterministic QA defect detected; normative Russian source not independently confirmed.	MEDIUM
FMA46589	right thyro-arytenoid			NO_MATCH	Правая щиточерпаловидная мышца	REVIEW		Needs external Russian anatomical terminology verification.	LOW
FMA46590	left thyro-arytenoid			NO_MATCH	Левая щиточерпаловидная мышца	REVIEW		Needs external Russian anatomical terminology verification.	LOW
FMA46591	vocalis			NO_MATCH	Вокалис	KEEP	Вокалис	No deterministic QA defect detected; normative Russian source not independently confirmed.	MEDIUM
FMA46592	right vocalis			NO_MATCH	Правый вокалис	REVIEW		Needs external Russian anatomical terminology verification.	LOW
FMA46593	left vocalis			NO_MATCH	Левый вокалис	REVIEW		Needs external Russian anatomical terminology verification.	LOW
FMA46601	zone of oblique arytenoid			NO_MATCH	Зона косой черпаловидной мышцы	KEEP	Зона косой черпаловидной мышцы	No deterministic QA defect detected; normative Russian source not independently confirmed.	MEDIUM
FMA46602	aryepiglotticus			NO_MATCH	Черпалонадгортанная мышца	KEEP	Черпалонадгортанная мышца	No deterministic QA defect detected; normative Russian source not independently confirmed.	MEDIUM
FMA46604	right aryepiglotticus			NO_MATCH	Правый арйэпиглоттикус	REVIEW		Needs external Russian anatomical terminology verification.	LOW
FMA46605	left aryepiglotticus			NO_MATCH	Левый арйэпиглоттикус	REVIEW		Needs external Russian anatomical terminology verification.	LOW
FMA46608	zone of cricothyroid			NO_MATCH	Зона перстнещитовидной мышцы	KEEP	Зона перстнещитовидной мышцы	No deterministic QA defect detected; normative Russian source not independently confirmed.	MEDIUM
FMA46609	straight part of cricothyroid			NO_MATCH	Прямая часть перстнещитовидной мышцы	KEEP	Прямая часть перстнещитовидной мышцы	No deterministic QA defect detected; normative Russian source not independently confirmed.	MEDIUM
FMA46610	oblique part of cricothyroid			NO_MATCH	Косая часть перстнещитовидной мышцы	KEEP	Косая часть перстнещитовидной мышцы	No deterministic QA defect detected; normative Russian source not independently confirmed.	MEDIUM
FMA46611	straight part of right cricothyroid			NO_MATCH	Прямая часть правого перстнещитовидной мышцы	REVIEW		Needs external Russian anatomical terminology verification.	LOW
FMA46612	straight part of left cricothyroid			NO_MATCH	Прямая часть левого перстнещитовидной мышцы	REVIEW		Needs external Russian anatomical terminology verification.	LOW
FMA46613	oblique part of right cricothyroid			NO_MATCH	Косая часть правого перстнещитовидной мышцы	REVIEW		Needs external Russian anatomical terminology verification.	LOW
FMA46614	oblique part of left cricothyroid			NO_MATCH	Косая часть левого перстнещитовидной мышцы	REVIEW		Needs external Russian anatomical terminology verification.	LOW
FMA46619	muscle of pharynx			NO_MATCH	Мышца глотка	REVIEW		Needs external Russian anatomical terminology verification.	LOW
FMA46620	constrictor muscle of pharynx			NO_MATCH	Сжиматель мышца глотка	KEEP	Сжиматель мышца глотка	No deterministic QA defect detected; normative Russian source not independently confirmed.	MEDIUM
FMA46621	superior pharyngeal constrictor	constrictor superior pharyngis	superior pharyngeal constrictor	EXACT	Верхняя глоточная сжиматель	KEEP	Верхняя глоточная сжиматель	No deterministic QA defect detected; normative Russian source not independently confirmed.	MEDIUM
FMA46622	middle pharyngeal constrictor	constrictor medius pharyngis	middle pharyngeal constrictor	EXACT	Средняя глоточная сжиматель	KEEP	Средняя глоточная сжиматель	No deterministic QA defect detected; normative Russian source not independently confirmed.	MEDIUM
FMA46623	inferior pharyngeal constrictor	constrictor inferior pharyngis	inferior pharyngeal constrictor	EXACT	Нижняя глоточная сжиматель	KEEP	Нижняя глоточная сжиматель	No deterministic QA defect detected; normative Russian source not independently confirmed.	MEDIUM
FMA46631	right superior pharyngeal constrictor	constrictor superior pharyngis	superior pharyngeal constrictor	PROBABLE	Правый верхняя глоточная сжиматель	REVIEW		Needs external Russian anatomical terminology verification.	LOW
FMA46632	left superior pharyngeal constrictor	constrictor superior pharyngis	superior pharyngeal constrictor	PROBABLE	Левый верхняя глоточная сжиматель	REVIEW		Needs external Russian anatomical terminology verification.	LOW
FMA46633	right middle pharyngeal constrictor	constrictor medius pharyngis	middle pharyngeal constrictor	PROBABLE	Правый средняя глоточная сжиматель	REVIEW		Needs external Russian anatomical terminology verification.	LOW
FMA46634	left middle pharyngeal constrictor	constrictor medius pharyngis	middle pharyngeal constrictor	PROBABLE	Левый средняя глоточная сжиматель	REVIEW		Needs external Russian anatomical terminology verification.	LOW
FMA46635	right inferior pharyngeal constrictor	constrictor inferior pharyngis	inferior pharyngeal constrictor	PROBABLE	Правый нижняя глоточная сжиматель	REVIEW		Needs external Russian anatomical terminology verification.	LOW
FMA46636	left inferior pharyngeal constrictor	constrictor inferior pharyngis	inferior pharyngeal constrictor	PROBABLE	Левый нижняя глоточная сжиматель	REVIEW		Needs external Russian anatomical terminology verification.	LOW
FMA46664	stylopharyngeus			NO_MATCH	Стйлофарйнгэус	KEEP	Стйлофарйнгэус	No deterministic QA defect detected; normative Russian source not independently confirmed.	MEDIUM
FMA46665	salpingopharyngeus			NO_MATCH	Салпингофарйнгэус	KEEP	Салпингофарйнгэус	No deterministic QA defect detected; normative Russian source not independently confirmed.	MEDIUM
FMA46666	palatopharyngeus			NO_MATCH	Палатофарйнгэус	KEEP	Палатофарйнгэус	No deterministic QA defect detected; normative Russian source not independently confirmed.	MEDIUM
FMA46667	right stylopharyngeus			NO_MATCH	Правый стйлофарйнгэус	REVIEW		Needs external Russian anatomical terminology verification.	LOW
FMA46668	left stylopharyngeus			NO_MATCH	Левый стйлофарйнгэус	REVIEW		Needs external Russian anatomical terminology verification.	LOW
FMA46669	right salpingopharyngeus			NO_MATCH	Правый салпингофарйнгэус	REVIEW		Needs external Russian anatomical terminology verification.	LOW
FMA46670	left salpingopharyngeus			NO_MATCH	Левый салпингофарйнгэус	REVIEW		Needs external Russian anatomical terminology verification.	LOW
FMA46671	right palatopharyngeus			NO_MATCH	Правый палатофарйнгэус	REVIEW		Needs external Russian anatomical terminology verification.	LOW
FMA46672	left palatopharyngeus			NO_MATCH	Левый палатофарйнгэус	REVIEW		Needs external Russian anatomical terminology verification.	LOW
FMA46689	muscle of tongue			NO_MATCH	Мышца язык	REVIEW		Needs external Russian anatomical terminology verification.	LOW
FMA46690	genioglossus			NO_MATCH	Гэниоглоссус	KEEP	Гэниоглоссус	No deterministic QA defect detected; normative Russian source not independently confirmed.	MEDIUM
FMA46691	hyoglossus			NO_MATCH	Хйоглоссус	KEEP	Хйоглоссус	No deterministic QA defect detected; normative Russian source not independently confirmed.	MEDIUM
FMA46698	right genioglossus			NO_MATCH	Правый гэниоглоссус	REVIEW		Needs external Russian anatomical terminology verification.	LOW
FMA46699	extrinsic muscle of tongue			NO_MATCH	Экстринсик мышца язык	KEEP	Экстринсик мышца язык	No deterministic QA defect detected; normative Russian source not independently confirmed.	MEDIUM
FMA46702	left genioglossus			NO_MATCH	Левый гэниоглоссус	REVIEW		Needs external Russian anatomical terminology verification.	LOW
FMA46703	right hyoglossus			NO_MATCH	Правый хйоглоссус	REVIEW		Needs external Russian anatomical terminology verification.	LOW
FMA46704	left hyoglossus			NO_MATCH	Левый хйоглоссус	REVIEW		Needs external Russian anatomical terminology verification.	LOW
FMA46726	muscle of palate			NO_MATCH	Мышца нёбо	REVIEW		Needs external Russian anatomical terminology verification.	LOW
FMA46727	levator veli palatini	levator veli palatini	levator veli palatini	EXACT	Мышца, поднимающая вэли палатини	KEEP	Мышца, поднимающая вэли палатини	No deterministic QA defect detected; normative Russian source not independently confirmed.	MEDIUM
FMA46728	right levator veli palatini	levator veli palatini	levator veli palatini	PROBABLE	Правый мышца, поднимающая вэли палатини	REVIEW		Needs external Russian anatomical terminology verification.	LOW
FMA46729	left levator veli palatini	levator veli palatini	levator veli palatini	PROBABLE	Левый мышца, поднимающая вэли палатини	REVIEW		Needs external Russian anatomical terminology verification.	LOW
FMA46730	tensor veli palatini	tensor veli palatini	tensor veli palatini	EXACT	Напрягатель вэли палатини	KEEP	Напрягатель вэли палатини	No deterministic QA defect detected; normative Russian source not independently confirmed.	MEDIUM
FMA46731	right tensor veli palatini	tensor veli palatini	tensor veli palatini	PROBABLE	Правый напрягатель вэли палатини	REVIEW		Needs external Russian anatomical terminology verification.	LOW
FMA46732	left tensor veli palatini	tensor veli palatini	tensor veli palatini	PROBABLE	Левый напрягатель вэли палатини	REVIEW		Needs external Russian anatomical terminology verification.	LOW
FMA46733	uvular muscle			NO_MATCH	Увулар мышца	KEEP	Увулар мышца	No deterministic QA defect detected; normative Russian source not independently confirmed.	MEDIUM
FMA46751	muscle of face			NO_MATCH	Мышца лицо	REVIEW		Needs external Russian anatomical terminology verification.	LOW
FMA49033	extra-ocular muscle			NO_MATCH	Экстра-окулар мышца	KEEP	Экстра-окулар мышца	No deterministic QA defect detected; normative Russian source not independently confirmed.	MEDIUM
FMA49035	superior rectus			NO_MATCH	Верхняя прямая мышца	KEEP	Верхняя прямая мышца	No deterministic QA defect detected; normative Russian source not independently confirmed.	MEDIUM
FMA49036	inferior rectus			NO_MATCH	Нижняя прямая мышца	KEEP	Нижняя прямая мышца	No deterministic QA defect detected; normative Russian source not independently confirmed.	MEDIUM
FMA49037	medial rectus			NO_MATCH	Медиальная прямая мышца	KEEP	Медиальная прямая мышца	No deterministic QA defect detected; normative Russian source not independently confirmed.	MEDIUM
FMA49038	lateral rectus			NO_MATCH	Латеральная прямая мышца	KEEP	Латеральная прямая мышца	No deterministic QA defect detected; normative Russian source not independently confirmed.	MEDIUM
FMA49039	superior oblique			NO_MATCH	Верхняя косая мышца	KEEP	Верхняя косая мышца	No deterministic QA defect detected; normative Russian source not independently confirmed.	MEDIUM
FMA49040	inferior oblique			NO_MATCH	Нижняя косая мышца	KEEP	Нижняя косая мышца	No deterministic QA defect detected; normative Russian source not independently confirmed.	MEDIUM
FMA49041	levator palpebrae superioris	levator palpebrae superioris	levator palpebrae superioris	EXACT	Мышца, поднимающая век супэриорис	KEEP	Мышца, поднимающая век супэриорис	No deterministic QA defect detected; normative Russian source not independently confirmed.	MEDIUM
FMA49044	right superior rectus			NO_MATCH	Правый верхняя прямая мышца	APPLY	Правая верхняя прямая мышца	Candidate from QA (laterality; lost_information); requires final Russian terminology review before application.	MEDIUM
FMA49045	left superior rectus			NO_MATCH	Левый верхняя прямая мышца	APPLY	Левая верхняя прямая мышца	Candidate from QA (laterality; lost_information); requires final Russian terminology review before application.	MEDIUM
FMA49046	right inferior rectus			NO_MATCH	Правый нижняя прямая мышца	APPLY	Правая нижняя прямая мышца	Candidate from QA (laterality; lost_information); requires final Russian terminology review before application.	MEDIUM
FMA49047	left inferior rectus			NO_MATCH	Левый нижняя прямая мышца	APPLY	Левая нижняя прямая мышца	Candidate from QA (laterality; lost_information); requires final Russian terminology review before application.	MEDIUM
FMA49048	right levator palpebrae superioris	levator palpebrae superioris	levator palpebrae superioris	PROBABLE	Правый мышца, поднимающая век супэриорис	REVIEW		Needs external Russian anatomical terminology verification.	LOW
FMA49049	left levator palpebrae superioris	levator palpebrae superioris	levator palpebrae superioris	PROBABLE	Левый мышца, поднимающая век супэриорис	REVIEW		Needs external Russian anatomical terminology verification.	LOW
FMA49050	right inferior oblique			NO_MATCH	Правый нижняя косая мышца	APPLY	Правая нижняя косая мышца	Candidate from QA (laterality; lost_information); requires final Russian terminology review before application.	MEDIUM
FMA49051	left inferior oblique			NO_MATCH	Левый нижняя косая мышца	APPLY	Левая нижняя косая мышца	Candidate from QA (laterality; lost_information); requires final Russian terminology review before application.	MEDIUM
FMA49052	right superior oblique			NO_MATCH	Правый верхняя косая мышца	APPLY	Правая верхняя косая мышца	Candidate from QA (laterality; lost_information); requires final Russian terminology review before application.	MEDIUM
FMA49053	left superior oblique			NO_MATCH	Левый верхняя косая мышца	APPLY	Левая верхняя косая мышца	Candidate from QA (laterality; lost_information); requires final Russian terminology review before application.	MEDIUM
FMA49054	right lateral rectus			NO_MATCH	Правый латеральная прямая мышца	APPLY	Правая латеральная прямая мышца	Candidate from QA (laterality; lost_information); requires final Russian terminology review before application.	MEDIUM
FMA49055	left lateral rectus			NO_MATCH	Левый латеральная прямая мышца	APPLY	Левая латеральная прямая мышца	Candidate from QA (laterality; lost_information); requires final Russian terminology review before application.	MEDIUM
FMA49056	right medial rectus			NO_MATCH	Правый медиальная прямая мышца	APPLY	Правая медиальная прямая мышца	Candidate from QA (laterality; lost_information); requires final Russian terminology review before application.	MEDIUM
FMA49057	left medial rectus			NO_MATCH	Левый медиальная прямая мышца	APPLY	Левая медиальная прямая мышца	Candidate from QA (laterality; lost_information); requires final Russian terminology review before application.	MEDIUM
FMA49065	trochlea of superior oblique			NO_MATCH	Трочлэа верхняя косая мышца	KEEP	Трочлэа верхняя косая мышца	No deterministic QA defect detected; normative Russian source not independently confirmed.	MEDIUM
FMA49067	trochlea of right superior oblique			NO_MATCH	Трочлэа правый верхняя косая мышца	APPLY	Трочлэа Правая верхняя косая мышца	Candidate from QA (laterality); requires final Russian terminology review before application.	MEDIUM
FMA49068	trochlea of left superior oblique			NO_MATCH	Трочлэа левый верхняя косая мышца	APPLY	Трочлэа Левая верхняя косая мышца	Candidate from QA (laterality); requires final Russian terminology review before application.	MEDIUM
FMA49071	common tendinous ring	anulus tendineus communis	common tendinous ring	EXACT	Общая сухожильная кольцо	KEEP	Общая сухожильная кольцо	No deterministic QA defect detected; normative Russian source not independently confirmed.	MEDIUM
FMA49072	right common tendinous ring	anulus tendineus communis	common tendinous ring	PROBABLE	Правый общая сухожильная кольцо	REVIEW		Needs external Russian anatomical terminology verification.	LOW
FMA49073	left common tendinous ring	anulus tendineus communis	common tendinous ring	PROBABLE	Левый общая сухожильная кольцо	REVIEW		Needs external Russian anatomical terminology verification.	LOW
FMA49143	check ligament of lateral rectus			NO_MATCH	Чэкк связка латеральная прямая мышца	REVIEW		Needs external Russian anatomical terminology verification.	LOW
FMA49144	check ligament of right lateral rectus			NO_MATCH	Чэкк связка правый латеральная прямая мышца	APPLY	Чэкк связка Правая латеральная прямая мышца	Candidate from QA (laterality); requires final Russian terminology review before application.	MEDIUM
FMA49145	check ligament of left lateral rectus			NO_MATCH	Чэкк связка левый латеральная прямая мышца	APPLY	Чэкк связка Левая латеральная прямая мышца	Candidate from QA (laterality); requires final Russian terminology review before application.	MEDIUM
FMA49146	check ligament of medial rectus			NO_MATCH	Чэкк связка медиальная прямая мышца	REVIEW		Needs external Russian anatomical terminology verification.	LOW
FMA49147	check ligament of right medial rectus			NO_MATCH	Чэкк связка правый медиальная прямая мышца	APPLY	Чэкк связка Правая медиальная прямая мышца	Candidate from QA (laterality); requires final Russian terminology review before application.	MEDIUM
FMA49148	check ligament of left medial rectus			NO_MATCH	Чэкк связка левый медиальная прямая мышца	APPLY	Чэкк связка Левая медиальная прямая мышца	Candidate from QA (laterality); requires final Russian terminology review before application.	MEDIUM
FMA49443	anatomical cluster			NO_MATCH	Анатомический кластер	KEEP	Анатомический кластер	No deterministic QA defect detected; normative Russian source not independently confirmed.	MEDIUM
FMA49868	ophthalmic artery	arteria ophthalmica	ophthalmic artery	EXACT	Офталмик артерия	KEEP	Офталмик артерия	No deterministic QA defect detected; normative Russian source not independently confirmed.	MEDIUM
FMA49869	right ophthalmic artery	arteria ophthalmica	ophthalmic artery	PROBABLE	Правый офталмик артерия	APPLY	Правая офталмик артерия	Candidate from QA (laterality; lost_information); requires final Russian terminology review before application.	MEDIUM
FMA49870	left ophthalmic artery	arteria ophthalmica	ophthalmic artery	PROBABLE	Левый офталмик артерия	APPLY	Левая офталмик артерия	Candidate from QA (laterality; lost_information); requires final Russian terminology review before application.	MEDIUM
FMA49893	coronary artery			NO_MATCH	Коронарная артерия	KEEP	Коронарная артерия	No deterministic QA defect detected; normative Russian source not independently confirmed.	MEDIUM
FMA49907	pulmonary venous tree organ			NO_MATCH	Лёгочный венозная дерево орган	KEEP	Лёгочный венозная дерево орган	No deterministic QA defect detected; normative Russian source not independently confirmed.	MEDIUM
FMA49908	superior pulmonary vein			NO_MATCH	Верхняя лёгочный вена	KEEP	Верхняя лёгочный вена	No deterministic QA defect detected; normative Russian source not independently confirmed.	MEDIUM
FMA49910	inferior pulmonary vein			NO_MATCH	Нижняя лёгочный вена	KEEP	Нижняя лёгочный вена	No deterministic QA defect detected; normative Russian source not independently confirmed.	MEDIUM
FMA49911	right inferior pulmonary vein	vena pulmonalis dextra inferior	right inferior pulmonary vein	EXACT	Правый нижняя лёгочный вена	APPLY	Правая нижняя лёгочная вена	Exact TA2 mapping and unambiguous Russian correction; no source information is lost.	HIGH
FMA49913	left inferior pulmonary vein	vena pulmonalis sinistra inferior	left inferior pulmonary vein	EXACT	Левый нижняя лёгочный вена	APPLY	Левая нижняя лёгочная вена	Exact TA2 mapping and unambiguous Russian correction; no source information is lost.	HIGH
FMA49914	right superior pulmonary vein	vena pulmonalis dextra superior	right superior pulmonary vein	EXACT	Правый верхняя лёгочный вена	APPLY	Правая верхняя лёгочная вена	Exact TA2 mapping and unambiguous Russian correction; no source information is lost.	HIGH
FMA49916	left superior pulmonary vein	vena pulmonalis sinistra superior	left superior pulmonary vein	EXACT	Левый верхняя лёгочный вена	APPLY	Левая верхняя лёгочная вена	Exact TA2 mapping and unambiguous Russian correction; no source information is lost.	HIGH
FMA49918	systemic arterial trunk			NO_MATCH	Системная артериальная туловище	KEEP	Системная артериальная туловище	No deterministic QA defect detected; normative Russian source not independently confirmed.	MEDIUM
FMA50028	anterior cerebral artery	arteria anterior cerebri	anterior cerebral artery	EXACT	Передняя мозговая артерия	KEEP	Передняя мозговая артерия	No deterministic QA defect detected; normative Russian source not independently confirmed.	MEDIUM
FMA50029	right anterior cerebral artery	arteria anterior cerebri	anterior cerebral artery	PROBABLE	Правый передняя мозговая артерия	APPLY	Правая передняя мозговая артерия	Candidate from QA (laterality; lost_information); requires final Russian terminology review before application.	MEDIUM
FMA50030	left anterior cerebral artery	arteria anterior cerebri	anterior cerebral artery	PROBABLE	Левый передняя мозговая артерия	APPLY	Левая передняя мозговая артерия	Candidate from QA (laterality; lost_information); requires final Russian terminology review before application.	MEDIUM
FMA50031	branch of anterior cerebral artery			NO_MATCH	Ветвь передней мозговой артерии	REVIEW		Needs external Russian anatomical terminology verification.	LOW
FMA50080	zone of middle cerebral artery			NO_MATCH	Зона средняя мозговая артерия	KEEP	Зона средняя мозговая артерия	No deterministic QA defect detected; normative Russian source not independently confirmed.	MEDIUM
FMA50081	branch of middle cerebral artery			NO_MATCH	Ветвь средней мозговой артерии	REVIEW		Needs external Russian anatomical terminology verification.	LOW
FMA50084	posterior communicating artery	arteria communicans posterior	posterior communicating artery	EXACT	Задняя соединительная артерия	KEEP	Задняя соединительная артерия	No deterministic QA defect detected; normative Russian source not independently confirmed.	MEDIUM
FMA50085	right posterior communicating artery	arteria communicans posterior	posterior communicating artery	PROBABLE	Правый задняя соединительная артерия	APPLY	Правая задняя соединительная артерия	Candidate from QA (laterality; lost_information); requires final Russian terminology review before application.	MEDIUM
FMA50086	left posterior communicating artery	arteria communicans posterior	posterior communicating artery	PROBABLE	Левый задняя соединительная артерия	APPLY	Левая задняя соединительная артерия	Candidate from QA (laterality; lost_information); requires final Russian terminology review before application.	MEDIUM
FMA50087	anterior choroidal artery	arteria chorioidea anterior	anterior choroidal artery	EXACT	Передняя ворсинчатая артерия	KEEP	Передняя ворсинчатая артерия	No deterministic QA defect detected; normative Russian source not independently confirmed.	MEDIUM
FMA50088	right anterior choroidal artery	arteria chorioidea anterior	anterior choroidal artery	PROBABLE	Правая передняя ворсинчатая артерия	REVIEW		Needs external Russian anatomical terminology verification.	LOW
FMA50089	left anterior choroidal artery	arteria chorioidea anterior	anterior choroidal artery	PROBABLE	Левая передняя ворсинчатая артерия	REVIEW		Needs external Russian anatomical terminology verification.	LOW
FMA50112	branch of anterior choroidal artery			NO_MATCH	Ветвь передней ворсинчатой артерии	REVIEW		Needs external Russian anatomical terminology verification.	LOW
FMA50119	branch of anterior choroidal artery to posterior limb of internal capsule			NO_MATCH	Ветвь передней ворсинчатой артерии к задней ножке внутренней капсулы	REVIEW		Needs external Russian anatomical terminology verification.	LOW
FMA50146	branch of right anterior choroidal artery to posterior limb of right internal capsule			NO_MATCH	Ветвь правой передней ворсинчатой артерии к задней ножке правой внутренней капсулы	REVIEW		Needs external Russian anatomical terminology verification.	LOW
FMA50147	branch of left anterior choroidal artery to posterior limb of left internal capsule			NO_MATCH	Ветвь левой передней ворсинчатой артерии к задней ножке левой внутренней капсулы	REVIEW		Needs external Russian anatomical terminology verification.	LOW
FMA50168	branch of posterior communicating artery			NO_MATCH	Ветвь задней соединительной артерии	REVIEW		Needs external Russian anatomical terminology verification.	LOW
FMA50169	anterior communicating artery	arteria communicans anterior	anterior communicating artery	EXACT	Передняя соединительная артерия	KEEP	Передняя соединительная артерия	No deterministic QA defect detected; normative Russian source not independently confirmed.	MEDIUM
FMA50185	musculature of subdivision of trunk			NO_MATCH	Мускулатура подразделение туловище	KEEP	Мускулатура подразделение туловище	No deterministic QA defect detected; normative Russian source not independently confirmed.	MEDIUM
FMA50200	musculature of subdivision of upper limb			NO_MATCH	Мускулатура подразделение верхняя конечность	KEEP	Мускулатура подразделение верхняя конечность	No deterministic QA defect detected; normative Russian source not independently confirmed.	MEDIUM
FMA50328	medial frontobasal artery			NO_MATCH	Медиальная фронтобасал артерия	KEEP	Медиальная фронтобасал артерия	No deterministic QA defect detected; normative Russian source not independently confirmed.	MEDIUM
FMA50330	callosomarginal artery	arteria callosomarginalis	callosomarginal artery	EXACT	Мозолисто-краевая артерия	KEEP	Мозолисто-краевая артерия	No deterministic QA defect detected; normative Russian source not independently confirmed.	MEDIUM
FMA50331	branch of callosomarginal artery			NO_MATCH	Ветвь мозолисто-краевой артерии	REVIEW		Needs external Russian anatomical terminology verification.	LOW
FMA50333	intermediomedial branch of callosomarginal artery			NO_MATCH	Промежуточно-медиальная ветвь мозолисто-краевой артерии	KEEP	Промежуточно-медиальная ветвь мозолисто-краевой артерии	No deterministic QA defect detected; normative Russian source not independently confirmed.	MEDIUM
FMA50334	posteromedial branch of callosomarginal artery			NO_MATCH	Заднемедиальная ветвь мозолисто-краевой артерии	KEEP	Заднемедиальная ветвь мозолисто-краевой артерии	No deterministic QA defect detected; normative Russian source not independently confirmed.	MEDIUM
FMA50336	paracentral branch of callosomarginal artery			NO_MATCH	Парацентральная ветвь мозолисто-краевой артерии	KEEP	Парацентральная ветвь мозолисто-краевой артерии	No deterministic QA defect detected; normative Russian source not independently confirmed.	MEDIUM
FMA50337	pericallosal artery	arteria pericallosa	pericallosal artery	EXACT	Пэрикаллосал артерия	KEEP	Пэрикаллосал артерия	No deterministic QA defect detected; normative Russian source not independently confirmed.	MEDIUM
FMA50338	branch of pericallosal artery			NO_MATCH	Ветвь околомозолистой артерии	REVIEW		Needs external Russian anatomical terminology verification.	LOW
FMA50339	precuneal branch of pericallosal artery			NO_MATCH	Прэкунэал ветвь пэрикаллосал артерия	KEEP	Прэкунэал ветвь пэрикаллосал артерия	No deterministic QA defect detected; normative Russian source not independently confirmed.	MEDIUM
FMA50343	right medial frontobasal artery			NO_MATCH	Правый медиальная фронтобасал артерия	APPLY	Правая медиальная фронтобасал артерия	Candidate from QA (laterality; lost_information); requires final Russian terminology review before application.	MEDIUM
FMA50344	left medial frontobasal artery			NO_MATCH	Левый медиальная фронтобасал артерия	APPLY	Левая медиальная фронтобасал артерия	Candidate from QA (laterality; lost_information); requires final Russian terminology review before application.	MEDIUM
FMA50347	right callosomarginal artery	arteria callosomarginalis	callosomarginal artery	PROBABLE	Правая мозолисто-краевая артерия	REVIEW		Needs external Russian anatomical terminology verification.	LOW
FMA50348	left callosomarginal artery	arteria callosomarginalis	callosomarginal artery	PROBABLE	Левая мозолисто-краевая артерия	REVIEW		Needs external Russian anatomical terminology verification.	LOW
FMA50351	intermediomedial branch of right callosomarginal artery			NO_MATCH	Промежуточно-медиальная ветвь правой мозолисто-краевой артерии	REVIEW		Needs external Russian anatomical terminology verification.	LOW
FMA50352	intermediomedial branch of left callosomarginal artery			NO_MATCH	Промежуточно-медиальная ветвь левой мозолисто-краевой артерии	REVIEW		Needs external Russian anatomical terminology verification.	LOW
FMA50353	posteromedial branch of right callosomarginal artery			NO_MATCH	Заднемедиальная ветвь правой мозолисто-краевой артерии	REVIEW		Needs external Russian anatomical terminology verification.	LOW
FMA50354	posteromedial branch of left callosomarginal artery			NO_MATCH	Заднемедиальная ветвь левой мозолисто-краевой артерии	REVIEW		Needs external Russian anatomical terminology verification.	LOW
FMA50357	paracentral branch of right callosomarginal artery			NO_MATCH	Парацентральная ветвь правой мозолисто-краевой артерии	REVIEW		Needs external Russian anatomical terminology verification.	LOW
FMA50358	paracentral branch of left callosomarginal artery			NO_MATCH	Парацентральная ветвь левой мозолисто-краевой артерии	REVIEW		Needs external Russian anatomical terminology verification.	LOW
FMA50359	right pericallosal artery	arteria pericallosa	pericallosal artery	PROBABLE	Правый пэрикаллосал артерия	APPLY	Правая пэрикаллосал артерия	Candidate from QA (laterality; lost_information); requires final Russian terminology review before application.	MEDIUM
FMA50360	left pericallosal artery	arteria pericallosa	pericallosal artery	PROBABLE	Левый пэрикаллосал артерия	APPLY	Левая пэрикаллосал артерия	Candidate from QA (laterality; lost_information); requires final Russian terminology review before application.	MEDIUM
FMA50361	precuneal branch of right pericallosal artery			NO_MATCH	Прэкунэал ветвь правый пэрикаллосал артерия	APPLY	Прэкунэал ветвь Правая пэрикаллосал артерия	Candidate from QA (laterality); requires final Russian terminology review before application.	MEDIUM
FMA50362	precuneal branch of left pericallosal artery			NO_MATCH	Прэкунэал ветвь левый пэрикаллосал артерия	APPLY	Прэкунэал ветвь Левая пэрикаллосал артерия	Candidate from QA (laterality); requires final Russian terminology review before application.	MEDIUM
FMA50365	sphenoid part of middle cerebral artery			NO_MATCH	Сфэноид часть средняя мозговая артерия	REVIEW		Needs external Russian anatomical terminology verification.	LOW
FMA50366	sphenoid part of right middle cerebral artery			NO_MATCH	Сфэноид часть правый средняя мозговая артерия	APPLY	Сфэноид часть Правая средняя мозговая артерия	Candidate from QA (laterality); requires final Russian terminology review before application.	MEDIUM
FMA50367	sphenoid part of left middle cerebral artery			NO_MATCH	Сфэноид часть левый средняя мозговая артерия	APPLY	Сфэноид часть Левая средняя мозговая артерия	Candidate from QA (laterality); requires final Russian terminology review before application.	MEDIUM
FMA50368	insular part of middle cerebral artery			NO_MATCH	Инсулар часть средняя мозговая артерия	REVIEW		Needs external Russian anatomical terminology verification.	LOW
FMA50369	insular part of right middle cerebral artery			NO_MATCH	Инсулар часть правый средняя мозговая артерия	APPLY	Инсулар часть Правая средняя мозговая артерия	Candidate from QA (laterality); requires final Russian terminology review before application.	MEDIUM
FMA50370	insular part of left middle cerebral artery			NO_MATCH	Инсулар часть левый средняя мозговая артерия	APPLY	Инсулар часть Левая средняя мозговая артерия	Candidate from QA (laterality); requires final Russian terminology review before application.	MEDIUM
FMA50376	anterolateral central branch of middle cerebral artery			NO_MATCH	Переднелатеральная центральная ветвь средней мозговой артерии	REVIEW		Needs external Russian anatomical terminology verification.	LOW
FMA50377	anterolateral central branch of right middle cerebral artery			NO_MATCH	Переднелатеральная центральная ветвь правой средней мозговой артерии	REVIEW		Needs external Russian anatomical terminology verification.	LOW
FMA50378	anterolateral central branch of left middle cerebral artery			NO_MATCH	Переднелатеральная центральная ветвь левой средней мозговой артерии	REVIEW		Needs external Russian anatomical terminology verification.	LOW
FMA50379	polar temporal artery			NO_MATCH	Полярная височная артерия	KEEP	Полярная височная артерия	No deterministic QA defect detected; normative Russian source not independently confirmed.	MEDIUM
FMA50380	right polar temporal artery			NO_MATCH	Правый полярная височная артерия	APPLY	Правая полярная височная артерия	Candidate from QA (laterality; lost_information); requires final Russian terminology review before application.	MEDIUM
FMA50381	left polar temporal artery			NO_MATCH	Левый полярная височная артерия	APPLY	Левая полярная височная артерия	Candidate from QA (laterality; lost_information); requires final Russian terminology review before application.	MEDIUM
FMA50382	anterior temporal artery			NO_MATCH	Передняя височная артерия	KEEP	Передняя височная артерия	No deterministic QA defect detected; normative Russian source not independently confirmed.	MEDIUM
FMA50383	right anterior temporal artery			NO_MATCH	Правый передняя височная артерия	APPLY	Правая передняя височная артерия	Candidate from QA (laterality; lost_information); requires final Russian terminology review before application.	MEDIUM
FMA50384	left anterior temporal artery			NO_MATCH	Левый передняя височная артерия	APPLY	Левая передняя височная артерия	Candidate from QA (laterality; lost_information); requires final Russian terminology review before application.	MEDIUM
FMA50391	musculature of subdivision of free upper limb			NO_MATCH	Мускулатура подразделение свободная верхняя конечность	REVIEW		Needs external Russian anatomical terminology verification.	LOW
FMA50427	hypothalamic branch of posterior communicating artery			NO_MATCH	Хйпоталамик ветвь задняя соединительная артерия	REVIEW		Needs external Russian anatomical terminology verification.	LOW
FMA50428	hypothalamic branch of right posterior communicating artery			NO_MATCH	Хйпоталамик ветвь правый задняя соединительная артерия	APPLY	Хйпоталамик ветвь Правая задняя соединительная артерия	Candidate from QA (laterality); requires final Russian terminology review before application.	MEDIUM
FMA50429	hypothalamic branch of left posterior communicating artery			NO_MATCH	Хйпоталамик ветвь левый задняя соединительная артерия	APPLY	Хйпоталамик ветвь Левая задняя соединительная артерия	Candidate from QA (laterality); requires final Russian terminology review before application.	MEDIUM
FMA50436	superior terminal branch of middle cerebral artery			NO_MATCH	Верхняя концевая ветвь средняя мозговая артерия	REVIEW		Needs external Russian anatomical terminology verification.	LOW
FMA50437	prefrontal artery			NO_MATCH	Префронтальная артерия	KEEP	Префронтальная артерия	No deterministic QA defect detected; normative Russian source not independently confirmed.	MEDIUM
FMA50438	temporal artery			NO_MATCH	Височная артерия	KEEP	Височная артерия	No deterministic QA defect detected; normative Russian source not independently confirmed.	MEDIUM
FMA50439	inferior terminal branch of middle cerebral artery			NO_MATCH	Нижняя концевая ветвь средняя мозговая артерия	REVIEW		Needs external Russian anatomical terminology verification.	LOW
FMA50442	lateral frontobasal artery			NO_MATCH	Латеральная фронтобасал артерия	KEEP	Латеральная фронтобасал артерия	No deterministic QA defect detected; normative Russian source not independently confirmed.	MEDIUM
FMA50443	right lateral frontobasal artery			NO_MATCH	Правый латеральная фронтобасал артерия	APPLY	Правая латеральная фронтобасал артерия	Candidate from QA (laterality; lost_information); requires final Russian terminology review before application.	MEDIUM
FMA50444	left lateral frontobasal artery			NO_MATCH	Левый латеральная фронтобасал артерия	APPLY	Левая латеральная фронтобасал артерия	Candidate from QA (laterality; lost_information); requires final Russian terminology review before application.	MEDIUM
FMA50445	right prefrontal artery			NO_MATCH	Правый префронтальная артерия	APPLY	Правая префронтальная артерия	Candidate from QA (laterality; lost_information); requires final Russian terminology review before application.	MEDIUM
FMA50466	middle temporal branch of middle cerebral artery			NO_MATCH	Средняя височная ветвь средняя мозговая артерия	REVIEW		Needs external Russian anatomical terminology verification.	LOW
FMA50467	middle temporal branch of right middle cerebral artery			NO_MATCH	Средняя височная ветвь правый средняя мозговая артерия	APPLY	Средняя височная ветвь Правая средняя мозговая артерия	Candidate from QA (laterality); requires final Russian terminology review before application.	MEDIUM
FMA50468	middle temporal branch of left middle cerebral artery			NO_MATCH	Средняя височная ветвь левый средняя мозговая артерия	APPLY	Средняя височная ветвь Левая средняя мозговая артерия	Candidate from QA (laterality); requires final Russian terminology review before application.	MEDIUM
FMA50469	posterior temporal branch of middle cerebral artery			NO_MATCH	Задняя височная ветвь средняя мозговая артерия	REVIEW		Needs external Russian anatomical terminology verification.	LOW
FMA50470	posterior temporal branch of right middle cerebral artery			NO_MATCH	Задняя височная ветвь правый средняя мозговая артерия	APPLY	Задняя височная ветвь Правая средняя мозговая артерия	Candidate from QA (laterality); requires final Russian terminology review before application.	MEDIUM
FMA50471	posterior temporal branch of left middle cerebral artery			NO_MATCH	Задняя височная ветвь левый средняя мозговая артерия	APPLY	Задняя височная ветвь Левая средняя мозговая артерия	Candidate from QA (laterality); requires final Russian terminology review before application.	MEDIUM
FMA50472	temporo-occipital branch of middle cerebral artery			NO_MATCH	Тэмпоро-оккипитал ветвь средняя мозговая артерия	REVIEW		Needs external Russian anatomical terminology verification.	LOW
FMA50473	temporo-occipital branch of right middle cerebral artery			NO_MATCH	Тэмпоро-оккипитал ветвь правый средняя мозговая артерия	APPLY	Тэмпоро-оккипитал ветвь Правая средняя мозговая артерия	Candidate from QA (laterality); requires final Russian terminology review before application.	MEDIUM
FMA50474	temporo-occipital branch of left middle cerebral artery			NO_MATCH	Тэмпоро-оккипитал ветвь левый средняя мозговая артерия	APPLY	Тэмпоро-оккипитал ветвь Левая средняя мозговая артерия	Candidate from QA (laterality); requires final Russian terminology review before application.	MEDIUM
FMA50475	branch of middle cerebral artery to angular gyrus			NO_MATCH	Ветвь средней мозговой артерии к угловой извилине	REVIEW		Needs external Russian anatomical terminology verification.	LOW
FMA50476	branch of right middle cerebral artery to right angular gyrus			NO_MATCH	Ветвь правой средней мозговой артерии к правой угловой извилине	REVIEW		Needs external Russian anatomical terminology verification.	LOW
FMA50477	branch of left middle cerebral artery to left angular gyrus			NO_MATCH	Ветвь левой средней мозговой артерии к левой угловой извилине	REVIEW		Needs external Russian anatomical terminology verification.	LOW
FMA50478	left prefrontal artery			NO_MATCH	Левый префронтальная артерия	APPLY	Левая префронтальная артерия	Candidate from QA (laterality; lost_information); requires final Russian terminology review before application.	MEDIUM
FMA50479	artery of precentral sulcus			NO_MATCH	Артерия прецентральной борозды	REVIEW		Needs external Russian anatomical terminology verification.	LOW
FMA50480	artery of right precentral sulcus			NO_MATCH	Артерия правой прецентральной борозды	REVIEW		Needs external Russian anatomical terminology verification.	LOW
FMA50481	artery of left precentral sulcus			NO_MATCH	Артерия левой прецентральной борозды	REVIEW		Needs external Russian anatomical terminology verification.	LOW
FMA50482	artery of postcentral sulcus			NO_MATCH	Артерия постцентральной борозды	REVIEW		Needs external Russian anatomical terminology verification.	LOW
FMA50483	artery of right postcentral sulcus			NO_MATCH	Артерия правой постцентральной борозды	REVIEW		Needs external Russian anatomical terminology verification.	LOW
FMA50484	artery of left postcentral sulcus			NO_MATCH	Артерия левой постцентральной борозды	REVIEW		Needs external Russian anatomical terminology verification.	LOW
FMA50485	anterior parietal artery			NO_MATCH	Передняя теменная артерия	KEEP	Передняя теменная артерия	No deterministic QA defect detected; normative Russian source not independently confirmed.	MEDIUM
FMA50486	right anterior parietal artery			NO_MATCH	Правый передняя теменная артерия	APPLY	Правая передняя теменная артерия	Candidate from QA (laterality; lost_information); requires final Russian terminology review before application.	MEDIUM
FMA50487	left anterior parietal artery			NO_MATCH	Левый передняя теменная артерия	APPLY	Левая передняя теменная артерия	Candidate from QA (laterality; lost_information); requires final Russian terminology review before application.	MEDIUM
FMA50488	posterior parietal artery			NO_MATCH	Задняя теменная артерия	KEEP	Задняя теменная артерия	No deterministic QA defect detected; normative Russian source not independently confirmed.	MEDIUM
FMA50489	right posterior parietal artery			NO_MATCH	Правый задняя теменная артерия	APPLY	Правая задняя теменная артерия	Candidate from QA (laterality; lost_information); requires final Russian terminology review before application.	MEDIUM
FMA50490	left posterior parietal artery			NO_MATCH	Левый задняя теменная артерия	APPLY	Левая задняя теменная артерия	Candidate from QA (laterality; lost_information); requires final Russian terminology review before application.	MEDIUM
FMA50518	posterior inferior cerebellar artery	arteria inferior posterior cerebelli	posterior inferior cerebellar artery	EXACT	Задняя нижняя мозжечковая артерия	KEEP	Задняя нижняя мозжечковая артерия	No deterministic QA defect detected; normative Russian source not independently confirmed.	MEDIUM
FMA50519	right posterior inferior cerebellar artery	arteria inferior posterior cerebelli	posterior inferior cerebellar artery	PROBABLE	Правый задняя нижняя мозжечковая артерия	APPLY	Правая задняя нижняя мозжечковая артерия	Candidate from QA (laterality; lost_information); requires final Russian terminology review before application.	MEDIUM
FMA50520	left posterior inferior cerebellar artery	arteria inferior posterior cerebelli	posterior inferior cerebellar artery	PROBABLE	Левый задняя нижняя мозжечковая артерия	APPLY	Левая задняя нижняя мозжечковая артерия	Candidate from QA (laterality; lost_information); requires final Russian terminology review before application.	MEDIUM
FMA50531	anterior spinal artery	arteria spinalis anterior	anterior spinal artery	EXACT	Передняя спинномозговая артерия	KEEP	Передняя спинномозговая артерия	No deterministic QA defect detected; normative Russian source not independently confirmed.	MEDIUM
FMA50532	right anterior spinal artery	arteria spinalis anterior	anterior spinal artery	PROBABLE	Правый передняя спинномозговая артерия	APPLY	Правая передняя спинномозговая артерия	Candidate from QA (laterality; lost_information); requires final Russian terminology review before application.	MEDIUM
FMA50533	left anterior spinal artery	arteria spinalis anterior	anterior spinal artery	PROBABLE	Левый передняя спинномозговая артерия	APPLY	Левая передняя спинномозговая артерия	Candidate from QA (laterality; lost_information); requires final Russian terminology review before application.	MEDIUM
FMA50542	basilar artery	arteria basilaris	basilar artery	EXACT	Базилярная артерия	KEEP	Базилярная артерия	No deterministic QA defect detected; normative Russian source not independently confirmed.	MEDIUM
FMA50544	anterior inferior cerebellar artery	arteria inferior anterior cerebelli	anterior inferior cerebellar artery	EXACT	Передняя нижняя мозжечковая артерия	KEEP	Передняя нижняя мозжечковая артерия	No deterministic QA defect detected; normative Russian source not independently confirmed.	MEDIUM
FMA50563	branch of pontine artery			NO_MATCH	Ветвь мостовой артерии	REVIEW		Needs external Russian anatomical terminology verification.	LOW
FMA50564	medial branch of pontine artery			NO_MATCH	Медиальная ветвь мостовая артерия	KEEP	Медиальная ветвь мостовая артерия	No deterministic QA defect detected; normative Russian source not independently confirmed.	MEDIUM
FMA50565	lateral branch of pontine artery			NO_MATCH	Латеральная ветвь мостовая артерия	KEEP	Латеральная ветвь мостовая артерия	No deterministic QA defect detected; normative Russian source not independently confirmed.	MEDIUM
FMA50566	medial branch of right pontine artery			NO_MATCH	Медиальная ветвь правый мостовая артерия	APPLY	Медиальная ветвь Правая мостовая артерия	Candidate from QA (laterality); requires final Russian terminology review before application.	MEDIUM
FMA50567	medial branch of left pontine artery			NO_MATCH	Медиальная ветвь левый мостовая артерия	APPLY	Медиальная ветвь Левая мостовая артерия	Candidate from QA (laterality); requires final Russian terminology review before application.	MEDIUM
FMA50568	lateral branch of right pontine artery			NO_MATCH	Латеральная ветвь правый мостовая артерия	APPLY	Латеральная ветвь Правая мостовая артерия	Candidate from QA (laterality); requires final Russian terminology review before application.	MEDIUM
FMA50569	lateral branch of left pontine artery			NO_MATCH	Латеральная ветвь левый мостовая артерия	APPLY	Латеральная ветвь Левая мостовая артерия	Candidate from QA (laterality); requires final Russian terminology review before application.	MEDIUM
FMA50573	superior cerebellar artery	arteria superior cerebelli	superior cerebellar artery	EXACT	Верхняя мозжечковая артерия	KEEP	Верхняя мозжечковая артерия	No deterministic QA defect detected; normative Russian source not independently confirmed.	MEDIUM
FMA50574	right superior cerebellar artery	arteria superior cerebelli	superior cerebellar artery	PROBABLE	Правый верхняя мозжечковая артерия	APPLY	Правая верхняя мозжечковая артерия	Candidate from QA (laterality; lost_information); requires final Russian terminology review before application.	MEDIUM
FMA50575	left superior cerebellar artery	arteria superior cerebelli	superior cerebellar artery	PROBABLE	Левый верхняя мозжечковая артерия	APPLY	Левая верхняя мозжечковая артерия	Candidate from QA (laterality; lost_information); requires final Russian terminology review before application.	MEDIUM
FMA50576	branch of superior cerebellar artery			NO_MATCH	Ветвь верхняя мозжечковая артерия	REVIEW		Needs external Russian anatomical terminology verification.	LOW
FMA50577	lateral superior cerebellar artery			NO_MATCH	Латеральная верхняя мозжечковая артерия	KEEP	Латеральная верхняя мозжечковая артерия	No deterministic QA defect detected; normative Russian source not independently confirmed.	MEDIUM
FMA50578	lateral branch of right superior cerebellar artery			NO_MATCH	Латеральная ветвь правый верхняя мозжечковая артерия	APPLY	Латеральная ветвь Правая верхняя мозжечковая артерия	Candidate from QA (laterality); requires final Russian terminology review before application.	MEDIUM
FMA50579	lateral branch of left superior cerebellar artery			NO_MATCH	Латеральная ветвь левый верхняя мозжечковая артерия	APPLY	Латеральная ветвь Левая верхняя мозжечковая артерия	Candidate from QA (laterality); requires final Russian terminology review before application.	MEDIUM
FMA50580	medial branch of superior cerebellar artery			NO_MATCH	Медиальная ветвь верхняя мозжечковая артерия	REVIEW		Needs external Russian anatomical terminology verification.	LOW
FMA50581	medial branch of right superior cerebellar artery			NO_MATCH	Медиальная ветвь правый верхняя мозжечковая артерия	APPLY	Медиальная ветвь Правая верхняя мозжечковая артерия	Candidate from QA (laterality); requires final Russian terminology review before application.	MEDIUM
FMA50582	medial branch of left superior cerebellar artery			NO_MATCH	Медиальная ветвь левый верхняя мозжечковая артерия	APPLY	Медиальная ветвь Левая верхняя мозжечковая артерия	Candidate from QA (laterality); requires final Russian terminology review before application.	MEDIUM
FMA50586	branch of posterior cerebral artery			NO_MATCH	Ветвь задней мозговой артерии	REVIEW		Needs external Russian anatomical terminology verification.	LOW
FMA50587	posteromedial central branch of posterior cerebral artery			NO_MATCH	Постэромэдиал центральная ветвь задняя мозговая артерия	REVIEW		Needs external Russian anatomical terminology verification.	LOW
FMA50589	zone of posterior cerebral artery			NO_MATCH	Зона задняя мозговая артерия	KEEP	Зона задняя мозговая артерия	No deterministic QA defect detected; normative Russian source not independently confirmed.	MEDIUM
FMA50590	precommunicating part of posterior cerebral artery	pars precommunicans arteriae posterioris cerebri	precommunicating part of posterior cerebral artery	EXACT	Прэкоммуникатинг часть задняя мозговая артерия	REVIEW		Needs external Russian anatomical terminology verification.	LOW
FMA50591	postcommunicating part of posterior cerebral artery			NO_MATCH	Посткоммуникатинг часть задняя мозговая артерия	REVIEW		Needs external Russian anatomical terminology verification.	LOW
FMA50624	thalamoperforating artery			NO_MATCH	Таламопэрфоратинг артерия	KEEP	Таламопэрфоратинг артерия	No deterministic QA defect detected; normative Russian source not independently confirmed.	MEDIUM
FMA50629	thalamogeniculate artery			NO_MATCH	Таламогэникулатэ артерия	KEEP	Таламогэникулатэ артерия	No deterministic QA defect detected; normative Russian source not independently confirmed.	MEDIUM
FMA50630	posterior medial choroidal artery			NO_MATCH	Задняя медиальная ворсинчатая артерия	KEEP	Задняя медиальная ворсинчатая артерия	No deterministic QA defect detected; normative Russian source not independently confirmed.	MEDIUM
FMA50633	lateral occipital artery	arteria occipitalis lateralis	lateral occipital artery	EXACT	Латеральная затылочная артерия	KEEP	Латеральная затылочная артерия	No deterministic QA defect detected; normative Russian source not independently confirmed.	MEDIUM
FMA50638	medial occipital artery	arteria occipitalis medialis	medial occipital artery	EXACT	Медиальная затылочная артерия	KEEP	Медиальная затылочная артерия	No deterministic QA defect detected; normative Russian source not independently confirmed.	MEDIUM
FMA50639	precommunicating part of right posterior cerebral artery	pars precommunicans arteriae posterioris cerebri	precommunicating part of posterior cerebral artery	PROBABLE	Прэкоммуникатинг часть правый задняя мозговая артерия	REVIEW		Needs external Russian anatomical terminology verification.	LOW
FMA50640	precommunicating part of left posterior cerebral artery	pars precommunicans arteriae posterioris cerebri	precommunicating part of posterior cerebral artery	PROBABLE	Прэкоммуникатинг часть левый задняя мозговая артерия	REVIEW		Needs external Russian anatomical terminology verification.	LOW
FMA50641	postcommunicating part of right posterior cerebral artery			NO_MATCH	Посткоммуникатинг часть правый задняя мозговая артерия	APPLY	Посткоммуникатинг часть Правая задняя мозговая артерия	Candidate from QA (laterality); requires final Russian terminology review before application.	MEDIUM
FMA50642	postcommunicating part of left posterior cerebral artery			NO_MATCH	Посткоммуникатинг часть левый задняя мозговая артерия	APPLY	Посткоммуникатинг часть Левая задняя мозговая артерия	Candidate from QA (laterality); requires final Russian terminology review before application.	MEDIUM
FMA50643	right lateral occipital artery	arteria occipitalis lateralis	lateral occipital artery	PROBABLE	Правый латеральная затылочная артерия	APPLY	Правая латеральная затылочная артерия	Candidate from QA (laterality; lost_information); requires final Russian terminology review before application.	MEDIUM
FMA50644	left lateral occipital artery	arteria occipitalis lateralis	lateral occipital artery	PROBABLE	Левый латеральная затылочная артерия	APPLY	Левая латеральная затылочная артерия	Candidate from QA (laterality; lost_information); requires final Russian terminology review before application.	MEDIUM
FMA50645	right medial occipital artery	arteria occipitalis medialis	medial occipital artery	PROBABLE	Правый медиальная затылочная артерия	APPLY	Правая медиальная затылочная артерия	Candidate from QA (laterality; lost_information); requires final Russian terminology review before application.	MEDIUM
FMA50646	left medial occipital artery	arteria occipitalis medialis	medial occipital artery	PROBABLE	Левый медиальная затылочная артерия	APPLY	Левая медиальная затылочная артерия	Candidate from QA (laterality; lost_information); requires final Russian terminology review before application.	MEDIUM
FMA50647	branch of lateral occipital artery			NO_MATCH	Ветвь латеральной затылочной артерии	REVIEW		Needs external Russian anatomical terminology verification.	LOW
FMA50648	anterior temporal branch of lateral occipital artery			NO_MATCH	Передняя височная ветвь латеральной затылочной артерии	REVIEW		Needs external Russian anatomical terminology verification.	LOW
FMA50649	middle temporal branch of lateral occipital artery			NO_MATCH	Средняя височная ветвь латеральная затылочная артерия	REVIEW		Needs external Russian anatomical terminology verification.	LOW
FMA50651	branch of medial occipital artery			NO_MATCH	Ветвь медиальной затылочной артерии	REVIEW		Needs external Russian anatomical terminology verification.	LOW
FMA50652	splenial artery			NO_MATCH	Сплэниал артерия	KEEP	Сплэниал артерия	No deterministic QA defect detected; normative Russian source not independently confirmed.	MEDIUM
FMA50660	posteromedial central branch of right posterior cerebral artery			NO_MATCH	Постэромэдиал центральная ветвь правый задняя мозговая артерия	APPLY	Постэромэдиал центральная ветвь Правая задняя мозговая артерия	Candidate from QA (laterality); requires final Russian terminology review before application.	MEDIUM
FMA50661	posteromedial central branch of left posterior cerebral artery			NO_MATCH	Постэромэдиал центральная ветвь левый задняя мозговая артерия	APPLY	Постэромэдиал центральная ветвь Левая задняя мозговая артерия	Candidate from QA (laterality); requires final Russian terminology review before application.	MEDIUM
FMA50664	right thalamoperforating artery			NO_MATCH	Правый таламопэрфоратинг артерия	APPLY	Правая таламопэрфоратинг артерия	Candidate from QA (laterality; lost_information); requires final Russian terminology review before application.	MEDIUM
FMA50665	left thalamoperforating artery			NO_MATCH	Левый таламопэрфоратинг артерия	APPLY	Левая таламопэрфоратинг артерия	Candidate from QA (laterality; lost_information); requires final Russian terminology review before application.	MEDIUM
FMA50670	right thalamogeniculate artery			NO_MATCH	Правый таламогэникулатэ артерия	APPLY	Правая таламогэникулатэ артерия	Candidate from QA (laterality; lost_information); requires final Russian terminology review before application.	MEDIUM
FMA50671	left thalamogeniculate artery			NO_MATCH	Левый таламогэникулатэ артерия	APPLY	Левая таламогэникулатэ артерия	Candidate from QA (laterality; lost_information); requires final Russian terminology review before application.	MEDIUM
FMA50672	right posterior medial choroidal artery			NO_MATCH	Правая задняя медиальная ворсинчатая артерия	REVIEW		Needs external Russian anatomical terminology verification.	LOW
FMA50673	left posterior medial choroidal artery			NO_MATCH	Левая задняя медиальная ворсинчатая артерия	REVIEW		Needs external Russian anatomical terminology verification.	LOW
FMA50678	anterior temporal branch of right lateral occipital artery			NO_MATCH	Передняя височная ветвь правой латеральной затылочной артерии	REVIEW		Needs external Russian anatomical terminology verification.	LOW
FMA50679	anterior temporal branch of left lateral occipital artery			NO_MATCH	Передняя височная ветвь левой латеральной затылочной артерии	REVIEW		Needs external Russian anatomical terminology verification.	LOW
FMA50680	middle temporal branch of right lateral occipital artery			NO_MATCH	Средняя височная ветвь правый латеральная затылочная артерия	APPLY	Средняя височная ветвь Правая латеральная затылочная артерия	Candidate from QA (laterality); requires final Russian terminology review before application.	MEDIUM
FMA50681	middle temporal branch of left lateral occipital artery			NO_MATCH	Средняя височная ветвь левый латеральная затылочная артерия	APPLY	Средняя височная ветвь Левая латеральная затылочная артерия	Candidate from QA (laterality); requires final Russian terminology review before application.	MEDIUM
FMA50684	right splenial artery			NO_MATCH	Правый сплэниал артерия	APPLY	Правая сплэниал артерия	Candidate from QA (laterality; lost_information); requires final Russian terminology review before application.	MEDIUM
FMA50685	left splenial artery			NO_MATCH	Левый сплэниал артерия	APPLY	Левая сплэниал артерия	Candidate from QA (laterality; lost_information); requires final Russian terminology review before application.	MEDIUM
FMA50694	branch of medial branch of superior cerebellar artery			NO_MATCH	Ветвь медиальной ветви верхней мозжечковой артерии	REVIEW		Needs external Russian anatomical terminology verification.	LOW
FMA50695	superior vermian branch of medial branch of superior cerebellar artery			NO_MATCH	Верхняя червячная ветвь медиальной ветви верхней мозжечковой артерии	REVIEW		Needs external Russian anatomical terminology verification.	LOW
FMA50696	superior vermian branch of medial branch of right superior cerebellar artery			NO_MATCH	Верхняя червячная ветвь медиальной ветви правой верхней мозжечковой артерии	REVIEW		Needs external Russian anatomical terminology verification.	LOW
FMA50697	superior vermian branch of medial branch of left superior cerebellar artery			NO_MATCH	Верхняя червячная ветвь медиальной ветви левой верхней мозжечковой артерии	REVIEW		Needs external Russian anatomical terminology verification.	LOW
FMA50705	anatomical boundary entity			NO_MATCH	Анатомическая граничная сущность	KEEP	Анатомическая граничная сущность	No deterministic QA defect detected; normative Russian source not independently confirmed.	MEDIUM
FMA50720	artery			NO_MATCH	Артерия	REVIEW		Needs external Russian anatomical terminology verification.	LOW
FMA50722	region of vascular tree organ			NO_MATCH	Область сосудистое дерево орган	KEEP	Область сосудистое дерево орган	No deterministic QA defect detected; normative Russian source not independently confirmed.	MEDIUM
FMA50723	vein			NO_MATCH	Вена	REVIEW		Needs external Russian anatomical terminology verification.	LOW
FMA50735	hepatic portal vein	vena portae hepatis	hepatic portal vein	EXACT	Печёночная воротная вена	KEEP	Печёночная воротная вена	No deterministic QA defect detected; normative Russian source not independently confirmed.	MEDIUM
FMA50736	subdivision of pre-hepatic portal vein			NO_MATCH	Подразделение прэ-хэпатик воротная вена	KEEP	Подразделение прэ-хэпатик воротная вена	No deterministic QA defect detected; normative Russian source not independently confirmed.	MEDIUM
FMA50737	celiac artery			NO_MATCH	Чревная артерия	KEEP	Чревная артерия	No deterministic QA defect detected; normative Russian source not independently confirmed.	MEDIUM
FMA50859	right suprascapular vein	vena suprascapularis	suprascapular vein	PROBABLE	Правая надлопаточная вена	REVIEW		Needs external Russian anatomical terminology verification.	LOW
FMA50860	left suprascapular vein	vena suprascapularis	suprascapular vein	PROBABLE	Левая надлопаточная вена	REVIEW		Needs external Russian anatomical terminology verification.	LOW
FMA50863	optic nerve	nervus opticus	optic nerve	EXACT	Зрительный нерв	KEEP	Зрительный нерв	No deterministic QA defect detected; normative Russian source not independently confirmed.	MEDIUM
FMA50865	trochlear nerve	nervus trochlearis	trochlear nerve	EXACT	Трочлэар нерв	KEEP	Трочлэар нерв	No deterministic QA defect detected; normative Russian source not independently confirmed.	MEDIUM
FMA50872	right pulmonary artery	arteria pulmonalis dextra	right pulmonary artery	EXACT	Правый лёгочный артерия	APPLY	Правая лёгочная артерия	Exact TA2 mapping and unambiguous Russian correction; no source information is lost.	HIGH
FMA50873	left pulmonary artery	arteria pulmonalis sinistra	left pulmonary artery	EXACT	Левый лёгочный артерия	APPLY	Левая лёгочная артерия	Exact TA2 mapping and unambiguous Russian correction; no source information is lost.	HIGH
FMA50875	right optic nerve	nervus opticus	optic nerve	PROBABLE	Правый зрительный нерв	REVIEW		Needs external Russian anatomical terminology verification.	LOW
FMA50878	left optic nerve	nervus opticus	optic nerve	PROBABLE	Левый зрительный нерв	REVIEW		Needs external Russian anatomical terminology verification.	LOW
FMA50881	right trochlear nerve	nervus trochlearis	trochlear nerve	PROBABLE	Правый трочлэар нерв	REVIEW		Needs external Russian anatomical terminology verification.	LOW
FMA50882	left trochlear nerve	nervus trochlearis	trochlear nerve	PROBABLE	Левый трочлэар нерв	REVIEW		Needs external Russian anatomical terminology verification.	LOW
FMA51041	deep femoral vein	vena profunda femoris	deep femoral vein	EXACT	Глубокая бедренная вена	KEEP	Глубокая бедренная вена	No deterministic QA defect detected; normative Russian source not independently confirmed.	MEDIUM
FMA51042	right deep femoral vein	vena profunda femoris	deep femoral vein	PROBABLE	Правый глубокая бедренная вена	APPLY	Правая глубокая бедренная вена	Candidate from QA (laterality; lost_information); requires final Russian terminology review before application.	MEDIUM
FMA51043	left deep femoral vein	vena profunda femoris	deep femoral vein	PROBABLE	Левый глубокая бедренная вена	APPLY	Левая глубокая бедренная вена	Candidate from QA (laterality; lost_information); requires final Russian terminology review before application.	MEDIUM
FMA51048	iliotibial tract	tractus iliotibialis	iliotibial tract	EXACT	Илиотибиал проводящий путь	KEEP	Илиотибиал проводящий путь	No deterministic QA defect detected; normative Russian source not independently confirmed.	MEDIUM
FMA51061	calcaneal tendon	tendo calcaneus	calcaneal tendon	EXACT	Пяточное сухожилие	KEEP	Пяточное сухожилие	No deterministic QA defect detected; normative Russian source not independently confirmed.	MEDIUM
FMA51071	flexor digitorum longus	flexor longus digitorum	flexor digitorum longus	EXACT	Сгибатель пальцев длинная	KEEP	Сгибатель пальцев длинная	No deterministic QA defect detected; normative Russian source not independently confirmed.	MEDIUM
FMA51099	tibialis posterior			NO_MATCH	Тибиалис задняя	KEEP	Тибиалис задняя	No deterministic QA defect detected; normative Russian source not independently confirmed.	MEDIUM
FMA51141	extensor hallucis brevis	extensor brevis hallucis	extensor hallucis brevis	EXACT	Разгибатель большого пальца стопы короткая	APPLY	Короткая мышца, разгибающая большой палец стопы	Exact TA2 mapping and unambiguous Russian correction; no source information is lost.	HIGH
FMA51144	right extensor hallucis brevis	extensor brevis hallucis	extensor hallucis brevis	PROBABLE	Правый разгибатель большого пальца стопы короткая	REVIEW		Needs external Russian anatomical terminology verification.	LOW
FMA51145	left extensor hallucis brevis	extensor brevis hallucis	extensor hallucis brevis	PROBABLE	Левый разгибатель большого пальца стопы короткая	REVIEW		Needs external Russian anatomical terminology verification.	LOW
FMA51886	branch of cerebral arterial circle			NO_MATCH	Ветвь артериального круга большого мозга	REVIEW		Needs external Russian anatomical terminology verification.	LOW
FMA52570	branch of cranial nerve			NO_MATCH	Ветвь черепного нерва	REVIEW		Needs external Russian anatomical terminology verification.	LOW
FMA52571	branch of oculomotor nerve			NO_MATCH	Ветвь глазодвигательного нерва	REVIEW		Needs external Russian anatomical terminology verification.	LOW
FMA52572	superior branch of oculomotor nerve	ramus superior nervi oculomotorii	superior branch of oculomotor nerve	EXACT	Верхняя ветвь окуломотор нерв	KEEP	Верхняя ветвь окуломотор нерв	No deterministic QA defect detected; normative Russian source not independently confirmed.	MEDIUM
FMA52573	inferior branch of oculomotor nerve	ramus inferior nervi oculomotorii	inferior branch of oculomotor nerve	EXACT	Нижняя ветвь окуломотор нерв	KEEP	Нижняя ветвь окуломотор нерв	No deterministic QA defect detected; normative Russian source not independently confirmed.	MEDIUM
FMA52574	superior branch of right oculomotor nerve	ramus superior nervi oculomotorii	superior branch of oculomotor nerve	PROBABLE	Верхняя ветвь правый окуломотор нерв	REVIEW		Needs external Russian anatomical terminology verification.	LOW
FMA52575	superior branch of left oculomotor nerve	ramus superior nervi oculomotorii	superior branch of oculomotor nerve	PROBABLE	Верхняя ветвь левый окуломотор нерв	REVIEW		Needs external Russian anatomical terminology verification.	LOW
FMA52576	inferior branch of right oculomotor nerve	ramus inferior nervi oculomotorii	inferior branch of oculomotor nerve	PROBABLE	Нижняя ветвь правый окуломотор нерв	REVIEW		Needs external Russian anatomical terminology verification.	LOW
FMA52577	inferior branch of left oculomotor nerve	ramus inferior nervi oculomotorii	inferior branch of oculomotor nerve	PROBABLE	Нижняя ветвь левый окуломотор нерв	REVIEW		Needs external Russian anatomical terminology verification.	LOW
FMA52607	branch of trigeminal nerve			NO_MATCH	Ветвь тригэминал нерв	REVIEW		Needs external Russian anatomical terminology verification.	LOW
FMA52621	ophthalmic nerve	nervus ophthalmicus	ophthalmic nerve	EXACT	Офталмик нерв	KEEP	Офталмик нерв	No deterministic QA defect detected; normative Russian source not independently confirmed.	MEDIUM
FMA52622	right ophthalmic nerve	nervus ophthalmicus	ophthalmic nerve	PROBABLE	Правый офталмик нерв	REVIEW		Needs external Russian anatomical terminology verification.	LOW
FMA52623	left ophthalmic nerve	nervus ophthalmicus	ophthalmic nerve	PROBABLE	Левый офталмик нерв	REVIEW		Needs external Russian anatomical terminology verification.	LOW
FMA52624	branch of ophthalmic nerve			NO_MATCH	Ветвь глазного нерва	REVIEW		Needs external Russian anatomical terminology verification.	LOW
FMA52628	lacrimal nerve	nervus lacrimalis	lacrimal nerve	EXACT	Слёзная нерв	KEEP	Слёзная нерв	No deterministic QA defect detected; normative Russian source not independently confirmed.	MEDIUM
FMA52629	right lacrimal nerve	nervus lacrimalis	lacrimal nerve	PROBABLE	Правый слёзная нерв	REVIEW		Needs external Russian anatomical terminology verification.	LOW
FMA52630	left lacrimal nerve	nervus lacrimalis	lacrimal nerve	PROBABLE	Левый слёзная нерв	REVIEW		Needs external Russian anatomical terminology verification.	LOW
FMA52638	frontal nerve	nervus frontalis	frontal nerve	EXACT	Лобная нерв	KEEP	Лобная нерв	No deterministic QA defect detected; normative Russian source not independently confirmed.	MEDIUM
FMA52639	right frontal nerve	nervus frontalis	frontal nerve	PROBABLE	Правый лобная нерв	REVIEW		Needs external Russian anatomical terminology verification.	LOW
FMA52640	left frontal nerve	nervus frontalis	frontal nerve	PROBABLE	Левый лобная нерв	REVIEW		Needs external Russian anatomical terminology verification.	LOW
FMA52641	branch of frontal nerve			NO_MATCH	Ветвь лобного нерва	REVIEW		Needs external Russian anatomical terminology verification.	LOW
FMA52642	supratrochlear nerve	nervus supratrochlearis	supratrochlear nerve	EXACT	надблоковый нерв	KEEP	надблоковый нерв	No deterministic QA defect detected; normative Russian source not independently confirmed.	MEDIUM
FMA52643	right supratrochlear nerve	nervus supratrochlearis	supratrochlear nerve	PROBABLE	Правый надблоковый нерв	REVIEW		Needs external Russian anatomical terminology verification.	LOW
FMA52644	left supratrochlear nerve	nervus supratrochlearis	supratrochlear nerve	PROBABLE	Левый надблоковый нерв	REVIEW		Needs external Russian anatomical terminology verification.	LOW
FMA52655	supra-orbital nerve			NO_MATCH	Супра-орбитал нерв	KEEP	Супра-орбитал нерв	No deterministic QA defect detected; normative Russian source not independently confirmed.	MEDIUM
FMA52656	right supra-orbital nerve			NO_MATCH	Правый супра-орбитал нерв	REVIEW		Needs external Russian anatomical terminology verification.	LOW
FMA52657	left supra-orbital nerve			NO_MATCH	Левый супра-орбитал нерв	REVIEW		Needs external Russian anatomical terminology verification.	LOW
FMA52668	nasociliary nerve	nervus nasociliaris	nasociliary nerve	EXACT	Насокилиарй нерв	KEEP	Насокилиарй нерв	No deterministic QA defect detected; normative Russian source not independently confirmed.	MEDIUM
FMA52669	right nasociliary nerve	nervus nasociliaris	nasociliary nerve	PROBABLE	Правый насокилиарй нерв	REVIEW		Needs external Russian anatomical terminology verification.	LOW
FMA52670	left nasociliary nerve	nervus nasociliaris	nasociliary nerve	PROBABLE	Левый насокилиарй нерв	REVIEW		Needs external Russian anatomical terminology verification.	LOW
FMA52671	branch of nasociliary nerve			NO_MATCH	Ветвь носоресничного нерва	REVIEW		Needs external Russian anatomical terminology verification.	LOW
FMA52672	communicating branch of nasociliary nerve with ciliary ganglion			NO_MATCH	Соединительная ветвь насокилиарй нерв вит ресничная ганглий	REVIEW		Needs external Russian anatomical terminology verification.	LOW
FMA52673	communicating branch of right nasociliary nerve with right ciliary ganglion			NO_MATCH	Ветвь правого носоресничного нерва к правому ресничному узлу	REVIEW		Needs external Russian anatomical terminology verification.	LOW
FMA52674	communicating branch of left nasociliary nerve with left ciliary ganglion			NO_MATCH	Ветвь левого носоресничного нерва к левому ресничному узлу	REVIEW		Needs external Russian anatomical terminology verification.	LOW
FMA52675	anterior ethmoidal nerve	nervus ethmoideus anterior	anterior ethmoidal nerve	EXACT	Передний решётчатый нерв	KEEP	Передний решётчатый нерв	No deterministic QA defect detected; normative Russian source not independently confirmed.	MEDIUM
FMA52676	right anterior ethmoidal nerve	nervus ethmoideus anterior	anterior ethmoidal nerve	PROBABLE	Правый передняя этмоидал нерв	REVIEW		Needs external Russian anatomical terminology verification.	LOW
FMA52677	left anterior ethmoidal nerve	nervus ethmoideus anterior	anterior ethmoidal nerve	PROBABLE	Левый передняя этмоидал нерв	REVIEW		Needs external Russian anatomical terminology verification.	LOW
FMA52691	long ciliary nerve			NO_MATCH	Длинная ресничная нерв	KEEP	Длинная ресничная нерв	No deterministic QA defect detected; normative Russian source not independently confirmed.	MEDIUM
FMA52693	infratrochlear nerve	nervus infratrochlearis	infratrochlear nerve	EXACT	Инфратрочлэар нерв	KEEP	Инфратрочлэар нерв	No deterministic QA defect detected; normative Russian source not independently confirmed.	MEDIUM
FMA52698	right infratrochlear nerve	nervus infratrochlearis	infratrochlear nerve	PROBABLE	Правый инфратрочлэар нерв	REVIEW		Needs external Russian anatomical terminology verification.	LOW
FMA52699	left infratrochlear nerve	nervus infratrochlearis	infratrochlear nerve	PROBABLE	Левый инфратрочлэар нерв	REVIEW		Needs external Russian anatomical terminology verification.	LOW
FMA52714	posterior ethmoidal nerve	nervus ethmoideus posterior	posterior ethmoidal nerve	EXACT	Задняя этмоидал нерв	KEEP	Задняя этмоидал нерв	No deterministic QA defect detected; normative Russian source not independently confirmed.	MEDIUM
FMA52715	right posterior ethmoidal nerve	nervus ethmoideus posterior	posterior ethmoidal nerve	PROBABLE	Правый задняя этмоидал нерв	REVIEW		Needs external Russian anatomical terminology verification.	LOW
FMA52716	left posterior ethmoidal nerve	nervus ethmoideus posterior	posterior ethmoidal nerve	PROBABLE	Левый задняя этмоидал нерв	REVIEW		Needs external Russian anatomical terminology verification.	LOW
FMA52734	frontal bone	os frontale	frontal bone	EXACT	Лобная кость	KEEP	Лобная кость	No deterministic QA defect detected; normative Russian source not independently confirmed.	MEDIUM
FMA52735	occipital bone	os occipitale	occipital bone	EXACT	Затылочная кость	KEEP	Затылочная кость	No deterministic QA defect detected; normative Russian source not independently confirmed.	MEDIUM
FMA52736	sphenoid bone	os sphenoideum	sphenoid bone	EXACT	Сфэноид кость	KEEP	Сфэноид кость	No deterministic QA defect detected; normative Russian source not independently confirmed.	MEDIUM
FMA52737	temporal bone	os temporale	temporal bone	EXACT	Височная кость	KEEP	Височная кость	No deterministic QA defect detected; normative Russian source not independently confirmed.	MEDIUM
FMA52738	right temporal bone	os temporale	temporal bone	PROBABLE	Правый височная кость	APPLY	Правая височная кость	Candidate from QA (laterality; lost_information); requires final Russian terminology review before application.	MEDIUM
FMA52739	left temporal bone	os temporale	temporal bone	PROBABLE	Левый височная кость	APPLY	Левая височная кость	Candidate from QA (laterality; lost_information); requires final Russian terminology review before application.	MEDIUM
FMA52740	ethmoid	os ethmoideum	ethmoid bone	EXACT	Этмоид	KEEP	Этмоид	No deterministic QA defect detected; normative Russian source not independently confirmed.	MEDIUM
FMA52741	lacrimal bone	os lacrimale	lacrimal bone	EXACT	Слёзная кость	KEEP	Слёзная кость	No deterministic QA defect detected; normative Russian source not independently confirmed.	MEDIUM
FMA52745	nasal bone	os nasale	nasal bone	EXACT	Носовая кость	KEEP	Носовая кость	No deterministic QA defect detected; normative Russian source not independently confirmed.	MEDIUM
FMA52746	palatine bone	os palatinum	palatine bone	EXACT	Палатинэ кость	KEEP	Палатинэ кость	No deterministic QA defect detected; normative Russian source not independently confirmed.	MEDIUM
FMA52747	zygomatic bone	os zygomaticum	zygomatic bone	EXACT	Зйгоматик кость	KEEP	Зйгоматик кость	No deterministic QA defect detected; normative Russian source not independently confirmed.	MEDIUM
FMA52748	mandible	mandibula	mandible	EXACT	Нижняя челюсть	KEEP	Нижняя челюсть	No deterministic QA defect detected; normative Russian source not independently confirmed.	MEDIUM
FMA52749	hyoid bone	os hyoideum	hyoid bone	EXACT	Подъязычная кость кость	KEEP	Подъязычная кость кость	No deterministic QA defect detected; normative Russian source not independently confirmed.	MEDIUM
FMA52781	external ear	auris externa	external ear	EXACT	Наружная эар	KEEP	Наружная эар	No deterministic QA defect detected; normative Russian source not independently confirmed.	MEDIUM
FMA52788	right parietal bone	os parietale	parietal bone	PROBABLE	Правый теменная кость	APPLY	Правая теменная кость	Candidate from QA (laterality; lost_information); requires final Russian terminology review before application.	MEDIUM
FMA52789	left parietal bone	os parietale	parietal bone	PROBABLE	Левый теменная кость	APPLY	Левая теменная кость	Candidate from QA (laterality; lost_information); requires final Russian terminology review before application.	MEDIUM
FMA52892	right zygomatic bone	os zygomaticum	zygomatic bone	PROBABLE	Правый зйгоматик кость	APPLY	Правая зйгоматик кость	Candidate from QA (laterality; lost_information); requires final Russian terminology review before application.	MEDIUM
FMA52893	left zygomatic bone	os zygomaticum	zygomatic bone	PROBABLE	Левый зйгоматик кость	APPLY	Левая зйгоматик кость	Candidate from QA (laterality; lost_information); requires final Russian terminology review before application.	MEDIUM
FMA53549	right ciliary ganglion	ganglion ciliare	ciliary ganglion	PROBABLE	Правый ресничная ганглий	REVIEW		Needs external Russian anatomical terminology verification.	LOW
FMA53550	left ciliary ganglion	ganglion ciliare	ciliary ganglion	PROBABLE	Левый ресничная ганглий	REVIEW		Needs external Russian anatomical terminology verification.	LOW
FMA53645	right lacrimal bone	os lacrimale	lacrimal bone	PROBABLE	Правый слёзная кость	APPLY	Правая слёзная кость	Candidate from QA (laterality; lost_information); requires final Russian terminology review before application.	MEDIUM
FMA53646	left lacrimal bone	os lacrimale	lacrimal bone	PROBABLE	Левый слёзная кость	APPLY	Левая слёзная кость	Candidate from QA (laterality; lost_information); requires final Russian terminology review before application.	MEDIUM
FMA53647	right nasal bone	os nasale	nasal bone	PROBABLE	Правый носовая кость	APPLY	Правая носовая кость	Candidate from QA (laterality; lost_information); requires final Russian terminology review before application.	MEDIUM
FMA53648	left nasal bone	os nasale	nasal bone	PROBABLE	Левый носовая кость	APPLY	Левая носовая кость	Candidate from QA (laterality; lost_information); requires final Russian terminology review before application.	MEDIUM
FMA53649	right maxilla	maxilla	maxilla	PROBABLE	Правый верхняя челюсть	REVIEW		Needs external Russian anatomical terminology verification.	LOW
FMA53650	left maxilla	maxilla	maxilla	PROBABLE	Левый верхняя челюсть	REVIEW		Needs external Russian anatomical terminology verification.	LOW
FMA53655	right palatine bone	os palatinum	palatine bone	PROBABLE	Правый палатинэ кость	APPLY	Правая палатинэ кость	Candidate from QA (laterality; lost_information); requires final Russian terminology review before application.	MEDIUM
FMA53656	left palatine bone	os palatinum	palatine bone	PROBABLE	Левый палатинэ кость	APPLY	Левая палатинэ кость	Candidate from QA (laterality; lost_information); requires final Russian terminology review before application.	MEDIUM
FMA53667	hair			NO_MATCH	Волос	KEEP	Волос	No deterministic QA defect detected; normative Russian source not independently confirmed.	MEDIUM
FMA54158	tendon of levator palpebrae superioris			NO_MATCH	Сухожилие мышца, поднимающая век супэриорис	REVIEW		Needs external Russian anatomical terminology verification.	LOW
FMA54159	tendon of right levator palpebrae superioris			NO_MATCH	Сухожилие правый мышца, поднимающая век супэриорис	REVIEW		Needs external Russian anatomical terminology verification.	LOW
FMA54237	eyebrow	supercilium	eyebrow	EXACT	Эйэбров	KEEP	Эйэбров	No deterministic QA defect detected; normative Russian source not independently confirmed.	MEDIUM
FMA54241	hair of head			NO_MATCH	Волос головка	KEEP	Волос головка	No deterministic QA defect detected; normative Russian source not independently confirmed.	MEDIUM
FMA54250	hair of trunk			NO_MATCH	Волос туловище	KEEP	Волос туловище	No deterministic QA defect detected; normative Russian source not independently confirmed.	MEDIUM
FMA54319	pubic hair			NO_MATCH	Пубик волос	KEEP	Пубик волос	No deterministic QA defect detected; normative Russian source not independently confirmed.	MEDIUM
FMA54393	subdivision of face			NO_MATCH	Подразделение лицо	KEEP	Подразделение лицо	No deterministic QA defect detected; normative Russian source not independently confirmed.	MEDIUM
FMA54640	tongue	lingua	tongue	EXACT	Язык	KEEP	Язык	No deterministic QA defect detected; normative Russian source not independently confirmed.	MEDIUM
FMA54736	inferior nasal concha	concha inferior nasi	inferior nasal concha	EXACT	Нижняя носовая конча	KEEP	Нижняя носовая конча	No deterministic QA defect detected; normative Russian source not independently confirmed.	MEDIUM
FMA54737	right inferior nasal concha	concha inferior nasi	inferior nasal concha	PROBABLE	Правый нижняя носовая конча	REVIEW		Needs external Russian anatomical terminology verification.	LOW
FMA54738	left inferior nasal concha	concha inferior nasi	inferior nasal concha	PROBABLE	Левый нижняя носовая конча	REVIEW		Needs external Russian anatomical terminology verification.	LOW
FMA54839	interosseous membrane	membrana interossea	interosseous membrane	EXACT	Межкостная оболочка	KEEP	Межкостная оболочка	No deterministic QA defect detected; normative Russian source not independently confirmed.	MEDIUM
FMA54877	subdivision of pharynx			NO_MATCH	Подразделение глотка	KEEP	Подразделение глотка	No deterministic QA defect detected; normative Russian source not independently confirmed.	MEDIUM
FMA54921	extrinsic ligament of larynx			NO_MATCH	Экстринсик связка гортань	KEEP	Экстринсик связка гортань	No deterministic QA defect detected; normative Russian source not independently confirmed.	MEDIUM
FMA55053	subdivision of laryngopharynx			NO_MATCH	Подразделение ларйнгофарйнкс	KEEP	Подразделение ларйнгофарйнкс	No deterministic QA defect detected; normative Russian source not independently confirmed.	MEDIUM
FMA55077	pharyngeal raphe	raphe pharyngis	pharyngeal raphe	EXACT	Глоточная шов	KEEP	Глоточная шов	No deterministic QA defect detected; normative Russian source not independently confirmed.	MEDIUM
FMA55093	submandibular gland	glandula submandibularis	submandibular gland	EXACT	Субмандибулар железа	KEEP	Субмандибулар железа	No deterministic QA defect detected; normative Russian source not independently confirmed.	MEDIUM
FMA55099	thyroid cartilage	cartilago thyreoidea	thyroid cartilage	EXACT	Щитовидная железа хрящ	KEEP	Щитовидная железа хрящ	No deterministic QA defect detected; normative Russian source not independently confirmed.	MEDIUM
FMA55107	cartilage organ			NO_MATCH	Хрящ орган	REVIEW		Needs external Russian anatomical terminology verification.	LOW
FMA55108	laryngeal cartilage			NO_MATCH	Гортанная хрящ	KEEP	Гортанная хрящ	No deterministic QA defect detected; normative Russian source not independently confirmed.	MEDIUM
FMA55109	arytenoid cartilage	cartilago arytenoidea	arytenoid cartilage	EXACT	Черпаловидный хрящ	KEEP	Черпаловидный хрящ	No deterministic QA defect detected; normative Russian source not independently confirmed.	MEDIUM
FMA55110	corniculate cartilage	cartilago corniculata	corniculate cartilage	EXACT	Корникулатэ хрящ	KEEP	Корникулатэ хрящ	No deterministic QA defect detected; normative Russian source not independently confirmed.	MEDIUM
FMA55111	cuneiform cartilage	cartilago cuneiformis	cuneiform cartilage	EXACT	Клиновидный хрящ	KEEP	Клиновидный хрящ	No deterministic QA defect detected; normative Russian source not independently confirmed.	MEDIUM
FMA55113	right arytenoid cartilage	cartilago arytenoidea	arytenoid cartilage	PROBABLE	Правый черпаловидный хрящ	REVIEW		Needs external Russian anatomical terminology verification.	LOW
FMA55114	left arytenoid cartilage	cartilago arytenoidea	arytenoid cartilage	PROBABLE	Левый черпаловидный хрящ	REVIEW		Needs external Russian anatomical terminology verification.	LOW
FMA55115	right corniculate cartilage	cartilago corniculata	corniculate cartilage	PROBABLE	Правый корникулатэ хрящ	REVIEW		Needs external Russian anatomical terminology verification.	LOW
FMA55116	left corniculate cartilage	cartilago corniculata	corniculate cartilage	PROBABLE	Левый корникулатэ хрящ	REVIEW		Needs external Russian anatomical terminology verification.	LOW
FMA55117	right cuneiform cartilage	cartilago cuneiformis	cuneiform cartilage	PROBABLE	Правый клиновидный хрящ	REVIEW		Needs external Russian anatomical terminology verification.	LOW
FMA55118	left cuneiform cartilage	cartilago cuneiformis	cuneiform cartilage	PROBABLE	Левый клиновидный хрящ	REVIEW		Needs external Russian anatomical terminology verification.	LOW
FMA55130	epiglottis	epiglottis	epiglottis	EXACT	Эпиглоттис	KEEP	Эпиглоттис	No deterministic QA defect detected; normative Russian source not independently confirmed.	MEDIUM
FMA55131	ligament of larynx			NO_MATCH	Связка гортань	KEEP	Связка гортань	No deterministic QA defect detected; normative Russian source not independently confirmed.	MEDIUM
FMA55132	thyrohyoid membrane	membrana thyreohyoidea	thyrohyoid membrane	EXACT	Щито-подъязычная мышца оболочка	KEEP	Щито-подъязычная мышца оболочка	No deterministic QA defect detected; normative Russian source not independently confirmed.	MEDIUM
FMA55133	right thyrohyoid membrane	membrana thyreohyoidea	thyrohyoid membrane	PROBABLE	Правый щито-подъязычная мышца оболочка	APPLY	Правая щито-подъязычная мышца оболочка	Candidate from QA (laterality; lost_information); requires final Russian terminology review before application.	MEDIUM
FMA55134	left thyrohyoid membrane	membrana thyreohyoidea	thyrohyoid membrane	PROBABLE	Левый щито-подъязычная мышца оболочка	APPLY	Левая щито-подъязычная мышца оболочка	Candidate from QA (laterality; lost_information); requires final Russian terminology review before application.	MEDIUM
FMA55135	thyrohyoid ligament			NO_MATCH	Щито-подъязычная мышца связка	KEEP	Щито-подъязычная мышца связка	No deterministic QA defect detected; normative Russian source not independently confirmed.	MEDIUM
FMA55138	median thyrohyoid ligament	ligamentum thyreohyoideum medianum	median thyrohyoid ligament	EXACT	Мэдиан щито-подъязычная мышца связка	KEEP	Мэдиан щито-подъязычная мышца связка	No deterministic QA defect detected; normative Russian source not independently confirmed.	MEDIUM
FMA55139	lateral thyrohyoid ligament	ligamentum thyreohyoideum laterale	lateral thyrohyoid ligament	EXACT	Латеральная щито-подъязычная мышца связка	KEEP	Латеральная щито-подъязычная мышца связка	No deterministic QA defect detected; normative Russian source not independently confirmed.	MEDIUM
FMA55140	right lateral thyrohyoid ligament	ligamentum thyreohyoideum laterale	lateral thyrohyoid ligament	PROBABLE	Правый латеральная щито-подъязычная мышца связка	APPLY	Правая латеральная щито-подъязычная мышца связка	Candidate from QA (laterality; lost_information); requires final Russian terminology review before application.	MEDIUM
FMA55141	left lateral thyrohyoid ligament	ligamentum thyreohyoideum laterale	lateral thyrohyoid ligament	PROBABLE	Левый латеральная щито-подъязычная мышца связка	APPLY	Левая латеральная щито-подъязычная мышца связка	Candidate from QA (laterality; lost_information); requires final Russian terminology review before application.	MEDIUM
FMA55226	intrinsic muscle of larynx			NO_MATCH	Собственная мышца гортани	KEEP	Собственная мышца гортани	No deterministic QA defect detected; normative Russian source not independently confirmed.	MEDIUM
FMA55227	hyo-epiglottic ligament			NO_MATCH	Хйо-эпиглоттик связка	KEEP	Хйо-эпиглоттик связка	No deterministic QA defect detected; normative Russian source not independently confirmed.	MEDIUM
FMA55230	thyro-epiglottic ligament			NO_MATCH	Тйро-эпиглоттик связка	KEEP	Тйро-эпиглоттик связка	No deterministic QA defect detected; normative Russian source not independently confirmed.	MEDIUM
FMA55233	cricothyroid ligament			NO_MATCH	Перстнещитовидная связка	KEEP	Перстнещитовидная связка	No deterministic QA defect detected; normative Russian source not independently confirmed.	MEDIUM
FMA55237	median cricothyroid ligament	ligamentum cricothyreoideum medianum	median cricothyroid ligament	EXACT	Срединная перстнещитовидная связка	KEEP	Срединная перстнещитовидная связка	No deterministic QA defect detected; normative Russian source not independently confirmed.	MEDIUM
FMA55244	vocal ligament	ligamentum vocale	vocal ligament	EXACT	Вокал связка	KEEP	Вокал связка	No deterministic QA defect detected; normative Russian source not independently confirmed.	MEDIUM
FMA55245	right vocal ligament	ligamentum vocale	vocal ligament	PROBABLE	Правый вокал связка	REVIEW		Needs external Russian anatomical terminology verification.	LOW
FMA55246	left vocal ligament	ligamentum vocale	vocal ligament	PROBABLE	Левый вокал связка	REVIEW		Needs external Russian anatomical terminology verification.	LOW
FMA55250	conus elasticus	conus elasticus	conus elasticus	EXACT	Конус эластический	KEEP	Конус эластический	No deterministic QA defect detected; normative Russian source not independently confirmed.	MEDIUM
FMA55251	right conus elasticus	conus elasticus	conus elasticus	PROBABLE	Правый конус эластический	REVIEW		Needs external Russian anatomical terminology verification.	LOW
FMA55252	left conus elasticus	conus elasticus	conus elasticus	PROBABLE	Левый конус эластический	REVIEW		Needs external Russian anatomical terminology verification.	LOW
FMA55268	organ zone			NO_MATCH	Орган зона	KEEP	Орган зона	No deterministic QA defect detected; normative Russian source not independently confirmed.	MEDIUM
FMA55618	pterygomandibular raphe	raphe pterygomandibularis	pterygomandibular raphe	EXACT	Птэрйгомандибулар шов	KEEP	Птэрйгомандибулар шов	No deterministic QA defect detected; normative Russian source not independently confirmed.	MEDIUM
FMA55619	right pterygomandibular raphe	raphe pterygomandibularis	pterygomandibular raphe	PROBABLE	Правый птэрйгомандибулар шов	REVIEW		Needs external Russian anatomical terminology verification.	LOW
FMA55620	left pterygomandibular raphe	raphe pterygomandibularis	pterygomandibular raphe	PROBABLE	Левый птэрйгомандибулар шов	REVIEW		Needs external Russian anatomical terminology verification.	LOW
FMA55636	canine tooth	dens caninus	canine tooth	EXACT	Клык зуб	KEEP	Клык зуб	No deterministic QA defect detected; normative Russian source not independently confirmed.	MEDIUM
FMA55637	premolar tooth	dens premolaris	premolar tooth	EXACT	Премоляр зуб	KEEP	Премоляр зуб	No deterministic QA defect detected; normative Russian source not independently confirmed.	MEDIUM
FMA55638	molar tooth	dens molaris	molar tooth	EXACT	Моляр зуб	KEEP	Моляр зуб	No deterministic QA defect detected; normative Russian source not independently confirmed.	MEDIUM
FMA55652	anatomical set			NO_MATCH	Анатомическое множество	KEEP	Анатомическое множество	No deterministic QA defect detected; normative Russian source not independently confirmed.	MEDIUM
FMA55661	parenchymatous organ			NO_MATCH	Парэнчйматоус орган	KEEP	Парэнчйматоус орган	No deterministic QA defect detected; normative Russian source not independently confirmed.	MEDIUM
FMA55662	lobular organ			NO_MATCH	Лобулар орган	KEEP	Лобулар орган	No deterministic QA defect detected; normative Russian source not independently confirmed.	MEDIUM
FMA55663	corticomedullary organ			NO_MATCH	Кортикомедуллярный орган	KEEP	Кортикомедуллярный орган	No deterministic QA defect detected; normative Russian source not independently confirmed.	MEDIUM
FMA55665	nonparenchymatous organ			NO_MATCH	Нонпарэнчйматоус орган	KEEP	Нонпарэнчйматоус орган	No deterministic QA defect detected; normative Russian source not independently confirmed.	MEDIUM
FMA55670	solid organ			NO_MATCH	Полый орган	KEEP	Полый орган	No deterministic QA defect detected; normative Russian source not independently confirmed.	MEDIUM
FMA55671	cavitated organ			NO_MATCH	Кавитатэд орган	KEEP	Кавитатэд орган	No deterministic QA defect detected; normative Russian source not independently confirmed.	MEDIUM
FMA55672	organ with organ cavity			NO_MATCH	Орган вит орган полость	KEEP	Орган вит орган полость	No deterministic QA defect detected; normative Russian source not independently confirmed.	MEDIUM
FMA55673	organ with cavitated organ parts			NO_MATCH	Орган вит кавитатэд орган части	REVIEW		Needs external Russian anatomical terminology verification.	LOW
FMA55676	segment of brain			NO_MATCH	Сегмент головной мозг	REVIEW		Needs external Russian anatomical terminology verification.	LOW
FMA55677	hollow tree organ			NO_MATCH	Полый дерево орган	KEEP	Полый дерево орган	No deterministic QA defect detected; normative Russian source not independently confirmed.	MEDIUM
FMA55680	right upper lateral secondary incisor tooth			NO_MATCH	Правый верхняя латеральная вторичная резец зуб	REVIEW		Needs external Russian anatomical terminology verification.	LOW
FMA55681	right upper central secondary incisor tooth			NO_MATCH	Правый верхняя центральная вторичная резец зуб	REVIEW		Needs external Russian anatomical terminology verification.	LOW
FMA55682	left upper central secondary incisor tooth			NO_MATCH	Левый верхняя центральная вторичная резец зуб	REVIEW		Needs external Russian anatomical terminology verification.	LOW
FMA55683	left upper lateral secondary incisor tooth			NO_MATCH	Левый верхняя латеральная вторичная резец зуб	REVIEW		Needs external Russian anatomical terminology verification.	LOW
FMA55686	right lower secondary canine tooth			NO_MATCH	Правый нижняя вторичная клык зуб	REVIEW		Needs external Russian anatomical terminology verification.	LOW
FMA55687	left lower secondary canine tooth			NO_MATCH	Левый нижняя вторичная клык зуб	REVIEW		Needs external Russian anatomical terminology verification.	LOW
FMA55688	right upper second secondary premolar tooth			NO_MATCH	Правый верхняя вторая вторичная премоляр зуб	REVIEW		Needs external Russian anatomical terminology verification.	LOW
FMA55689	right upper first secondary premolar tooth			NO_MATCH	Правый верхняя первая вторичная премоляр зуб	REVIEW		Needs external Russian anatomical terminology verification.	LOW
FMA55690	left upper first secondary premolar tooth			NO_MATCH	Левый верхняя первая вторичная премоляр зуб	REVIEW		Needs external Russian anatomical terminology verification.	LOW
FMA55691	left upper second secondary premolar tooth			NO_MATCH	Левый верхняя вторая вторичная премоляр зуб	REVIEW		Needs external Russian anatomical terminology verification.	LOW
FMA55692	left lower second secondary premolar tooth			NO_MATCH	Левый нижняя вторая вторичная премоляр зуб	REVIEW		Needs external Russian anatomical terminology verification.	LOW
FMA55693	left lower first secondary premolar tooth			NO_MATCH	Левый нижняя первая вторичная премоляр зуб	REVIEW		Needs external Russian anatomical terminology verification.	LOW
FMA55694	right lower first secondary premolar tooth			NO_MATCH	Правый нижняя первая вторичная премоляр зуб	REVIEW		Needs external Russian anatomical terminology verification.	LOW
FMA55695	right lower second secondary premolar tooth			NO_MATCH	Правый нижняя вторая вторичная премоляр зуб	REVIEW		Needs external Russian anatomical terminology verification.	LOW
FMA55697	right upper second secondary molar tooth			NO_MATCH	Правый верхняя вторая вторичная моляр зуб	REVIEW		Needs external Russian anatomical terminology verification.	LOW
FMA55698	right upper first secondary molar tooth			NO_MATCH	Правый верхняя первая вторичная моляр зуб	REVIEW		Needs external Russian anatomical terminology verification.	LOW
FMA55699	left upper first secondary molar tooth			NO_MATCH	Левый верхняя первая вторичная моляр зуб	REVIEW		Needs external Russian anatomical terminology verification.	LOW
FMA55700	left upper second secondary molar tooth			NO_MATCH	Левый верхняя вторая вторичная моляр зуб	REVIEW		Needs external Russian anatomical terminology verification.	LOW
FMA55703	left lower second secondary molar tooth			NO_MATCH	Левый нижняя вторая вторичная моляр зуб	REVIEW		Needs external Russian anatomical terminology verification.	LOW
FMA55704	left lower first secondary molar tooth			NO_MATCH	Левый нижняя первая вторичная моляр зуб	REVIEW		Needs external Russian anatomical terminology verification.	LOW
FMA55705	right lower first secondary molar tooth			NO_MATCH	Правый нижняя первая вторичная моляр зуб	REVIEW		Needs external Russian anatomical terminology verification.	LOW
FMA55706	right lower second secondary molar tooth			NO_MATCH	Правый нижняя вторая вторичная моляр зуб	REVIEW		Needs external Russian anatomical terminology verification.	LOW
FMA55712	upper secondary incisor tooth			NO_MATCH	Верхняя вторичная резец зуб	KEEP	Верхняя вторичная резец зуб	No deterministic QA defect detected; normative Russian source not independently confirmed.	MEDIUM
FMA55713	lower secondary incisor tooth			NO_MATCH	Нижняя вторичная резец зуб	KEEP	Нижняя вторичная резец зуб	No deterministic QA defect detected; normative Russian source not independently confirmed.	MEDIUM
FMA55714	upper secondary canine tooth			NO_MATCH	Верхняя вторичная клык зуб	KEEP	Верхняя вторичная клык зуб	No deterministic QA defect detected; normative Russian source not independently confirmed.	MEDIUM
FMA55715	lower secondary canine tooth			NO_MATCH	Нижняя вторичная клык зуб	KEEP	Нижняя вторичная клык зуб	No deterministic QA defect detected; normative Russian source not independently confirmed.	MEDIUM
FMA55716	upper secondary premolar tooth			NO_MATCH	Верхняя вторичная премоляр зуб	KEEP	Верхняя вторичная премоляр зуб	No deterministic QA defect detected; normative Russian source not independently confirmed.	MEDIUM
FMA55717	lower secondary premolar tooth			NO_MATCH	Нижняя вторичная премоляр зуб	KEEP	Нижняя вторичная премоляр зуб	No deterministic QA defect detected; normative Russian source not independently confirmed.	MEDIUM
FMA55720	upper secondary molar tooth			NO_MATCH	Верхняя вторичная моляр зуб	KEEP	Верхняя вторичная моляр зуб	No deterministic QA defect detected; normative Russian source not independently confirmed.	MEDIUM
FMA55721	lower secondary molar tooth			NO_MATCH	Нижняя вторичная моляр зуб	KEEP	Нижняя вторичная моляр зуб	No deterministic QA defect detected; normative Russian source not independently confirmed.	MEDIUM
FMA55722	upper central secondary incisor tooth			NO_MATCH	Верхняя центральная вторичная резец зуб	REVIEW		Needs external Russian anatomical terminology verification.	LOW
FMA55723	lower central secondary incisor tooth			NO_MATCH	Нижняя центральная вторичная резец зуб	REVIEW		Needs external Russian anatomical terminology verification.	LOW
FMA55724	upper lateral secondary incisor tooth			NO_MATCH	Верхняя латеральная вторичная резец зуб	REVIEW		Needs external Russian anatomical terminology verification.	LOW
FMA55725	lower lateral secondary incisor tooth			NO_MATCH	Нижняя латеральная вторичная резец зуб	REVIEW		Needs external Russian anatomical terminology verification.	LOW
FMA55798	right upper secondary canine tooth			NO_MATCH	Правый верхняя вторичная клык зуб	REVIEW		Needs external Russian anatomical terminology verification.	LOW
FMA55799	left upper secondary canine tooth			NO_MATCH	Левый верхняя вторичная клык зуб	REVIEW		Needs external Russian anatomical terminology verification.	LOW
FMA55801	upper first secondary premolar tooth			NO_MATCH	Верхняя первая вторичная премоляр зуб	REVIEW		Needs external Russian anatomical terminology verification.	LOW
FMA55802	upper second secondary premolar tooth			NO_MATCH	Верхняя вторая вторичная премоляр зуб	REVIEW		Needs external Russian anatomical terminology verification.	LOW
FMA55803	lower first secondary premolar tooth			NO_MATCH	Нижняя первая вторичная премоляр зуб	REVIEW		Needs external Russian anatomical terminology verification.	LOW
FMA55804	lower second secondary premolar tooth			NO_MATCH	Нижняя вторая вторичная премоляр зуб	REVIEW		Needs external Russian anatomical terminology verification.	LOW
FMA55811	upper first secondary molar tooth			NO_MATCH	Верхняя первая вторичная моляр зуб	REVIEW		Needs external Russian anatomical terminology verification.	LOW
FMA55812	upper second secondary molar tooth			NO_MATCH	Верхняя вторая вторичная моляр зуб	REVIEW		Needs external Russian anatomical terminology verification.	LOW
FMA55814	lower first secondary molar tooth			NO_MATCH	Нижняя первая вторичная моляр зуб	REVIEW		Needs external Russian anatomical terminology verification.	LOW
FMA55815	lower second secondary molar tooth			NO_MATCH	Нижняя вторая вторичная моляр зуб	REVIEW		Needs external Russian anatomical terminology verification.	LOW
FMA57140	right lower lateral secondary incisor tooth			NO_MATCH	Правый нижняя латеральная вторичная резец зуб	REVIEW		Needs external Russian anatomical terminology verification.	LOW
FMA57141	left lower lateral secondary incisor tooth			NO_MATCH	Левый нижняя латеральная вторичная резец зуб	REVIEW		Needs external Russian anatomical terminology verification.	LOW
FMA57142	right lower central secondary incisor tooth			NO_MATCH	Правый нижняя центральная вторичная резец зуб	REVIEW		Needs external Russian anatomical terminology verification.	LOW
FMA57143	left lower central secondary incisor tooth			NO_MATCH	Левый нижняя центральная вторичная резец зуб	REVIEW		Needs external Russian anatomical terminology verification.	LOW
FMA57965	zone of investing fascia			NO_MATCH	Зона покрывающей фасции	KEEP	Зона покрывающей фасции	No deterministic QA defect detected; normative Russian source not independently confirmed.	MEDIUM
FMA58071	chamber of eyeball			NO_MATCH	Камера глазное яблоко	KEEP	Камера глазное яблоко	No deterministic QA defect detected; normative Russian source not independently confirmed.	MEDIUM
FMA58078	anterior chamber of eyeball	camera anterior bulbi oculi	anterior chamber of eyeball	EXACT	Передняя камера глазного яблока	KEEP	Передняя камера глазного яблока	No deterministic QA defect detected; normative Russian source not independently confirmed.	MEDIUM
FMA58081	anterior chamber of right eyeball	camera anterior bulbi oculi	anterior chamber of eyeball	PROBABLE	Передняя камера правого глазного яблока	REVIEW		Needs external Russian anatomical terminology verification.	LOW
FMA58082	anterior chamber of left eyeball	camera anterior bulbi oculi	anterior chamber of eyeball	PROBABLE	Передняя камера левого глазного яблока	REVIEW		Needs external Russian anatomical terminology verification.	LOW
FMA58101	layer of wall of eyeball			NO_MATCH	Слой стенка глазное яблоко	KEEP	Слой стенка глазное яблоко	No deterministic QA defect detected; normative Russian source not independently confirmed.	MEDIUM
FMA58102	fibrous layer of eyeball	tunica fibrosa bulbi oculi	fibrous layer of eyeball	EXACT	Фиброзная слой глазное яблоко	KEEP	Фиброзная слой глазное яблоко	No deterministic QA defect detected; normative Russian source not independently confirmed.	MEDIUM
FMA58235	iris	iris	iris	EXACT	Радужка	KEEP	Радужка	No deterministic QA defect detected; normative Russian source not independently confirmed.	MEDIUM
FMA58236	right iris	iris	iris	PROBABLE	Правый радужка	REVIEW		Needs external Russian anatomical terminology verification.	LOW
FMA58237	left iris	iris	iris	PROBABLE	Левый радужка	REVIEW		Needs external Russian anatomical terminology verification.	LOW
FMA58238	cornea	cornea	cornea	EXACT	Роговица	KEEP	Роговица	No deterministic QA defect detected; normative Russian source not independently confirmed.	MEDIUM
FMA58239	right cornea	cornea	cornea	PROBABLE	Правый роговица	REVIEW		Needs external Russian anatomical terminology verification.	LOW
FMA58240	left cornea	cornea	cornea	PROBABLE	Левый роговица	REVIEW		Needs external Russian anatomical terminology verification.	LOW
FMA58241	lens	lens	lens	EXACT	Хрусталик	KEEP	Хрусталик	No deterministic QA defect detected; normative Russian source not independently confirmed.	MEDIUM
FMA58242	right lens	lens	lens	PROBABLE	Правый хрусталик	REVIEW		Needs external Russian anatomical terminology verification.	LOW
FMA58243	left lens	lens	lens	PROBABLE	Левый хрусталик	REVIEW		Needs external Russian anatomical terminology verification.	LOW
FMA58245	lacrimal canaliculus	canaliculus lacrimalis	lacrimal canaliculus	EXACT	Слёзная каналикулус	KEEP	Слёзная каналикулус	No deterministic QA defect detected; normative Russian source not independently confirmed.	MEDIUM
FMA58269	sclera	sclera	sclera	EXACT	Склера	KEEP	Склера	No deterministic QA defect detected; normative Russian source not independently confirmed.	MEDIUM
FMA58271	right sclera	sclera	sclera	PROBABLE	Правый склера	REVIEW		Needs external Russian anatomical terminology verification.	LOW
FMA58272	left sclera	sclera	sclera	PROBABLE	Левый склера	REVIEW		Needs external Russian anatomical terminology verification.	LOW
FMA58274	muscle of trunk			NO_MATCH	Мышца туловище	REVIEW		Needs external Russian anatomical terminology verification.	LOW
FMA58298	choroid	chorioidea	choroid	EXACT	Сосудистая оболочка	KEEP	Сосудистая оболочка	No deterministic QA defect detected; normative Russian source not independently confirmed.	MEDIUM
FMA58299	right choroid	chorioidea	choroid	PROBABLE	Правый сосудистая оболочка	REVIEW		Needs external Russian anatomical terminology verification.	LOW
FMA58300	left choroid	chorioidea	choroid	PROBABLE	Левый сосудистая оболочка	REVIEW		Needs external Russian anatomical terminology verification.	LOW
FMA58420	zone of investing fascia of free lower limb			NO_MATCH	Зона покрывающей фасции свободной нижней конечности	REVIEW		Needs external Russian anatomical terminology verification.	LOW
FMA58421	zone of investing fascia of lower limb			NO_MATCH	Зона покрывающей фасции нижней конечности	REVIEW		Needs external Russian anatomical terminology verification.	LOW
FMA58431	corona ciliaris	corona ciliaris	corona ciliaris	EXACT	Венец килиарис	KEEP	Венец килиарис	No deterministic QA defect detected; normative Russian source not independently confirmed.	MEDIUM
FMA58479	region of ciliary body			NO_MATCH	Область ресничная тело	KEEP	Область ресничная тело	No deterministic QA defect detected; normative Russian source not independently confirmed.	MEDIUM
FMA58483	right corona ciliaris	corona ciliaris	corona ciliaris	PROBABLE	Правый венец килиарис	REVIEW		Needs external Russian anatomical terminology verification.	LOW
FMA58484	left corona ciliaris	corona ciliaris	corona ciliaris	PROBABLE	Левый венец килиарис	REVIEW		Needs external Russian anatomical terminology verification.	LOW
FMA58599	region of retina			NO_MATCH	Область сетчатка	KEEP	Область сетчатка	No deterministic QA defect detected; normative Russian source not independently confirmed.	MEDIUM
FMA58604	optic part of retina	pars optica retinae	optic part of retina	EXACT	Зрительный часть сетчатка	KEEP	Зрительный часть сетчатка	No deterministic QA defect detected; normative Russian source not independently confirmed.	MEDIUM
FMA58607	optic part of right retina	pars optica retinae	optic part of retina	PROBABLE	Зрительный часть правый сетчатка	APPLY	Зрительный часть Правая сетчатка	Candidate from QA (laterality); requires final Russian terminology review before application.	MEDIUM
FMA58608	optic part of left retina	pars optica retinae	optic part of retina	PROBABLE	Зрительный часть левый сетчатка	APPLY	Зрительный часть Левая сетчатка	Candidate from QA (laterality); requires final Russian terminology review before application.	MEDIUM
FMA58741	zone of investing fascia of thigh			NO_MATCH	Зона покрывающей фасции бедра	KEEP	Зона покрывающей фасции бедра	No deterministic QA defect detected; normative Russian source not independently confirmed.	MEDIUM
FMA58775	zone of fascia lata			NO_MATCH	Зона фасция лата	KEEP	Зона фасция лата	No deterministic QA defect detected; normative Russian source not independently confirmed.	MEDIUM
FMA58776	right iliotibial tract	tractus iliotibialis	iliotibial tract	PROBABLE	Правый илиотибиал проводящий путь	REVIEW		Needs external Russian anatomical terminology verification.	LOW
FMA58777	left iliotibial tract	tractus iliotibialis	iliotibial tract	PROBABLE	Левый илиотибиал проводящий путь	REVIEW		Needs external Russian anatomical terminology verification.	LOW
FMA58817	subdivision of head proper			NO_MATCH	Подразделение головка собственно	KEEP	Подразделение головка собственно	No deterministic QA defect detected; normative Russian source not independently confirmed.	MEDIUM
FMA58827	vitreous body	corpus vitreum	vitreous body	EXACT	Витрэоус тело	KEEP	Витрэоус тело	No deterministic QA defect detected; normative Russian source not independently confirmed.	MEDIUM
FMA58828	right vitreous body	corpus vitreum	vitreous body	PROBABLE	Правый витрэоус тело	APPLY	Правое витрэоус тело	Candidate from QA (laterality; lost_information); requires final Russian terminology review before application.	MEDIUM
FMA58829	left vitreous body	corpus vitreum	vitreous body	PROBABLE	Левый витрэоус тело	APPLY	Левое витрэоус тело	Candidate from QA (laterality; lost_information); requires final Russian terminology review before application.	MEDIUM
FMA58838	suspensory ligament of lens			NO_MATCH	Суспэнсорй связка хрусталик	KEEP	Суспэнсорй связка хрусталик	No deterministic QA defect detected; normative Russian source not independently confirmed.	MEDIUM
FMA58839	suspensory ligament of right lens			NO_MATCH	Суспэнсорй связка правый хрусталик	KEEP	Суспэнсорй связка правый хрусталик	No deterministic QA defect detected; normative Russian source not independently confirmed.	MEDIUM
FMA58840	suspensory ligament of left lens			NO_MATCH	Суспэнсорй связка левый хрусталик	KEEP	Суспэнсорй связка левый хрусталик	No deterministic QA defect detected; normative Russian source not independently confirmed.	MEDIUM
FMA59086	tarsal plate of eyelid			NO_MATCH	Предплюсневая кость пластинка веко	KEEP	Предплюсневая кость пластинка веко	No deterministic QA defect detected; normative Russian source not independently confirmed.	MEDIUM
FMA59087	tarsal plate of upper eyelid			NO_MATCH	Предплюсневая кость пластинка верхняя веко	REVIEW		Needs external Russian anatomical terminology verification.	LOW
FMA59088	tarsal plate of lower eyelid			NO_MATCH	Предплюсневая кость пластинка нижняя веко	REVIEW		Needs external Russian anatomical terminology verification.	LOW
FMA59089	tarsal plate of right lower eyelid			NO_MATCH	Предплюсневая кость пластинка правый нижняя веко	APPLY	Предплюсневая кость пластинка Правая нижняя веко	Candidate from QA (laterality); requires final Russian terminology review before application.	MEDIUM
FMA59090	tarsal plate of left lower eyelid			NO_MATCH	Предплюсневая кость пластинка левый нижняя веко	APPLY	Предплюсневая кость пластинка Левая нижняя веко	Candidate from QA (laterality); requires final Russian terminology review before application.	MEDIUM
FMA59091	tarsal plate of right upper eyelid			NO_MATCH	Предплюсневая кость пластинка правый верхняя веко	APPLY	Предплюсневая кость пластинка Правая верхняя веко	Candidate from QA (laterality); requires final Russian terminology review before application.	MEDIUM
FMA59092	tarsal plate of left upper eyelid			NO_MATCH	Предплюсневая кость пластинка левый верхняя веко	APPLY	Предплюсневая кость пластинка Левая верхняя веко	Candidate from QA (laterality); requires final Russian terminology review before application.	MEDIUM
FMA59101	lacrimal gland	glandula lacrimalis	lacrimal gland	EXACT	Слёзная железа	KEEP	Слёзная железа	No deterministic QA defect detected; normative Russian source not independently confirmed.	MEDIUM
FMA59102	right lacrimal gland	glandula lacrimalis	lacrimal gland	PROBABLE	Правый слёзная железа	REVIEW		Needs external Russian anatomical terminology verification.	LOW
FMA59103	left lacrimal gland	glandula lacrimalis	lacrimal gland	PROBABLE	Левый слёзная железа	REVIEW		Needs external Russian anatomical terminology verification.	LOW
FMA59402	lacrimal lake	lacus lacrimalis	lacus lacrimalis	EXACT	Слёзная озеро	KEEP	Слёзная озеро	No deterministic QA defect detected; normative Russian source not independently confirmed.	MEDIUM
FMA59502	nasal cartilage			NO_MATCH	Носовая хрящ	KEEP	Носовая хрящ	No deterministic QA defect detected; normative Russian source not independently confirmed.	MEDIUM
FMA59503	septal nasal cartilage	cartilago septi nasi	nasal septal cartilage	EXACT	Перегородочная носовая хрящ	KEEP	Перегородочная носовая хрящ	No deterministic QA defect detected; normative Russian source not independently confirmed.	MEDIUM
FMA59504	major alar cartilage	cartilago alaris major	major alar cartilage	EXACT	Большая алар хрящ	KEEP	Большая алар хрящ	No deterministic QA defect detected; normative Russian source not independently confirmed.	MEDIUM
FMA59505	right major alar cartilage	cartilago alaris major	major alar cartilage	PROBABLE	Правый большая алар хрящ	REVIEW		Needs external Russian anatomical terminology verification.	LOW
FMA59506	left major alar cartilage	cartilago alaris major	major alar cartilage	PROBABLE	Левый большая алар хрящ	REVIEW		Needs external Russian anatomical terminology verification.	LOW
FMA59511	lateral nasal cartilage			NO_MATCH	Латеральная носовая хрящ	KEEP	Латеральная носовая хрящ	No deterministic QA defect detected; normative Russian source not independently confirmed.	MEDIUM
FMA59512	right lateral nasal cartilage			NO_MATCH	Правый латеральная носовая хрящ	REVIEW		Needs external Russian anatomical terminology verification.	LOW
FMA59513	left lateral nasal cartilage			NO_MATCH	Левый латеральная носовая хрящ	REVIEW		Needs external Russian anatomical terminology verification.	LOW
FMA59541	right lacrimal lake	lacus lacrimalis	lacus lacrimalis	PROBABLE	Правый слёзная озеро	REVIEW		Needs external Russian anatomical terminology verification.	LOW
FMA59542	left lacrimal lake	lacus lacrimalis	lacus lacrimalis	PROBABLE	Левый слёзная озеро	REVIEW		Needs external Russian anatomical terminology verification.	LOW
FMA59545	right lacrimal sac	saccus lacrimalis	lacrimal sac	PROBABLE	Правый слёзная сак	REVIEW		Needs external Russian anatomical terminology verification.	LOW
FMA59546	left lacrimal sac	saccus lacrimalis	lacrimal sac	PROBABLE	Левый слёзная сак	REVIEW		Needs external Russian anatomical terminology verification.	LOW
FMA59555	right nasolacrimal duct	ductus nasolacrimalis	nasolacrimal duct	PROBABLE	Правый носослёзный проток	REVIEW		Needs external Russian anatomical terminology verification.	LOW
FMA59556	left nasolacrimal duct	ductus nasolacrimalis	nasolacrimal duct	PROBABLE	Левый носослёзный проток	REVIEW		Needs external Russian anatomical terminology verification.	LOW
FMA59582	right lacrimal canaliculus	canaliculus lacrimalis	lacrimal canaliculus	PROBABLE	Правый слёзная каналикулус	REVIEW		Needs external Russian anatomical terminology verification.	LOW
FMA59583	left lacrimal canaliculus	canaliculus lacrimalis	lacrimal canaliculus	PROBABLE	Левый слёзная каналикулус	REVIEW		Needs external Russian anatomical terminology verification.	LOW
FMA59762	gingiva	gingiva	gingiva	EXACT	Гингива	KEEP	Гингива	No deterministic QA defect detected; normative Russian source not independently confirmed.	MEDIUM
FMA59763	gingiva of upper jaw			NO_MATCH	Гингива верхняя челюсть	KEEP	Гингива верхняя челюсть	No deterministic QA defect detected; normative Russian source not independently confirmed.	MEDIUM
FMA59764	gingiva of lower jaw			NO_MATCH	Гингива нижняя челюсть	KEEP	Гингива нижняя челюсть	No deterministic QA defect detected; normative Russian source not independently confirmed.	MEDIUM
FMA59788	major salivary gland			NO_MATCH	Большая слюнная железа	KEEP	Большая слюнная железа	No deterministic QA defect detected; normative Russian source not independently confirmed.	MEDIUM
FMA59791	sublingual gland	glandula sublingualis	sublingual gland	EXACT	Сублингуал железа	KEEP	Сублингуал железа	No deterministic QA defect detected; normative Russian source not independently confirmed.	MEDIUM
FMA59802	right submandibular gland	glandula submandibularis	submandibular gland	PROBABLE	Правый субмандибулар железа	REVIEW		Needs external Russian anatomical terminology verification.	LOW
FMA59803	left submandibular gland	glandula submandibularis	submandibular gland	PROBABLE	Левый субмандибулар железа	REVIEW		Needs external Russian anatomical terminology verification.	LOW
FMA59804	right sublingual gland	glandula sublingualis	sublingual gland	PROBABLE	Правый сублингуал железа	REVIEW		Needs external Russian anatomical terminology verification.	LOW
FMA59805	left sublingual gland	glandula sublingualis	sublingual gland	PROBABLE	Левый сублингуал железа	REVIEW		Needs external Russian anatomical terminology verification.	LOW
FMA59816	lip			NO_MATCH	Лип	KEEP	Лип	No deterministic QA defect detected; normative Russian source not independently confirmed.	MEDIUM
FMA61284	neural tree organ			NO_MATCH	Нервная дерево орган	KEEP	Нервная дерево орган	No deterministic QA defect detected; normative Russian source not independently confirmed.	MEDIUM
FMA61708	subdivision of auriculotemporal part of head			NO_MATCH	Подразделение ушно-височной части головы	KEEP	Подразделение ушно-височной части головы	No deterministic QA defect detected; normative Russian source not independently confirmed.	MEDIUM
FMA61775	physical anatomical entity			NO_MATCH	Физическая анатомическая образование	KEEP	Физическая анатомическая образование	No deterministic QA defect detected; normative Russian source not independently confirmed.	MEDIUM
FMA61815	cardinal segment of brain			NO_MATCH	Кардинал сегмент головной мозг	KEEP	Кардинал сегмент головной мозг	No deterministic QA defect detected; normative Russian source not independently confirmed.	MEDIUM
FMA61820	segment of cerebral hemisphere			NO_MATCH	Сегмент мозговая полушарие	REVIEW		Needs external Russian anatomical terminology verification.	LOW
FMA61823	lobe of cerebral hemisphere			NO_MATCH	Доля мозговая полушарие	KEEP	Доля мозговая полушарие	No deterministic QA defect detected; normative Russian source not independently confirmed.	MEDIUM
FMA61833	caudate nucleus	nucleus caudatus	caudate nucleus	EXACT	Хвостатая ядро	KEEP	Хвостатая ядро	No deterministic QA defect detected; normative Russian source not independently confirmed.	MEDIUM
FMA61834	putamen	putamen	putamen	EXACT	Путамэн	KEEP	Путамэн	No deterministic QA defect detected; normative Russian source not independently confirmed.	MEDIUM
FMA61835	globus pallidus	globus pallidus	globus pallidus	EXACT	Глобус паллидус	KEEP	Глобус паллидус	No deterministic QA defect detected; normative Russian source not independently confirmed.	MEDIUM
FMA61841	amygdala	corpus amygdaloideum	amygdaloid body	EXACT	Миндалевидное тело	KEEP	Миндалевидное тело	No deterministic QA defect detected; normative Russian source not independently confirmed.	MEDIUM
FMA61842	septum of telencephalon			NO_MATCH	Перегородка тэлэнкэфалон	KEEP	Перегородка тэлэнкэфалон	No deterministic QA defect detected; normative Russian source not independently confirmed.	MEDIUM
FMA61857	superior frontal gyrus	gyrus frontalis superior	superior frontal gyrus	EXACT	Верхняя лобная извилина	KEEP	Верхняя лобная извилина	No deterministic QA defect detected; normative Russian source not independently confirmed.	MEDIUM
FMA61859	middle frontal gyrus	gyrus frontalis medius	middle frontal gyrus	EXACT	Средняя лобная извилина	KEEP	Средняя лобная извилина	No deterministic QA defect detected; normative Russian source not independently confirmed.	MEDIUM
FMA61860	inferior frontal gyrus	gyrus frontalis inferior	inferior frontal gyrus	EXACT	Нижняя лобная извилина	KEEP	Нижняя лобная извилина	No deterministic QA defect detected; normative Russian source not independently confirmed.	MEDIUM
FMA61894	precentral gyrus	gyrus precentralis	precentral gyrus	EXACT	Прэкэнтрал извилина	KEEP	Прэкэнтрал извилина	No deterministic QA defect detected; normative Russian source not independently confirmed.	MEDIUM
FMA61896	postcentral gyrus	gyrus postcentralis	postcentral gyrus	EXACT	Посткэнтрал извилина	KEEP	Посткэнтрал извилина	No deterministic QA defect detected; normative Russian source not independently confirmed.	MEDIUM
FMA61897	supramarginal gyrus	gyrus supramarginalis	supramarginal gyrus	EXACT	Супрамаргинал извилина	KEEP	Супрамаргинал извилина	No deterministic QA defect detected; normative Russian source not independently confirmed.	MEDIUM
FMA61898	angular gyrus	gyrus angularis	angular gyrus	EXACT	Угловая извилина	KEEP	Угловая извилина	No deterministic QA defect detected; normative Russian source not independently confirmed.	MEDIUM
FMA61899	superior parietal lobule	lobulus parietalis superior	superior parietal lobule	EXACT	Верхняя теменная лобулэ	KEEP	Верхняя теменная лобулэ	No deterministic QA defect detected; normative Russian source not independently confirmed.	MEDIUM
FMA61906	middle temporal gyrus	gyrus temporalis medius	middle temporal gyrus	EXACT	Средняя височная извилина	KEEP	Средняя височная извилина	No deterministic QA defect detected; normative Russian source not independently confirmed.	MEDIUM
FMA61907	inferior temporal gyrus	gyrus temporalis inferior	inferior temporal gyrus	EXACT	Нижняя височная извилина	KEEP	Нижняя височная извилина	No deterministic QA defect detected; normative Russian source not independently confirmed.	MEDIUM
FMA61908	fusiform gyrus			NO_MATCH	Фусиформ извилина	KEEP	Фусиформ извилина	No deterministic QA defect detected; normative Russian source not independently confirmed.	MEDIUM
FMA61918	parahippocampal gyrus	gyrus parahippocampalis	parahippocampal gyrus	EXACT	Парахиппокампал извилина	KEEP	Парахиппокампал извилина	No deterministic QA defect detected; normative Russian source not independently confirmed.	MEDIUM
FMA61934	choroid plexus of cerebral hemisphere			NO_MATCH	Сосудистая оболочка плэксус мозговая полушарие	REVIEW		Needs external Russian anatomical terminology verification.	LOW
FMA61950	internal capsule	capsula interna	internal capsule	EXACT	Внутренняя капсула	KEEP	Внутренняя капсула	No deterministic QA defect detected; normative Russian source not independently confirmed.	MEDIUM
FMA61961	anterior commissure	commissura anterior	anterior commissure	EXACT	Передняя спайка	KEEP	Передняя спайка	No deterministic QA defect detected; normative Russian source not independently confirmed.	MEDIUM
FMA61965	fornix of forebrain			NO_MATCH	Свод передний мозг	KEEP	Свод передний мозг	No deterministic QA defect detected; normative Russian source not independently confirmed.	MEDIUM
FMA61970	commissure of fornix of forebrain			NO_MATCH	Комиссура свод передний мозг	KEEP	Комиссура свод передний мозг	No deterministic QA defect detected; normative Russian source not independently confirmed.	MEDIUM
FMA61974	stria terminalis	stria terminalis	stria terminalis	EXACT	Стриа тэрминалис	KEEP	Стриа тэрминалис	No deterministic QA defect detected; normative Russian source not independently confirmed.	MEDIUM
FMA61975	lamina terminalis	lamina terminalis	lamina terminalis	EXACT	Пластинка тэрминалис	KEEP	Пластинка тэрминалис	No deterministic QA defect detected; normative Russian source not independently confirmed.	MEDIUM
FMA61993	midbrain	mesencephalon	midbrain	EXACT	Средний мозг	KEEP	Средний мозг	No deterministic QA defect detected; normative Russian source not independently confirmed.	MEDIUM
FMA61996	segment of forebrain			NO_MATCH	Сегмент передний мозг	REVIEW		Needs external Russian anatomical terminology verification.	LOW
FMA61997	segment of midbrain			NO_MATCH	Сегмент средний мозг	REVIEW		Needs external Russian anatomical terminology verification.	LOW
FMA61998	segment of hindbrain			NO_MATCH	Сегмент задний мозг	REVIEW		Needs external Russian anatomical terminology verification.	LOW
FMA62004	medulla oblongata	medulla oblongata	medulla oblongata	EXACT	Продолговатый мозг облонгата	KEEP	Продолговатый мозг облонгата	No deterministic QA defect detected; normative Russian source not independently confirmed.	MEDIUM
FMA62007	thalamus	thalamus	thalamus	EXACT	Таламус	KEEP	Таламус	No deterministic QA defect detected; normative Russian source not independently confirmed.	MEDIUM
FMA62008	hypothalamus	hypothalamus	hypothalamus	EXACT	Гипоталамус	KEEP	Гипоталамус	No deterministic QA defect detected; normative Russian source not independently confirmed.	MEDIUM
FMA62032	habenula	habenula	habenula	EXACT	Хабэнула	KEEP	Хабэнула	No deterministic QA defect detected; normative Russian source not independently confirmed.	MEDIUM
FMA62033	pineal body	glandula pinealis	pineal gland	EXACT	Шишковидное тело	KEEP	Шишковидное тело	No deterministic QA defect detected; normative Russian source not independently confirmed.	MEDIUM
FMA62045	optic chiasm	chiasma opticum	optic chiasm	EXACT	Зрительный хиазма	KEEP	Зрительный хиазма	No deterministic QA defect detected; normative Russian source not independently confirmed.	MEDIUM
FMA62046	optic tract	tractus opticus	optic tract	EXACT	Зрительный проводящий путь	KEEP	Зрительный проводящий путь	No deterministic QA defect detected; normative Russian source not independently confirmed.	MEDIUM
FMA62072	posterior commissure	commissura posterior	posterior commissure	EXACT	Задняя комиссура	KEEP	Задняя комиссура	No deterministic QA defect detected; normative Russian source not independently confirmed.	MEDIUM
FMA62080	stria medullaris of thalamus			NO_MATCH	Стриа мэдулларис таламус	KEEP	Стриа мэдулларис таламус	No deterministic QA defect detected; normative Russian source not independently confirmed.	MEDIUM
FMA62209	lateral geniculate body	corpus geniculatum laterale	lateral geniculate body	EXACT	Латеральная гэникулатэ тело	KEEP	Латеральная гэникулатэ тело	No deterministic QA defect detected; normative Russian source not independently confirmed.	MEDIUM
FMA62211	medial geniculate body	corpus geniculatum mediale	medial geniculate body	EXACT	Медиальная гэникулатэ тело	KEEP	Медиальная гэникулатэ тело	No deterministic QA defect detected; normative Russian source not independently confirmed.	MEDIUM
FMA62327	tuber cinereum	tuber cinereum	tuber cinereum	EXACT	Тубэр кинэрэум	KEEP	Тубэр кинэрэум	No deterministic QA defect detected; normative Russian source not independently confirmed.	MEDIUM
FMA62374	segment of telencephalon			NO_MATCH	Сегмент тэлэнкэфалон	REVIEW		Needs external Russian anatomical terminology verification.	LOW
FMA62382	right optic tract	tractus opticus	optic tract	PROBABLE	Правый зрительный проводящий путь	REVIEW		Needs external Russian anatomical terminology verification.	LOW
FMA62394	peduncle of midbrain			NO_MATCH	Пэдунклэ средний мозг	KEEP	Пэдунклэ средний мозг	No deterministic QA defect detected; normative Russian source not independently confirmed.	MEDIUM
FMA62398	segment of midbrain tectum			NO_MATCH	Сегмент средний мозг покрышка	REVIEW		Needs external Russian anatomical terminology verification.	LOW
FMA62403	superior colliculus	colliculus superior	superior colliculus	EXACT	Верхняя колликулус	KEEP	Верхняя колликулус	No deterministic QA defect detected; normative Russian source not independently confirmed.	MEDIUM
FMA62404	inferior colliculus	colliculus inferior	inferior colliculus	EXACT	Нижняя колликулус	KEEP	Нижняя колликулус	No deterministic QA defect detected; normative Russian source not independently confirmed.	MEDIUM
FMA62434	cingulate gyrus	gyrus cinguli	cingulate gyrus	EXACT	Кингулатэ извилина	KEEP	Кингулатэ извилина	No deterministic QA defect detected; normative Russian source not independently confirmed.	MEDIUM
FMA62445	commissure of diencephalon			NO_MATCH	Комиссура диэнкэфалон	KEEP	Комиссура диэнкэфалон	No deterministic QA defect detected; normative Russian source not independently confirmed.	MEDIUM
FMA62466	capsule of cerebral hemisphere			NO_MATCH	Капсула мозговая полушарие	KEEP	Капсула мозговая полушарие	No deterministic QA defect detected; normative Russian source not independently confirmed.	MEDIUM
FMA62493	hippocampus	hippocampus	hippocampus	EXACT	Гиппокамп	KEEP	Гиппокамп	No deterministic QA defect detected; normative Russian source not independently confirmed.	MEDIUM
FMA62504	tributary of deep palmar venous arch			NO_MATCH	Приток глубокая ладонная венозная дуга	REVIEW		Needs external Russian anatomical terminology verification.	LOW
FMA62506	dorsal venous network of right hand	rete venosum dorsale manus	dorsal venous network of hand	PROBABLE	Тыльная венозная нэтворк правый кисть	REVIEW		Needs external Russian anatomical terminology verification.	LOW
FMA62507	dorsal venous network of left hand	rete venosum dorsale manus	dorsal venous network of hand	PROBABLE	Тыльная венозная нэтворк левый кисть	REVIEW		Needs external Russian anatomical terminology verification.	LOW
FMA62512	trunk of systemic vein			NO_MATCH	Туловище системная вена	KEEP	Туловище системная вена	No deterministic QA defect detected; normative Russian source not independently confirmed.	MEDIUM
FMA62514	basal ganglion of telencephalon			NO_MATCH	Базальный ганглий конечного мозга	KEEP	Базальный ганглий конечного мозга	No deterministic QA defect detected; normative Russian source not independently confirmed.	MEDIUM
FMA62955	anatomical entity			NO_MATCH	Анатомическая сущность	KEEP	Анатомическая сущность	No deterministic QA defect detected; normative Russian source not independently confirmed.	MEDIUM
FMA63103	pancreatic duct tree			NO_MATCH	Поджелудочная проток дерево	KEEP	Поджелудочная проток дерево	No deterministic QA defect detected; normative Russian source not independently confirmed.	MEDIUM
FMA63120	parenchyma of pancreas			NO_MATCH	Парэнчйма поджелудочная железа	KEEP	Парэнчйма поджелудочная железа	No deterministic QA defect detected; normative Russian source not independently confirmed.	MEDIUM
FMA63812	set of arteries			NO_MATCH	Совокупность артерии	KEEP	Совокупность артерии	No deterministic QA defect detected; normative Russian source not independently confirmed.	MEDIUM
FMA63814	set of veins			NO_MATCH	Совокупность вены	KEEP	Совокупность вены	No deterministic QA defect detected; normative Russian source not independently confirmed.	MEDIUM
FMA63822	posterior intercostal arteries	arteriae intercostales posteriores	posterior intercostal arteries	EXACT	Задняя межрёберная артерии	KEEP	Задняя межрёберная артерии	No deterministic QA defect detected; normative Russian source not independently confirmed.	MEDIUM
FMA64796	region of serous membrane			NO_MATCH	Область серозная оболочка	KEEP	Область серозная оболочка	No deterministic QA defect detected; normative Russian source not independently confirmed.	MEDIUM
FMA64822	superficial muscle of neck			NO_MATCH	Поверхностная мышца шейка	KEEP	Поверхностная мышца шейка	No deterministic QA defect detected; normative Russian source not independently confirmed.	MEDIUM
FMA64829	scalene muscle			NO_MATCH	Лестничная мышца мышца	KEEP	Лестничная мышца мышца	No deterministic QA defect detected; normative Russian source not independently confirmed.	MEDIUM
FMA64875	anterior suboccipital muscle			NO_MATCH	Передняя подзатылочная мышца	KEEP	Передняя подзатылочная мышца	No deterministic QA defect detected; normative Russian source not independently confirmed.	MEDIUM
FMA64916	thenar muscle			NO_MATCH	Тенар мышца	KEEP	Тенар мышца	No deterministic QA defect detected; normative Russian source not independently confirmed.	MEDIUM
FMA64917	hypothenar muscle			NO_MATCH	Гипотенар мышца	KEEP	Гипотенар мышца	No deterministic QA defect detected; normative Russian source not independently confirmed.	MEDIUM
FMA64922	gluteal muscle			NO_MATCH	Ягодичная мышца	KEEP	Ягодичная мышца	No deterministic QA defect detected; normative Russian source not independently confirmed.	MEDIUM
FMA64989	heterogeneous cluster			NO_MATCH	Хэтэрогэнэоус клустэр	KEEP	Хэтэрогэнэоус клустэр	No deterministic QA defect detected; normative Russian source not independently confirmed.	MEDIUM
FMA64990	organ part cluster			NO_MATCH	Орган часть клустэр	KEEP	Орган часть клустэр	No deterministic QA defect detected; normative Russian source not independently confirmed.	MEDIUM
FMA65004	superficial muscle of posterior compartment of leg			NO_MATCH	Поверхностная мышца задняя компартмент голень	REVIEW		Needs external Russian anatomical terminology verification.	LOW
FMA65008	deep muscle of posterior compartment of leg			NO_MATCH	Глубокая мышца задняя компартмент голень	REVIEW		Needs external Russian anatomical terminology verification.	LOW
FMA65014	right flexor hallucis longus	flexor longus hallucis	flexor hallucis longus	PROBABLE	Правый сгибатель большого пальца стопы длинная	REVIEW		Needs external Russian anatomical terminology verification.	LOW
FMA65015	left flexor hallucis longus	flexor longus hallucis	flexor hallucis longus	PROBABLE	Левый сгибатель большого пальца стопы длинная	REVIEW		Needs external Russian anatomical terminology verification.	LOW
FMA65016	right flexor digitorum longus	flexor longus digitorum	flexor digitorum longus	PROBABLE	Правый сгибатель пальцев длинная	REVIEW		Needs external Russian anatomical terminology verification.	LOW
FMA65017	left flexor digitorum longus	flexor longus digitorum	flexor digitorum longus	PROBABLE	Левый сгибатель пальцев длинная	REVIEW		Needs external Russian anatomical terminology verification.	LOW
FMA65018	right tibialis posterior			NO_MATCH	Правый тибиалис задняя	REVIEW		Needs external Russian anatomical terminology verification.	LOW
FMA65019	left tibialis posterior			NO_MATCH	Левый тибиалис задняя	REVIEW		Needs external Russian anatomical terminology verification.	LOW
FMA65020	intrinsic muscle of foot			NO_MATCH	Собственная мышца стопы	KEEP	Собственная мышца стопы	No deterministic QA defect detected; normative Russian source not independently confirmed.	MEDIUM
FMA65045	intrinsic muscle of dorsum of foot			NO_MATCH	Собственная мышца тыла стопы	KEEP	Собственная мышца тыла стопы	No deterministic QA defect detected; normative Russian source not independently confirmed.	MEDIUM
FMA65046	intrinsic muscle of plantar part of foot			NO_MATCH	Собственная мышца подошвенной части стопы	REVIEW		Needs external Russian anatomical terminology verification.	LOW
FMA65132	nerve	nervus	nerve	EXACT	Нерв	KEEP	Нерв	Exact TA2 mapping; current Russian term is grammatical and semantically complete.	HIGH
FMA65198	superficial head of right flexor pollicis brevis	caput superficiale flexoris brevis pollicis	superficial head of flexor pollicis brevis	PROBABLE	Поверхностная головка правый сгибатель большого пальца кисти короткая	REVIEW		Needs external Russian anatomical terminology verification.	LOW
FMA65199	superficial head of left flexor pollicis brevis	caput superficiale flexoris brevis pollicis	superficial head of flexor pollicis brevis	PROBABLE	Поверхностная головка левый сгибатель большого пальца кисти короткая	REVIEW		Needs external Russian anatomical terminology verification.	LOW
FMA65410	intermediate tendon	tendo intermedius	intermediate tendon	EXACT	Промежуточная сухожилие	KEEP	Промежуточная сухожилие	No deterministic QA defect detected; normative Russian source not independently confirmed.	MEDIUM
FMA65470	proximal phalanx of left thumb			NO_MATCH	Проксимальная фаланга левый тумб	APPLY	Проксимальная фаланга Левая тумб	Candidate from QA (laterality); requires final Russian terminology review before application.	MEDIUM
FMA65539	subdivision of parasympathetic nervous system			NO_MATCH	Подразделение парасимпатическая нервная система	KEEP	Подразделение парасимпатическая нервная система	No deterministic QA defect detected; normative Russian source not independently confirmed.	MEDIUM
FMA65551	subdivisionof autonomic nervous system			NO_MATCH	Субдивисионоф вегетативная нервная система	KEEP	Субдивисионоф вегетативная нервная система	No deterministic QA defect detected; normative Russian source not independently confirmed.	MEDIUM
FMA66241	first posterior intercostal artery	arteria intercostalis posterior prima	first posterior intercostal artery	EXACT	Первая задняя межрёберная артерия	KEEP	Первая задняя межрёберная артерия	No deterministic QA defect detected; normative Russian source not independently confirmed.	MEDIUM
FMA66242	right first posterior intercostal artery	arteria intercostalis posterior prima	first posterior intercostal artery	PROBABLE	Правый первая задняя межрёберная артерия	APPLY	Правая первая задняя межрёберная артерия	Candidate from QA (laterality; lost_information); requires final Russian terminology review before application.	MEDIUM
FMA66243	left first posterior intercostal artery	arteria intercostalis posterior prima	first posterior intercostal artery	PROBABLE	Левый первая задняя межрёберная артерия	APPLY	Левая первая задняя межрёберная артерия	Candidate from QA (laterality; lost_information); requires final Russian terminology review before application.	MEDIUM
FMA66267	variant systemic artery			NO_MATCH	Вариантная системная артерия	KEEP	Вариантная системная артерия	No deterministic QA defect detected; normative Russian source not independently confirmed.	MEDIUM
FMA66320	thoracodorsal artery	arteria thoracodorsalis	thoracodorsal artery	EXACT	Торакодорсал артерия	KEEP	Торакодорсал артерия	No deterministic QA defect detected; normative Russian source not independently confirmed.	MEDIUM
FMA66321	right thoracodorsal artery	arteria thoracodorsalis	thoracodorsal artery	PROBABLE	Правый торакодорсал артерия	APPLY	Правая торакодорсал артерия	Candidate from QA (laterality; lost_information); requires final Russian terminology review before application.	MEDIUM
FMA66322	left thoracodorsal artery	arteria thoracodorsalis	thoracodorsal artery	PROBABLE	Левый торакодорсал артерия	APPLY	Левая торакодорсал артерия	Candidate from QA (laterality; lost_information); requires final Russian terminology review before application.	MEDIUM
FMA66326	pulmonary artery			NO_MATCH	Лёгочный артерия	KEEP	Лёгочный артерия	No deterministic QA defect detected; normative Russian source not independently confirmed.	MEDIUM
FMA66327	branch of right coronary artery			NO_MATCH	Ветвь правой коронарной артерии	REVIEW		Needs external Russian anatomical terminology verification.	LOW
FMA66328	branch of left coronary artery			NO_MATCH	Ветвь левой коронарной артерии	REVIEW		Needs external Russian anatomical terminology verification.	LOW
FMA66332	zone of artery			NO_MATCH	Зона артерия	KEEP	Зона артерия	No deterministic QA defect detected; normative Russian source not independently confirmed.	MEDIUM
FMA66358	trunk of superior mesenteric artery			NO_MATCH	Туловище верхняя брыжеечная артерия	KEEP	Туловище верхняя брыжеечная артерия	No deterministic QA defect detected; normative Russian source not independently confirmed.	MEDIUM
FMA66362	trunk of renal artery			NO_MATCH	Туловище почечная артерия	KEEP	Туловище почечная артерия	No deterministic QA defect detected; normative Russian source not independently confirmed.	MEDIUM
FMA66363	trunk of right renal artery			NO_MATCH	Туловище правый почечная артерия	APPLY	Туловище Правое почечная артерия	Candidate from QA (laterality); requires final Russian terminology review before application.	MEDIUM
FMA66364	trunk of left renal artery			NO_MATCH	Туловище левый почечная артерия	APPLY	Туловище Левое почечная артерия	Candidate from QA (laterality); requires final Russian terminology review before application.	MEDIUM
FMA66403	anterior interventricular vein	vena interventricularis anterior	anterior interventricular vein	EXACT	Передняя межжелудочковая вена	KEEP	Передняя межжелудочковая вена	No deterministic QA defect detected; normative Russian source not independently confirmed.	MEDIUM
FMA66464	systemic artery			NO_MATCH	Системная артерия	KEEP	Системная артерия	No deterministic QA defect detected; normative Russian source not independently confirmed.	MEDIUM
FMA66562	trunk of thoraco-acromial artery			NO_MATCH	Ствол грудоакромиальной артерии	KEEP	Ствол грудоакромиальной артерии	No deterministic QA defect detected; normative Russian source not independently confirmed.	MEDIUM
FMA66563	trunk of right thoraco-acromial artery			NO_MATCH	Ствол правой грудоакромиальной артерии	KEEP	Ствол правой грудоакромиальной артерии	No deterministic QA defect detected; normative Russian source not independently confirmed.	MEDIUM
FMA66564	trunk of left thoraco-acromial artery			NO_MATCH	Ствол левой грудоакромиальной артерии	KEEP	Ствол левой грудоакромиальной артерии	No deterministic QA defect detected; normative Russian source not independently confirmed.	MEDIUM
FMA66643	pulmonary vein			NO_MATCH	Лёгочный вена	KEEP	Лёгочный вена	No deterministic QA defect detected; normative Russian source not independently confirmed.	MEDIUM
FMA66644	systemic vein			NO_MATCH	Системная вена	KEEP	Системная вена	No deterministic QA defect detected; normative Russian source not independently confirmed.	MEDIUM
FMA66645	portal vein			NO_MATCH	Воротная вена	KEEP	Воротная вена	No deterministic QA defect detected; normative Russian source not independently confirmed.	MEDIUM
FMA66791	proximal phalanx of left little finger			NO_MATCH	Проксимальная фаланга левый мизинца палец	APPLY	Проксимальная фаланга левого мизинца	FMA/TA2 structure family with unambiguous Russian grammatical normalization.	HIGH
FMA67112	immaterial anatomical entity			NO_MATCH	Нематериальная анатомическая сущность	KEEP	Нематериальная анатомическая сущность	No deterministic QA defect detected; normative Russian source not independently confirmed.	MEDIUM
FMA67135	anatomical structure			NO_MATCH	Анатомическая структура	KEEP	Анатомическая структура	No deterministic QA defect detected; normative Russian source not independently confirmed.	MEDIUM
FMA67165	material anatomical entity			NO_MATCH	Материал анатомическая образование	KEEP	Материал анатомическая образование	No deterministic QA defect detected; normative Russian source not independently confirmed.	MEDIUM
FMA67242	gray matter of neuraxis			NO_MATCH	Серое вещество нервной оси	KEEP	Серое вещество нервной оси	No deterministic QA defect detected; normative Russian source not independently confirmed.	MEDIUM
FMA67325	occipital lobe	lobus occipitalis	occipital lobe	EXACT	Затылочная доля	KEEP	Затылочная доля	No deterministic QA defect detected; normative Russian source not independently confirmed.	MEDIUM
FMA67329	insula	insula	insula	EXACT	Инсула	KEEP	Инсула	No deterministic QA defect detected; normative Russian source not independently confirmed.	MEDIUM
FMA67396	articular disk of symphysis			NO_MATCH	Суставной диск симфиза	KEEP	Суставной диск симфиза	No deterministic QA defect detected; normative Russian source not independently confirmed.	MEDIUM
FMA67498	organ			NO_MATCH	Орган	KEEP	Орган	No deterministic QA defect detected; normative Russian source not independently confirmed.	MEDIUM
FMA67504	subdivision of cardinal body part			NO_MATCH	Подразделение кардинал тело часть	KEEP	Подразделение кардинал тело часть	No deterministic QA defect detected; normative Russian source not independently confirmed.	MEDIUM
FMA67536	cardinal tissue part			NO_MATCH	Кардинал ткань часть	KEEP	Кардинал ткань часть	No deterministic QA defect detected; normative Russian source not independently confirmed.	MEDIUM
FMA67538	subdivision of epithelium			NO_MATCH	Подразделение эпитэлиум	KEEP	Подразделение эпитэлиум	No deterministic QA defect detected; normative Russian source not independently confirmed.	MEDIUM
FMA67552	anatomical cavity			NO_MATCH	Анатомическая полость	KEEP	Анатомическая полость	No deterministic QA defect detected; normative Russian source not independently confirmed.	MEDIUM
FMA67598	leaf of cardiac valve			NO_MATCH	Створка сердечного клапана	KEEP	Створка сердечного клапана	No deterministic QA defect detected; normative Russian source not independently confirmed.	MEDIUM
FMA67601	process of organ			NO_MATCH	Отросток орган	KEEP	Отросток орган	No deterministic QA defect detected; normative Russian source not independently confirmed.	MEDIUM
FMA67619	organ region			NO_MATCH	Орган область	KEEP	Орган область	No deterministic QA defect detected; normative Russian source not independently confirmed.	MEDIUM
FMA67936	left optic tract	tractus opticus	optic tract	PROBABLE	Левый зрительный проводящий путь	REVIEW		Needs external Russian anatomical terminology verification.	LOW
FMA67942	segment of metencephalon			NO_MATCH	Сегмент мэтэнкэфалон	REVIEW		Needs external Russian anatomical terminology verification.	LOW
FMA67943	pons	pons	pons	EXACT	Мост	KEEP	Мост	No deterministic QA defect detected; normative Russian source not independently confirmed.	MEDIUM
FMA67944	cerebellum	cerebellum	cerebellum	EXACT	Мозжечок	KEEP	Мозжечок	No deterministic QA defect detected; normative Russian source not independently confirmed.	MEDIUM
FMA67950	stria of telencephalon			NO_MATCH	Стриа тэлэнкэфалон	KEEP	Стриа тэлэнкэфалон	No deterministic QA defect detected; normative Russian source not independently confirmed.	MEDIUM
FMA67951	lamina of cerebral hemisphere			NO_MATCH	Пластинка мозговая полушарие	KEEP	Пластинка мозговая полушарие	No deterministic QA defect detected; normative Russian source not independently confirmed.	MEDIUM
FMA67957	segment of gyrus of cerebral hemisphere			NO_MATCH	Сегмент извилина мозговая полушарие	REVIEW		Needs external Russian anatomical terminology verification.	LOW
FMA67977	dorsal venous network of hand	rete venosum dorsale manus	dorsal venous network of hand	EXACT	Тыльная венозная нэтворк кисть	KEEP	Тыльная венозная нэтворк кисть	No deterministic QA defect detected; normative Russian source not independently confirmed.	MEDIUM
FMA68045	segment of thoracic aorta			NO_MATCH	Сегмент грудная аорта	REVIEW		Needs external Russian anatomical terminology verification.	LOW
FMA68068	inferior phrenic vein			NO_MATCH	Нижняя диафрагмальная вена	KEEP	Нижняя диафрагмальная вена	No deterministic QA defect detected; normative Russian source not independently confirmed.	MEDIUM
FMA68109	bronchial artery			NO_MATCH	Бронхиальная артерия	KEEP	Бронхиальная артерия	No deterministic QA defect detected; normative Russian source not independently confirmed.	MEDIUM
FMA68192	lobar artery			NO_MATCH	Долевой артерия	KEEP	Долевой артерия	No deterministic QA defect detected; normative Russian source not independently confirmed.	MEDIUM
FMA68197	right upper lobar artery			NO_MATCH	Правый верхняя долевой артерия	APPLY	Правая верхняя долевой артерия	Candidate from QA (laterality; lost_information); requires final Russian terminology review before application.	MEDIUM
FMA68208	pulmonary segment of bronchial tree			NO_MATCH	Лёгочный сегмент бронхиальная дерево	KEEP	Лёгочный сегмент бронхиальная дерево	No deterministic QA defect detected; normative Russian source not independently confirmed.	MEDIUM
FMA68211	right apical segmental bronchial tree			NO_MATCH	Правый верхушечная сегментарный бронхиальная дерево	REVIEW		Needs external Russian anatomical terminology verification.	LOW
FMA68212	right anterior segmental bronchial tree			NO_MATCH	Правый передняя сегментарный бронхиальная дерево	REVIEW		Needs external Russian anatomical terminology verification.	LOW
FMA68213	right posterior segmental bronchial tree			NO_MATCH	Правый задняя сегментарный бронхиальная дерево	REVIEW		Needs external Russian anatomical terminology verification.	LOW
FMA68214	medial segmental bronchial tree			NO_MATCH	Медиальная сегментарный бронхиальная дерево	KEEP	Медиальная сегментарный бронхиальная дерево	No deterministic QA defect detected; normative Russian source not independently confirmed.	MEDIUM
FMA68215	lateral segmental bronchial tree			NO_MATCH	Латеральная сегментарный бронхиальная дерево	KEEP	Латеральная сегментарный бронхиальная дерево	No deterministic QA defect detected; normative Russian source not independently confirmed.	MEDIUM
FMA68216	right superior segmental bronchial tree			NO_MATCH	Правый верхняя сегментарный бронхиальная дерево	REVIEW		Needs external Russian anatomical terminology verification.	LOW
FMA68218	right medial basal segmental bronchial tree			NO_MATCH	Правый медиальная базальная сегментарный бронхиальная дерево	REVIEW		Needs external Russian anatomical terminology verification.	LOW
FMA68219	anterior basal segmental bronchial tree			NO_MATCH	Переднее базальное сегментарное бронхиальное дерево	REVIEW		Needs external Russian anatomical terminology verification.	LOW
FMA68220	right lateral basal segmental bronchial tree			NO_MATCH	Правый латеральная базальная сегментарный бронхиальная дерево	REVIEW		Needs external Russian anatomical terminology verification.	LOW
FMA68221	right posterior basal segmental bronchial tree			NO_MATCH	Правый задняя базальная сегментарный бронхиальная дерево	REVIEW		Needs external Russian anatomical terminology verification.	LOW
FMA68222	left anterior segmental bronchial tree			NO_MATCH	Левый передняя сегментарный бронхиальная дерево	REVIEW		Needs external Russian anatomical terminology verification.	LOW
FMA68223	left apical segmental bronchial tree			NO_MATCH	Левый верхушечная сегментарный бронхиальная дерево	REVIEW		Needs external Russian anatomical terminology verification.	LOW
FMA68225	left posterior segmental bronchial tree			NO_MATCH	Левый задняя сегментарный бронхиальная дерево	REVIEW		Needs external Russian anatomical terminology verification.	LOW
FMA68226	superior lingular bronchial tree			NO_MATCH	Верхняя язычковая бронхиальная дерево	KEEP	Верхняя язычковая бронхиальная дерево	No deterministic QA defect detected; normative Russian source not independently confirmed.	MEDIUM
FMA68227	inferior lingular bronchial tree			NO_MATCH	Нижняя язычковая бронхиальная дерево	KEEP	Нижняя язычковая бронхиальная дерево	No deterministic QA defect detected; normative Russian source not independently confirmed.	MEDIUM
FMA68228	left superior segmental bronchial tree			NO_MATCH	Левый верхняя сегментарный бронхиальная дерево	REVIEW		Needs external Russian anatomical terminology verification.	LOW
FMA68229	posterior basal segmental bronchial tree			NO_MATCH	Задняя базальная сегментарный бронхиальная дерево	REVIEW		Needs external Russian anatomical terminology verification.	LOW
FMA68230	left medial basal segmental bronchial tree			NO_MATCH	Левый медиальная базальная сегментарный бронхиальная дерево	REVIEW		Needs external Russian anatomical terminology verification.	LOW
FMA68231	left anterior basal segmental bronchial tree			NO_MATCH	Левый передняя базальная сегментарный бронхиальная дерево	REVIEW		Needs external Russian anatomical terminology verification.	LOW
FMA68232	left lateral basal segmental bronchial tree			NO_MATCH	Левый латеральная базальная сегментарный бронхиальная дерево	REVIEW		Needs external Russian anatomical terminology verification.	LOW
FMA68233	left posterior basal segmental bronchial tree			NO_MATCH	Левый задняя базальная сегментарный бронхиальная дерево	REVIEW		Needs external Russian anatomical terminology verification.	LOW
FMA68234	apical segmental bronchial tree			NO_MATCH	Верхушечное сегментарное бронхиальное дерево	KEEP	Верхушечное сегментарное бронхиальное дерево	No deterministic QA defect detected; normative Russian source not independently confirmed.	MEDIUM
FMA68235	anterior segmental bronchial tree			NO_MATCH	Переднее сегментарное бронхиальное дерево	KEEP	Переднее сегментарное бронхиальное дерево	No deterministic QA defect detected; normative Russian source not independently confirmed.	MEDIUM
FMA68236	posterior segmental bronchial tree			NO_MATCH	Задняя сегментарный бронхиальная дерево	KEEP	Задняя сегментарный бронхиальная дерево	No deterministic QA defect detected; normative Russian source not independently confirmed.	MEDIUM
FMA68237	superior segmental bronchial tree			NO_MATCH	Верхняя сегментарный бронхиальная дерево	KEEP	Верхняя сегментарный бронхиальная дерево	No deterministic QA defect detected; normative Russian source not independently confirmed.	MEDIUM
FMA68238	basal segmental bronchial tree			NO_MATCH	Базальное сегментарное бронхиальное дерево	KEEP	Базальное сегментарное бронхиальное дерево	No deterministic QA defect detected; normative Russian source not independently confirmed.	MEDIUM
FMA68320	medial basal segmental bronchial tree			NO_MATCH	Медиальная базальная сегментарный бронхиальная дерево	REVIEW		Needs external Russian anatomical terminology verification.	LOW
FMA68321	right anterior basal segmental bronchial tree			NO_MATCH	Правый передняя базальная сегментарный бронхиальная дерево	REVIEW		Needs external Russian anatomical terminology verification.	LOW
FMA68322	lateral basal segmental bronchial tree			NO_MATCH	Латеральная базальная сегментарный бронхиальная дерево	REVIEW		Needs external Russian anatomical terminology verification.	LOW
FMA68418	right main bronchus proper			NO_MATCH	Правый главный бронх собственно	REVIEW		Needs external Russian anatomical terminology verification.	LOW
FMA68661	apical part of apical segmental artery			NO_MATCH	Верхушечная часть верхушечной сегментарной артерии	REVIEW		Needs external Russian anatomical terminology verification.	LOW
FMA68662	apical part of right apical segmental artery			NO_MATCH	Верхушечная часть правой верхушечной сегментарной артерии	REVIEW		Needs external Russian anatomical terminology verification.	LOW
FMA68664	anterior part of apical segmental artery			NO_MATCH	Передняя часть верхушечной сегментарной артерии	REVIEW		Needs external Russian anatomical terminology verification.	LOW
FMA68665	anterior part of right apical segmental artery			NO_MATCH	Передняя часть правой верхушечной сегментарной артерии	REVIEW		Needs external Russian anatomical terminology verification.	LOW
FMA68667	subsegmental part of apical segmental artery			NO_MATCH	Субсегментарный часть верхушечная сегментарный артерия	REVIEW		Needs external Russian anatomical terminology verification.	LOW
FMA68668	subsegmental part of posterior segmental artery			NO_MATCH	Субсегментарный часть задняя сегментарный артерия	REVIEW		Needs external Russian anatomical terminology verification.	LOW
FMA68669	apical part of posterior segmental artery			NO_MATCH	Верхушечная часть задней сегментарной артерии	REVIEW		Needs external Russian anatomical terminology verification.	LOW
FMA68670	apical part of right posterior segmental artery			NO_MATCH	Верхушечная часть правой задней сегментарной артерии	REVIEW		Needs external Russian anatomical terminology verification.	LOW
FMA68672	posterior part of posterior segmental artery			NO_MATCH	Задняя часть задняя сегментарный артерия	REVIEW		Needs external Russian anatomical terminology verification.	LOW
FMA68673	posterior part of right posterior segmental artery			NO_MATCH	Задняя часть правый задняя сегментарный артерия	APPLY	Задняя часть Правая задняя сегментарный артерия	Candidate from QA (laterality); requires final Russian terminology review before application.	MEDIUM
FMA68675	subsegmental part of anterior segmental artery			NO_MATCH	Субсегментарный часть передняя сегментарный артерия	REVIEW		Needs external Russian anatomical terminology verification.	LOW
FMA68676	posterior part of anterior segmental artery			NO_MATCH	Задняя часть передняя сегментарный артерия	REVIEW		Needs external Russian anatomical terminology verification.	LOW
FMA68677	posterior branch of right anterior segmental artery			NO_MATCH	Задняя ветвь правый передняя сегментарный артерия	APPLY	Задняя ветвь Правая передняя сегментарный артерия	Candidate from QA (laterality); requires final Russian terminology review before application.	MEDIUM
FMA68682	anterior branch of anterior segmental artery			NO_MATCH	Передняя ветвь передней сегментарной артерии	REVIEW		Needs external Russian anatomical terminology verification.	LOW
FMA68683	anterior branch of right anterior segmental artery			NO_MATCH	Передняя ветвь правой передней сегментарной артерии	REVIEW		Needs external Russian anatomical terminology verification.	LOW
FMA68689	subsegmental part of lateral segmental artery			NO_MATCH	Субсегментарный часть латеральная сегментарный артерия	REVIEW		Needs external Russian anatomical terminology verification.	LOW
FMA68690	posterior branch of lateral segmental artery			NO_MATCH	Задняя ветвь латеральная сегментарный артерия	REVIEW		Needs external Russian anatomical terminology verification.	LOW
FMA68691	anterior branch of lateral segmental artery			NO_MATCH	Передняя ветвь латеральной сегментарной артерии	REVIEW		Needs external Russian anatomical terminology verification.	LOW
FMA68692	subsegmental part of medial segmental artery			NO_MATCH	Субсегментарный часть медиальная сегментарный артерия	REVIEW		Needs external Russian anatomical terminology verification.	LOW
FMA68693	superior branch of medial segmental artery			NO_MATCH	Верхняя ветвь медиальная сегментарный артерия	REVIEW		Needs external Russian anatomical terminology verification.	LOW
FMA68694	inferior branch of medial segmental artery			NO_MATCH	Нижняя ветвь медиальная сегментарный артерия	REVIEW		Needs external Russian anatomical terminology verification.	LOW
FMA68704	medial branch of superior segmental artery			NO_MATCH	Медиальная ветвь верхняя сегментарный артерия	REVIEW		Needs external Russian anatomical terminology verification.	LOW
FMA68705	subsegmental part of superior segmental artery			NO_MATCH	Субсегментарный часть верхняя сегментарный артерия	REVIEW		Needs external Russian anatomical terminology verification.	LOW
FMA68706	medial branch of right superior segmental artery			NO_MATCH	Медиальная ветвь правый верхняя сегментарный артерия	APPLY	Медиальная ветвь Правая верхняя сегментарный артерия	Candidate from QA (laterality); requires final Russian terminology review before application.	MEDIUM
FMA68708	superior branch of superior segmental artery			NO_MATCH	Верхняя ветвь верхняя сегментарный артерия	REVIEW		Needs external Russian anatomical terminology verification.	LOW
FMA68709	superior branch of right superior segmental artery			NO_MATCH	Верхняя ветвь правый верхняя сегментарный артерия	APPLY	Верхняя ветвь Правая верхняя сегментарный артерия	Candidate from QA (laterality); requires final Russian terminology review before application.	MEDIUM
FMA68711	lateral branch of superior segmental artery			NO_MATCH	Латеральная ветвь верхняя сегментарный артерия	REVIEW		Needs external Russian anatomical terminology verification.	LOW
FMA68712	lateral branch of right superior segmental artery			NO_MATCH	Латеральная ветвь правый верхняя сегментарный артерия	APPLY	Латеральная ветвь Правая верхняя сегментарный артерия	Candidate from QA (laterality); requires final Russian terminology review before application.	MEDIUM
FMA68720	subsegmental part of anterior basal segmental artery			NO_MATCH	Субсегментарный часть передняя базальная сегментарный артерия	REVIEW		Needs external Russian anatomical terminology verification.	LOW
FMA68721	lateral branch of anterior basal segmental artery			NO_MATCH	Латеральная ветвь передняя базальная сегментарный артерия	REVIEW		Needs external Russian anatomical terminology verification.	LOW
FMA68722	basal branch of anterior basal segmental artery			NO_MATCH	Базальная ветвь передней базальной сегментарной артерии	REVIEW		Needs external Russian anatomical terminology verification.	LOW
FMA68723	basal branch of right anterior basal segmental artery			NO_MATCH	Базальная ветвь правой передней базальной сегментарной артерии	REVIEW		Needs external Russian anatomical terminology verification.	LOW
FMA68725	lateral branch of right anterior basal segmental artery			NO_MATCH	Латеральная ветвь правый передняя базальная сегментарный артерия	APPLY	Латеральная ветвь Правая передняя базальная сегментарный артерия	Candidate from QA (laterality); requires final Russian terminology review before application.	MEDIUM
FMA68727	subsegmental part of lateral basal segmental artery			NO_MATCH	Субсегментарный часть латеральная базальная сегментарный артерия	REVIEW		Needs external Russian anatomical terminology verification.	LOW
FMA68728	lateral branch of right lateral basal segmental artery			NO_MATCH	Латеральная ветвь правый латеральная базальная сегментарный артерия	APPLY	Латеральная ветвь Правая латеральная базальная сегментарный артерия	Candidate from QA (laterality); requires final Russian terminology review before application.	MEDIUM
FMA68733	subsegmental part of posterior basal segmental artery			NO_MATCH	Субсегментарный часть задняя базальная сегментарный артерия	REVIEW		Needs external Russian anatomical terminology verification.	LOW
FMA68734	accessory subsuperior branch of posterior basal segmental artery			NO_MATCH	Добавочная подсупериорная ветвь задней базальной сегментарной артерии	REVIEW		Needs external Russian anatomical terminology verification.	LOW
FMA68735	accessory subsuperior branch of right posterior basal segmental artery			NO_MATCH	Добавочная подсупериорная ветвь правой задней базальной сегментарной артерии	REVIEW		Needs external Russian anatomical terminology verification.	LOW
FMA68737	laterobasal branch of posterior basal segmental artery			NO_MATCH	Латэробасал ветвь задняя базальная сегментарный артерия	REVIEW		Needs external Russian anatomical terminology verification.	LOW
FMA68738	laterobasal branch of right posterior basal segmental artery			NO_MATCH	Латэробасал ветвь правый задняя базальная сегментарный артерия	APPLY	Латэробасал ветвь Правая задняя базальная сегментарный артерия	Candidate from QA (laterality); requires final Russian terminology review before application.	MEDIUM
FMA68740	mediobasal branch of posterior basal segmental artery			NO_MATCH	Мэдиобасал ветвь задняя базальная сегментарный артерия	REVIEW		Needs external Russian anatomical terminology verification.	LOW
FMA68741	mediobasal branch of right posterior basal segmental artery			NO_MATCH	Мэдиобасал ветвь правый задняя базальная сегментарный артерия	APPLY	Мэдиобасал ветвь Правая задняя базальная сегментарный артерия	Candidate from QA (laterality); requires final Russian terminology review before application.	MEDIUM
FMA68878	trunk of segmental pulmonary vein			NO_MATCH	Туловище сегментарный лёгочный вена	KEEP	Туловище сегментарный лёгочный вена	No deterministic QA defect detected; normative Russian source not independently confirmed.	MEDIUM
FMA68879	trunk of apical segmental vein			NO_MATCH	Туловище верхушечная сегментарный вена	KEEP	Туловище верхушечная сегментарный вена	No deterministic QA defect detected; normative Russian source not independently confirmed.	MEDIUM
FMA68880	trunk of right apical segmental vein			NO_MATCH	Туловище правый верхушечная сегментарный вена	APPLY	Туловище Правое верхушечная сегментарный вена	Candidate from QA (laterality); requires final Russian terminology review before application.	MEDIUM
FMA68919	apical part of apical segmental vein			NO_MATCH	Верхушечная часть верхушечной сегментарной вены	REVIEW		Needs external Russian anatomical terminology verification.	LOW
FMA68920	anterior part of apical segmental vein			NO_MATCH	Передняя часть верхушечной сегментарной вены	REVIEW		Needs external Russian anatomical terminology verification.	LOW
FMA68921	anterior part of right apical segmental vein			NO_MATCH	Передняя часть правой верхушечной сегментарной вены	REVIEW		Needs external Russian anatomical terminology verification.	LOW
FMA68926	superior part of right anterior segmental vein			NO_MATCH	Верхняя часть правый передняя сегментарный вена	APPLY	Верхняя часть Правая передняя сегментарный вена	Candidate from QA (laterality); requires final Russian terminology review before application.	MEDIUM
FMA68928	inferior part of right anterior segmental vein			NO_MATCH	Нижняя часть правый передняя сегментарный вена	APPLY	Нижняя часть Правая передняя сегментарный вена	Candidate from QA (laterality); requires final Russian terminology review before application.	MEDIUM
FMA68944	posterior part of lateral segmental vein			NO_MATCH	Задняя часть латеральная сегментарный вена	REVIEW		Needs external Russian anatomical terminology verification.	LOW
FMA68945	anterior part of lateral segmental vein			NO_MATCH	Передняя часть латеральной сегментарной вены	REVIEW		Needs external Russian anatomical terminology verification.	LOW
FMA68982	superior part of medial segmental vein			NO_MATCH	Верхняя часть медиальная сегментарный вена	REVIEW		Needs external Russian anatomical terminology verification.	LOW
FMA68983	inferior part of medial segmental vein			NO_MATCH	Нижняя часть медиальная сегментарный вена	REVIEW		Needs external Russian anatomical terminology verification.	LOW
FMA69264	inferior suprarenal artery	arteria suprarenalis inferior	inferior suprarenal artery	EXACT	Нижняя надпочечниковая артерия	KEEP	Нижняя надпочечниковая артерия	No deterministic QA defect detected; normative Russian source not independently confirmed.	MEDIUM
FMA69265	right inferior suprarenal artery	arteria suprarenalis inferior	inferior suprarenal artery	PROBABLE	Правый нижняя надпочечниковая артерия	APPLY	Правая нижняя надпочечниковая артерия	Candidate from QA (laterality; lost_information); requires final Russian terminology review before application.	MEDIUM
FMA69266	left inferior suprarenal artery	arteria suprarenalis inferior	inferior suprarenal artery	PROBABLE	Левый нижняя надпочечниковая артерия	APPLY	Левая нижняя надпочечниковая артерия	Candidate from QA (laterality; lost_information); requires final Russian terminology review before application.	MEDIUM
FMA69418	trunk of branch of popliteal artery			NO_MATCH	Туловище ветвь подколенная артерия	KEEP	Туловище ветвь подколенная артерия	No deterministic QA defect detected; normative Russian source not independently confirmed.	MEDIUM
FMA69458	subdivision of external iliac artery			NO_MATCH	Подразделение наружная подвздошная артерия	KEEP	Подразделение наружная подвздошная артерия	No deterministic QA defect detected; normative Russian source not independently confirmed.	MEDIUM
FMA69459	subdivision of deep femoral artery			NO_MATCH	Подразделение глубокая бедренная артерия	KEEP	Подразделение глубокая бедренная артерия	No deterministic QA defect detected; normative Russian source not independently confirmed.	MEDIUM
FMA69476	subdivision of anterior tibial artery			NO_MATCH	Подразделение передняя большеберцовая артерия	KEEP	Подразделение передняя большеберцовая артерия	No deterministic QA defect detected; normative Russian source not independently confirmed.	MEDIUM
FMA69490	right lateral tarsal artery	arteria tarsea lateralis	lateral tarsal artery	PROBABLE	Правый латеральная предплюсневая кость артерия	APPLY	Правая латеральная предплюсневая кость артерия	Candidate from QA (laterality; lost_information); requires final Russian terminology review before application.	MEDIUM
FMA69491	left lateral tarsal artery	arteria tarsea lateralis	lateral tarsal artery	PROBABLE	Левый латеральная предплюсневая кость артерия	APPLY	Левая латеральная предплюсневая кость артерия	Candidate from QA (laterality; lost_information); requires final Russian terminology review before application.	MEDIUM
FMA69494	right arcuate artery	arteria arcuata	arcuate artery	PROBABLE	Правый аркуатэ артерия	APPLY	Правая аркуатэ артерия	Candidate from QA (laterality; lost_information); requires final Russian terminology review before application.	MEDIUM
FMA69495	left arcuate artery	arteria arcuata	arcuate artery	PROBABLE	Левый аркуатэ артерия	APPLY	Левая аркуатэ артерия	Candidate from QA (laterality; lost_information); requires final Russian terminology review before application.	MEDIUM
FMA69513	deep plantar artery	arteria plantaris profunda	deep plantar artery	EXACT	Глубокая подошвенная артерия	KEEP	Глубокая подошвенная артерия	No deterministic QA defect detected; normative Russian source not independently confirmed.	MEDIUM
FMA69514	right deep plantar artery	arteria plantaris profunda	deep plantar artery	PROBABLE	Правый глубокая подошвенная артерия	APPLY	Правая глубокая подошвенная артерия	Candidate from QA (laterality; lost_information); requires final Russian terminology review before application.	MEDIUM
FMA69515	left deep plantar artery	arteria plantaris profunda	deep plantar artery	PROBABLE	Левый глубокая подошвенная артерия	APPLY	Левая глубокая подошвенная артерия	Candidate from QA (laterality; lost_information); requires final Russian terminology review before application.	MEDIUM
FMA69517	distal perforating artery			NO_MATCH	Дистальная прободная артерия	KEEP	Дистальная прободная артерия	No deterministic QA defect detected; normative Russian source not independently confirmed.	MEDIUM
FMA69559	zone of trunk of lateral plantar artery			NO_MATCH	Зона туловище латеральная подошвенная артерия	REVIEW		Needs external Russian anatomical terminology verification.	LOW
FMA69713	digital artery of foot			NO_MATCH	пальцевая артерия стопа	KEEP	пальцевая артерия стопа	No deterministic QA defect detected; normative Russian source not independently confirmed.	MEDIUM
FMA69784	branch of posterior tibial artery			NO_MATCH	Ветвь задней большеберцовой артерии	REVIEW		Needs external Russian anatomical terminology verification.	LOW
FMA69796	subdivision of internal iliac artery			NO_MATCH	Подразделение внутренняя подвздошная артерия	KEEP	Подразделение внутренняя подвздошная артерия	No deterministic QA defect detected; normative Russian source not independently confirmed.	MEDIUM
FMA69803	subdivision of anterior division of internal iliac artery			NO_MATCH	Подразделение передней ветви внутренней подвздошной артерии	REVIEW		Needs external Russian anatomical terminology verification.	LOW
FMA69805	subdivision of internal pudendal artery			NO_MATCH	Подразделение внутренняя пудендальная артерия	KEEP	Подразделение внутренняя пудендальная артерия	No deterministic QA defect detected; normative Russian source not independently confirmed.	MEDIUM
FMA70247	subdivision of external iliac artery proper			NO_MATCH	Подразделение наружная подвздошная артерия собственно	REVIEW		Needs external Russian anatomical terminology verification.	LOW
FMA70248	femoral artery	arteria femoralis	femoral artery	EXACT	Бедренная артерия	KEEP	Бедренная артерия	No deterministic QA defect detected; normative Russian source not independently confirmed.	MEDIUM
FMA70249	right femoral artery	arteria femoralis	femoral artery	PROBABLE	Правый бедренная артерия	APPLY	Правая бедренная артерия	Candidate from QA (laterality; lost_information); requires final Russian terminology review before application.	MEDIUM
FMA70250	left femoral artery	arteria femoralis	femoral artery	PROBABLE	Левый бедренная артерия	APPLY	Левая бедренная артерия	Candidate from QA (laterality; lost_information); requires final Russian terminology review before application.	MEDIUM
FMA70251	subdivision of femoral artery			NO_MATCH	Подразделение бедренная артерия	KEEP	Подразделение бедренная артерия	No deterministic QA defect detected; normative Russian source not independently confirmed.	MEDIUM
FMA70345	subdivision of subclavian artery			NO_MATCH	Подразделение подключичная артерия	KEEP	Подразделение подключичная артерия	No deterministic QA defect detected; normative Russian source not independently confirmed.	MEDIUM
FMA70353	subdivision of thyrocervical artery			NO_MATCH	Подразделение щитовидно-шейный артерия	KEEP	Подразделение щитовидно-шейный артерия	No deterministic QA defect detected; normative Russian source not independently confirmed.	MEDIUM
FMA70358	subdivision of internal thoracic artery			NO_MATCH	Подразделение внутренняя грудная артерия	KEEP	Подразделение внутренняя грудная артерия	No deterministic QA defect detected; normative Russian source not independently confirmed.	MEDIUM
FMA70399	subdivision of costocervical artery			NO_MATCH	Подразделение рёберно-шейный артерия	KEEP	Подразделение рёберно-шейный артерия	No deterministic QA defect detected; normative Russian source not independently confirmed.	MEDIUM
FMA70408	subdivision of thoraco-acromial artery			NO_MATCH	Подразделение грудоакромиальной артерии	KEEP	Подразделение грудоакромиальной артерии	No deterministic QA defect detected; normative Russian source not independently confirmed.	MEDIUM
FMA70422	subdivision of subscapular artery			NO_MATCH	Подразделение субскапулар артерия	KEEP	Подразделение субскапулар артерия	No deterministic QA defect detected; normative Russian source not independently confirmed.	MEDIUM
FMA70429	subdivision of celiac artery			NO_MATCH	Подразделение чревная артерия	KEEP	Подразделение чревная артерия	No deterministic QA defect detected; normative Russian source not independently confirmed.	MEDIUM
FMA70433	subdivision of common hepatic artery			NO_MATCH	Подразделение общая печёночная артерия	KEEP	Подразделение общая печёночная артерия	No deterministic QA defect detected; normative Russian source not independently confirmed.	MEDIUM
FMA70436	subdivision of gastroduodenal artery			NO_MATCH	Подразделение гастродуодэнал артерия	KEEP	Подразделение гастродуодэнал артерия	No deterministic QA defect detected; normative Russian source not independently confirmed.	MEDIUM
FMA70437	superior pancreaticoduodenal artery			NO_MATCH	Верхняя поджелудочно-двенадцатиперстная артерия	KEEP	Верхняя поджелудочно-двенадцатиперстная артерия	No deterministic QA defect detected; normative Russian source not independently confirmed.	MEDIUM
FMA70439	subdivision of right hepatic artery			NO_MATCH	Подразделение правый печёночная артерия	APPLY	Подразделение Правая печёночная артерия	Candidate from QA (laterality); requires final Russian terminology review before application.	MEDIUM
FMA70440	subdivision of left hepatic artery			NO_MATCH	Подразделение левый печёночная артерия	APPLY	Подразделение Левая печёночная артерия	Candidate from QA (laterality); requires final Russian terminology review before application.	MEDIUM
FMA70442	anterior superior segmental hepatic artery			NO_MATCH	Передняя верхняя сегментарная печёночная артерия	REVIEW		Needs external Russian anatomical terminology verification.	LOW
FMA70443	anterior inferior segmental hepatic artery			NO_MATCH	Передняя нижняя сегментарная печёночная артерия	REVIEW		Needs external Russian anatomical terminology verification.	LOW
FMA70445	posterior superior segmental hepatic artery			NO_MATCH	Задняя верхняя сегментарный печёночная артерия	REVIEW		Needs external Russian anatomical terminology verification.	LOW
FMA70446	posterior inferior segmental hepatic artery			NO_MATCH	Задняя нижняя сегментарный печёночная артерия	REVIEW		Needs external Russian anatomical terminology verification.	LOW
FMA70447	caudate lobe branch of right hepatic artery			NO_MATCH	Хвостатая доля ветвь правый печёночная артерия	APPLY	Хвостатая доля ветвь Правая печёночная артерия	Candidate from QA (laterality); requires final Russian terminology review before application.	MEDIUM
FMA70449	medial superior segmental hepatic artery			NO_MATCH	Медиальная верхняя сегментарный печёночная артерия	REVIEW		Needs external Russian anatomical terminology verification.	LOW
FMA70450	medial inferior segmental hepatic artery			NO_MATCH	Медиальная нижняя сегментарный печёночная артерия	REVIEW		Needs external Russian anatomical terminology verification.	LOW
FMA70452	lateral superior segmental hepatic artery			NO_MATCH	Латеральная верхняя сегментарный печёночная артерия	REVIEW		Needs external Russian anatomical terminology verification.	LOW
FMA70453	lateral inferior segmental hepatic artery			NO_MATCH	Латеральная нижняя сегментарный печёночная артерия	REVIEW		Needs external Russian anatomical terminology verification.	LOW
FMA70455	caudate lobe branch of left hepatic artery			NO_MATCH	Хвостатая доля ветвь левый печёночная артерия	APPLY	Хвостатая доля ветвь Левая печёночная артерия	Candidate from QA (laterality); requires final Russian terminology review before application.	MEDIUM
FMA70456	trunk of right hepatic artery			NO_MATCH	Туловище правый печёночная артерия	APPLY	Туловище Правое печёночная артерия	Candidate from QA (laterality); requires final Russian terminology review before application.	MEDIUM
FMA70457	trunk of left hepatic artery			NO_MATCH	Туловище левый печёночная артерия	APPLY	Туловище Левое печёночная артерия	Candidate from QA (laterality); requires final Russian terminology review before application.	MEDIUM
FMA70470	subdivision of splenic artery			NO_MATCH	Подразделение селезёночная артерия	KEEP	Подразделение селезёночная артерия	No deterministic QA defect detected; normative Russian source not independently confirmed.	MEDIUM
FMA70471	pancreatic artery			NO_MATCH	Поджелудочная артерия	KEEP	Поджелудочная артерия	No deterministic QA defect detected; normative Russian source not independently confirmed.	MEDIUM
FMA70478	subdivision of superior mesenteric artery			NO_MATCH	Подразделение верхняя брыжеечная артерия	KEEP	Подразделение верхняя брыжеечная артерия	No deterministic QA defect detected; normative Russian source not independently confirmed.	MEDIUM
FMA70479	anterior inferior pancreaticoduodenal artery	arteria pancreaticoduodenalis inferior anterior	anterior inferior pancreaticoduodenal artery	EXACT	Передняя нижняя панкреатодуоденальная артерия	KEEP	Передняя нижняя панкреатодуоденальная артерия	No deterministic QA defect detected; normative Russian source not independently confirmed.	MEDIUM
FMA70480	posterior inferior pancreaticoduodenal artery	arteria pancreaticoduodenalis inferior posterior	posterior inferior pancreaticoduodenal artery	EXACT	Задняя нижняя поджелудочно-двенадцатиперстная артерия	KEEP	Задняя нижняя поджелудочно-двенадцатиперстная артерия	No deterministic QA defect detected; normative Russian source not independently confirmed.	MEDIUM
FMA70481	subdivision of inferior pancreaticoduodenal artery			NO_MATCH	Подразделение нижняя поджелудочно-двенадцатиперстная артерия	KEEP	Подразделение нижняя поджелудочно-двенадцатиперстная артерия	No deterministic QA defect detected; normative Russian source not independently confirmed.	MEDIUM
FMA70483	subdivision of inferior mesenteric artery			NO_MATCH	Подразделение нижняя брыжеечная артерия	KEEP	Подразделение нижняя брыжеечная артерия	No deterministic QA defect detected; normative Russian source not independently confirmed.	MEDIUM
FMA70484	segment of renal artery			NO_MATCH	Сегмент почечная артерия	REVIEW		Needs external Russian anatomical terminology verification.	LOW
FMA70485	anterior division of renal artery			NO_MATCH	Передняя ветвь почечной артерии	KEEP	Передняя ветвь почечной артерии	No deterministic QA defect detected; normative Russian source not independently confirmed.	MEDIUM
FMA70486	anterior division of right renal artery			NO_MATCH	Передняя ветвь правой почечной артерии	REVIEW		Needs external Russian anatomical terminology verification.	LOW
FMA70487	anterior division of left renal artery			NO_MATCH	Передняя ветвь левой почечной артерии	REVIEW		Needs external Russian anatomical terminology verification.	LOW
FMA70488	posterior division of renal artery			NO_MATCH	Задняя дивисион почечная артерия	KEEP	Задняя дивисион почечная артерия	No deterministic QA defect detected; normative Russian source not independently confirmed.	MEDIUM
FMA70489	posterior division of right renal artery			NO_MATCH	Задняя дивисион правый почечная артерия	REVIEW		Needs external Russian anatomical terminology verification.	LOW
FMA70490	posterior division of left renal artery			NO_MATCH	Задняя дивисион левый почечная артерия	REVIEW		Needs external Russian anatomical terminology verification.	LOW
FMA70491	ureteric segment of renal artery			NO_MATCH	Урэтэрик сегмент почечная артерия	KEEP	Урэтэрик сегмент почечная артерия	No deterministic QA defect detected; normative Russian source not independently confirmed.	MEDIUM
FMA70492	ureteric segment of right renal artery			NO_MATCH	Урэтэрик сегмент правый почечная артерия	REVIEW		Needs external Russian anatomical terminology verification.	LOW
FMA70493	ureteric segment of left renal artery			NO_MATCH	Урэтэрик сегмент левый почечная артерия	REVIEW		Needs external Russian anatomical terminology verification.	LOW
FMA70494	segmental renal artery			NO_MATCH	Сегментарный почечная артерия	REVIEW		Needs external Russian anatomical terminology verification.	LOW
FMA70499	superior segmental renal artery			NO_MATCH	Верхняя сегментарный почечная артерия	KEEP	Верхняя сегментарный почечная артерия	No deterministic QA defect detected; normative Russian source not independently confirmed.	MEDIUM
FMA70502	inferior segmental renal artery			NO_MATCH	Нижняя сегментарный почечная артерия	KEEP	Нижняя сегментарный почечная артерия	No deterministic QA defect detected; normative Russian source not independently confirmed.	MEDIUM
FMA70503	posterior segmental renal artery			NO_MATCH	Задняя сегментарный почечная артерия	KEEP	Задняя сегментарный почечная артерия	No deterministic QA defect detected; normative Russian source not independently confirmed.	MEDIUM
FMA70504	subdivision of common carotid artery			NO_MATCH	Подразделение общая сонная артерия	KEEP	Подразделение общая сонная артерия	No deterministic QA defect detected; normative Russian source not independently confirmed.	MEDIUM
FMA70506	subdivision of internal carotid artery			NO_MATCH	Подразделение внутренняя сонная артерия	KEEP	Подразделение внутренняя сонная артерия	No deterministic QA defect detected; normative Russian source not independently confirmed.	MEDIUM
FMA70523	subdivision of cerebral part of internal carotid artery			NO_MATCH	Подразделение мозговая часть внутренняя сонная артерия	REVIEW		Needs external Russian anatomical terminology verification.	LOW
FMA70593	subdivision of epidermis			NO_MATCH	Подразделение эпидэрмис	KEEP	Подразделение эпидэрмис	No deterministic QA defect detected; normative Russian source not independently confirmed.	MEDIUM
FMA70676	subdivision of superior temporal gyrus			NO_MATCH	Подразделение верхняя височная извилина	KEEP	Подразделение верхняя височная извилина	No deterministic QA defect detected; normative Russian source not independently confirmed.	MEDIUM
FMA70701	anterior part of superior temporal gyrus			NO_MATCH	Передняя часть верхней височной извилины	REVIEW		Needs external Russian anatomical terminology verification.	LOW
FMA70703	posterior part of superior temporal gyrus			NO_MATCH	Задняя часть верхняя височная извилина	REVIEW		Needs external Russian anatomical terminology verification.	LOW
FMA70741	set of facial hairs			NO_MATCH	Совокупность лицевая хаирс	KEEP	Совокупность лицевая хаирс	No deterministic QA defect detected; normative Russian source not independently confirmed.	MEDIUM
FMA70752	set of hairs			NO_MATCH	Совокупность хаирс	KEEP	Совокупность хаирс	No deterministic QA defect detected; normative Russian source not independently confirmed.	MEDIUM
FMA70779	set of organs			NO_MATCH	Совокупность органы	KEEP	Совокупность органы	No deterministic QA defect detected; normative Russian source not independently confirmed.	MEDIUM
FMA70800	set of dorsal metacarpal arteries			NO_MATCH	Совокупность тыльная пястная кость артерии	REVIEW		Needs external Russian anatomical terminology verification.	LOW
FMA70801	set of dorsal digital arteries			NO_MATCH	Совокупность тыльная пальцевая артерии	KEEP	Совокупность тыльная пальцевая артерии	No deterministic QA defect detected; normative Russian source not independently confirmed.	MEDIUM
FMA70815	set of perforating arteries			NO_MATCH	Совокупность прободная артерии	KEEP	Совокупность прободная артерии	No deterministic QA defect detected; normative Russian source not independently confirmed.	MEDIUM
FMA70821	set of common plantar digital arteries			NO_MATCH	Совокупность общая подошвенная пальцевая артерии	REVIEW		Needs external Russian anatomical terminology verification.	LOW
FMA70839	set of anterior intercostal veins			NO_MATCH	Совокупность передняя межрёберная вены	KEEP	Совокупность передняя межрёберная вены	No deterministic QA defect detected; normative Russian source not independently confirmed.	MEDIUM
FMA70917	set of dorsal digital veins			NO_MATCH	Совокупность тыльная пальцевая вены	KEEP	Совокупность тыльная пальцевая вены	No deterministic QA defect detected; normative Russian source not independently confirmed.	MEDIUM
FMA70919	set of plantar digital veins			NO_MATCH	Совокупность подошвенная пальцевая вены	KEEP	Совокупность подошвенная пальцевая вены	No deterministic QA defect detected; normative Russian source not independently confirmed.	MEDIUM
FMA70922	set of perforating veins			NO_MATCH	Совокупность прободная вены	KEEP	Совокупность прободная вены	No deterministic QA defect detected; normative Russian source not independently confirmed.	MEDIUM
FMA71012	skin appendage			NO_MATCH	Кожа аппэндагэ	KEEP	Кожа аппэндагэ	No deterministic QA defect detected; normative Russian source not independently confirmed.	MEDIUM
FMA71114	brachium of inferior colliculus	brachium colliculi inferioris	brachium of inferior colliculus	EXACT	Ручка нижнего холмика	KEEP	Ручка нижнего холмика	No deterministic QA defect detected; normative Russian source not independently confirmed.	MEDIUM
FMA71193	lobe of thymus	lobus thymi	lobe of thymus	EXACT	Доля тимуса	KEEP	Доля тимуса	No deterministic QA defect detected; normative Russian source not independently confirmed.	MEDIUM
FMA71194	right lobe of thymus	lobus thymi	lobe of thymus	PROBABLE	Правая доля тимуса	REVIEW		Needs external Russian anatomical terminology verification.	LOW
FMA71195	left lobe of thymus	lobus thymi	lobe of thymus	PROBABLE	Левая доля тимуса	REVIEW		Needs external Russian anatomical terminology verification.	LOW
FMA71209	tributary of axillary vein			NO_MATCH	Приток подмышечная вена	REVIEW		Needs external Russian anatomical terminology verification.	LOW
FMA71210	lateral thoracic vein	vena thoracica lateralis	lateral thoracic vein	EXACT	Латеральная грудная вена	KEEP	Латеральная грудная вена	No deterministic QA defect detected; normative Russian source not independently confirmed.	MEDIUM
FMA71211	right lateral thoracic vein	vena thoracica lateralis	lateral thoracic vein	PROBABLE	Правый латеральная грудная вена	APPLY	Правая латеральная грудная вена	Candidate from QA (laterality; lost_information); requires final Russian terminology review before application.	MEDIUM
FMA71212	left lateral thoracic vein	vena thoracica lateralis	lateral thoracic vein	PROBABLE	Левый латеральная грудная вена	APPLY	Левая латеральная грудная вена	Candidate from QA (laterality; lost_information); requires final Russian terminology review before application.	MEDIUM
FMA71213	thoracodorsal vein	vena thoracodorsalis	thoracodorsal vein	EXACT	Торакодорсал вена	KEEP	Торакодорсал вена	No deterministic QA defect detected; normative Russian source not independently confirmed.	MEDIUM
FMA71214	right thoracodorsal vein	vena thoracodorsalis	thoracodorsal vein	PROBABLE	Правый торакодорсал вена	APPLY	Правая торакодорсал вена	Candidate from QA (laterality; lost_information); requires final Russian terminology review before application.	MEDIUM
FMA71215	left thoracodorsal vein	vena thoracodorsalis	thoracodorsal vein	PROBABLE	Левый торакодорсал вена	APPLY	Левая торакодорсал вена	Candidate from QA (laterality; lost_information); requires final Russian terminology review before application.	MEDIUM
FMA71235	region of dura mater			NO_MATCH	Область дура матэр	KEEP	Область дура матэр	No deterministic QA defect detected; normative Russian source not independently confirmed.	MEDIUM
FMA71307	set of interspinales lumborum			NO_MATCH	Совокупность интэрспиналэс лумборум	KEEP	Совокупность интэрспиналэс лумборум	No deterministic QA defect detected; normative Russian source not independently confirmed.	MEDIUM
FMA71309	set of interspinales cervicis			NO_MATCH	Совокупность межостистых мышц шеи	KEEP	Совокупность межостистых мышц шеи	No deterministic QA defect detected; normative Russian source not independently confirmed.	MEDIUM
FMA71313	set of levatores costarum longi			NO_MATCH	Совокупность лэваторэс костарум лонги	KEEP	Совокупность лэваторэс костарум лонги	No deterministic QA defect detected; normative Russian source not independently confirmed.	MEDIUM
FMA71314	set of levatores costarum breves			NO_MATCH	Совокупность лэваторэс костарум брэвэс	KEEP	Совокупность лэваторэс костарум брэвэс	No deterministic QA defect detected; normative Russian source not independently confirmed.	MEDIUM
FMA71318	set of lumbricals of hand			NO_MATCH	Совокупность червеобразных мышц кисти	KEEP	Совокупность червеобразных мышц кисти	No deterministic QA defect detected; normative Russian source not independently confirmed.	MEDIUM
FMA71319	set of dorsal interossei of hand			NO_MATCH	Совокупность тыльных межкостных мышц кисти	REVIEW		Needs external Russian anatomical terminology verification.	LOW
FMA71320	set of palmar interossei of hand			NO_MATCH	Совокупность ладонных межкостных мышц кисти	REVIEW		Needs external Russian anatomical terminology verification.	LOW
FMA71442	set of anterior cervical intertransversarii			NO_MATCH	Совокупность передняя шейная интэртрансвэрсарии	KEEP	Совокупность передняя шейная интэртрансвэрсарии	No deterministic QA defect detected; normative Russian source not independently confirmed.	MEDIUM
FMA71443	set of posterior cervical intertransversarii			NO_MATCH	Совокупность задняя шейная интэртрансвэрсарии	KEEP	Совокупность задняя шейная интэртрансвэрсарии	No deterministic QA defect detected; normative Russian source not independently confirmed.	MEDIUM
FMA71502	set of posterior temporal branches of lateral occipital artery			NO_MATCH	Совокупность задняя височная ветви латеральная затылочная артерия	REVIEW		Needs external Russian anatomical terminology verification.	LOW
FMA71537	set of oesophageal branches of thoracic aorta			NO_MATCH	Совокупность пищеводная ветви грудная аорта	REVIEW		Needs external Russian anatomical terminology verification.	LOW
FMA71562	set of calcaneal branches of posterior tibial artery			NO_MATCH	Совокупность пяточное ветви задняя большеберцовая артерия	REVIEW		Needs external Russian anatomical terminology verification.	LOW
FMA71564	set of plantar digital arteries proper			NO_MATCH	Совокупность подошвенная пальцевая артерии собственно	REVIEW		Needs external Russian anatomical terminology verification.	LOW
FMA71708	right lobe branch of right hepatic artery			NO_MATCH	Правый доля ветвь правый печёночная артерия	APPLY	Правая доля ветвь Правая печёночная артерия	Candidate from QA (laterality); requires final Russian terminology review before application.	MEDIUM
FMA71709	subdivision of right lobe branch of right hepatic artery			NO_MATCH	Подразделение правый доля ветвь правый печёночная артерия	APPLY	Подразделение Правая доля ветвь Правая печёночная артерия	Candidate from QA (laterality); requires final Russian terminology review before application.	MEDIUM
FMA71710	left lobe branch of left hepatic artery			NO_MATCH	Левый доля ветвь левый печёночная артерия	APPLY	Левая доля ветвь Левая печёночная артерия	Candidate from QA (laterality); requires final Russian terminology review before application.	MEDIUM
FMA71736	subdivision of left lobe branch of left hepatic artery			NO_MATCH	Подразделение левый доля ветвь левый печёночная артерия	APPLY	Подразделение Левая доля ветвь Левая печёночная артерия	Candidate from QA (laterality); requires final Russian terminology review before application.	MEDIUM
FMA71856	segment of biliary tree			NO_MATCH	Сегмент желчная дерево	REVIEW		Needs external Russian anatomical terminology verification.	LOW
FMA71859	segment of right hepatic biliary tree			NO_MATCH	Сегмент правый печёночная желчная дерево	REVIEW		Needs external Russian anatomical terminology verification.	LOW
FMA71860	segment of left hepatic biliary tree			NO_MATCH	Сегмент левый печёночная желчная дерево	REVIEW		Needs external Russian anatomical terminology verification.	LOW
FMA71865	segmental tributary of right hepatic biliary tree			NO_MATCH	Сегментарный приток правый печёночная желчная дерево	REVIEW		Needs external Russian anatomical terminology verification.	LOW
FMA71866	segmental tributary of left hepatic biliary tree			NO_MATCH	Сегментарный приток левый печёночная желчная дерево	REVIEW		Needs external Russian anatomical terminology verification.	LOW
FMA71867	anterior superior tributary of right hepatic biliary tree			NO_MATCH	Передний верхний приток правого печёночного желчного дерева	REVIEW		Needs external Russian anatomical terminology verification.	LOW
FMA71868	anterior inferior tributary of right hepatic biliary tree			NO_MATCH	Передний нижний приток правого печёночного желчного дерева	REVIEW		Needs external Russian anatomical terminology verification.	LOW
FMA71869	posterior superior tributary of right hepatic biliary tree			NO_MATCH	Задняя верхняя приток правый печёночная желчная дерево	REVIEW		Needs external Russian anatomical terminology verification.	LOW
FMA71870	posterior inferior tributary of right hepatic biliary tree			NO_MATCH	Задняя нижняя приток правый печёночная желчная дерево	REVIEW		Needs external Russian anatomical terminology verification.	LOW
FMA71885	medial superior tributary of left hepatic biliary tree			NO_MATCH	Медиальная верхняя приток левый печёночная желчная дерево	REVIEW		Needs external Russian anatomical terminology verification.	LOW
FMA71886	medial inferior tributary of left hepatic biliary tree			NO_MATCH	Медиальная нижняя приток левый печёночная желчная дерево	REVIEW		Needs external Russian anatomical terminology verification.	LOW
FMA71887	lateral superior tributary of left hepatic biliary tree			NO_MATCH	Латеральная верхняя приток левый печёночная желчная дерево	REVIEW		Needs external Russian anatomical terminology verification.	LOW
FMA71888	lateral inferior tributary of left hepatic biliary tree			NO_MATCH	Латеральная нижняя приток левый печёночная желчная дерево	REVIEW		Needs external Russian anatomical terminology verification.	LOW
FMA71889	caudate lobe tributary of left hepatic biliary tree			NO_MATCH	Хвостатая доля приток левый печёночная желчная дерево	REVIEW		Needs external Russian anatomical terminology verification.	LOW
FMA71903	subdivision of hepatic portal vein			NO_MATCH	Подразделение печёночная воротная вена	KEEP	Подразделение печёночная воротная вена	No deterministic QA defect detected; normative Russian source not independently confirmed.	MEDIUM
FMA71904	pre-hepatic portal vein			NO_MATCH	Прэ-хэпатик воротная вена	KEEP	Прэ-хэпатик воротная вена	No deterministic QA defect detected; normative Russian source not independently confirmed.	MEDIUM
FMA71905	subdivision of right hepatic portal vein			NO_MATCH	Подразделение правый печёночная воротная вена	APPLY	Подразделение Правая печёночная воротная вена	Candidate from QA (laterality); requires final Russian terminology review before application.	MEDIUM
FMA71906	subdivision of left hepatic portal vein			NO_MATCH	Подразделение левый печёночная воротная вена	APPLY	Подразделение Левая печёночная воротная вена	Candidate from QA (laterality); requires final Russian terminology review before application.	MEDIUM
FMA71907	trunk of branch of hepatic portal vein			NO_MATCH	Туловище ветвь печёночная воротная вена	REVIEW		Needs external Russian anatomical terminology verification.	LOW
FMA71908	proximal phalanx of left middle finger			NO_MATCH	Проксимальная фаланга левый средняя палец	APPLY	Проксимальная фаланга левого среднего пальца	FMA/TA2 structure family with unambiguous Russian grammatical normalization.	HIGH
FMA71915	proximal phalanx of left index finger			NO_MATCH	Проксимальная фаланга левый указательного палец	APPLY	Проксимальная фаланга левого указательного пальца	FMA/TA2 structure family with unambiguous Russian grammatical normalization.	HIGH
FMA71916	proximal phalanx of left ring finger			NO_MATCH	Проксимальная фаланга левый кольцо палец	APPLY	Проксимальная фаланга левого безымянного пальца	FMA/TA2 structure family with unambiguous Russian grammatical normalization.	HIGH
FMA72058	intrinsic ligament of larynx			NO_MATCH	Внутренняя связка гортани	KEEP	Внутренняя связка гортани	No deterministic QA defect detected; normative Russian source not independently confirmed.	MEDIUM
FMA72308	stylohyoid ligament	ligamentum stylohyoideum	stylohyoid ligament	EXACT	Шилоподъязычная связка	KEEP	Шилоподъязычная связка	No deterministic QA defect detected; normative Russian source not independently confirmed.	MEDIUM
FMA72309	right stylohyoid ligament	ligamentum stylohyoideum	stylohyoid ligament	PROBABLE	Правый шилоподъязычная связка	REVIEW		Needs external Russian anatomical terminology verification.	LOW
FMA72311	left stylohyoid ligament	ligamentum stylohyoideum	stylohyoid ligament	PROBABLE	Левый шилоподъязычная связка	REVIEW		Needs external Russian anatomical terminology verification.	LOW
FMA72417	brachium of superior colliculus	brachium colliculi superioris	brachium of superior colliculus	EXACT	Ручка верхнего холмика	KEEP	Ручка верхнего холмика	No deterministic QA defect detected; normative Russian source not independently confirmed.	MEDIUM
FMA72653	right superior frontal gyrus	gyrus frontalis superior	superior frontal gyrus	PROBABLE	Правый верхняя лобная извилина	REVIEW		Needs external Russian anatomical terminology verification.	LOW
FMA72654	left superior frontal gyrus	gyrus frontalis superior	superior frontal gyrus	PROBABLE	Левый верхняя лобная извилина	REVIEW		Needs external Russian anatomical terminology verification.	LOW
FMA72655	right middle frontal gyrus	gyrus frontalis medius	middle frontal gyrus	PROBABLE	Правый средняя лобная извилина	REVIEW		Needs external Russian anatomical terminology verification.	LOW
FMA72656	left middle frontal gyrus	gyrus frontalis medius	middle frontal gyrus	PROBABLE	Левый средняя лобная извилина	REVIEW		Needs external Russian anatomical terminology verification.	LOW
FMA72657	right inferior frontal gyrus	gyrus frontalis inferior	inferior frontal gyrus	PROBABLE	Правый нижняя лобная извилина	REVIEW		Needs external Russian anatomical terminology verification.	LOW
FMA72658	left inferior frontal gyrus	gyrus frontalis inferior	inferior frontal gyrus	PROBABLE	Левый нижняя лобная извилина	REVIEW		Needs external Russian anatomical terminology verification.	LOW
FMA72661	right precentral gyrus	gyrus precentralis	precentral gyrus	PROBABLE	Правый прэкэнтрал извилина	REVIEW		Needs external Russian anatomical terminology verification.	LOW
FMA72662	left precentral gyrus	gyrus precentralis	precentral gyrus	PROBABLE	Левый прэкэнтрал извилина	REVIEW		Needs external Russian anatomical terminology verification.	LOW
FMA72665	right postcentral gyrus	gyrus postcentralis	postcentral gyrus	PROBABLE	Правый посткэнтрал извилина	REVIEW		Needs external Russian anatomical terminology verification.	LOW
FMA72666	left postcentral gyrus	gyrus postcentralis	postcentral gyrus	PROBABLE	Левый посткэнтрал извилина	REVIEW		Needs external Russian anatomical terminology verification.	LOW
FMA72667	right supramarginal gyrus	gyrus supramarginalis	supramarginal gyrus	PROBABLE	Правый супрамаргинал извилина	REVIEW		Needs external Russian anatomical terminology verification.	LOW
FMA72668	left supramarginal gyrus	gyrus supramarginalis	supramarginal gyrus	PROBABLE	Левый супрамаргинал извилина	REVIEW		Needs external Russian anatomical terminology verification.	LOW
FMA72669	right angular gyrus	gyrus angularis	angular gyrus	PROBABLE	Правый ангулар извилина	REVIEW		Needs external Russian anatomical terminology verification.	LOW
FMA72670	left angular gyrus	gyrus angularis	angular gyrus	PROBABLE	Левый ангулар извилина	REVIEW		Needs external Russian anatomical terminology verification.	LOW
FMA72671	right superior parietal lobule	lobulus parietalis superior	superior parietal lobule	PROBABLE	Правый верхняя теменная лобулэ	REVIEW		Needs external Russian anatomical terminology verification.	LOW
FMA72672	left superior parietal lobule	lobulus parietalis superior	superior parietal lobule	PROBABLE	Левый верхняя теменная лобулэ	REVIEW		Needs external Russian anatomical terminology verification.	LOW
FMA72685	right middle temporal gyrus	gyrus temporalis medius	middle temporal gyrus	PROBABLE	Правый средняя височная извилина	REVIEW		Needs external Russian anatomical terminology verification.	LOW
FMA72686	left middle temporal gyrus	gyrus temporalis medius	middle temporal gyrus	PROBABLE	Левый средняя височная извилина	REVIEW		Needs external Russian anatomical terminology verification.	LOW
FMA72687	right inferior temporal gyrus	gyrus temporalis inferior	inferior temporal gyrus	PROBABLE	Правый нижняя височная извилина	REVIEW		Needs external Russian anatomical terminology verification.	LOW
FMA72688	left inferior temporal gyrus	gyrus temporalis inferior	inferior temporal gyrus	PROBABLE	Левый нижняя височная извилина	REVIEW		Needs external Russian anatomical terminology verification.	LOW
FMA72689	right fusiform gyrus			NO_MATCH	Правый фусиформ извилина	REVIEW		Needs external Russian anatomical terminology verification.	LOW
FMA72690	left fusiform gyrus			NO_MATCH	Левый фусиформ извилина	REVIEW		Needs external Russian anatomical terminology verification.	LOW
FMA72705	right parahippocampal gyrus	gyrus parahippocampalis	parahippocampal gyrus	PROBABLE	Правый парахиппокампал извилина	REVIEW		Needs external Russian anatomical terminology verification.	LOW
FMA72706	left parahippocampal gyrus	gyrus parahippocampalis	parahippocampal gyrus	PROBABLE	Левый парахиппокампал извилина	REVIEW		Needs external Russian anatomical terminology verification.	LOW
FMA72713	right hippocampus	hippocampus	hippocampus	PROBABLE	Правый гиппокамп	REVIEW		Needs external Russian anatomical terminology verification.	LOW
FMA72714	left hippocampus	hippocampus	hippocampus	PROBABLE	Левый гиппокамп	REVIEW		Needs external Russian anatomical terminology verification.	LOW
FMA72717	right cingulate gyrus	gyrus cinguli	cingulate gyrus	PROBABLE	Правый кингулатэ извилина	REVIEW		Needs external Russian anatomical terminology verification.	LOW
FMA72718	left cingulate gyrus	gyrus cinguli	cingulate gyrus	PROBABLE	Левый кингулатэ извилина	REVIEW		Needs external Russian anatomical terminology verification.	LOW
FMA72800	anterior part of right superior temporal gyrus			NO_MATCH	Передняя часть правой верхней височной извилины	REVIEW		Needs external Russian anatomical terminology verification.	LOW
FMA72801	anterior part of left superior temporal gyrus			NO_MATCH	Передняя часть левой верхней височной извилины	REVIEW		Needs external Russian anatomical terminology verification.	LOW
FMA72804	posterior part of right superior temporal gyrus			NO_MATCH	Задняя часть правый верхняя височная извилина	APPLY	Задняя часть Правая верхняя височная извилина	Candidate from QA (laterality); requires final Russian terminology review before application.	MEDIUM
FMA72805	posterior part of left superior temporal gyrus			NO_MATCH	Задняя часть левый верхняя височная извилина	APPLY	Задняя часть Левая верхняя височная извилина	Candidate from QA (laterality); requires final Russian terminology review before application.	MEDIUM
FMA72826	right caudate nucleus	nucleus caudatus	caudate nucleus	PROBABLE	Правый хвостатая ядро	REVIEW		Needs external Russian anatomical terminology verification.	LOW
FMA72827	left caudate nucleus	nucleus caudatus	caudate nucleus	PROBABLE	Левый хвостатая ядро	REVIEW		Needs external Russian anatomical terminology verification.	LOW
FMA72828	right putamen	putamen	putamen	PROBABLE	Правый путамэн	REVIEW		Needs external Russian anatomical terminology verification.	LOW
FMA72829	left putamen	putamen	putamen	PROBABLE	Левый путамэн	REVIEW		Needs external Russian anatomical terminology verification.	LOW
FMA72830	right globus pallidus	globus pallidus	globus pallidus	PROBABLE	Правый глобус паллидус	REVIEW		Needs external Russian anatomical terminology verification.	LOW
FMA72831	left globus pallidus	globus pallidus	globus pallidus	PROBABLE	Левый глобус паллидус	REVIEW		Needs external Russian anatomical terminology verification.	LOW
FMA72832	right amygdala	corpus amygdaloideum	amygdaloid body	PROBABLE	Правый миндалевидное тело	APPLY	Правое миндалевидное тело	Candidate from QA (laterality; lost_information); requires final Russian terminology review before application.	MEDIUM
FMA72833	left amygdala	corpus amygdaloideum	amygdaloid body	PROBABLE	Левый миндалевидное тело	APPLY	Левое миндалевидное тело	Candidate from QA (laterality); requires final Russian terminology review before application.	MEDIUM
FMA72906	right internal capsule	capsula interna	internal capsule	PROBABLE	Правый внутренняя капсула	REVIEW		Needs external Russian anatomical terminology verification.	LOW
FMA72907	left internal capsule	capsula interna	internal capsule	PROBABLE	Левый внутренняя капсула	REVIEW		Needs external Russian anatomical terminology verification.	LOW
FMA72924	right fornix of forebrain			NO_MATCH	Правый свод передний мозг	REVIEW		Needs external Russian anatomical terminology verification.	LOW
FMA72925	left fornix of forebrain			NO_MATCH	Левый свод передний мозг	REVIEW		Needs external Russian anatomical terminology verification.	LOW
FMA72940	left stria terminalis	stria terminalis	stria terminalis	PROBABLE	Левый стриа тэрминалис	REVIEW		Needs external Russian anatomical terminology verification.	LOW
FMA72975	right occipital lobe	lobus occipitalis	occipital lobe	PROBABLE	Правый затылочная доля	REVIEW		Needs external Russian anatomical terminology verification.	LOW
FMA72976	left occipital lobe	lobus occipitalis	occipital lobe	PROBABLE	Левый затылочная доля	REVIEW		Needs external Russian anatomical terminology verification.	LOW
FMA72977	right insula	insula	insula	PROBABLE	Правый инсула	REVIEW		Needs external Russian anatomical terminology verification.	LOW
FMA72978	left insula	insula	insula	PROBABLE	Левый инсула	REVIEW		Needs external Russian anatomical terminology verification.	LOW
FMA73203	trunk of subdivision of axillary artery			NO_MATCH	Туловище подразделение подмышечная артерия	KEEP	Туловище подразделение подмышечная артерия	No deterministic QA defect detected; normative Russian source not independently confirmed.	MEDIUM
FMA73204	trunk of branch of common iliac artery			NO_MATCH	Туловище ветвь общая подвздошная артерия	REVIEW		Needs external Russian anatomical terminology verification.	LOW
FMA73303	right lateral geniculate body	corpus geniculatum laterale	lateral geniculate body	PROBABLE	Правый латеральная гэникулатэ тело	APPLY	Правое латеральная гэникулатэ тело	Candidate from QA (laterality; lost_information); requires final Russian terminology review before application.	MEDIUM
FMA73304	left lateral geniculate body	corpus geniculatum laterale	lateral geniculate body	PROBABLE	Левый латеральная гэникулатэ тело	APPLY	Левое латеральная гэникулатэ тело	Candidate from QA (laterality; lost_information); requires final Russian terminology review before application.	MEDIUM
FMA73309	right medial geniculate body	corpus geniculatum mediale	medial geniculate body	PROBABLE	Правый медиальная гэникулатэ тело	APPLY	Правое медиальная гэникулатэ тело	Candidate from QA (laterality; lost_information); requires final Russian terminology review before application.	MEDIUM
FMA73310	left medial geniculate body	corpus geniculatum mediale	medial geniculate body	PROBABLE	Левый медиальная гэникулатэ тело	APPLY	Левое медиальная гэникулатэ тело	Candidate from QA (laterality; lost_information); requires final Russian terminology review before application.	MEDIUM
FMA73413	right stria medullaris of thalamus			NO_MATCH	Правый стриа мэдулларис таламус	REVIEW		Needs external Russian anatomical terminology verification.	LOW
FMA73414	left stria medullaris of thalamus			NO_MATCH	Левый стриа мэдулларис таламус	REVIEW		Needs external Russian anatomical terminology verification.	LOW
FMA73422	right superior colliculus	colliculus superior	superior colliculus	PROBABLE	Правый верхняя колликулус	REVIEW		Needs external Russian anatomical terminology verification.	LOW
FMA73423	left superior colliculus	colliculus superior	superior colliculus	PROBABLE	Левый верхняя колликулус	REVIEW		Needs external Russian anatomical terminology verification.	LOW
FMA73434	right inferior colliculus	colliculus inferior	inferior colliculus	PROBABLE	Правый нижняя колликулус	REVIEW		Needs external Russian anatomical terminology verification.	LOW
FMA73435	left inferior colliculus	colliculus inferior	inferior colliculus	PROBABLE	Левый нижняя колликулус	REVIEW		Needs external Russian anatomical terminology verification.	LOW
FMA73461	brachium of right superior colliculus	brachium colliculi superioris	brachium of superior colliculus	PROBABLE	Ручка правого верхнего холмика	KEEP	Ручка правого верхнего холмика	No deterministic QA defect detected; normative Russian source not independently confirmed.	MEDIUM
FMA73462	brachium of left superior colliculus	brachium colliculi superioris	brachium of superior colliculus	PROBABLE	Ручка левого верхнего холмика	KEEP	Ручка левого верхнего холмика	No deterministic QA defect detected; normative Russian source not independently confirmed.	MEDIUM
FMA73463	brachium of right inferior colliculus	brachium colliculi inferioris	brachium of inferior colliculus	PROBABLE	Ручка правого нижнего холмика	KEEP	Ручка правого нижнего холмика	No deterministic QA defect detected; normative Russian source not independently confirmed.	MEDIUM
FMA73464	brachium of left inferior colliculus	brachium colliculi inferioris	brachium of inferior colliculus	PROBABLE	Ручка левого нижнего холмика	KEEP	Ручка левого нижнего холмика	No deterministic QA defect detected; normative Russian source not independently confirmed.	MEDIUM
FMA74075	set of right levatores costarum longi			NO_MATCH	Совокупность правый лэваторэс костарум лонги	REVIEW		Needs external Russian anatomical terminology verification.	LOW
FMA74076	set of left levatores costarum longi			NO_MATCH	Совокупность левый лэваторэс костарум лонги	REVIEW		Needs external Russian anatomical terminology verification.	LOW
FMA74077	set of right levatores costarum breves			NO_MATCH	Совокупность правый лэваторэс костарум брэвэс	REVIEW		Needs external Russian anatomical terminology verification.	LOW
FMA74078	set of left levatores costarum breves			NO_MATCH	Совокупность левый лэваторэс костарум брэвэс	REVIEW		Needs external Russian anatomical terminology verification.	LOW
FMA74779	musculature of chest			NO_MATCH	Мускулатура грудь	KEEP	Мускулатура грудь	No deterministic QA defect detected; normative Russian source not independently confirmed.	MEDIUM
FMA74866	zone of diencephalon			NO_MATCH	Зона диэнкэфалон	KEEP	Зона диэнкэфалон	No deterministic QA defect detected; normative Russian source not independently confirmed.	MEDIUM
FMA74877	mammillary body			NO_MATCH	Маммилларй тело	KEEP	Маммилларй тело	No deterministic QA defect detected; normative Russian source not independently confirmed.	MEDIUM
FMA74912	trunk of anterior interventricular branch of left coronary artery			NO_MATCH	Туловище передняя межжелудочковая ветвь левый коронарная артерия	APPLY	Туловище передняя межжелудочковая ветвь Левое коронарная артерия	Candidate from QA (laterality); requires final Russian terminology review before application.	MEDIUM
FMA75351	interventricular foramen	foramen interventriculare	interventricular foramen	EXACT	Межжелудочковое отверстие	KEEP	Межжелудочковое отверстие	No deterministic QA defect detected; normative Russian source not independently confirmed.	MEDIUM
FMA75445	membrane organ component			NO_MATCH	Оболочка орган компонент	KEEP	Оболочка орган компонент	No deterministic QA defect detected; normative Russian source not independently confirmed.	MEDIUM
FMA75865	trunk of branch of internal carotid artery			NO_MATCH	Туловище ветвь внутренняя сонная артерия	REVIEW		Needs external Russian anatomical terminology verification.	LOW
FMA76107	trunk of branch of middle cerebral artery			NO_MATCH	Туловище ветвь средняя мозговая артерия	REVIEW		Needs external Russian anatomical terminology verification.	LOW
FMA76127	trunk of inferior terminal branch of middle cerebral artery			NO_MATCH	Туловище нижняя концевая ветвь средняя мозговая артерия	REVIEW		Needs external Russian anatomical terminology verification.	LOW
FMA76128	trunk of inferior terminal branch of right middle cerebral artery			NO_MATCH	Туловище нижняя концевая ветвь правый средняя мозговая артерия	APPLY	Туловище нижняя концевая ветвь Правое средняя мозговая артерия	Candidate from QA (laterality); requires final Russian terminology review before application.	MEDIUM
FMA76129	trunk of inferior terminal branch of left middle cerebral artery			NO_MATCH	Туловище нижняя концевая ветвь левый средняя мозговая артерия	APPLY	Туловище нижняя концевая ветвь Левое средняя мозговая артерия	Candidate from QA (laterality); requires final Russian terminology review before application.	MEDIUM
FMA76259	branch of vertebral artery			NO_MATCH	Ветвь позвоночная артерия	REVIEW		Needs external Russian anatomical terminology verification.	LOW
FMA76264	intracranial branch of vertebral artery			NO_MATCH	Интракраниал ветвь позвоночная артерия	KEEP	Интракраниал ветвь позвоночная артерия	No deterministic QA defect detected; normative Russian source not independently confirmed.	MEDIUM
FMA76269	branch of basilar artery			NO_MATCH	Ветвь базилярной артерии	REVIEW		Needs external Russian anatomical terminology verification.	LOW
FMA76301	trunk of branch of subclavian artery			NO_MATCH	Туловище ветвь подключичная артерия	KEEP	Туловище ветвь подключичная артерия	No deterministic QA defect detected; normative Russian source not independently confirmed.	MEDIUM
FMA76547	trunk of branch of common hepatic artery			NO_MATCH	Туловище ветвь общая печёночная артерия	REVIEW		Needs external Russian anatomical terminology verification.	LOW
FMA76574	trunk of gastroduodenal artery			NO_MATCH	Туловище гастродуодэнал артерия	KEEP	Туловище гастродуодэнал артерия	No deterministic QA defect detected; normative Russian source not independently confirmed.	MEDIUM
FMA76582	trunk of hepatic artery			NO_MATCH	Туловище печёночная артерия	KEEP	Туловище печёночная артерия	No deterministic QA defect detected; normative Russian source not independently confirmed.	MEDIUM
FMA76767	anterior cardiac vein			NO_MATCH	Передняя сердечная вена	KEEP	Передняя сердечная вена	No deterministic QA defect detected; normative Russian source not independently confirmed.	MEDIUM
FMA76903	left duct of caudate lobe of liver			NO_MATCH	Левый проток хвостатая доля печень	REVIEW		Needs external Russian anatomical terminology verification.	LOW
FMA76998	supreme intercostal artery	arteria intercostalis suprema	supreme intercostal artery	EXACT	Супрэмэ межрёберная артерия	KEEP	Супрэмэ межрёберная артерия	No deterministic QA defect detected; normative Russian source not independently confirmed.	MEDIUM
FMA77140	ulnar recurrent artery	arteria recurrens ulnaris	ulnar recurrent artery	EXACT	Локтевая возвратная артерия	KEEP	Локтевая возвратная артерия	No deterministic QA defect detected; normative Russian source not independently confirmed.	MEDIUM
FMA77144	recurrent interosseous artery	arteria interossea recurrens	recurrent interosseous artery	EXACT	Возвратная межкостная артерия	KEEP	Возвратная межкостная артерия	No deterministic QA defect detected; normative Russian source not independently confirmed.	MEDIUM
FMA77155	popliteal artery	arteria poplitea	popliteal artery	EXACT	Подколенная артерия	KEEP	Подколенная артерия	No deterministic QA defect detected; normative Russian source not independently confirmed.	MEDIUM
FMA77168	median sacral vein	vena sacralis mediana	median sacral vein	EXACT	Мэдиан крестцовая вена	KEEP	Мэдиан крестцовая вена	No deterministic QA defect detected; normative Russian source not independently confirmed.	MEDIUM
FMA77177	iliocostalis			NO_MATCH	Илиокосталис	KEEP	Илиокосталис	No deterministic QA defect detected; normative Russian source not independently confirmed.	MEDIUM
FMA77178	longissimus			NO_MATCH	Лонгиссимус	KEEP	Лонгиссимус	No deterministic QA defect detected; normative Russian source not independently confirmed.	MEDIUM
FMA77179	spinalis			NO_MATCH	Спиналис	KEEP	Спиналис	No deterministic QA defect detected; normative Russian source not independently confirmed.	MEDIUM
FMA77180	splenius			NO_MATCH	Сплэниус	KEEP	Сплэниус	No deterministic QA defect detected; normative Russian source not independently confirmed.	MEDIUM
FMA77380	right popliteal artery	arteria poplitea	popliteal artery	PROBABLE	Правый подколенная артерия	APPLY	Правая подколенная артерия	Candidate from QA (laterality; lost_information); requires final Russian terminology review before application.	MEDIUM
FMA77381	left popliteal artery	arteria poplitea	popliteal artery	PROBABLE	Левый подколенная артерия	APPLY	Левая подколенная артерия	Candidate from QA (laterality; lost_information); requires final Russian terminology review before application.	MEDIUM
FMA77439	artery of central sulcus			NO_MATCH	Артерия центральной борозды	REVIEW		Needs external Russian anatomical terminology verification.	LOW
FMA77498	circumflex scapular vein	vena circumflexa scapulae	circumflex scapular vein	EXACT	Огибающая лопаточная вена	KEEP	Огибающая лопаточная вена	No deterministic QA defect detected; normative Russian source not independently confirmed.	MEDIUM
FMA77499	anterior circumflex humeral vein	vena circumflexa anterior humeri	anterior circumflex humeral vein	EXACT	Передняя вена, огибающая плечевую кость	KEEP	Передняя вена, огибающая плечевую кость	Exact TA2 mapping; current Russian term is grammatical and semantically complete.	HIGH
FMA77883	subdivision of brachiocephalic vein			NO_MATCH	Подразделение плечеголовная вена	KEEP	Подразделение плечеголовная вена	No deterministic QA defect detected; normative Russian source not independently confirmed.	MEDIUM
FMA77884	subdivision of subclavian vein			NO_MATCH	Подразделение подключичная вена	KEEP	Подразделение подключичная вена	No deterministic QA defect detected; normative Russian source not independently confirmed.	MEDIUM
FMA77949	right circumflex scapular vein	vena circumflexa scapulae	circumflex scapular vein	PROBABLE	Правый огибающая лопаточная вена	APPLY	Правая огибающая лопаточная вена	Candidate from QA (laterality; lost_information); requires final Russian terminology review before application.	MEDIUM
FMA77950	left circumflex scapular vein	vena circumflexa scapulae	circumflex scapular vein	PROBABLE	Левый огибающая лопаточная вена	APPLY	Левая огибающая лопаточная вена	Candidate from QA (laterality; lost_information); requires final Russian terminology review before application.	MEDIUM
FMA77954	right anterior circumflex humeral vein	vena circumflexa anterior humeri	anterior circumflex humeral vein	PROBABLE	Правая передняя вена, огибающая плечевую кость	REVIEW		Needs external Russian anatomical terminology verification.	LOW
FMA77955	left anterior circumflex humeral vein	vena circumflexa anterior humeri	anterior circumflex humeral vein	PROBABLE	Левая передняя вена, огибающая плечевую кость	REVIEW		Needs external Russian anatomical terminology verification.	LOW
FMA78021	medial brachial vein			NO_MATCH	Медиальная плечевая вена	KEEP	Медиальная плечевая вена	No deterministic QA defect detected; normative Russian source not independently confirmed.	MEDIUM
FMA78048	subdivision of superior vena caval tree			NO_MATCH	Подразделение верхняя вена кавал дерево	REVIEW		Needs external Russian anatomical terminology verification.	LOW
FMA78049	subdivision of inferior vena caval tree			NO_MATCH	Подразделение нижняя вена кавал дерево	REVIEW		Needs external Russian anatomical terminology verification.	LOW
FMA78121	superior phrenic vein			NO_MATCH	Верхняя диафрагмальная вена	KEEP	Верхняя диафрагмальная вена	No deterministic QA defect detected; normative Russian source not independently confirmed.	MEDIUM
FMA78204	subdivision of external iliac vein			NO_MATCH	Подразделение наружная подвздошная вена	KEEP	Подразделение наружная подвздошная вена	No deterministic QA defect detected; normative Russian source not independently confirmed.	MEDIUM
FMA78207	tributary of basilic vein			NO_MATCH	Приток медиальная подкожная вена	REVIEW		Needs external Russian anatomical terminology verification.	LOW
FMA78447	region of ventricular system of brain			NO_MATCH	Область желудочковой системы головного мозга	REVIEW		Needs external Russian anatomical terminology verification.	LOW
FMA78448	lateral ventricle	ventriculus lateralis	lateral ventricle	EXACT	Боковой желудочек	KEEP	Боковой желудочек	No deterministic QA defect detected; normative Russian source not independently confirmed.	MEDIUM
FMA78449	right lateral ventricle	ventriculus lateralis	lateral ventricle	PROBABLE	Правый боковой желудочек	REVIEW		Needs external Russian anatomical terminology verification.	LOW
FMA78450	left lateral ventricle	ventriculus lateralis	lateral ventricle	PROBABLE	Левый боковой желудочек	REVIEW		Needs external Russian anatomical terminology verification.	LOW
FMA78454	third ventricle	ventriculus tertius	third ventricle	EXACT	Третий желудочек	KEEP	Третий желудочек	No deterministic QA defect detected; normative Russian source not independently confirmed.	MEDIUM
FMA78467	cerebral aqueduct	aquaeductus mesencephali	aqueduct of midbrain	EXACT	Мозговая аквэдукт	KEEP	Мозговая аквэдукт	No deterministic QA defect detected; normative Russian source not independently confirmed.	MEDIUM
FMA78469	fourth ventricle	ventriculus quartus	fourth ventricle	EXACT	Четвёртый желудочек	KEEP	Четвёртый желудочек	No deterministic QA defect detected; normative Russian source not independently confirmed.	MEDIUM
FMA78497	central canal of spinal cord			NO_MATCH	Центральная канал спинномозговая канатик	KEEP	Центральная канал спинномозговая канатик	No deterministic QA defect detected; normative Russian source not independently confirmed.	MEDIUM
FMA78562	set of organ regions			NO_MATCH	Совокупность орган области	KEEP	Совокупность орган области	No deterministic QA defect detected; normative Russian source not independently confirmed.	MEDIUM
FMA78590	set of heterogeneous clusters			NO_MATCH	Совокупность хэтэрогэнэоус клустэрс	KEEP	Совокупность хэтэрогэнэоус клустэрс	No deterministic QA defect detected; normative Russian source not independently confirmed.	MEDIUM
FMA79615	branch of postcommunicating part of anterior cerebral artery			NO_MATCH	Ветвь посткоммуникационной части передней мозговой артерии	REVIEW		Needs external Russian anatomical terminology verification.	LOW
FMA79631	branch of sphenoid part of middle cerebral artery			NO_MATCH	Ветвь клиновидной части средней мозговой артерии	REVIEW		Needs external Russian anatomical terminology verification.	LOW
FMA79658	dorsal scapular artery	arteria dorsalis scapulae	dorsal scapular artery	EXACT	Тыльная лопаточная артерия	KEEP	Тыльная лопаточная артерия	No deterministic QA defect detected; normative Russian source not independently confirmed.	MEDIUM
FMA79979	sternocostal part of right pectoralis major			NO_MATCH	Стэрнокостал часть правый грудная мышца большая	APPLY	Стэрнокостал часть Правая грудная мышца большая	Candidate from QA (laterality); requires final Russian terminology review before application.	MEDIUM
FMA79980	sternocostal part of left pectoralis major			NO_MATCH	Стэрнокостал часть левый грудная мышца большая	APPLY	Стэрнокостал часть Левая грудная мышца большая	Candidate from QA (laterality); requires final Russian terminology review before application.	MEDIUM
FMA81150	lobule of cerebral hemisphere			NO_MATCH	Лобулэ мозговая полушарие	KEEP	Лобулэ мозговая полушарие	No deterministic QA defect detected; normative Russian source not independently confirmed.	MEDIUM
FMA81752	right cervical rotator			NO_MATCH	Правый шейная вращатель	REVIEW		Needs external Russian anatomical terminology verification.	LOW
FMA81753	left cervical rotator			NO_MATCH	Левый шейная вращатель	REVIEW		Needs external Russian anatomical terminology verification.	LOW
FMA82472	cardinal organ part			NO_MATCH	Кардинал орган часть	KEEP	Кардинал орган часть	No deterministic QA defect detected; normative Russian source not independently confirmed.	MEDIUM
FMA82478	lobular organ component			NO_MATCH	Дольковый компонент органа	KEEP	Дольковый компонент органа	No deterministic QA defect detected; normative Russian source not independently confirmed.	MEDIUM
FMA82481	organ chamber			NO_MATCH	Орган камера	KEEP	Орган камера	No deterministic QA defect detected; normative Russian source not independently confirmed.	MEDIUM
FMA82485	organ component layer			NO_MATCH	Орган компонент слой	KEEP	Орган компонент слой	No deterministic QA defect detected; normative Russian source not independently confirmed.	MEDIUM
FMA82494	lobular segment			NO_MATCH	Лобулар сегмент	KEEP	Лобулар сегмент	No deterministic QA defect detected; normative Russian source not independently confirmed.	MEDIUM
FMA82500	membranous layer			NO_MATCH	Перепончатая слой	KEEP	Перепончатая слой	No deterministic QA defect detected; normative Russian source not independently confirmed.	MEDIUM
FMA82594	segment of subclavian artery			NO_MATCH	Сегмент подключичная артерия	REVIEW		Needs external Russian anatomical terminology verification.	LOW
FMA82695	trunk of right portal vein			NO_MATCH	Туловище правый воротная вена	APPLY	Туловище Правое воротная вена	Candidate from QA (laterality); requires final Russian terminology review before application.	MEDIUM
FMA82697	trunk of left portal vein			NO_MATCH	Туловище левый воротная вена	APPLY	Туловище Левое воротная вена	Candidate from QA (laterality); requires final Russian terminology review before application.	MEDIUM
FMA82706	caudate lobe branch of right portal vein			NO_MATCH	Хвостатая доля ветвь правый воротная вена	APPLY	Хвостатая доля ветвь Правая воротная вена	Candidate from QA (laterality); requires final Russian terminology review before application.	MEDIUM
FMA82734	right long ciliary nerve			NO_MATCH	Правый длинная ресничная нерв	REVIEW		Needs external Russian anatomical terminology verification.	LOW
FMA82735	left long ciliary nerve			NO_MATCH	Левый длинная ресничная нерв	REVIEW		Needs external Russian anatomical terminology verification.	LOW
FMA83115	cell part cluster			NO_MATCH	Кэлл часть клустэр	KEEP	Кэлл часть клустэр	No deterministic QA defect detected; normative Russian source not independently confirmed.	MEDIUM
FMA83143	cell part cluster of neuraxis			NO_MATCH	Кластер частей клеток нервной оси	REVIEW		Needs external Russian anatomical terminology verification.	LOW
FMA83153	organ component of neuraxis			NO_MATCH	Компонент органа нервной оси	KEEP	Компонент органа нервной оси	No deterministic QA defect detected; normative Russian source not independently confirmed.	MEDIUM
FMA83465	segment of white matter of neuraxis			NO_MATCH	Сегмент белого вещества нервной оси	REVIEW		Needs external Russian anatomical terminology verification.	LOW
FMA83563	subdivision of muscle layer			NO_MATCH	Подразделение мышца слой	KEEP	Подразделение мышца слой	No deterministic QA defect detected; normative Russian source not independently confirmed.	MEDIUM
FMA83686	nucleus of neuraxis			NO_MATCH	Ядро нервной оси	KEEP	Ядро нервной оси	No deterministic QA defect detected; normative Russian source not independently confirmed.	MEDIUM
FMA83738	subarachnoid incisure			NO_MATCH	Подпаутинное инкисурэ	KEEP	Подпаутинное инкисурэ	No deterministic QA defect detected; normative Russian source not independently confirmed.	MEDIUM
FMA83740	interpeduncular fossa	fossa interpeduncularis	interpeduncular fossa	EXACT	Интэрпэдункулар ямка	KEEP	Интэрпэдункулар ямка	No deterministic QA defect detected; normative Russian source not independently confirmed.	MEDIUM
FMA83840	nucleus of brain			NO_MATCH	Ядро головной мозг	KEEP	Ядро головной мозг	No deterministic QA defect detected; normative Russian source not independently confirmed.	MEDIUM
FMA83854	stria of neuraxis			NO_MATCH	Полоска нервной оси	KEEP	Полоска нервной оси	No deterministic QA defect detected; normative Russian source not independently confirmed.	MEDIUM
FMA83856	lamina of neuraxis			NO_MATCH	Пластинка нервной оси	KEEP	Пластинка нервной оси	No deterministic QA defect detected; normative Russian source not independently confirmed.	MEDIUM
FMA83857	brachium of neuraxis			NO_MATCH	Ручка нервной оси	KEEP	Ручка нервной оси	No deterministic QA defect detected; normative Russian source not independently confirmed.	MEDIUM
FMA83860	peduncle of neuraxis			NO_MATCH	Ножка нервной оси	KEEP	Ножка нервной оси	No deterministic QA defect detected; normative Russian source not independently confirmed.	MEDIUM
FMA83865	fornix of neuraxis			NO_MATCH	Свод нервной оси	KEEP	Свод нервной оси	No deterministic QA defect detected; normative Russian source not independently confirmed.	MEDIUM
FMA83874	gyrus of neuraxis			NO_MATCH	Извилина нервной оси	KEEP	Извилина нервной оси	No deterministic QA defect detected; normative Russian source not independently confirmed.	MEDIUM
FMA83904	septum of neuraxis			NO_MATCH	Перегородка нервной оси	KEEP	Перегородка нервной оси	No deterministic QA defect detected; normative Russian source not independently confirmed.	MEDIUM
FMA83906	commissure of neuraxis			NO_MATCH	Спайка нервной оси	KEEP	Спайка нервной оси	No deterministic QA defect detected; normative Russian source not independently confirmed.	MEDIUM
FMA83912	gray matter of diencephalon			NO_MATCH	Серое вещество диэнкэфалон	KEEP	Серое вещество диэнкэфалон	No deterministic QA defect detected; normative Russian source not independently confirmed.	MEDIUM
FMA83915	gray matter of hypothalamus			NO_MATCH	Серое вещество гипоталамус	KEEP	Серое вещество гипоталамус	No deterministic QA defect detected; normative Russian source not independently confirmed.	MEDIUM
FMA83929	white matter of neuraxis			NO_MATCH	Белое вещество нервной оси	KEEP	Белое вещество нервной оси	No deterministic QA defect detected; normative Russian source not independently confirmed.	MEDIUM
FMA83930	white matter of telencephalon	substantia alba telencephali	white matter of telencephalon	EXACT	Белое вещество тэлэнкэфалон	KEEP	Белое вещество тэлэнкэфалон	No deterministic QA defect detected; normative Russian source not independently confirmed.	MEDIUM
FMA83966	tentorium cerebelli	tentorium cerebelli	tentorium cerebelli	EXACT	Тэнториум кэрэбэлли	KEEP	Тэнториум кэрэбэлли	No deterministic QA defect detected; normative Russian source not independently confirmed.	MEDIUM
FMA84054	zone of neuraxis			NO_MATCH	Зона нервной оси	KEEP	Зона нервной оси	No deterministic QA defect detected; normative Russian source not independently confirmed.	MEDIUM
FMA84059	nuclear complex of neuraxis			NO_MATCH	Ядерный комплекс нервной оси	KEEP	Ядерный комплекс нервной оси	No deterministic QA defect detected; normative Russian source not independently confirmed.	MEDIUM
FMA84081	circumventricular organ of neuraxis			NO_MATCH	Околожелудочковый орган нервной оси	KEEP	Околожелудочковый орган нервной оси	No deterministic QA defect detected; normative Russian source not independently confirmed.	MEDIUM
FMA84201	secondary incisor tooth			NO_MATCH	вторичная резец зуб	KEEP	вторичная резец зуб	No deterministic QA defect detected; normative Russian source not independently confirmed.	MEDIUM
FMA84203	secondary canine tooth			NO_MATCH	вторичная клык зуб	KEEP	вторичная клык зуб	No deterministic QA defect detected; normative Russian source not independently confirmed.	MEDIUM
FMA84207	secondary molar tooth			NO_MATCH	вторичная моляр зуб	KEEP	вторичная моляр зуб	No deterministic QA defect detected; normative Russian source not independently confirmed.	MEDIUM
FMA84881	subdivision of subarachnoid space			NO_MATCH	Подразделение подпаутинное пространство	KEEP	Подразделение подпаутинное пространство	No deterministic QA defect detected; normative Russian source not independently confirmed.	MEDIUM
FMA84926	anatomical compartment space			NO_MATCH	Пространство анатомического компартмента	REVIEW		Needs external Russian anatomical terminology verification.	LOW
FMA84953	space of compartment of head			NO_MATCH	Пространство компартмент головка	REVIEW		Needs external Russian anatomical terminology verification.	LOW
FMA85095	proper palmar digital vein of little finger			NO_MATCH	Собственно ладонная пальцевая вена мизинца палец	APPLY	Собственно ладонная пальцевая вена мизинца	Candidate from QA (word_order); requires final Russian terminology review before application.	MEDIUM
FMA85096	proper palmar digital vein of right index finger			NO_MATCH	Собственно ладонная пальцевая вена правый указательного палец	APPLY	собственно ладонная пальцевая вена правого указательного пальца	FMA/TA2 structure family with unambiguous Russian grammatical normalization.	HIGH
FMA85097	proper palmar digital vein of left index finger			NO_MATCH	Собственно ладонная пальцевая вена левый указательного палец	APPLY	собственно ладонная пальцевая вена левого указательного пальца	FMA/TA2 structure family with unambiguous Russian grammatical normalization.	HIGH
FMA85098	proper palmar digital vein of right middle finger			NO_MATCH	Собственно ладонная пальцевая вена правый средняя палец	APPLY	собственно ладонная пальцевая вена правого среднего пальца	FMA/TA2 structure family with unambiguous Russian grammatical normalization.	HIGH
FMA85099	proper palmar digital vein of left middle finger			NO_MATCH	Собственно ладонная пальцевая вена левый средняя палец	APPLY	собственно ладонная пальцевая вена левого среднего пальца	FMA/TA2 structure family with unambiguous Russian grammatical normalization.	HIGH
FMA85100	proper palmar digital vein of right ring finger			NO_MATCH	Собственно ладонная пальцевая вена правый кольцо палец	APPLY	собственно ладонная пальцевая вена правого безымянного пальца	FMA/TA2 structure family with unambiguous Russian grammatical normalization.	HIGH
FMA85101	proper palmar digital vein of left ring finger			NO_MATCH	Собственно ладонная пальцевая вена левый кольцо палец	APPLY	собственно ладонная пальцевая вена левого безымянного пальца	FMA/TA2 structure family with unambiguous Russian grammatical normalization.	HIGH
FMA85102	proper palmar digital vein of right little finger			NO_MATCH	Собственно ладонная пальцевая вена правый мизинца палец	APPLY	собственно ладонная пальцевая вена правого мизинца	FMA/TA2 structure family with unambiguous Russian grammatical normalization.	HIGH
FMA85103	proper palmar digital vein of left little finger			NO_MATCH	Собственно ладонная пальцевая вена левый мизинца палец	APPLY	собственно ладонная пальцевая вена левого мизинца	FMA/TA2 structure family with unambiguous Russian grammatical normalization.	HIGH
FMA85107	third common palmar digital artery			NO_MATCH	третья общая ладонная пальцевая артерия	REVIEW		Needs external Russian anatomical terminology verification.	LOW
FMA85108	fourth common palmar digital artery			NO_MATCH	четвёртая общая ладонная пальцевая артерия	REVIEW		Needs external Russian anatomical terminology verification.	LOW
FMA85109	branch of first common palmar digital artery			NO_MATCH	Ветвь первой общей ладонной пальцевой артерии	REVIEW		Needs external Russian anatomical terminology verification.	LOW
FMA85110	branch of second common palmar digital artery			NO_MATCH	вторая общая ладонная пальцевая артерия	REVIEW		Needs external Russian anatomical terminology verification.	LOW
FMA85111	medial proper palmar digital artery of middle finger			NO_MATCH	Медиальная собственно ладонная пальцевая артерия средняя палец	APPLY	Медиальная собственно ладонная пальцевая артерия среднего пальца	Candidate from QA (word_order); requires final Russian terminology review before application.	MEDIUM
FMA85112	medial proper palmar digital artery of right middle finger			NO_MATCH	Правая медиальная собственная ладонная пальцевая артерия среднего пальца	APPLY	Медиальная собственно ладонная пальцевая артерия правого среднего пальца	FMA/TA2 structure family with unambiguous Russian grammatical normalization.	HIGH
FMA85114	lateral proper palmar digital artery of ring finger			NO_MATCH	Латеральная собственно ладонная пальцевая артерия кольцо палец	APPLY	Латеральная собственно ладонная пальцевая артерия безымянного пальца	Candidate from QA (word_order); requires final Russian terminology review before application.	MEDIUM
FMA85115	lateral proper palmar digital artery of right ring finger			NO_MATCH	Правая латеральная собственная ладонная пальцевая артерия безымянного пальца	APPLY	Латеральная собственно ладонная пальцевая артерия правого безымянного пальца	FMA/TA2 structure family with unambiguous Russian grammatical normalization.	HIGH
FMA85116	lateral proper palmar digital artery of left ring finger			NO_MATCH	Левая латеральная собственная ладонная пальцевая артерия безымянного пальца	APPLY	Латеральная собственно ладонная пальцевая артерия левого безымянного пальца	FMA/TA2 structure family with unambiguous Russian grammatical normalization.	HIGH
FMA85117	branch of third common palmar digital artery			NO_MATCH	третья общая ладонная пальцевая артерия	REVIEW		Needs external Russian anatomical terminology verification.	LOW
FMA85118	left first common palmar digital artery			NO_MATCH	первая общая ладонная пальцевая артерия	REVIEW		Needs external Russian anatomical terminology verification.	LOW
FMA85119	right second common palmar digital artery			NO_MATCH	вторая общая ладонная пальцевая артерия	REVIEW		Needs external Russian anatomical terminology verification.	LOW
FMA85120	left second common palmar digital artery			NO_MATCH	вторая общая ладонная пальцевая артерия	REVIEW		Needs external Russian anatomical terminology verification.	LOW
FMA85121	right third common palmar digital artery			NO_MATCH	третья общая ладонная пальцевая артерия	REVIEW		Needs external Russian anatomical terminology verification.	LOW
FMA85122	left third common palmar digital artery			NO_MATCH	третья общая ладонная пальцевая артерия	REVIEW		Needs external Russian anatomical terminology verification.	LOW
FMA85123	right fourth common palmar digital artery			NO_MATCH	четвёртая общая ладонная пальцевая артерия	REVIEW		Needs external Russian anatomical terminology verification.	LOW
FMA85124	left fourth common palmar digital artery			NO_MATCH	четвёртая общая ладонная пальцевая артерия	REVIEW		Needs external Russian anatomical terminology verification.	LOW
FMA85453	head of muscle organ			NO_MATCH	Головка мышца орган	KEEP	Головка мышца орган	No deterministic QA defect detected; normative Russian source not independently confirmed.	MEDIUM
FMA86020	subdivision of transverse cervical artery			NO_MATCH	Подразделение поперечная шейная артерия	KEEP	Подразделение поперечная шейная артерия	No deterministic QA defect detected; normative Russian source not independently confirmed.	MEDIUM
FMA86033	opponens digiti minimi of foot			NO_MATCH	Мышца, противопоставляющая мизинец стопы	KEEP	Мышца, противопоставляющая мизинец стопы	No deterministic QA defect detected; normative Russian source not independently confirmed.	MEDIUM
FMA86034	opponens digiti minimi of right foot			NO_MATCH	Правая мышца, противопоставляющая мизинец стопы	REVIEW		Needs external Russian anatomical terminology verification.	LOW
FMA86035	opponens digiti minimi of left foot			NO_MATCH	Левая мышца, противопоставляющая мизинец стопы	REVIEW		Needs external Russian anatomical terminology verification.	LOW
FMA86103	region of organ component			NO_MATCH	Область орган компонент	KEEP	Область орган компонент	No deterministic QA defect detected; normative Russian source not independently confirmed.	MEDIUM
FMA86127	branch of posterior choroidal artery			NO_MATCH	Ветвь задней ворсинчатой артерии	REVIEW		Needs external Russian anatomical terminology verification.	LOW
FMA86140	organ segment			NO_MATCH	Орган сегмент	KEEP	Орган сегмент	No deterministic QA defect detected; normative Russian source not independently confirmed.	MEDIUM
FMA86187	segment of arterial tree organ			NO_MATCH	Сегмент артериальная дерево орган	REVIEW		Needs external Russian anatomical terminology verification.	LOW
FMA86188	segment of venous tree organ			NO_MATCH	Сегмент венозная дерево орган	REVIEW		Needs external Russian anatomical terminology verification.	LOW
FMA86195	segment of lacrimal duct			NO_MATCH	Сегмент слёзная проток	REVIEW		Needs external Russian anatomical terminology verification.	LOW
FMA86212	region of wall of heart			NO_MATCH	Область стенки сердца	KEEP	Область стенки сердца	No deterministic QA defect detected; normative Russian source not independently confirmed.	MEDIUM
FMA86254	segment of systemic artery			NO_MATCH	Сегмент системная артерия	REVIEW		Needs external Russian anatomical terminology verification.	LOW
FMA86256	segment of arterial trunk			NO_MATCH	Сегмент артериальная туловище	REVIEW		Needs external Russian anatomical terminology verification.	LOW
FMA86340	superior segmental branch of right renal artery			NO_MATCH	Верхняя сегментарный ветвь правый почечная артерия	APPLY	Верхняя сегментарный ветвь Правая почечная артерия	Candidate from QA (laterality); requires final Russian terminology review before application.	MEDIUM
FMA86341	superior segmental branch of left renal artery			NO_MATCH	Верхняя сегментарный ветвь левый почечная артерия	APPLY	Верхняя сегментарный ветвь Левая почечная артерия	Candidate from QA (laterality); requires final Russian terminology review before application.	MEDIUM
FMA86346	inferior segmental branch of right renal artery			NO_MATCH	Нижняя сегментарный ветвь правый почечная артерия	APPLY	Нижняя сегментарный ветвь Правая почечная артерия	Candidate from QA (laterality); requires final Russian terminology review before application.	MEDIUM
FMA86347	inferior segmental branch of left renal artery			NO_MATCH	Нижняя сегментарный ветвь левый почечная артерия	APPLY	Нижняя сегментарный ветвь Левая почечная артерия	Candidate from QA (laterality); requires final Russian terminology review before application.	MEDIUM
FMA86348	posterior segmental branch of right renal artery			NO_MATCH	Задняя сегментарный ветвь правый почечная артерия	APPLY	Задняя сегментарный ветвь Правая почечная артерия	Candidate from QA (laterality); requires final Russian terminology review before application.	MEDIUM
FMA86349	posterior segmental branch of left renal artery			NO_MATCH	Задняя сегментарный ветвь левый почечная артерия	APPLY	Задняя сегментарный ветвь Левая почечная артерия	Candidate from QA (laterality); requires final Russian terminology review before application.	MEDIUM
FMA86375	ligament organ component			NO_MATCH	Связка орган компонент	KEEP	Связка орган компонент	No deterministic QA defect detected; normative Russian source not independently confirmed.	MEDIUM
FMA86464	corpus callosum	corpus callosum	corpus callosum	EXACT	Корпус каллосум	KEEP	Корпус каллосум	No deterministic QA defect detected; normative Russian source not independently confirmed.	MEDIUM
FMA86565	region of papillary muscle of left ventricle			NO_MATCH	Область сосочковая мышца левый желудочек	REVIEW		Needs external Russian anatomical terminology verification.	LOW
FMA86566	region of lateral papillary muscle of left ventricle			NO_MATCH	Область латеральная сосочковая мышца левый желудочек	REVIEW		Needs external Russian anatomical terminology verification.	LOW
FMA87217	descending thoracic aorta	aorta thoracica	thoracic aorta	EXACT	Нисходящая грудная аорта	KEEP	Нисходящая грудная аорта	No deterministic QA defect detected; normative Russian source not independently confirmed.	MEDIUM
FMA87218	trunk of coronary artery			NO_MATCH	Туловище коронарная артерия	KEEP	Туловище коронарная артерия	No deterministic QA defect detected; normative Russian source not independently confirmed.	MEDIUM
FMA222905	segment of colon			NO_MATCH	Сегмент ободочная кишка	REVIEW		Needs external Russian anatomical terminology verification.	LOW
FMA223151	internal gray matter component			NO_MATCH	Внутренняя серое вещество компонент	KEEP	Внутренняя серое вещество компонент	No deterministic QA defect detected; normative Russian source not independently confirmed.	MEDIUM
FMA225818	region of layer of wall of eyeball			NO_MATCH	Область слой стенка глазное яблоко	REVIEW		Needs external Russian anatomical terminology verification.	LOW
FMA228667	set of organ parts			NO_MATCH	Совокупность орган части	KEEP	Совокупность орган части	No deterministic QA defect detected; normative Russian source not independently confirmed.	MEDIUM
FMA230984	middle phalanx of little toe			NO_MATCH	Средняя фаланга мизинца палец стопы	APPLY	Средняя фаланга мизинца стопы	Candidate from QA (word_order); requires final Russian terminology review before application.	MEDIUM
FMA230986	middle phalanx of right little toe			NO_MATCH	Средняя фаланга правый мизинца палец стопы	APPLY	Средняя фаланга правого мизинца стопы	FMA/TA2 structure family with unambiguous Russian grammatical normalization.	HIGH
FMA230988	middle phalanx of left little toe			NO_MATCH	Средняя фаланга левый мизинца палец стопы	APPLY	Средняя фаланга левого мизинца стопы	FMA/TA2 structure family with unambiguous Russian grammatical normalization.	HIGH
FMA241998	cerebral white matter			NO_MATCH	Мозговая белое вещество	KEEP	Мозговая белое вещество	No deterministic QA defect detected; normative Russian source not independently confirmed.	MEDIUM
FMA242193	region of cerebral cortex			NO_MATCH	Область мозговая кора	KEEP	Область мозговая кора	No deterministic QA defect detected; normative Russian source not independently confirmed.	MEDIUM
FMA242770	region of wall of ventricular system of neuraxis			NO_MATCH	Область стенки желудочковой системы нервной оси	REVIEW		Needs external Russian anatomical terminology verification.	LOW
FMA242789	region of ventricular system of neuraxis			NO_MATCH	Область желудочковой системы нервной оси	REVIEW		Needs external Russian anatomical terminology verification.	LOW
FMA256174	region of cerebral white matter			NO_MATCH	Область мозговая белое вещество	KEEP	Область мозговая белое вещество	No deterministic QA defect detected; normative Russian source not independently confirmed.	MEDIUM
FMA256194	orbital gyrus			NO_MATCH	Глазничная извилина	KEEP	Глазничная извилина	No deterministic QA defect detected; normative Russian source not independently confirmed.	MEDIUM
FMA256237	segment of neuraxis			NO_MATCH	Сегмент нервной оси	REVIEW		Needs external Russian anatomical terminology verification.	LOW
FMA256693	nucleus of thalamus			NO_MATCH	Ядро таламус	KEEP	Ядро таламус	No deterministic QA defect detected; normative Russian source not independently confirmed.	MEDIUM
FMA258714	right thalamus	thalamus	thalamus	PROBABLE	Правый таламус	REVIEW		Needs external Russian anatomical terminology verification.	LOW
FMA258716	left thalamus	thalamus	thalamus	PROBABLE	Левый таламус	REVIEW		Needs external Russian anatomical terminology verification.	LOW
FMA258847	right calcaneal tendon	tendo calcaneus	calcaneal tendon	PROBABLE	Правый пяточное сухожилие	REVIEW		Needs external Russian anatomical terminology verification.	LOW
FMA258850	right intermediate tendon	tendo intermedius	intermediate tendon	PROBABLE	Правый промежуточная сухожилие	REVIEW		Needs external Russian anatomical terminology verification.	LOW
FMA260791	white matter of right cerebral hemisphere			NO_MATCH	Белое вещество правый мозговая полушарие	REVIEW		Needs external Russian anatomical terminology verification.	LOW
FMA260794	white matter of left cerebral hemisphere			NO_MATCH	Белое вещество левый мозговая полушарие	REVIEW		Needs external Russian anatomical terminology verification.	LOW
FMA264844	left calcaneal tendon	tendo calcaneus	calcaneal tendon	PROBABLE	Левый пяточное сухожилие	REVIEW		Needs external Russian anatomical terminology verification.	LOW
FMA265178	ligament of lower limb			NO_MATCH	Связка нижняя конечность	KEEP	Связка нижняя конечность	No deterministic QA defect detected; normative Russian source not independently confirmed.	MEDIUM
FMA265180	ligament of limb			NO_MATCH	Связка конечность	KEEP	Связка конечность	No deterministic QA defect detected; normative Russian source not independently confirmed.	MEDIUM
FMA265400	region of vascular layer of eyeball			NO_MATCH	Область сосудистое слой глазное яблоко	REVIEW		Needs external Russian anatomical terminology verification.	LOW
FMA266054	subdivision of cranial dura mater			NO_MATCH	Подразделение черепной дура матэр	KEEP	Подразделение черепной дура матэр	No deterministic QA defect detected; normative Russian source not independently confirmed.	MEDIUM
FMA268667	right recurrent interosseous artery	arteria interossea recurrens	recurrent interosseous artery	PROBABLE	Правый возвратная межкостная артерия	APPLY	Правая возвратная межкостная артерия	Candidate from QA (laterality; lost_information); requires final Russian terminology review before application.	MEDIUM
FMA268669	left recurrent interosseous artery	arteria interossea recurrens	recurrent interosseous artery	PROBABLE	Левый возвратная межкостная артерия	APPLY	Левая возвратная межкостная артерия	Candidate from QA (laterality; lost_information); requires final Russian terminology review before application.	MEDIUM
FMA268712	segment of anterior tibial artery			NO_MATCH	Сегмент передняя большеберцовая артерия	REVIEW		Needs external Russian anatomical terminology verification.	LOW
FMA268955	region of papillary muscle			NO_MATCH	Область сосочковая мышца	KEEP	Область сосочковая мышца	No deterministic QA defect detected; normative Russian source not independently confirmed.	MEDIUM
FMA3734	aorta	aorta	aorta	EXACT	Аорта	KEEP	Аорта	No deterministic QA defect detected; normative Russian source not independently confirmed.	MEDIUM
FMA3862	anterior interventricular branch of left coronary artery	arteria interventricularis anterior	anterior interventricular artery	EXACT	Передняя межжелудочковая ветвь левой коронарной артерии	KEEP	Передняя межжелудочковая ветвь левой коронарной артерии	Exact TA2 mapping; current Russian term is grammatical and semantically complete.	HIGH
FMA4717	anterior cardiac venous tree			NO_MATCH	Переднее сердечное венозное дерево	KEEP	Переднее сердечное венозное дерево	No deterministic QA defect detected; normative Russian source not independently confirmed.	MEDIUM
FMA7088	heart	cor	heart	EXACT	Сердце	KEEP	Сердце	No deterministic QA defect detected; normative Russian source not independently confirmed.	MEDIUM
FMA7096	right atrium	atrium dextrum	right atrium	EXACT	Правое предсердие	KEEP	Правое предсердие	Exact TA2 mapping; current Russian term is grammatical and semantically complete.	HIGH
FMA7097	left atrium	atrium sinistrum	left atrium	EXACT	Левое предсердие	KEEP	Левое предсердие	Exact TA2 mapping; current Russian term is grammatical and semantically complete.	HIGH
FMA7098	right ventricle	ventriculus dexter	right ventricle	EXACT	Правый желудочек	KEEP	Правый желудочек	Exact TA2 mapping; current Russian term is grammatical and semantically complete.	HIGH
FMA7101	left ventricle	ventriculus sinister	left ventricle	EXACT	Левый желудочек	KEEP	Левый желудочек	Exact TA2 mapping; current Russian term is grammatical and semantically complete.	HIGH
FMA7152	alimentary system	systema digestorium	digestive system	EXACT	Пищеварительная система	KEEP	Пищеварительная система	No deterministic QA defect detected; normative Russian source not independently confirmed.	MEDIUM
FMA7154	head	caput	head	EXACT	Головка	KEEP	Головка	No deterministic QA defect detected; normative Russian source not independently confirmed.	MEDIUM
FMA7155	neck	collum	neck	EXACT	Шейка	KEEP	Шейка	No deterministic QA defect detected; normative Russian source not independently confirmed.	MEDIUM
FMA7157	nervous system	systema nervosum	nervous system	EXACT	Нервная система	KEEP	Нервная система	No deterministic QA defect detected; normative Russian source not independently confirmed.	MEDIUM
FMA7158	respiratory system	systema respiratorium	respiratory system	EXACT	Дыхательный система	KEEP	Дыхательный система	No deterministic QA defect detected; normative Russian source not independently confirmed.	MEDIUM
FMA7159	urinary system	systema urinarium	urinary system	EXACT	Мочевая система	KEEP	Мочевая система	No deterministic QA defect detected; normative Russian source not independently confirmed.	MEDIUM
FMA7160	genital system			NO_MATCH	Половая система	KEEP	Половая система	No deterministic QA defect detected; normative Russian source not independently confirmed.	MEDIUM
FMA7161	cardiovascular system	systema cardiovasculare	cardiovascular system	EXACT	Кардиоваскулар система	KEEP	Кардиоваскулар система	No deterministic QA defect detected; normative Russian source not independently confirmed.	MEDIUM
FMA7165	right side of heart			NO_MATCH	Правый сидэ сердце	APPLY	Правое сидэ сердце	Candidate from QA (laterality; lost_information); requires final Russian terminology review before application.	MEDIUM
FMA7166	left side of heart			NO_MATCH	Левый сидэ сердце	APPLY	Левое сидэ сердце	Candidate from QA (laterality; lost_information); requires final Russian terminology review before application.	MEDIUM
FMA7181	trunk	truncus	trunk	EXACT	Туловище	KEEP	Туловище	No deterministic QA defect detected; normative Russian source not independently confirmed.	MEDIUM
FMA7184	lower limb	membrum inferius	lower limb	EXACT	Нижняя конечность	KEEP	Нижняя конечность	No deterministic QA defect detected; normative Russian source not independently confirmed.	MEDIUM
FMA7185	right upper limb	membrum superius	upper limb	PROBABLE	Правый верхняя конечность	REVIEW		Needs external Russian anatomical terminology verification.	LOW
FMA7186	left upper limb	membrum superius	upper limb	PROBABLE	Левый верхняя конечность	REVIEW		Needs external Russian anatomical terminology verification.	LOW
FMA7187	right lower limb	membrum inferius	lower limb	PROBABLE	Правый нижняя конечность	REVIEW		Needs external Russian anatomical terminology verification.	LOW
FMA7188	left lower limb	membrum inferius	lower limb	PROBABLE	Левый нижняя конечность	REVIEW		Needs external Russian anatomical terminology verification.	LOW
FMA7197	liver	hepar	liver	EXACT	Печень	KEEP	Печень	No deterministic QA defect detected; normative Russian source not independently confirmed.	MEDIUM
FMA7200	small intestine	intestinum tenue	small intestine	EXACT	Малая кишка	KEEP	Малая кишка	No deterministic QA defect detected; normative Russian source not independently confirmed.	MEDIUM
FMA7201	large intestine	intestinum crassum	large intestine	EXACT	Большая кишка	KEEP	Большая кишка	No deterministic QA defect detected; normative Russian source not independently confirmed.	MEDIUM
FMA7207	jejunum	jejunum	jejunum	EXACT	Тощая кишка	KEEP	Тощая кишка	No deterministic QA defect detected; normative Russian source not independently confirmed.	MEDIUM
FMA7208	ileum	ileum	ileum	EXACT	Подвздошная кишка	KEEP	Подвздошная кишка	No deterministic QA defect detected; normative Russian source not independently confirmed.	MEDIUM
FMA7216	outflow part of right ventricle			NO_MATCH	Выносящая часть правого желудочка	KEEP	Выносящая часть правого желудочка	No deterministic QA defect detected; normative Russian source not independently confirmed.	MEDIUM
FMA7234	tricuspid valve	valva atrioventricularis dextra	right atrioventricular valve	EXACT	Трёхстворчатый клапан	KEEP	Трёхстворчатый клапан	No deterministic QA defect detected; normative Russian source not independently confirmed.	MEDIUM
FMA7235	mitral valve	valva atrioventricularis sinistra	left atrioventricular valve	EXACT	Митральный клапан	KEEP	Митральный клапан	No deterministic QA defect detected; normative Russian source not independently confirmed.	MEDIUM
FMA7236	aortic valve	valva aortae	aortic valve	EXACT	Аортальный клапан	KEEP	Аортальный клапан	No deterministic QA defect detected; normative Russian source not independently confirmed.	MEDIUM
FMA7246	pulmonary valve	valva trunci pulmonalis	pulmonary valve	EXACT	Клапан лёгочного ствола	KEEP	Клапан лёгочного ствола	No deterministic QA defect detected; normative Russian source not independently confirmed.	MEDIUM
FMA7259	papillary muscle of right ventricle			NO_MATCH	Сосочковая мышца правый желудочек	KEEP	Сосочковая мышца правый желудочек	No deterministic QA defect detected; normative Russian source not independently confirmed.	MEDIUM
FMA7309	right lung	pulmo dexter	right lung	EXACT	Правый лёгкое	APPLY	Правое лёгкое	Exact TA2 mapping and unambiguous Russian correction; no source information is lost.	HIGH
FMA7310	left lung	pulmo sinister	left lung	EXACT	Левый лёгкое	APPLY	Левое лёгкое	Exact TA2 mapping and unambiguous Russian correction; no source information is lost.	HIGH
FMA7333	upper lobe of right lung	lobus superior pulmonis dextri	superior lobe of right lung	EXACT	Верхняя доля правый лёгкое	KEEP	Верхняя доля правый лёгкое	No deterministic QA defect detected; normative Russian source not independently confirmed.	MEDIUM
FMA7337	lower lobe of right lung	lobus inferior pulmonis dextri	inferior lobe of right lung	EXACT	Нижняя доля правый лёгкое	KEEP	Нижняя доля правый лёгкое	No deterministic QA defect detected; normative Russian source not independently confirmed.	MEDIUM
FMA7338	right apical bronchopulmonary segment			NO_MATCH	Правый верхушечная бронхолёгочный сегмент	REVIEW		Needs external Russian anatomical terminology verification.	LOW
FMA7339	right posterior bronchopulmonary segment			NO_MATCH	Правый задняя бронхолёгочный сегмент	REVIEW		Needs external Russian anatomical terminology verification.	LOW
FMA7359	right anterior bronchopulmonary segment			NO_MATCH	Правый передняя бронхолёгочный сегмент	REVIEW		Needs external Russian anatomical terminology verification.	LOW
FMA7360	medial bronchopulmonary segment			NO_MATCH	Медиальная бронхолёгочный сегмент	KEEP	Медиальная бронхолёгочный сегмент	No deterministic QA defect detected; normative Russian source not independently confirmed.	MEDIUM
FMA7361	lateral bronchopulmonary segment			NO_MATCH	Латеральная бронхолёгочный сегмент	KEEP	Латеральная бронхолёгочный сегмент	No deterministic QA defect detected; normative Russian source not independently confirmed.	MEDIUM
FMA7362	right posterior basal bronchopulmonary segment			NO_MATCH	Правый задняя базальная бронхолёгочный сегмент	REVIEW		Needs external Russian anatomical terminology verification.	LOW
FMA7363	right lateral basal bronchopulmonary segment			NO_MATCH	Правый латеральная базальная бронхолёгочный сегмент	REVIEW		Needs external Russian anatomical terminology verification.	LOW
FMA7364	right anterior basal bronchopulmonary segment			NO_MATCH	Правый передняя базальная бронхолёгочный сегмент	REVIEW		Needs external Russian anatomical terminology verification.	LOW
FMA7365	right medial basal bronchopulmonary segment			NO_MATCH	Правый медиальная базальная бронхолёгочный сегмент	REVIEW		Needs external Russian anatomical terminology verification.	LOW
FMA7366	right superior bronchopulmonary segment			NO_MATCH	Правый верхняя бронхолёгочный сегмент	REVIEW		Needs external Russian anatomical terminology verification.	LOW
FMA7370	upper lobe of left lung	lobus superior pulmonis sinistri	superior lobe of left lung	EXACT	Верхняя доля левый лёгкое	KEEP	Верхняя доля левый лёгкое	No deterministic QA defect detected; normative Russian source not independently confirmed.	MEDIUM
FMA7371	lower lobe of left lung	lobus inferior pulmonis sinistri	inferior lobe of left lung	EXACT	Нижняя доля левый лёгкое	KEEP	Нижняя доля левый лёгкое	No deterministic QA defect detected; normative Russian source not independently confirmed.	MEDIUM
FMA7372	apicoposterior bronchopulmonary segment			NO_MATCH	Верхушечно-задний бронхолёгочный сегмент	KEEP	Верхушечно-задний бронхолёгочный сегмент	No deterministic QA defect detected; normative Russian source not independently confirmed.	MEDIUM
FMA7373	left anterior bronchopulmonary segment			NO_MATCH	Левый передняя бронхолёгочный сегмент	REVIEW		Needs external Russian anatomical terminology verification.	LOW
FMA7374	superior lingular bronchopulmonary segment			NO_MATCH	Верхняя язычковая бронхолёгочный сегмент	KEEP	Верхняя язычковая бронхолёгочный сегмент	No deterministic QA defect detected; normative Russian source not independently confirmed.	MEDIUM
FMA7375	inferior lingular bronchopulmonary segment			NO_MATCH	Нижняя язычковая бронхолёгочный сегмент	KEEP	Нижняя язычковая бронхолёгочный сегмент	No deterministic QA defect detected; normative Russian source not independently confirmed.	MEDIUM
FMA7376	left superior bronchopulmonary segment			NO_MATCH	Левый верхняя бронхолёгочный сегмент	REVIEW		Needs external Russian anatomical terminology verification.	LOW
FMA7377	left medial basal bronchopulmonary segment			NO_MATCH	Левый медиальная базальная бронхолёгочный сегмент	REVIEW		Needs external Russian anatomical terminology verification.	LOW
FMA7378	left anterior basal bronchopulmonary segment			NO_MATCH	Левый передняя базальная бронхолёгочный сегмент	REVIEW		Needs external Russian anatomical terminology verification.	LOW
FMA7379	left lateral basal bronchopulmonary segment			NO_MATCH	Левый латеральная базальная бронхолёгочный сегмент	REVIEW		Needs external Russian anatomical terminology verification.	LOW
FMA7380	left posterior basal bronchopulmonary segment			NO_MATCH	Левый задняя базальная бронхолёгочный сегмент	REVIEW		Needs external Russian anatomical terminology verification.	LOW
FMA7383	middle lobe of lung			NO_MATCH	Средняя доля лёгкое	KEEP	Средняя доля лёгкое	No deterministic QA defect detected; normative Russian source not independently confirmed.	MEDIUM
FMA7385	left apical bronchopulmonary segment			NO_MATCH	Левый верхушечная бронхолёгочный сегмент	REVIEW		Needs external Russian anatomical terminology verification.	LOW
FMA7386	left posterior bronchopulmonary segment			NO_MATCH	Левый задняя бронхолёгочный сегмент	REVIEW		Needs external Russian anatomical terminology verification.	LOW
FMA7393	tracheobronchial tree	arbor tracheobronchialis	tracheobronchial tree	EXACT	Трахеобронхиальный дерево	KEEP	Трахеобронхиальный дерево	No deterministic QA defect detected; normative Russian source not independently confirmed.	MEDIUM
FMA7395	right main bronchus	bronchus principalis dexter	right main bronchus	EXACT	Правый главный бронх	KEEP	Правый главный бронх	Exact TA2 mapping; current Russian term is grammatical and semantically complete.	HIGH
FMA7480	rib cage	skeleton thoracis	thoracic skeleton	EXACT	Ребро кагэ	REVIEW		Needs external Russian anatomical terminology verification.	LOW
FMA7481	skeletal system of thorax			NO_MATCH	Скелетный система грудная клетка	KEEP	Скелетный система грудная клетка	No deterministic QA defect detected; normative Russian source not independently confirmed.	MEDIUM
FMA7482	musculoskeletal system			NO_MATCH	Мускулоскэлэтал система	KEEP	Мускулоскэлэтал система	No deterministic QA defect detected; normative Russian source not independently confirmed.	MEDIUM
FMA7483	axial skeletal system			NO_MATCH	Осевая скелетная система	KEEP	Осевая скелетная система	No deterministic QA defect detected; normative Russian source not independently confirmed.	MEDIUM
FMA7485	sternum	sternum	sternum	EXACT	Грудина	KEEP	Грудина	Exact TA2 mapping; current Russian term is grammatical and semantically complete.	HIGH
FMA7563	body compartment			NO_MATCH	Компартмент тела	REVIEW		Needs external Russian anatomical terminology verification.	LOW
FMA7647	spinal cord	medulla spinalis	spinal cord	EXACT	Спинномозговая канатик	KEEP	Спинномозговая канатик	No deterministic QA defect detected; normative Russian source not independently confirmed.	MEDIUM
FMA8617	right apical segmental artery			NO_MATCH	Правый верхушечная сегментарный артерия	APPLY	Правая верхушечная сегментарный артерия	Candidate from QA (laterality; lost_information); requires final Russian terminology review before application.	MEDIUM
FMA8619	right posterior segmental artery			NO_MATCH	Правый задняя сегментарный артерия	APPLY	Правая задняя сегментарный артерия	Candidate from QA (laterality; lost_information); requires final Russian terminology review before application.	MEDIUM
FMA8627	right superior segmental artery			NO_MATCH	Правый верхняя сегментарный артерия	APPLY	Правая верхняя сегментарный артерия	Candidate from QA (laterality; lost_information); requires final Russian terminology review before application.	MEDIUM
FMA8630	right anterior basal segmental artery			NO_MATCH	Правый передняя базальная сегментарный артерия	APPLY	Правая передняя базальная сегментарный артерия	Candidate from QA (laterality; lost_information); requires final Russian terminology review before application.	MEDIUM
FMA8631	right lateral basal segmental artery			NO_MATCH	Правый латеральная базальная сегментарный артерия	APPLY	Правая латеральная базальная сегментарный артерия	Candidate from QA (laterality; lost_information); requires final Russian terminology review before application.	MEDIUM
FMA8632	right posterior basal segmental artery			NO_MATCH	Правый задняя базальная сегментарный артерия	APPLY	Правая задняя базальная сегментарный артерия	Candidate from QA (laterality; lost_information); requires final Russian terminology review before application.	MEDIUM
FMA8655	right upper lobar vein			NO_MATCH	Правый верхняя долевой вена	APPLY	Правая верхняя долевой вена	Candidate from QA (laterality; lost_information); requires final Russian terminology review before application.	MEDIUM
FMA8656	middle lobar vein			NO_MATCH	Средняя долевой вена	KEEP	Средняя долевой вена	No deterministic QA defect detected; normative Russian source not independently confirmed.	MEDIUM
FMA8657	left upper lobar vein			NO_MATCH	Левый верхняя долевой вена	APPLY	Левая верхняя долевой вена	Candidate from QA (laterality); requires final Russian terminology review before application.	MEDIUM
FMA8658	lingular vein			NO_MATCH	Язычковая вена	KEEP	Язычковая вена	No deterministic QA defect detected; normative Russian source not independently confirmed.	MEDIUM
FMA8661	right apical segmental vein			NO_MATCH	Правый верхушечная сегментарный вена	APPLY	Правая верхушечная сегментарный вена	Candidate from QA (laterality; lost_information); requires final Russian terminology review before application.	MEDIUM
FMA8664	lateral segmental vein			NO_MATCH	Латеральная сегментарный вена	KEEP	Латеральная сегментарный вена	No deterministic QA defect detected; normative Russian source not independently confirmed.	MEDIUM
FMA8665	medial segmental vein			NO_MATCH	Медиальная сегментарный вена	KEEP	Медиальная сегментарный вена	No deterministic QA defect detected; normative Russian source not independently confirmed.	MEDIUM
FMA8666	apicoposterior segmental vein			NO_MATCH	Верхушечно-задняя сегментарная вена	KEEP	Верхушечно-задняя сегментарная вена	No deterministic QA defect detected; normative Russian source not independently confirmed.	MEDIUM
FMA8671	right common basal vein			NO_MATCH	Правый общая базальная вена	APPLY	Правая общая базальная вена	Candidate from QA (laterality; lost_information); requires final Russian terminology review before application.	MEDIUM
FMA8672	right superior basal vein			NO_MATCH	Правый верхняя базальная вена	APPLY	Правая верхняя базальная вена	Candidate from QA (laterality; lost_information); requires final Russian terminology review before application.	MEDIUM
FMA8674	right inferior basal vein			NO_MATCH	Правый нижняя базальная вена	APPLY	Правая нижняя базальная вена	Candidate from QA (laterality; lost_information); requires final Russian terminology review before application.	MEDIUM
FMA8676	left common basal vein			NO_MATCH	Левый общая базальная вена	APPLY	Левая общая базальная вена	Candidate from QA (laterality; lost_information); requires final Russian terminology review before application.	MEDIUM
FMA8677	left superior basal vein			NO_MATCH	Левый верхняя базальная вена	APPLY	Левая верхняя базальная вена	Candidate from QA (laterality; lost_information); requires final Russian terminology review before application.	MEDIUM
FMA8679	left inferior basal vein			NO_MATCH	Левый нижняя базальная вена	APPLY	Левая нижняя базальная вена	Candidate from QA (laterality; lost_information); requires final Russian terminology review before application.	MEDIUM
FMA9140	thoracic vertebral column			NO_MATCH	Грудная позвоночная столб	KEEP	Грудная позвоночная столб	No deterministic QA defect detected; normative Russian source not independently confirmed.	MEDIUM
FMA9348	subaortic curtain of left ventricle			NO_MATCH	Субаортальная занавеска левого желудочка	KEEP	Субаортальная занавеска левого желудочка	No deterministic QA defect detected; normative Russian source not independently confirmed.	MEDIUM
FMA9352	papillary muscle of left ventricle			NO_MATCH	Сосочковая мышца левый желудочек	KEEP	Сосочковая мышца левый желудочек	No deterministic QA defect detected; normative Russian source not independently confirmed.	MEDIUM
FMA9473	outflow part of left ventricle			NO_MATCH	Выносящая часть левого желудочка	KEEP	Выносящая часть левого желудочка	No deterministic QA defect detected; normative Russian source not independently confirmed.	MEDIUM
FMA9496	fibrous skeleton of heart	skeleton fibrosum cordis	fibrous skeleton of heart	EXACT	Фиброзный скелет сердца	KEEP	Фиброзный скелет сердца	No deterministic QA defect detected; normative Russian source not independently confirmed.	MEDIUM
FMA9498	fibrous ring of mitral valve			NO_MATCH	Фиброзное кольцо митрального клапана	KEEP	Фиброзное кольцо митрального клапана	No deterministic QA defect detected; normative Russian source not independently confirmed.	MEDIUM
FMA9533	wall of right ventricle			NO_MATCH	Стенка правый желудочек	REVIEW		Needs external Russian anatomical terminology verification.	LOW
FMA9535	myocardium of right ventricle			NO_MATCH	Миокард правый желудочек	KEEP	Миокард правый желудочек	No deterministic QA defect detected; normative Russian source not independently confirmed.	MEDIUM
FMA9550	outflow part of right atrium			NO_MATCH	Выносящая часть правого предсердия	KEEP	Выносящая часть правого предсердия	No deterministic QA defect detected; normative Russian source not independently confirmed.	MEDIUM
FMA9551	outflow part of left atrium			NO_MATCH	Выносящая часть левого предсердия	KEEP	Выносящая часть левого предсердия	No deterministic QA defect detected; normative Russian source not independently confirmed.	MEDIUM
FMA9552	inflow part of right ventricle			NO_MATCH	Приток часть правый желудочек	KEEP	Приток часть правый желудочек	No deterministic QA defect detected; normative Russian source not independently confirmed.	MEDIUM
FMA9553	anterior wall of right ventricle			NO_MATCH	Передняя стенка правого желудочка	KEEP	Передняя стенка правого желудочка	No deterministic QA defect detected; normative Russian source not independently confirmed.	MEDIUM
FMA9555	inferior wall of right ventricle			NO_MATCH	Нижняя стенка правый желудочек	KEEP	Нижняя стенка правый желудочек	No deterministic QA defect detected; normative Russian source not independently confirmed.	MEDIUM
FMA9556	wall of left ventricle			NO_MATCH	Стенка левый желудочек	REVIEW		Needs external Russian anatomical terminology verification.	LOW
FMA9558	myocardium of left ventricle			NO_MATCH	Миокард левый желудочек	KEEP	Миокард левый желудочек	No deterministic QA defect detected; normative Russian source not independently confirmed.	MEDIUM
FMA9560	anterior wall of left ventricle			NO_MATCH	Передняя стенка левого желудочка	KEEP	Передняя стенка левого желудочка	No deterministic QA defect detected; normative Russian source not independently confirmed.	MEDIUM
FMA9561	inferior wall of left ventricle			NO_MATCH	Нижняя стенка левого желудочка	KEEP	Нижняя стенка левого желудочка	No deterministic QA defect detected; normative Russian source not independently confirmed.	MEDIUM
FMA9563	lateral wall of left ventricle			NO_MATCH	Латеральная стенка левый желудочек	KEEP	Латеральная стенка левый желудочек	No deterministic QA defect detected; normative Russian source not independently confirmed.	MEDIUM
FMA9564	inflow part of left ventricle			NO_MATCH	Приточная часть левого желудочка	KEEP	Приточная часть левого желудочка	No deterministic QA defect detected; normative Russian source not independently confirmed.	MEDIUM
FMA9576	thorax	thorax	thorax	EXACT	Грудная клетка	KEEP	Грудная клетка	No deterministic QA defect detected; normative Russian source not independently confirmed.	MEDIUM
FMA9577	abdomen	abdomen	abdomen	EXACT	Живот	KEEP	Живот	No deterministic QA defect detected; normative Russian source not independently confirmed.	MEDIUM
FMA9578	pelvis	pelvis	pelvis	EXACT	Таз	KEEP	Таз	No deterministic QA defect detected; normative Russian source not independently confirmed.	MEDIUM
FMA9579	perineum	perineum	perineum	EXACT	Промежность	KEEP	Промежность	No deterministic QA defect detected; normative Russian source not independently confirmed.	MEDIUM
FMA9584	peritoneum	peritoneum	peritoneum	EXACT	Брюшина	KEEP	Брюшина	No deterministic QA defect detected; normative Russian source not independently confirmed.	MEDIUM
FMA9607	thymus	thymus	thymus	EXACT	Тимус	KEEP	Тимус	No deterministic QA defect detected; normative Russian source not independently confirmed.	MEDIUM
FMA9668	endocrine system			NO_MATCH	Эндокринэ система	KEEP	Эндокринэ система	No deterministic QA defect detected; normative Russian source not independently confirmed.	MEDIUM
FMA9713	right hand	manus	hand	PROBABLE	Правый кисть	REVIEW		Needs external Russian anatomical terminology verification.	LOW
FMA9714	left hand	manus	hand	PROBABLE	Левый кисть	REVIEW		Needs external Russian anatomical terminology verification.	LOW
FMA9826	mediastinum	mediastinum	mediastinum	EXACT	Средостение	KEEP	Средостение	No deterministic QA defect detected; normative Russian source not independently confirmed.	MEDIUM
FMA9827	superior mediastinum	mediastinum superius	superior mediastinum	EXACT	Верхнее средостение	KEEP	Верхнее средостение	No deterministic QA defect detected; normative Russian source not independently confirmed.	MEDIUM
FMA9828	inferior mediastinum	mediastinum inferius	inferior mediastinum	EXACT	Нижнее средостение	KEEP	Нижнее средостение	No deterministic QA defect detected; normative Russian source not independently confirmed.	MEDIUM
FMA9838	anterior mediastinum	mediastinum anterius	anterior mediastinum	EXACT	Переднее средостение	KEEP	Переднее средостение	No deterministic QA defect detected; normative Russian source not independently confirmed.	MEDIUM
FMA9839	middle mediastinum	mediastinum medium	middle mediastinum	EXACT	Среднее средостение	KEEP	Среднее средостение	No deterministic QA defect detected; normative Russian source not independently confirmed.	MEDIUM
FMA9840	posterior mediastinum	mediastinum posterius	posterior mediastinum	EXACT	Заднее средостение	KEEP	Заднее средостение	No deterministic QA defect detected; normative Russian source not independently confirmed.	MEDIUM
FMA9908	peritoneal sac			NO_MATCH	Пэритонэал сак	KEEP	Пэритонэал сак	No deterministic QA defect detected; normative Russian source not independently confirmed.	MEDIUM
FMA10427	body wall			NO_MATCH	Стенка тела	REVIEW		Needs external Russian anatomical terminology verification.	LOW
FMA10428	thoracic wall			NO_MATCH	Грудная стенка	KEEP	Грудная стенка	No deterministic QA defect detected; normative Russian source not independently confirmed.	MEDIUM
FMA10429	wall of abdomen proper			NO_MATCH	Стенка живот собственно	REVIEW		Needs external Russian anatomical terminology verification.	LOW
FMA10430	pelvic wall			NO_MATCH	Пэлвик стенка	KEEP	Пэлвик стенка	No deterministic QA defect detected; normative Russian source not independently confirmed.	MEDIUM
FMA11343	right foot	pes	foot	PROBABLE	Правый стопа	REVIEW		Needs external Russian anatomical terminology verification.	LOW
FMA11344	left foot	pes	foot	PROBABLE	Левый стопа	REVIEW		Needs external Russian anatomical terminology verification.	LOW
FMA11345	right forearm	antebrachium	forearm	PROBABLE	Правый предплечье	REVIEW		Needs external Russian anatomical terminology verification.	LOW
FMA11346	left forearm	antebrachium	forearm	PROBABLE	Левый предплечье	REVIEW		Needs external Russian anatomical terminology verification.	LOW
FMA12514	right eyeball	bulbus oculi	eyeball	PROBABLE	Правый глазное яблоко	REVIEW		Needs external Russian anatomical terminology verification.	LOW
FMA12515	left eyeball	bulbus oculi	eyeball	PROBABLE	Левый глазное яблоко	REVIEW		Needs external Russian anatomical terminology verification.	LOW
FMA13362	right lobe of liver	lobus dexter hepatis	right lobe of liver	EXACT	Правый доля печень	APPLY	Правая доля печени	Exact TA2 mapping and unambiguous Russian correction; no source information is lost.	HIGH
FMA13363	left lobe of liver	lobus sinister hepatis	left lobe of liver	EXACT	Левый доля печень	APPLY	Левая доля печени	Exact TA2 mapping and unambiguous Russian correction; no source information is lost.	HIGH
FMA13373	right pectoralis major			NO_MATCH	Правый грудная мышца большая	APPLY	Правая грудная мышца большая	Candidate from QA (laterality; lost_information); requires final Russian terminology review before application.	MEDIUM
FMA13374	left pectoralis major			NO_MATCH	Левый грудная мышца большая	APPLY	Левая грудная мышца большая	Candidate from QA (laterality; lost_information); requires final Russian terminology review before application.	MEDIUM
FMA13478	vertebral column	columna vertebralis	vertebral column	EXACT	Позвоночная столб	KEEP	Позвоночная столб	No deterministic QA defect detected; normative Russian source not independently confirmed.	MEDIUM
FMA14541	cecum			NO_MATCH	Кэкум	KEEP	Кэкум	No deterministic QA defect detected; normative Russian source not independently confirmed.	MEDIUM
FMA14615	wall of small intestine			NO_MATCH	Стенка малая кишка	REVIEW		Needs external Russian anatomical terminology verification.	LOW
FMA14618	wall of ileum			NO_MATCH	Стенка подвздошная кишка	REVIEW		Needs external Russian anatomical terminology verification.	LOW
FMA14619	wall of large intestine			NO_MATCH	Стенка большая кишка	REVIEW		Needs external Russian anatomical terminology verification.	LOW
FMA14627	anterior abdominal wall			NO_MATCH	Передняя брюшная стенка	KEEP	Передняя брюшная стенка	No deterministic QA defect detected; normative Russian source not independently confirmed.	MEDIUM
FMA14628	posterior abdominal wall	dorsum abdominis	back of abdomen	EXACT	Задняя абдоминал стенка	KEEP	Задняя абдоминал стенка	No deterministic QA defect detected; normative Russian source not independently confirmed.	MEDIUM
FMA14665	biliary tree			NO_MATCH	Желчное дерево	KEEP	Желчное дерево	No deterministic QA defect detected; normative Russian source not independently confirmed.	MEDIUM
FMA14703	visceral peritoneum	peritoneum viscerale	visceral peritoneum	EXACT	Висцеральная брюшина	KEEP	Висцеральная брюшина	No deterministic QA defect detected; normative Russian source not independently confirmed.	MEDIUM
FMA14775	gastroduodenal artery	arteria gastroduodenalis	gastroduodenal artery	EXACT	Гастродуодэнал артерия	KEEP	Гастродуодэнал артерия	No deterministic QA defect detected; normative Russian source not independently confirmed.	MEDIUM
FMA14778	right hepatic artery	arteria hepatica dextra	right hepatic artery	EXACT	Правый печёночная артерия	APPLY	Правая печёночная артерия	Exact TA2 mapping and unambiguous Russian correction; no source information is lost.	HIGH
FMA14779	left hepatic artery	arteria hepatica sinistra	left hepatic artery	EXACT	Левый печёночная артерия	APPLY	Левая печёночная артерия	Exact TA2 mapping and unambiguous Russian correction; no source information is lost.	HIGH
FMA14823	inferior branch of ileocolic artery			NO_MATCH	Нижняя ветвь подвздошно-ободочная артерия	KEEP	Нижняя ветвь подвздошно-ободочная артерия	No deterministic QA defect detected; normative Russian source not independently confirmed.	MEDIUM
FMA14971	muscle layer of large intestine			NO_MATCH	Мышца слой большая кишка	REVIEW		Needs external Russian anatomical terminology verification.	LOW
FMA15419	anterior branch of right portal vein			NO_MATCH	Передняя ветвь правой воротной вены	REVIEW		Needs external Russian anatomical terminology verification.	LOW
FMA15422	posterior branch of right portal vein			NO_MATCH	Задняя ветвь правый воротная вена	APPLY	Задняя ветвь Правая воротная вена	Candidate from QA (laterality); requires final Russian terminology review before application.	MEDIUM
FMA15427	medial branch of left portal vein			NO_MATCH	Медиальная ветвь левый воротная вена	APPLY	Медиальная ветвь Левая воротная вена	Candidate from QA (laterality); requires final Russian terminology review before application.	MEDIUM
FMA15430	lateral branch of left portal vein			NO_MATCH	Латеральная ветвь левый воротная вена	APPLY	Латеральная ветвь Левая воротная вена	Candidate from QA (laterality); requires final Russian terminology review before application.	MEDIUM
FMA15748	anterior sector of right liver			NO_MATCH	Передний сектор правой доли печени	REVIEW		Needs external Russian anatomical terminology verification.	LOW
FMA15749	posterior sector of right liver			NO_MATCH	Задняя сектор правый печень	KEEP	Задняя сектор правый печень	No deterministic QA defect detected; normative Russian source not independently confirmed.	MEDIUM
FMA15750	anterior sector of left liver			NO_MATCH	Передний сектор левой доли печени	REVIEW		Needs external Russian anatomical terminology verification.	LOW
FMA15751	posterior sector of left liver			NO_MATCH	Задняя сектор левый печень	KEEP	Задняя сектор левый печень	No deterministic QA defect detected; normative Russian source not independently confirmed.	MEDIUM
FMA15809	right hemiliver			NO_MATCH	Правый хэмиливэр	REVIEW		Needs external Russian anatomical terminology verification.	LOW
FMA15810	left hemiliver			NO_MATCH	Левый хэмиливэр	REVIEW		Needs external Russian anatomical terminology verification.	LOW
FMA16203	lumbar vertebral column			NO_MATCH	Поясничная позвоночная столб	KEEP	Поясничная позвоночная столб	No deterministic QA defect detected; normative Russian source not independently confirmed.	MEDIUM
FMA16580	bony pelvis	pelvis ossea	bony pelvis	EXACT	Костный таз	KEEP	Костный таз	No deterministic QA defect detected; normative Russian source not independently confirmed.	MEDIUM
FMA16581	pelvic girdle	cingulum pelvicum	pelvic girdle	EXACT	Пэлвик пояс	KEEP	Пэлвик пояс	No deterministic QA defect detected; normative Russian source not independently confirmed.	MEDIUM
FMA16582	right pelvic girdle	cingulum pelvicum	pelvic girdle	PROBABLE	Правый пэлвик пояс	REVIEW		Needs external Russian anatomical terminology verification.	LOW
FMA16583	left pelvic girdle	cingulum pelvicum	pelvic girdle	PROBABLE	Левый пэлвик пояс	REVIEW		Needs external Russian anatomical terminology verification.	LOW
FMA17181	wall of distal part of ileum			NO_MATCH	Стенка дистальная часть подвздошная кишка	REVIEW		Needs external Russian anatomical terminology verification.	LOW
FMA20218	mons pubis	mons pubis	mons pubis	EXACT	Монс пубис	KEEP	Монс пубис	No deterministic QA defect detected; normative Russian source not independently confirmed.	MEDIUM
FMA20224	right side of rib cage			NO_MATCH	Правый сидэ ребро кагэ	APPLY	Правое сидэ ребро кагэ	Candidate from QA (laterality; lost_information); requires final Russian terminology review before application.	MEDIUM
FMA20225	left side of rib cage			NO_MATCH	Левый сидэ ребро кагэ	APPLY	Левое сидэ ребро кагэ	Candidate from QA (laterality; lost_information); requires final Russian terminology review before application.	MEDIUM
FMA20226	right side of bony pelvis			NO_MATCH	Правый сидэ костный таз	REVIEW		Needs external Russian anatomical terminology verification.	LOW
FMA20227	left side of bony pelvis			NO_MATCH	Левый сидэ костный таз	REVIEW		Needs external Russian anatomical terminology verification.	LOW
FMA20347	anal part of perineum			NO_MATCH	Анальная часть промежности	KEEP	Анальная часть промежности	No deterministic QA defect detected; normative Russian source not independently confirmed.	MEDIUM
FMA20394	human body	corpus humanum	human body	EXACT	Человеческая тело	KEEP	Человеческая тело	No deterministic QA defect detected; normative Russian source not independently confirmed.	MEDIUM
FMA20796	right deep femoral artery	arteria profunda femoris	deep femoral artery	PROBABLE	Правый глубокая бедренная артерия	APPLY	Правая глубокая бедренная артерия	Candidate from QA (laterality; lost_information); requires final Russian terminology review before application.	MEDIUM
FMA20797	left deep femoral artery	arteria profunda femoris	deep femoral artery	PROBABLE	Левый глубокая бедренная артерия	APPLY	Левая глубокая бедренная артерия	Candidate from QA (laterality; lost_information); requires final Russian terminology review before application.	MEDIUM
FMA22672	right thoraco-acromial artery			NO_MATCH	Правая грудоакромиальная артерия	REVIEW		Needs external Russian anatomical terminology verification.	LOW
FMA22673	left thoraco-acromial artery			NO_MATCH	Левая грудоакромиальная артерия	REVIEW		Needs external Russian anatomical terminology verification.	LOW
FMA23218	right pectoral girdle	cingulum pectorale	pectoral girdle	PROBABLE	Правый плечевой пояс	REVIEW		Needs external Russian anatomical terminology verification.	LOW
FMA23219	left pectoral girdle	cingulum pectorale	pectoral girdle	PROBABLE	Левый плечевой пояс	REVIEW		Needs external Russian anatomical terminology verification.	LOW
FMA23876	skeleton (in vivo)			NO_MATCH	Скелет (прижизненно)	REVIEW		Needs external Russian anatomical terminology verification.	LOW
FMA23881	skeletal system	systema skeletale	skeletal system	EXACT	Скелетный система	KEEP	Скелетный система	No deterministic QA defect detected; normative Russian source not independently confirmed.	MEDIUM
FMA24138	cervical vertebral column			NO_MATCH	Шейная позвоночная столб	KEEP	Шейная позвоночная столб	No deterministic QA defect detected; normative Russian source not independently confirmed.	MEDIUM
FMA24163	skeleton of right pectoral girdle			NO_MATCH	скелет правый плечевой пояс	KEEP	скелет правый плечевой пояс	No deterministic QA defect detected; normative Russian source not independently confirmed.	MEDIUM
FMA24164	skeleton of left pectoral girdle			NO_MATCH	скелет левый плечевой пояс	KEEP	скелет левый плечевой пояс	No deterministic QA defect detected; normative Russian source not independently confirmed.	MEDIUM
FMA24189	back of neck			NO_MATCH	Задняя область шеи	KEEP	Задняя область шеи	No deterministic QA defect detected; normative Russian source not independently confirmed.	MEDIUM
FMA24217	back of thorax	dorsum thoracis	back of thorax	EXACT	Задняя область грудной клетки	KEEP	Задняя область грудной клетки	No deterministic QA defect detected; normative Russian source not independently confirmed.	MEDIUM
FMA24228	posterior part of pelvis			NO_MATCH	Задняя часть таз	KEEP	Задняя часть таз	No deterministic QA defect detected; normative Russian source not independently confirmed.	MEDIUM
FMA24728	face	facies	face	EXACT	Лицо	KEEP	Лицо	No deterministic QA defect detected; normative Russian source not independently confirmed.	MEDIUM
FMA24816	anterior chest	regio anterior thoracis	anterior region of thorax	EXACT	Передняя область грудной клетки	KEEP	Передняя область грудной клетки	No deterministic QA defect detected; normative Russian source not independently confirmed.	MEDIUM
FMA24866	sternal part of chest			NO_MATCH	Стэрнал часть грудь	KEEP	Стэрнал часть грудь	No deterministic QA defect detected; normative Russian source not independently confirmed.	MEDIUM
FMA24880	right free upper limb			NO_MATCH	Правый свободная верхняя конечность	REVIEW		Needs external Russian anatomical terminology verification.	LOW
FMA24881	left free upper limb			NO_MATCH	Левый свободная верхняя конечность	REVIEW		Needs external Russian anatomical terminology verification.	LOW
FMA24882	right free lower limb			NO_MATCH	Правый свободная нижняя конечность	REVIEW		Needs external Russian anatomical terminology verification.	LOW
FMA24883	left free lower limb			NO_MATCH	Левый свободная нижняя конечность	REVIEW		Needs external Russian anatomical terminology verification.	LOW
FMA24895	right arm	brachium	arm	PROBABLE	Правый плечо	REVIEW		Needs external Russian anatomical terminology verification.	LOW
FMA24896	left arm	brachium	arm	PROBABLE	Левый плечо	REVIEW		Needs external Russian anatomical terminology verification.	LOW
FMA24940	right wrist	carpus	wrist	PROBABLE	Правый запястье	REVIEW		Needs external Russian anatomical terminology verification.	LOW
FMA24941	left wrist	carpus	wrist	PROBABLE	Левый запястье	REVIEW		Needs external Russian anatomical terminology verification.	LOW
FMA24965	right hip	coxa	hip	PROBABLE	Правый тазобедренная область	REVIEW		Needs external Russian anatomical terminology verification.	LOW
FMA24966	left hip	coxa	hip	PROBABLE	Левый тазобедренная область	REVIEW		Needs external Russian anatomical terminology verification.	LOW
FMA24968	right thigh	femur	thigh	PROBABLE	Правый бедро	REVIEW		Needs external Russian anatomical terminology verification.	LOW
FMA24969	left thigh	femur	thigh	PROBABLE	Левый бедро	REVIEW		Needs external Russian anatomical terminology verification.	LOW
FMA24977	right knee	genu	knee	PROBABLE	Правый кнээ	REVIEW		Needs external Russian anatomical terminology verification.	LOW
FMA24978	left knee	genu	knee	PROBABLE	Левый кнээ	REVIEW		Needs external Russian anatomical terminology verification.	LOW
FMA24980	right leg	crus	leg	PROBABLE	Правый голень	REVIEW		Needs external Russian anatomical terminology verification.	LOW
FMA24981	left leg	crus	leg	PROBABLE	Левый голень	REVIEW		Needs external Russian anatomical terminology verification.	LOW
FMA25511	intervertebral symphysis	symphysis intervertebralis	intervertebral symphysis	EXACT	Межпозвоночное соединение	KEEP	Межпозвоночное соединение	No deterministic QA defect detected; normative Russian source not independently confirmed.	MEDIUM
FMA25558	right lateral chest wall			NO_MATCH	Правый латеральная грудь стенка	APPLY	Правая латеральная грудь стенка	Candidate from QA (laterality; lost_information); requires final Russian terminology review before application.	MEDIUM
FMA25559	left lateral chest wall			NO_MATCH	Левый латеральная грудь стенка	APPLY	Левая латеральная грудь стенка	Candidate from QA (laterality; lost_information); requires final Russian terminology review before application.	MEDIUM
FMA25571	intervertebral symphysis of axis			NO_MATCH	Межпозвоночное соединение атлантоаксиальное	KEEP	Межпозвоночное соединение атлантоаксиальное	No deterministic QA defect detected; normative Russian source not independently confirmed.	MEDIUM
FMA25572	right bony pectoral girdle			NO_MATCH	Правый костный плечевой пояс	REVIEW		Needs external Russian anatomical terminology verification.	LOW
FMA25573	left bony pectoral girdle			NO_MATCH	Левый костный плечевой пояс	REVIEW		Needs external Russian anatomical terminology verification.	LOW
FMA26078	third cervical intervertebral symphysis			NO_MATCH	Третья шейная межпозвоночное соединение	KEEP	Третья шейная межпозвоночное соединение	No deterministic QA defect detected; normative Russian source not independently confirmed.	MEDIUM
FMA26083	fourth cervical intervertebral symphysis			NO_MATCH	Четвёртая шейная межпозвоночное соединение	KEEP	Четвёртая шейная межпозвоночное соединение	No deterministic QA defect detected; normative Russian source not independently confirmed.	MEDIUM
FMA26084	fifth cervical intervertebral symphysis			NO_MATCH	Пятая шейная межпозвоночное соединение	KEEP	Пятая шейная межпозвоночное соединение	No deterministic QA defect detected; normative Russian source not independently confirmed.	MEDIUM
FMA26085	sixth cervical intervertebral symphysis			NO_MATCH	Шестая шейная межпозвоночное соединение	KEEP	Шестая шейная межпозвоночное соединение	No deterministic QA defect detected; normative Russian source not independently confirmed.	MEDIUM
FMA26086	seventh cervical intervertebral symphysis			NO_MATCH	Седьмая шейная межпозвоночное соединение	KEEP	Седьмая шейная межпозвоночное соединение	No deterministic QA defect detected; normative Russian source not independently confirmed.	MEDIUM
FMA26089	first thoracic intervertebral symphysis			NO_MATCH	Первая грудная межпозвоночное соединение	KEEP	Первая грудная межпозвоночное соединение	No deterministic QA defect detected; normative Russian source not independently confirmed.	MEDIUM
FMA26094	second thoracic intervertebral symphysis			NO_MATCH	Вторая грудная межпозвоночное соединение	KEEP	Вторая грудная межпозвоночное соединение	No deterministic QA defect detected; normative Russian source not independently confirmed.	MEDIUM
FMA26095	third thoracic intervertebral symphysis			NO_MATCH	Третья грудная межпозвоночное соединение	KEEP	Третья грудная межпозвоночное соединение	No deterministic QA defect detected; normative Russian source not independently confirmed.	MEDIUM
FMA26096	fourth thoracic intervertebral symphysis			NO_MATCH	Четвёртая грудная межпозвоночное соединение	KEEP	Четвёртая грудная межпозвоночное соединение	No deterministic QA defect detected; normative Russian source not independently confirmed.	MEDIUM
FMA26097	fifth thoracic intervertebral symphysis			NO_MATCH	Пятая грудная межпозвоночное соединение	KEEP	Пятая грудная межпозвоночное соединение	No deterministic QA defect detected; normative Russian source not independently confirmed.	MEDIUM
FMA26098	sixth thoracic intervertebral symphysis			NO_MATCH	Шестая грудная межпозвоночное соединение	KEEP	Шестая грудная межпозвоночное соединение	No deterministic QA defect detected; normative Russian source not independently confirmed.	MEDIUM
FMA26099	seventh thoracic intervertebral symphysis			NO_MATCH	Седьмая грудная межпозвоночное соединение	KEEP	Седьмая грудная межпозвоночное соединение	No deterministic QA defect detected; normative Russian source not independently confirmed.	MEDIUM
FMA26100	eighth thoracic intervertebral symphysis			NO_MATCH	Восьмая грудная межпозвоночное соединение	KEEP	Восьмая грудная межпозвоночное соединение	No deterministic QA defect detected; normative Russian source not independently confirmed.	MEDIUM
FMA26101	ninth thoracic intervertebral symphysis			NO_MATCH	Девятая грудная межпозвоночное соединение	KEEP	Девятая грудная межпозвоночное соединение	No deterministic QA defect detected; normative Russian source not independently confirmed.	MEDIUM
FMA26102	tenth thoracic intervertebral symphysis			NO_MATCH	Десятая грудная межпозвоночное соединение	KEEP	Десятая грудная межпозвоночное соединение	No deterministic QA defect detected; normative Russian source not independently confirmed.	MEDIUM
FMA26103	eleventh thoracic intervertebral symphysis			NO_MATCH	Одиннадцатая грудная межпозвоночное соединение	KEEP	Одиннадцатая грудная межпозвоночное соединение	No deterministic QA defect detected; normative Russian source not independently confirmed.	MEDIUM
FMA26105	first lumbar intervertebral symphysis			NO_MATCH	Первая поясничная межпозвоночное соединение	KEEP	Первая поясничная межпозвоночное соединение	No deterministic QA defect detected; normative Russian source not independently confirmed.	MEDIUM
FMA26106	second lumbar intervertebral symphysis			NO_MATCH	Вторая поясничная межпозвоночное соединение	KEEP	Вторая поясничная межпозвоночное соединение	No deterministic QA defect detected; normative Russian source not independently confirmed.	MEDIUM
FMA26107	third lumbar intervertebral symphysis			NO_MATCH	Третья поясничная межпозвоночное соединение	KEEP	Третья поясничная межпозвоночное соединение	No deterministic QA defect detected; normative Russian source not independently confirmed.	MEDIUM
FMA26108	fourth lumbar intervertebral symphysis			NO_MATCH	Четвёртая поясничная межпозвоночное соединение	KEEP	Четвёртая поясничная межпозвоночное соединение	No deterministic QA defect detected; normative Russian source not independently confirmed.	MEDIUM
FMA26109	fifth lumbar intervertebral symphysis			NO_MATCH	Пятая поясничная межпозвоночное соединение	KEEP	Пятая поясничная межпозвоночное соединение	No deterministic QA defect detected; normative Russian source not independently confirmed.	MEDIUM
FMA26572	thoracic part of tracheobronchial tree			NO_MATCH	Грудная часть трахеобронхиальный дерево	KEEP	Грудная часть трахеобронхиальный дерево	No deterministic QA defect detected; normative Russian source not independently confirmed.	MEDIUM
FMA26661	right bronchial tree	arbor tracheobronchialis	tracheobronchial tree	PROBABLE	Правый бронхиальная дерево	REVIEW		Needs external Russian anatomical terminology verification.	LOW
FMA26662	left bronchial tree	arbor tracheobronchialis	tracheobronchial tree	PROBABLE	Левый бронхиальная дерево	REVIEW		Needs external Russian anatomical terminology verification.	LOW
FMA31741	middle lobe part of right bronchial tree			NO_MATCH	Средняя доля часть правый бронхиальная дерево	APPLY	Средняя доля часть Правая бронхиальная дерево	Candidate from QA (laterality); requires final Russian terminology review before application.	MEDIUM
FMA31744	upper lobe part of right bronchial tree			NO_MATCH	Верхняя доля часть правый бронхиальная дерево	APPLY	Верхняя доля часть Правая бронхиальная дерево	Candidate from QA (laterality); requires final Russian terminology review before application.	MEDIUM
FMA31746	upper lobe part of left bronchial tree			NO_MATCH	Верхняя доля часть левый бронхиальная дерево	APPLY	Верхняя доля часть Левая бронхиальная дерево	Candidate from QA (laterality); requires final Russian terminology review before application.	MEDIUM
FMA31747	lower lobe part of right bronchial tree			NO_MATCH	Нижняя доля часть правый бронхиальная дерево	APPLY	Нижняя доля часть Правая бронхиальная дерево	Candidate from QA (laterality); requires final Russian terminology review before application.	MEDIUM
FMA31748	lower lobe part of left bronchial tree			NO_MATCH	Нижняя доля часть левый бронхиальная дерево	APPLY	Нижняя доля часть Левая бронхиальная дерево	Candidate from QA (laterality); requires final Russian terminology review before application.	MEDIUM
FMA33642	right shoulder	omos	shoulder	PROBABLE	Правый плечо	REVIEW		Needs external Russian anatomical terminology verification.	LOW
FMA33644	pectoral part of right pectoral girdle			NO_MATCH	Плечевой часть правый плечевой пояс	APPLY	Плечевой часть Правая плечевой пояс	Candidate from QA (laterality); requires final Russian terminology review before application.	MEDIUM
FMA33645	pectoral part of left pectoral girdle			NO_MATCH	Плечевой часть левый плечевой пояс	APPLY	Плечевой часть Левая плечевой пояс	Candidate from QA (laterality); requires final Russian terminology review before application.	MEDIUM
FMA33646	scapular part of right pectoral girdle			NO_MATCH	Лопаточная часть правый плечевой пояс	APPLY	Лопаточная часть Правая плечевой пояс	Candidate from QA (laterality); requires final Russian terminology review before application.	MEDIUM
FMA33647	scapular part of left pectoral girdle			NO_MATCH	Лопаточная часть левый плечевой пояс	APPLY	Лопаточная часть Левая плечевой пояс	Candidate from QA (laterality); requires final Russian terminology review before application.	MEDIUM
FMA45621	pulmonary vascular system			NO_MATCH	Лёгочный сосудистое система	KEEP	Лёгочный сосудистое система	No deterministic QA defect detected; normative Russian source not independently confirmed.	MEDIUM
FMA45623	systemic arterial system			NO_MATCH	Системная артериальная система	KEEP	Системная артериальная система	No deterministic QA defect detected; normative Russian source not independently confirmed.	MEDIUM
FMA45626	systemic venous system			NO_MATCH	Системная венозная система	KEEP	Системная венозная система	No deterministic QA defect detected; normative Russian source not independently confirmed.	MEDIUM
FMA45628	portal venous system			NO_MATCH	Воротная венозная система	KEEP	Воротная венозная система	No deterministic QA defect detected; normative Russian source not independently confirmed.	MEDIUM
FMA45659	lower urinary tract			NO_MATCH	Нижние мочевые пути	KEEP	Нижние мочевые пути	No deterministic QA defect detected; normative Russian source not independently confirmed.	MEDIUM
FMA45662	lower respiratory tract			NO_MATCH	Нижняя дыхательный проводящий путь	KEEP	Нижняя дыхательный проводящий путь	No deterministic QA defect detected; normative Russian source not independently confirmed.	MEDIUM
FMA45842	pulmonary arterial tree			NO_MATCH	Лёгочный артериальная дерево	KEEP	Лёгочный артериальная дерево	No deterministic QA defect detected; normative Russian source not independently confirmed.	MEDIUM
FMA45847	portal venous tree			NO_MATCH	Воротная венозная дерево	KEEP	Воротная венозная дерево	No deterministic QA defect detected; normative Russian source not independently confirmed.	MEDIUM
FMA46448	frontal part of head			NO_MATCH	Лобная часть головка	KEEP	Лобная часть головка	No deterministic QA defect detected; normative Russian source not independently confirmed.	MEDIUM
FMA46472	nose	nasus	nose	EXACT	Нос	KEEP	Нос	No deterministic QA defect detected; normative Russian source not independently confirmed.	MEDIUM
FMA46565	skull	cranium	cranium	EXACT	Череп	KEEP	Череп	No deterministic QA defect detected; normative Russian source not independently confirmed.	MEDIUM
FMA49177	upper gastrointestinal tract			NO_MATCH	Верхняя желудочно-кишечный проводящий путь	KEEP	Верхняя желудочно-кишечный проводящий путь	No deterministic QA defect detected; normative Russian source not independently confirmed.	MEDIUM
FMA49179	lower gastrointestinal tract			NO_MATCH	Нижняя желудочно-кишечный проводящий путь	KEEP	Нижняя желудочно-кишечный проводящий путь	No deterministic QA defect detected; normative Russian source not independently confirmed.	MEDIUM
FMA49184	mouth	stoma	mouth	EXACT	Полость рта	KEEP	Полость рта	No deterministic QA defect detected; normative Russian source not independently confirmed.	MEDIUM
FMA49187	occipital part of head			NO_MATCH	Затылочная часть головка	KEEP	Затылочная часть головка	No deterministic QA defect detected; normative Russian source not independently confirmed.	MEDIUM
FMA49207	wall of inflow part of right ventricle			NO_MATCH	Стенка приток часть правый желудочек	REVIEW		Needs external Russian anatomical terminology verification.	LOW
FMA49214	wall of inflow part of left ventricle			NO_MATCH	Стенка приток часть левый желудочек	REVIEW		Needs external Russian anatomical terminology verification.	LOW
FMA49894	systemic arterial tree			NO_MATCH	Системная артериальная дерево	KEEP	Системная артериальная дерево	No deterministic QA defect detected; normative Russian source not independently confirmed.	MEDIUM
FMA50039	right coronary artery	arteria coronaria dextra	right coronary artery	EXACT	Правый коронарная артерия	APPLY	Правая коронарная артерия	Exact TA2 mapping and unambiguous Russian correction; no source information is lost.	HIGH
FMA50040	left coronary artery	arteria coronaria sinistra	left coronary artery	EXACT	Левый коронарная артерия	APPLY	Левая коронарная артерия	Exact TA2 mapping and unambiguous Russian correction; no source information is lost.	HIGH
FMA50060	chest wall			NO_MATCH	Грудь стенка	KEEP	Грудь стенка	No deterministic QA defect detected; normative Russian source not independently confirmed.	MEDIUM
FMA50061	superficial chest wall			NO_MATCH	Поверхностная грудь стенка	KEEP	Поверхностная грудь стенка	No deterministic QA defect detected; normative Russian source not independently confirmed.	MEDIUM
FMA50063	anterior superficial chest wall			NO_MATCH	Передняя поверхностная стенка грудной клетки	REVIEW		Needs external Russian anatomical terminology verification.	LOW
FMA50071	right lateral superficial chest wall			NO_MATCH	Правый латеральная поверхностная грудь стенка	APPLY	Правая латеральная поверхностная грудь стенка	Candidate from QA (laterality; lost_information); requires final Russian terminology review before application.	MEDIUM
FMA50072	left lateral superficial chest wall			NO_MATCH	Левый латеральная поверхностная грудь стенка	APPLY	Левая латеральная поверхностная грудь стенка	Candidate from QA (laterality; lost_information); requires final Russian terminology review before application.	MEDIUM
FMA50082	right middle cerebral artery	arteria media cerebri	middle cerebral artery	PROBABLE	Правый средняя мозговая артерия	APPLY	Правая средняя мозговая артерия	Candidate from QA (laterality; lost_information); requires final Russian terminology review before application.	MEDIUM
FMA50308	coronary sinus tree			NO_MATCH	Коронарная синус дерево	KEEP	Коронарная синус дерево	No deterministic QA defect detected; normative Russian source not independently confirmed.	MEDIUM
FMA50454	cerebral arterial circle	circulus arteriosus cerebri	cerebral arterial circle	EXACT	Мозговая артериальная кирклэ	KEEP	Мозговая артериальная кирклэ	No deterministic QA defect detected; normative Russian source not independently confirmed.	MEDIUM
FMA50561	right pontine artery			NO_MATCH	Правый мостовая артерия	APPLY	Правая мостовая артерия	Candidate from QA (laterality; lost_information); requires final Russian terminology review before application.	MEDIUM
FMA50562	left pontine artery			NO_MATCH	Левый мостовая артерия	APPLY	Левая мостовая артерия	Candidate from QA (laterality; lost_information); requires final Russian terminology review before application.	MEDIUM
FMA50584	right posterior cerebral artery	arteria posterior cerebri	posterior cerebral artery	PROBABLE	Правый задняя мозговая артерия	APPLY	Правая задняя мозговая артерия	Candidate from QA (laterality; lost_information); requires final Russian terminology review before application.	MEDIUM
FMA50585	left posterior cerebral artery	arteria posterior cerebri	posterior cerebral artery	PROBABLE	Левый задняя мозговая артерия	APPLY	Левая задняя мозговая артерия	Candidate from QA (laterality; lost_information); requires final Russian terminology review before application.	MEDIUM
FMA50658	right posterior choroidal artery			NO_MATCH	Правая задняя ворсинчатая артерия	REVIEW		Needs external Russian anatomical terminology verification.	LOW
FMA50659	left posterior choroidal artery			NO_MATCH	Левая задняя ворсинчатая артерия	REVIEW		Needs external Russian anatomical terminology verification.	LOW
FMA50801	brain	encephalon	brain	EXACT	Головной мозг	KEEP	Головной мозг	No deterministic QA defect detected; normative Russian source not independently confirmed.	MEDIUM
FMA51044	fascia lata of right thigh			NO_MATCH	Фасция лата правый бедро	APPLY	Фасция лата Правая бедро	Candidate from QA (laterality); requires final Russian terminology review before application.	MEDIUM
FMA51045	fascia lata of left thigh			NO_MATCH	Фасция лата левый бедро	APPLY	Фасция лата Левая бедро	Candidate from QA (laterality); requires final Russian terminology review before application.	MEDIUM
FMA52801	basicranium	basis cranii	cranial base	EXACT	Основание черепа	KEEP	Основание черепа	No deterministic QA defect detected; normative Russian source not independently confirmed.	MEDIUM
FMA53082	right orbit	orbita	orbit	PROBABLE	Правый орбит	REVIEW		Needs external Russian anatomical terminology verification.	LOW
FMA53083	left orbit	orbita	orbit	PROBABLE	Левый орбит	REVIEW		Needs external Russian anatomical terminology verification.	LOW
FMA53637	right cheek	bucca	cheek	PROBABLE	Правый чээк	REVIEW		Needs external Russian anatomical terminology verification.	LOW
FMA53638	left cheek	bucca	cheek	PROBABLE	Левый чээк	REVIEW		Needs external Russian anatomical terminology verification.	LOW
FMA53672	neurocranium	neurocranium	neurocranium	EXACT	Нэурокраниум	KEEP	Нэурокраниум	No deterministic QA defect detected; normative Russian source not independently confirmed.	MEDIUM
FMA53673	viscerocranium	viscerocranium	viscerocranium	EXACT	Вискэрокраниум	KEEP	Вискэрокраниум	No deterministic QA defect detected; normative Russian source not independently confirmed.	MEDIUM
FMA54375	nasal septum	septum nasi	nasal septum	EXACT	Носовая перегородка	KEEP	Носовая перегородка	No deterministic QA defect detected; normative Russian source not independently confirmed.	MEDIUM
FMA54397	upper jaw			NO_MATCH	Верхняя челюсть	KEEP	Верхняя челюсть	No deterministic QA defect detected; normative Russian source not independently confirmed.	MEDIUM
FMA54398	lower jaw			NO_MATCH	Нижняя челюсть	KEEP	Нижняя челюсть	No deterministic QA defect detected; normative Russian source not independently confirmed.	MEDIUM
FMA54440	right upper eyelid	palpebra superior	upper eyelid	PROBABLE	Правый верхняя веко	REVIEW		Needs external Russian anatomical terminology verification.	LOW
FMA54441	left upper eyelid	palpebra superior	upper eyelid	PROBABLE	Левый верхняя веко	REVIEW		Needs external Russian anatomical terminology verification.	LOW
FMA54443	right lower eyelid	palpebra inferior	lower eyelid	PROBABLE	Правый нижняя веко	REVIEW		Needs external Russian anatomical terminology verification.	LOW
FMA54444	left lower eyelid	palpebra inferior	lower eyelid	PROBABLE	Левый нижняя веко	REVIEW		Needs external Russian anatomical terminology verification.	LOW
FMA54449	right eye	oculus	eye	PROBABLE	Правый глаз	REVIEW		Needs external Russian anatomical terminology verification.	LOW
FMA54450	left eye	oculus	eye	PROBABLE	Левый глаз	REVIEW		Needs external Russian anatomical terminology verification.	LOW
FMA54545	head proper			NO_MATCH	Головка собственно	KEEP	Головка собственно	No deterministic QA defect detected; normative Russian source not independently confirmed.	MEDIUM
FMA54667	right orbital compartment			NO_MATCH	Правый глазничная компартмент	REVIEW		Needs external Russian anatomical terminology verification.	LOW
FMA54668	left orbital compartment			NO_MATCH	Левый глазничная компартмент	REVIEW		Needs external Russian anatomical terminology verification.	LOW
FMA55021	soft palate	palatum molle	soft palate	EXACT	Мягкая нёбо	KEEP	Мягкая нёбо	No deterministic QA defect detected; normative Russian source not independently confirmed.	MEDIUM
FMA55022	uvula			NO_MATCH	Увула	KEEP	Увула	No deterministic QA defect detected; normative Russian source not independently confirmed.	MEDIUM
FMA55675	neuraxis			NO_MATCH	Нейроось	KEEP	Нейроось	No deterministic QA defect detected; normative Russian source not independently confirmed.	MEDIUM
FMA58099	wall of right eyeball			NO_MATCH	Стенка правый глазное яблоко	APPLY	Стенка Правая глазное яблоко	Candidate from QA (laterality; lost_information); requires final Russian terminology review before application.	MEDIUM
FMA58100	wall of left eyeball			NO_MATCH	Стенка левый глазное яблоко	APPLY	Стенка Левая глазное яблоко	Candidate from QA (laterality; lost_information); requires final Russian terminology review before application.	MEDIUM
FMA58105	fibrous layer of right eyeball	tunica fibrosa bulbi oculi	fibrous layer of eyeball	PROBABLE	Фиброзная слой правый глазное яблоко	REVIEW		Needs external Russian anatomical terminology verification.	LOW
FMA58106	fibrous layer of left eyeball	tunica fibrosa bulbi oculi	fibrous layer of eyeball	PROBABLE	Фиброзная слой левый глазное яблоко	REVIEW		Needs external Russian anatomical terminology verification.	LOW
FMA58107	vascular layer of right eyeball	tunica vasculosa bulbi oculi	vascular layer of eyeball	PROBABLE	Сосудистое слой правый глазное яблоко	REVIEW		Needs external Russian anatomical terminology verification.	LOW
FMA58108	vascular layer of left eyeball	tunica vasculosa bulbi oculi	vascular layer of eyeball	PROBABLE	Сосудистое слой левый глазное яблоко	REVIEW		Needs external Russian anatomical terminology verification.	LOW
FMA58401	investing fascia of right upper limb			NO_MATCH	Покрывающая фасция правой верхней конечности	REVIEW		Needs external Russian anatomical terminology verification.	LOW
FMA58405	investing fascia of right free upper limb			NO_MATCH	Покрывающая фасция правой свободной верхней конечности	REVIEW		Needs external Russian anatomical terminology verification.	LOW
FMA58406	investing fascia of left free upper limb			NO_MATCH	Покрывающая фасция левой свободной верхней конечности	REVIEW		Needs external Russian anatomical terminology verification.	LOW
FMA58418	investing fascia of right lower limb			NO_MATCH	Покрывающая фасция правой нижней конечности	REVIEW		Needs external Russian anatomical terminology verification.	LOW
FMA58419	investing fascia of left lower limb			NO_MATCH	Покрывающая фасция левой нижней конечности	REVIEW		Needs external Russian anatomical terminology verification.	LOW
FMA58429	investing fascia of right free lower limb			NO_MATCH	Покрывающая фасция правой свободной нижней конечности	REVIEW		Needs external Russian anatomical terminology verification.	LOW
FMA58430	investing fascia of left free lower limb			NO_MATCH	Покрывающая фасция левой свободной нижней конечности	REVIEW		Needs external Russian anatomical terminology verification.	LOW
FMA58448	investing fascia of right wrist			NO_MATCH	Покрывающая фасция правого запястья	KEEP	Покрывающая фасция правого запястья	No deterministic QA defect detected; normative Russian source not independently confirmed.	MEDIUM
FMA58449	investing fascia of left wrist			NO_MATCH	Покрывающая фасция левого запястья	KEEP	Покрывающая фасция левого запястья	No deterministic QA defect detected; normative Russian source not independently confirmed.	MEDIUM
FMA58575	investing fascia of right forearm			NO_MATCH	Покрывающая фасция правого предплечья	KEEP	Покрывающая фасция правого предплечья	No deterministic QA defect detected; normative Russian source not independently confirmed.	MEDIUM
FMA58576	investing fascia of left forearm			NO_MATCH	Покрывающая фасция левого предплечья	KEEP	Покрывающая фасция левого предплечья	No deterministic QA defect detected; normative Russian source not independently confirmed.	MEDIUM
FMA58742	investing fascia of right thigh			NO_MATCH	Покрывающая фасция правого бедра	KEEP	Покрывающая фасция правого бедра	No deterministic QA defect detected; normative Russian source not independently confirmed.	MEDIUM
FMA58743	investing fascia of left thigh			NO_MATCH	Покрывающая фасция левого бедра	KEEP	Покрывающая фасция левого бедра	No deterministic QA defect detected; normative Russian source not independently confirmed.	MEDIUM
FMA59368	right lacrimal apparatus	apparatus lacrimalis	lacrimal apparatus	PROBABLE	Правый слёзная аппарат	REVIEW		Needs external Russian anatomical terminology verification.	LOW
FMA59369	left lacrimal apparatus	apparatus lacrimalis	lacrimal apparatus	PROBABLE	Левый слёзная аппарат	REVIEW		Needs external Russian anatomical terminology verification.	LOW
FMA59398	mandibular part of mouth			NO_MATCH	Мандибулар часть полость рта	KEEP	Мандибулар часть полость рта	No deterministic QA defect detected; normative Russian source not independently confirmed.	MEDIUM
FMA59399	maxillary part of mouth			NO_MATCH	Максилларй часть полость рта	KEEP	Максилларй часть полость рта	No deterministic QA defect detected; normative Russian source not independently confirmed.	MEDIUM
FMA59515	external nose	nasus externus	external nose	EXACT	Наружная нос	KEEP	Наружная нос	No deterministic QA defect detected; normative Russian source not independently confirmed.	MEDIUM
FMA59516	root of nose	radix nasi	root of nose	EXACT	Корень нос	KEEP	Корень нос	No deterministic QA defect detected; normative Russian source not independently confirmed.	MEDIUM
FMA59517	dorsum of nose	dorsum nasi	dorsum of nose	EXACT	Дорсум нос	KEEP	Дорсум нос	No deterministic QA defect detected; normative Russian source not independently confirmed.	MEDIUM
FMA59538	cartilaginous skeleton of nose			NO_MATCH	Картилагиноус скелет нос	KEEP	Картилагиноус скелет нос	No deterministic QA defect detected; normative Russian source not independently confirmed.	MEDIUM
FMA59637	internal nose			NO_MATCH	Внутренняя нос	KEEP	Внутренняя нос	No deterministic QA defect detected; normative Russian source not independently confirmed.	MEDIUM
FMA59654	osseous skeleton of nose			NO_MATCH	Костная скелет нос	KEEP	Костная скелет нос	No deterministic QA defect detected; normative Russian source not independently confirmed.	MEDIUM
FMA59655	osseous skeleton of external nose			NO_MATCH	Костная скелет наружная нос	KEEP	Костная скелет наружная нос	No deterministic QA defect detected; normative Russian source not independently confirmed.	MEDIUM
FMA59656	osseous skeleton of internal nose			NO_MATCH	Костная скелет внутренняя нос	KEEP	Костная скелет внутренняя нос	No deterministic QA defect detected; normative Russian source not independently confirmed.	MEDIUM
FMA59665	septum of internal nose			NO_MATCH	Перегородка внутренняя нос	KEEP	Перегородка внутренняя нос	No deterministic QA defect detected; normative Russian source not independently confirmed.	MEDIUM
FMA59668	wall of internal nose			NO_MATCH	Стенка внутренняя нос	REVIEW		Needs external Russian anatomical terminology verification.	LOW
FMA59671	right lateral wall of internal nose			NO_MATCH	Правый латеральная стенка внутренняя нос	APPLY	Правая латеральная стенка внутренняя нос	Candidate from QA (laterality; lost_information); requires final Russian terminology review before application.	MEDIUM
FMA59672	left lateral wall of internal nose			NO_MATCH	Левый латеральная стенка внутренняя нос	APPLY	Левая латеральная стенка внутренняя нос	Candidate from QA (laterality; lost_information); requires final Russian terminology review before application.	MEDIUM
FMA59748	right side of internal nose			NO_MATCH	Правый сидэ внутренняя нос	REVIEW		Needs external Russian anatomical terminology verification.	LOW
FMA59749	left side of internal nose			NO_MATCH	Левый сидэ внутренняя нос	REVIEW		Needs external Russian anatomical terminology verification.	LOW
FMA59754	wall of right side of internal nose			NO_MATCH	Стенка правой стороны внутреннего носа	REVIEW		Needs external Russian anatomical terminology verification.	LOW
FMA59755	wall of left side of internal nose			NO_MATCH	Стенка левой стороны внутреннего носа	REVIEW		Needs external Russian anatomical terminology verification.	LOW
FMA59836	cartilaginous skeleton of external nose			NO_MATCH	Картилагиноус скелет наружная нос	KEEP	Картилагиноус скелет наружная нос	No deterministic QA defect detected; normative Russian source not independently confirmed.	MEDIUM
FMA59837	bony part of nasal septum	pars ossea septi nasi	bony part of nasal septum	EXACT	Костная часть перегородки носа	KEEP	Костная часть перегородки носа	No deterministic QA defect detected; normative Russian source not independently confirmed.	MEDIUM
FMA59838	cartilaginous part of nasal septum	pars cartilaginea septi nasi	cartilaginous part of nasal septum	EXACT	Картилагиноус часть носовая перегородка	KEEP	Картилагиноус часть носовая перегородка	No deterministic QA defect detected; normative Russian source not independently confirmed.	MEDIUM
FMA59992	faucial part of mouth			NO_MATCH	Фаукиал часть полость рта	KEEP	Фаукиал часть полость рта	No deterministic QA defect detected; normative Russian source not independently confirmed.	MEDIUM
FMA60116	nasal skeleton			NO_MATCH	Носовая скелет	KEEP	Носовая скелет	No deterministic QA defect detected; normative Russian source not independently confirmed.	MEDIUM
FMA60118	skeleton of nasal septum			NO_MATCH	скелет носовая перегородка	KEEP	скелет носовая перегородка	No deterministic QA defect detected; normative Russian source not independently confirmed.	MEDIUM
FMA60325	right thumb	pollex	thumb	PROBABLE	Правый тумб	REVIEW		Needs external Russian anatomical terminology verification.	LOW
FMA60326	left thumb	pollex	thumb	PROBABLE	Левый тумб	REVIEW		Needs external Russian anatomical terminology verification.	LOW
FMA60327	right little finger	digitus minimus manus	little finger	PROBABLE	Правый мизинца палец	APPLY	Правый мизинец	FMA/TA2 structure family with unambiguous Russian grammatical normalization.	HIGH
FMA60328	left little finger	digitus minimus manus	little finger	PROBABLE	Левый мизинца палец	APPLY	Левый мизинец	FMA/TA2 structure family with unambiguous Russian grammatical normalization.	HIGH
FMA60329	right ring finger	digitus anularis	ring finger	PROBABLE	Правый кольцо палец	APPLY	Правый безымянный палец	FMA/TA2 structure family with unambiguous Russian grammatical normalization.	HIGH
FMA60330	left ring finger	digitus anularis	ring finger	PROBABLE	Левый кольцо палец	APPLY	Левый безымянный палец	FMA/TA2 structure family with unambiguous Russian grammatical normalization.	HIGH
FMA60331	right middle finger	digitus medius manus	middle finger	PROBABLE	Правый средняя палец	APPLY	Правый средний палец	FMA/TA2 structure family with unambiguous Russian grammatical normalization.	HIGH
FMA60332	left middle finger	digitus medius manus	middle finger	PROBABLE	Левый средняя палец	APPLY	Левый средний палец	FMA/TA2 structure family with unambiguous Russian grammatical normalization.	HIGH
FMA60333	right index finger	index	index finger	PROBABLE	Правый указательного палец	APPLY	Правый указательный палец	FMA/TA2 structure family with unambiguous Russian grammatical normalization.	HIGH
FMA60334	left index finger	index	index finger	PROBABLE	Левый указательного палец	APPLY	Левый указательный палец	FMA/TA2 structure family with unambiguous Russian grammatical normalization.	HIGH
FMA60335	right big toe			NO_MATCH	Правый биг палец стопы	REVIEW		Needs external Russian anatomical terminology verification.	LOW
FMA60336	left big toe			NO_MATCH	Левый биг палец стопы	REVIEW		Needs external Russian anatomical terminology verification.	LOW
FMA60337	right second toe	digitus secundus pedis	second toe	PROBABLE	Правый вторая палец стопы	REVIEW		Needs external Russian anatomical terminology verification.	LOW
FMA60338	left second toe	digitus secundus pedis	second toe	PROBABLE	Левый вторая палец стопы	REVIEW		Needs external Russian anatomical terminology verification.	LOW
FMA60339	right third toe	digitus tertius pedis	third toe	PROBABLE	Правый третья палец стопы	REVIEW		Needs external Russian anatomical terminology verification.	LOW
FMA60340	left third toe	digitus tertius pedis	third toe	PROBABLE	Левый третья палец стопы	REVIEW		Needs external Russian anatomical terminology verification.	LOW
FMA60341	right fourth toe	digitus quartus pedis	fourth toe	PROBABLE	Правый четвёртая палец стопы	REVIEW		Needs external Russian anatomical terminology verification.	LOW
FMA60342	left fourth toe	digitus quartus pedis	fourth toe	PROBABLE	Левый четвёртая палец стопы	REVIEW		Needs external Russian anatomical terminology verification.	LOW
FMA60343	right little toe	digitus minimus pedis	little toe	PROBABLE	Правый мизинца палец стопы	APPLY	Правый мизинец стопы	FMA/TA2 structure family with unambiguous Russian grammatical normalization.	HIGH
FMA60344	left little toe	digitus minimus pedis	little toe	PROBABLE	Левый мизинца палец стопы	APPLY	Левый мизинец стопы	FMA/TA2 structure family with unambiguous Russian grammatical normalization.	HIGH
FMA61064	right lacrimal duct			NO_MATCH	Правый слёзная проток	REVIEW		Needs external Russian anatomical terminology verification.	LOW
FMA61065	left lacrimal duct			NO_MATCH	Левый слёзная проток	REVIEW		Needs external Russian anatomical terminology verification.	LOW
FMA61068	right hand proper			NO_MATCH	Правый кисть собственно	REVIEW		Needs external Russian anatomical terminology verification.	LOW
FMA61069	left hand proper			NO_MATCH	Левый кисть собственно	REVIEW		Needs external Russian anatomical terminology verification.	LOW
FMA61472	right pectoral part of chest			NO_MATCH	Правый плечевой часть грудь	APPLY	Правая плечевой часть грудь	Candidate from QA (laterality; lost_information); requires final Russian terminology review before application.	MEDIUM
FMA61473	left pectoral part of chest			NO_MATCH	Левый плечевой часть грудь	APPLY	Левая плечевой часть грудь	Candidate from QA (laterality; lost_information); requires final Russian terminology review before application.	MEDIUM
FMA61670	skeleton of mouth			NO_MATCH	скелет полость рта	KEEP	скелет полость рта	No deterministic QA defect detected; normative Russian source not independently confirmed.	MEDIUM
FMA61680	abdomen proper			NO_MATCH	Собственно живот	KEEP	Собственно живот	No deterministic QA defect detected; normative Russian source not independently confirmed.	MEDIUM
FMA61681	back of abdomen	dorsum abdominis	back of abdomen	EXACT	Задняя область живота	KEEP	Задняя область живота	No deterministic QA defect detected; normative Russian source not independently confirmed.	MEDIUM
FMA61732	right parietal part of head			NO_MATCH	Правый теменная часть головка	APPLY	Правая теменная часть головка	Candidate from QA (laterality; lost_information); requires final Russian terminology review before application.	MEDIUM
FMA61733	left parietal part of head			NO_MATCH	Левый теменная часть головка	APPLY	Левая теменная часть головка	Candidate from QA (laterality; lost_information); requires final Russian terminology review before application.	MEDIUM
FMA61819	left cerebral hemisphere	hemisphaerium cerebri	cerebral hemisphere	PROBABLE	Левый мозговая полушарие	REVIEW		Needs external Russian anatomical terminology verification.	LOW
FMA61991	trunk of right middle cerebral artery			NO_MATCH	Туловище правый средняя мозговая артерия	APPLY	Туловище Правое средняя мозговая артерия	Candidate from QA (laterality); requires final Russian terminology review before application.	MEDIUM
FMA61992	forebrain	cerebrum	cerebrum	EXACT	Передний мозг	KEEP	Передний мозг	No deterministic QA defect detected; normative Russian source not independently confirmed.	MEDIUM
FMA62000	telencephalon	telencephalon	telencephalon	EXACT	Тэлэнкэфалон	KEEP	Тэлэнкэфалон	No deterministic QA defect detected; normative Russian source not independently confirmed.	MEDIUM
FMA62001	diencephalon	diencephalon	diencephalon	EXACT	Диэнкэфалон	KEEP	Диэнкэфалон	No deterministic QA defect detected; normative Russian source not independently confirmed.	MEDIUM
FMA62003	metencephalon			NO_MATCH	Мэтэнкэфалон	KEEP	Мэтэнкэфалон	No deterministic QA defect detected; normative Russian source not independently confirmed.	MEDIUM
FMA62009	epithalamus	epithalamus	epithalamus	EXACT	Эпиталамус	KEEP	Эпиталамус	No deterministic QA defect detected; normative Russian source not independently confirmed.	MEDIUM
FMA62028	intermediate hypothalamic region	area hypothalamica intermedia	intermediate hypothalamic area	EXACT	Промежуточная хйпоталамик область	KEEP	Промежуточная хйпоталамик область	No deterministic QA defect detected; normative Russian source not independently confirmed.	MEDIUM
FMA67292	right cerebral hemisphere	hemisphaerium cerebri	cerebral hemisphere	PROBABLE	Правый мозговая полушарие	REVIEW		Needs external Russian anatomical terminology verification.	LOW
FMA67687	hindbrain			NO_MATCH	Задний мозг	KEEP	Задний мозг	No deterministic QA defect detected; normative Russian source not independently confirmed.	MEDIUM
FMA67994	intrapulmonary part of right pulmonary artery			NO_MATCH	Интрапулмонарй часть правый лёгочный артерия	APPLY	Интрапулмонарй часть Правая лёгочный артерия	Candidate from QA (laterality); requires final Russian terminology review before application.	MEDIUM
FMA67995	intrapulmonary part of left pulmonary artery			NO_MATCH	Интрапулмонарй часть левый лёгочный артерия	APPLY	Интрапулмонарй часть Левая лёгочный артерия	Candidate from QA (laterality); requires final Russian terminology review before application.	MEDIUM
FMA68002	intrapulmonary part of right superior pulmonary vein			NO_MATCH	Интрапулмонарй часть правый верхняя лёгочный вена	APPLY	Интрапулмонарй часть Правая верхняя лёгочный вена	Candidate from QA (laterality); requires final Russian terminology review before application.	MEDIUM
FMA68003	intrapulmonary part of right inferior pulmonary vein			NO_MATCH	Интрапулмонарй часть правый нижняя лёгочный вена	APPLY	Интрапулмонарй часть Правая нижняя лёгочный вена	Candidate from QA (laterality); requires final Russian terminology review before application.	MEDIUM
FMA68004	intrapulmonary part of left superior pulmonary vein			NO_MATCH	Интрапулмонарй часть левый верхняя лёгочный вена	APPLY	Интрапулмонарй часть Левая верхняя лёгочный вена	Candidate from QA (laterality); requires final Russian terminology review before application.	MEDIUM
FMA68005	intrapulmonary part of left inferior pulmonary vein			NO_MATCH	Интрапулмонарй часть левый нижняя лёгочный вена	APPLY	Интрапулмонарй часть Левая нижняя лёгочный вена	Candidate from QA (laterality); requires final Russian terminology review before application.	MEDIUM
FMA68016	intrahepatic biliary tree			NO_MATCH	Интрахэпатик желчная дерево	KEEP	Интрахэпатик желчная дерево	No deterministic QA defect detected; normative Russian source not independently confirmed.	MEDIUM
FMA68193	medial segmental artery			NO_MATCH	Медиальная сегментарный артерия	KEEP	Медиальная сегментарный артерия	No deterministic QA defect detected; normative Russian source not independently confirmed.	MEDIUM
FMA68194	lateral segmental artery			NO_MATCH	Латеральная сегментарный артерия	KEEP	Латеральная сегментарный артерия	No deterministic QA defect detected; normative Russian source not independently confirmed.	MEDIUM
FMA68196	middle lobar artery			NO_MATCH	Средняя долевой артерия	KEEP	Средняя долевой артерия	No deterministic QA defect detected; normative Russian source not independently confirmed.	MEDIUM
FMA68198	left upper lobar artery			NO_MATCH	Левый верхняя долевой артерия	APPLY	Левая верхняя долевой артерия	Candidate from QA (laterality); requires final Russian terminology review before application.	MEDIUM
FMA68200	right lower lobar artery			NO_MATCH	Правый нижняя долевой артерия	APPLY	Правая нижняя долевой артерия	Candidate from QA (laterality; lost_information); requires final Russian terminology review before application.	MEDIUM
FMA68201	left lower lobar artery			NO_MATCH	Левый нижняя долевой артерия	APPLY	Левая нижняя долевой артерия	Candidate from QA (laterality); requires final Russian terminology review before application.	MEDIUM
FMA68317	superior division of upper lobe part of left bronchial tree			NO_MATCH	Верхний отдел верхнедолевой части левого бронхиального дерева	REVIEW		Needs external Russian anatomical terminology verification.	LOW
FMA68318	inferior division of upper lobe part of left bronchial tree			NO_MATCH	Нижний отдел верхнедолевой части левого бронхиального дерева	REVIEW		Needs external Russian anatomical terminology verification.	LOW
FMA68319	inferomedial part of right bronchial tree			NO_MATCH	Инфэромэдиал часть правый бронхиальная дерево	APPLY	Инфэромэдиал часть Правая бронхиальная дерево	Candidate from QA (laterality); requires final Russian terminology review before application.	MEDIUM
FMA68658	inferomedial branch of right pulmonary artery			NO_MATCH	Инфэромэдиал ветвь правый лёгочный артерия	APPLY	Инфэромэдиал ветвь Правая лёгочный артерия	Candidate from QA (laterality); requires final Russian terminology review before application.	MEDIUM
FMA68659	apicoposterior division of right upper lobar artery			NO_MATCH	Верхушечно-задняя ветвь правой верхнедолевой артерии	REVIEW		Needs external Russian anatomical terminology verification.	LOW
FMA68843	antero-medial basal segmental artery			NO_MATCH	Переднемедиальная базальная сегментарная артерия	KEEP	Переднемедиальная базальная сегментарная артерия	No deterministic QA defect detected; normative Russian source not independently confirmed.	MEDIUM
FMA68845	right basal segmental artery			NO_MATCH	Правый базальная сегментарный артерия	APPLY	Правая базальная сегментарный артерия	Candidate from QA (laterality; lost_information); requires final Russian terminology review before application.	MEDIUM
FMA68846	left basal segmental artery			NO_MATCH	Левый базальная сегментарный артерия	APPLY	Левая базальная сегментарный артерия	Candidate from QA (laterality; lost_information); requires final Russian terminology review before application.	MEDIUM
FMA69566	trunk of right lateral plantar artery			NO_MATCH	Туловище правый латеральная подошвенная артерия	APPLY	Туловище Правое латеральная подошвенная артерия	Candidate from QA (laterality); requires final Russian terminology review before application.	MEDIUM
FMA69567	trunk of left lateral plantar artery			NO_MATCH	Туловище левый латеральная подошвенная артерия	APPLY	Туловище Левое латеральная подошвенная артерия	Candidate from QA (laterality); requires final Russian terminology review before application.	MEDIUM
FMA70347	right thyrocervical artery			NO_MATCH	Правый щитовидно-шейный артерия	APPLY	Правая щитовидно-шейный артерия	Candidate from QA (laterality; lost_information); requires final Russian terminology review before application.	MEDIUM
FMA70348	left thyrocervical artery			NO_MATCH	Левый щитовидно-шейный артерия	APPLY	Левая щитовидно-шейный артерия	Candidate from QA (laterality; lost_information); requires final Russian terminology review before application.	MEDIUM
FMA70351	right costocervical artery			NO_MATCH	Правый рёберно-шейный артерия	APPLY	Правая рёберно-шейный артерия	Candidate from QA (laterality; lost_information); requires final Russian terminology review before application.	MEDIUM
FMA70352	left costocervical artery			NO_MATCH	Левый рёберно-шейный артерия	APPLY	Левая рёберно-шейный артерия	Candidate from QA (laterality; lost_information); requires final Russian terminology review before application.	MEDIUM
FMA70441	anterior segmental hepatic artery			NO_MATCH	Передняя сегментарная печёночная артерия	KEEP	Передняя сегментарная печёночная артерия	No deterministic QA defect detected; normative Russian source not independently confirmed.	MEDIUM
FMA70444	posterior segmental hepatic artery			NO_MATCH	Задняя сегментарный печёночная артерия	KEEP	Задняя сегментарный печёночная артерия	No deterministic QA defect detected; normative Russian source not independently confirmed.	MEDIUM
FMA70448	medial segmental hepatic artery			NO_MATCH	Медиальная сегментарный печёночная артерия	KEEP	Медиальная сегментарный печёночная артерия	No deterministic QA defect detected; normative Russian source not independently confirmed.	MEDIUM
FMA70451	lateral segmental hepatic artery			NO_MATCH	Латеральная сегментарный печёночная артерия	KEEP	Латеральная сегментарный печёночная артерия	No deterministic QA defect detected; normative Russian source not independently confirmed.	MEDIUM
FMA71102	right upper urinary tract			NO_MATCH	Правые верхние мочевые пути	REVIEW		Needs external Russian anatomical terminology verification.	LOW
FMA71103	left upper urinary tract			NO_MATCH	Левые верхние мочевые пути	REVIEW		Needs external Russian anatomical terminology verification.	LOW
FMA71132	gastrointestinal tract			NO_MATCH	Желудочно-кишечный тракт	KEEP	Желудочно-кишечный тракт	No deterministic QA defect detected; normative Russian source not independently confirmed.	MEDIUM
FMA71221	axial skeleton	skeleton axiale	axial skeleton	EXACT	Осевой скелет	KEEP	Осевой скелет	No deterministic QA defect detected; normative Russian source not independently confirmed.	MEDIUM
FMA71857	right hepatic biliary tree			NO_MATCH	Правый печёночная желчная дерево	REVIEW		Needs external Russian anatomical terminology verification.	LOW
FMA71858	left hepatic biliary tree			NO_MATCH	Левый печёночная желчная дерево	REVIEW		Needs external Russian anatomical terminology verification.	LOW
FMA71861	anterior tributary of right hepatic biliary tree			NO_MATCH	Передний приток правого печёночного желчного дерева	REVIEW		Needs external Russian anatomical terminology verification.	LOW
FMA71862	posterior tributary of right hepatic biliary tree			NO_MATCH	Задняя приток правый печёночная желчная дерево	REVIEW		Needs external Russian anatomical terminology verification.	LOW
FMA71863	lateral tributary of left hepatic biliary tree			NO_MATCH	Латеральная приток левый печёночная желчная дерево	REVIEW		Needs external Russian anatomical terminology verification.	LOW
FMA71864	medial tributary of left hepatic biliary tree			NO_MATCH	Медиальная приток левый печёночная желчная дерево	REVIEW		Needs external Russian anatomical terminology verification.	LOW
FMA71891	hepatic biliary tree			NO_MATCH	Печёночная желчная дерево	KEEP	Печёночная желчная дерево	No deterministic QA defect detected; normative Russian source not independently confirmed.	MEDIUM
FMA72062	pelvic skeleton			NO_MATCH	Пэлвик скелет	KEEP	Пэлвик скелет	No deterministic QA defect detected; normative Russian source not independently confirmed.	MEDIUM
FMA72063	set of cervical vertebrae			NO_MATCH	Совокупность шейная позвонки	KEEP	Совокупность шейная позвонки	No deterministic QA defect detected; normative Russian source not independently confirmed.	MEDIUM
FMA72064	set of thoracic vertebrae			NO_MATCH	Совокупность грудная позвонки	KEEP	Совокупность грудная позвонки	No deterministic QA defect detected; normative Russian source not independently confirmed.	MEDIUM
FMA72065	set of lumbar vertebrae			NO_MATCH	Совокупность поясничная позвонки	KEEP	Совокупность поясничная позвонки	No deterministic QA defect detected; normative Russian source not independently confirmed.	MEDIUM
FMA72952	orbital part of right eye			NO_MATCH	Глазничная часть правый глаз	APPLY	Глазничная часть Правая глаз	Candidate from QA (laterality); requires final Russian terminology review before application.	MEDIUM
FMA72953	orbital part of left eye			NO_MATCH	Глазничная часть левый глаз	APPLY	Глазничная часть Левая глаз	Candidate from QA (laterality); requires final Russian terminology review before application.	MEDIUM
FMA72969	right frontal lobe	lobus frontalis	frontal lobe	PROBABLE	Правый лобная доля	REVIEW		Needs external Russian anatomical terminology verification.	LOW
FMA72970	left frontal lobe	lobus frontalis	frontal lobe	PROBABLE	Левый лобная доля	REVIEW		Needs external Russian anatomical terminology verification.	LOW
FMA72971	right temporal lobe	lobus temporalis	temporal lobe	PROBABLE	Правый височная доля	REVIEW		Needs external Russian anatomical terminology verification.	LOW
FMA72972	left temporal lobe	lobus temporalis	temporal lobe	PROBABLE	Левый височная доля	REVIEW		Needs external Russian anatomical terminology verification.	LOW
FMA72973	right parietal lobe	lobus parietalis	parietal lobe	PROBABLE	Правый теменная доля	REVIEW		Needs external Russian anatomical terminology verification.	LOW
FMA72974	left parietal lobe	lobus parietalis	parietal lobe	PROBABLE	Левый теменная доля	REVIEW		Needs external Russian anatomical terminology verification.	LOW
FMA72979	integumentary system			NO_MATCH	Покровная система	KEEP	Покровная система	No deterministic QA defect detected; normative Russian source not independently confirmed.	MEDIUM
FMA72980	right limbic lobe	lobus limbicus	limbic lobe	PROBABLE	Правый лимбик доля	REVIEW		Needs external Russian anatomical terminology verification.	LOW
FMA72981	left limbic lobe	lobus limbicus	limbic lobe	PROBABLE	Левый лимбик доля	REVIEW		Needs external Russian anatomical terminology verification.	LOW
FMA73055	anterior part of right knee			NO_MATCH	Передняя часть правого колена	KEEP	Передняя часть правого колена	No deterministic QA defect detected; normative Russian source not independently confirmed.	MEDIUM
FMA73056	anterior part of left knee			NO_MATCH	Передняя часть левого колена	KEEP	Передняя часть левого колена	No deterministic QA defect detected; normative Russian source not independently confirmed.	MEDIUM
FMA73086	right foot proper			NO_MATCH	Правый стопа собственно	REVIEW		Needs external Russian anatomical terminology verification.	LOW
FMA73087	left foot proper			NO_MATCH	Левый стопа собственно	REVIEW		Needs external Russian anatomical terminology verification.	LOW
FMA73103	posterior thoracic wall	dorsum thoracis	back of thorax	EXACT	Задняя грудная стенка	KEEP	Задняя грудная стенка	No deterministic QA defect detected; normative Russian source not independently confirmed.	MEDIUM
FMA73703	wall of right side of heart			NO_MATCH	Стенка правой стороны сердца	REVIEW		Needs external Russian anatomical terminology verification.	LOW
FMA73704	wall of left side of heart			NO_MATCH	Стенка левой стороны сердца	REVIEW		Needs external Russian anatomical terminology verification.	LOW
FMA74657	integument	integumentum commune	integument	EXACT	Интэгумэнт	KEEP	Интэгумэнт	No deterministic QA defect detected; normative Russian source not independently confirmed.	MEDIUM
FMA75007	cavity of neuraxis			NO_MATCH	Полость нервной оси	KEEP	Полость нервной оси	No deterministic QA defect detected; normative Russian source not independently confirmed.	MEDIUM
FMA78435	musculature of anterior abdominal wall			NO_MATCH	Мускулатура передняя абдоминал стенка	KEEP	Мускулатура передняя абдоминал стенка	No deterministic QA defect detected; normative Russian source not independently confirmed.	MEDIUM
FMA79063	deep fascial system			NO_MATCH	Глубокая фаскиал система	KEEP	Глубокая фаскиал система	No deterministic QA defect detected; normative Russian source not independently confirmed.	MEDIUM
FMA79065	patellar part of right knee			NO_MATCH	Патэллар часть правый кнээ	APPLY	Патэллар часть Правая кнээ	Candidate from QA (laterality); requires final Russian terminology review before application.	MEDIUM
FMA79066	patellar part of left knee			NO_MATCH	Патэллар часть левый кнээ	APPLY	Патэллар часть Левая кнээ	Candidate from QA (laterality); requires final Russian terminology review before application.	MEDIUM
FMA79181	skeleton of right hand proper			NO_MATCH	скелет правый кисть собственно	KEEP	скелет правый кисть собственно	No deterministic QA defect detected; normative Russian source not independently confirmed.	MEDIUM
FMA79182	skeleton of left hand proper			NO_MATCH	скелет левый кисть собственно	KEEP	скелет левый кисть собственно	No deterministic QA defect detected; normative Russian source not independently confirmed.	MEDIUM
FMA79269	content of thorax			NO_MATCH	Содержимое грудная клетка	KEEP	Содержимое грудная клетка	No deterministic QA defect detected; normative Russian source not independently confirmed.	MEDIUM
FMA79273	content of mediastinum			NO_MATCH	Содержимое средостение	KEEP	Содержимое средостение	No deterministic QA defect detected; normative Russian source not independently confirmed.	MEDIUM
FMA79274	content of superior mediastinum			NO_MATCH	Содержимое верхняя средостение	KEEP	Содержимое верхняя средостение	No deterministic QA defect detected; normative Russian source not independently confirmed.	MEDIUM
FMA79275	content of inferior mediastinum			NO_MATCH	Содержимое нижняя средостение	KEEP	Содержимое нижняя средостение	No deterministic QA defect detected; normative Russian source not independently confirmed.	MEDIUM
FMA79276	content of anterior mediastinum			NO_MATCH	Содержимое переднего средостения	KEEP	Содержимое переднего средостения	No deterministic QA defect detected; normative Russian source not independently confirmed.	MEDIUM
FMA79277	content of posterior mediastinum			NO_MATCH	Содержимое задняя средостение	KEEP	Содержимое задняя средостение	No deterministic QA defect detected; normative Russian source not independently confirmed.	MEDIUM
FMA79278	content of middle mediastinum			NO_MATCH	Содержимое средняя средостение	KEEP	Содержимое средняя средостение	No deterministic QA defect detected; normative Russian source not independently confirmed.	MEDIUM
FMA79876	brainstem	truncus encephali	brainstem	EXACT	Ствол мозга	KEEP	Ствол мозга	No deterministic QA defect detected; normative Russian source not independently confirmed.	MEDIUM
FMA82672	superior systemic venous tree			NO_MATCH	Верхняя системная венозная дерево	KEEP	Верхняя системная венозная дерево	No deterministic QA defect detected; normative Russian source not independently confirmed.	MEDIUM
FMA82673	inferior systemic venous tree			NO_MATCH	Нижняя системная венозная дерево	KEEP	Нижняя системная венозная дерево	No deterministic QA defect detected; normative Russian source not independently confirmed.	MEDIUM
FMA83447	myocardium of right ventricle proper			NO_MATCH	Миокард правый желудочек собственно	KEEP	Миокард правый желудочек собственно	No deterministic QA defect detected; normative Russian source not independently confirmed.	MEDIUM
FMA83448	myocardium of left ventricle proper			NO_MATCH	Миокард левый желудочек собственно	KEEP	Миокард левый желудочек собственно	No deterministic QA defect detected; normative Russian source not independently confirmed.	MEDIUM
FMA83902	midbrain tectum			NO_MATCH	Средний мозг покрышка	KEEP	Средний мозг покрышка	No deterministic QA defect detected; normative Russian source not independently confirmed.	MEDIUM
FMA84842	free wall of right ventricle			NO_MATCH	Свободная стенка правый желудочек	KEEP	Свободная стенка правый желудочек	No deterministic QA defect detected; normative Russian source not independently confirmed.	MEDIUM
FMA84850	free wall of left ventricle			NO_MATCH	Свободная стенка левый желудочек	KEEP	Свободная стенка левый желудочек	No deterministic QA defect detected; normative Russian source not independently confirmed.	MEDIUM
FMA84856	subendocardial layer of myocardium of right ventricle			NO_MATCH	Субэндокардиальный слой правого желудочка	KEEP	Субэндокардиальный слой правого желудочка	No deterministic QA defect detected; normative Russian source not independently confirmed.	MEDIUM
FMA84857	subendocardial layer of myocardium of left ventricle			NO_MATCH	Субэндокардиальный слой миокарда левого желудочка	REVIEW		Needs external Russian anatomical terminology verification.	LOW
FMA84931	myocardium of free wall of right ventricle			NO_MATCH	Миокард свободная стенка правый желудочек	REVIEW		Needs external Russian anatomical terminology verification.	LOW
FMA84932	myocardium of free wall of left ventricle			NO_MATCH	Миокард свободная стенка левый желудочек	REVIEW		Needs external Russian anatomical terminology verification.	LOW
FMA85008	compartment of thorax			NO_MATCH	Компартмент грудная клетка	REVIEW		Needs external Russian anatomical terminology verification.	LOW
FMA85031	compartment of abdomen			NO_MATCH	Компартмент живот	REVIEW		Needs external Russian anatomical terminology verification.	LOW
FMA85055	right pulmopleural compartment			NO_MATCH	Правый лёгочно-плевральный компартмент	REVIEW		Needs external Russian anatomical terminology verification.	LOW
FMA85056	left pulmopleural compartment			NO_MATCH	Левый лёгочно-плевральный компартмент	REVIEW		Needs external Russian anatomical terminology verification.	LOW
FMA86056	myocardial zone 4			NO_MATCH	Зона миокарда 4	KEEP	Зона миокарда 4	No deterministic QA defect detected; normative Russian source not independently confirmed.	MEDIUM
FMA86063	myocardial zone 11			NO_MATCH	Миокардиальная зона 11	KEEP	Миокардиальная зона 11	No deterministic QA defect detected; normative Russian source not independently confirmed.	MEDIUM
FMA86064	myocardial zone 12			NO_MATCH	Миокардиальная зона 12	KEEP	Миокардиальная зона 12	No deterministic QA defect detected; normative Russian source not independently confirmed.	MEDIUM
FMA86917	musculature of abdomen			NO_MATCH	Мускулатура живот	KEEP	Мускулатура живот	No deterministic QA defect detected; normative Russian source not independently confirmed.	MEDIUM
FMA87178	myocardium of lateral wall of left ventricle			NO_MATCH	Миокард латеральная стенка левый желудочек	REVIEW		Needs external Russian anatomical terminology verification.	LOW
FMA87179	myocardium of inferior wall of left ventricle			NO_MATCH	Миокард нижней стенки левого желудочка	REVIEW		Needs external Russian anatomical terminology verification.	LOW
FMA87542	anterior thoracic wall			NO_MATCH	Передняя стенка грудной клетки	KEEP	Передняя стенка грудной клетки	No deterministic QA defect detected; normative Russian source not independently confirmed.	MEDIUM
FMA87543	anterior chest wall			NO_MATCH	Передняя стенка грудной клетки	KEEP	Передняя стенка грудной клетки	No deterministic QA defect detected; normative Russian source not independently confirmed.	MEDIUM
FMA87552	posterior chest			NO_MATCH	Задняя грудь	KEEP	Задняя грудь	No deterministic QA defect detected; normative Russian source not independently confirmed.	MEDIUM
FMA87598	skeletal system of trunk			NO_MATCH	Скелетный система туловище	KEEP	Скелетный система туловище	No deterministic QA defect detected; normative Russian source not independently confirmed.	MEDIUM
FMA228642	vasculature of body			NO_MATCH	Сосудистая система тело	KEEP	Сосудистая система тело	No deterministic QA defect detected; normative Russian source not independently confirmed.	MEDIUM
FMA231424	body proper			NO_MATCH	Собственно тело	KEEP	Собственно тело	No deterministic QA defect detected; normative Russian source not independently confirmed.	MEDIUM
FMA242180	cortex of right cerebral hemisphere			NO_MATCH	Кора правый мозговая полушарие	KEEP	Кора правый мозговая полушарие	No deterministic QA defect detected; normative Russian source not independently confirmed.	MEDIUM
FMA242182	cortex of left cerebral hemisphere			NO_MATCH	Кора левый мозговая полушарие	KEEP	Кора левый мозговая полушарие	No deterministic QA defect detected; normative Russian source not independently confirmed.	MEDIUM
FMA242184	subcortex of right cerebral hemisphere			NO_MATCH	Подкорка правый мозговая полушарие	KEEP	Подкорка правый мозговая полушарие	No deterministic QA defect detected; normative Russian source not independently confirmed.	MEDIUM
FMA242186	subcortex of left cerebral hemisphere			NO_MATCH	Подкорка левый мозговая полушарие	KEEP	Подкорка левый мозговая полушарие	No deterministic QA defect detected; normative Russian source not independently confirmed.	MEDIUM
FMA242207	cortex of right frontal lobe			NO_MATCH	Кора правый лобная доля	KEEP	Кора правый лобная доля	No deterministic QA defect detected; normative Russian source not independently confirmed.	MEDIUM
FMA242209	cortex of left frontal lobe			NO_MATCH	Кора левый лобная доля	KEEP	Кора левый лобная доля	No deterministic QA defect detected; normative Russian source not independently confirmed.	MEDIUM
FMA242609	right archicortex	archicortex	archicortex	PROBABLE	Правый архикортекс	REVIEW		Needs external Russian anatomical terminology verification.	LOW
FMA242611	left archicortex	archicortex	archicortex	PROBABLE	Левый архикортекс	REVIEW		Needs external Russian anatomical terminology verification.	LOW
FMA242625	right prefrontal cortex			NO_MATCH	Правый префронтальная кора	REVIEW		Needs external Russian anatomical terminology verification.	LOW
FMA242627	left prefrontal cortex			NO_MATCH	Левый префронтальная кора	REVIEW		Needs external Russian anatomical terminology verification.	LOW
FMA242675	ventricular system of neuraxis			NO_MATCH	Желудочковая система нервной оси	KEEP	Желудочковая система нервной оси	No deterministic QA defect detected; normative Russian source not independently confirmed.	MEDIUM
FMA242787	ventricular system of brain			NO_MATCH	Желудочковая система головного мозга	KEEP	Желудочковая система головного мозга	No deterministic QA defect detected; normative Russian source not independently confirmed.	MEDIUM
FMA259054	wall of abdomen			NO_MATCH	Стенка живот	REVIEW		Needs external Russian anatomical terminology verification.	LOW
FMA259209	thoracic segment of trunk			NO_MATCH	Грудная сегмент туловище	KEEP	Грудная сегмент туловище	No deterministic QA defect detected; normative Russian source not independently confirmed.	MEDIUM
FMA259211	abdominal segment of trunk			NO_MATCH	Брюшной сегмент туловища	KEEP	Брюшной сегмент туловища	No deterministic QA defect detected; normative Russian source not independently confirmed.	MEDIUM
FMA259248	content of abdomen			NO_MATCH	Содержимое живот	KEEP	Содержимое живот	No deterministic QA defect detected; normative Russian source not independently confirmed.	MEDIUM
FMA260124	right orbital content			NO_MATCH	Правый глазничная содержимое	REVIEW		Needs external Russian anatomical terminology verification.	LOW
FMA260127	left orbital content			NO_MATCH	Левый глазничная содержимое	REVIEW		Needs external Russian anatomical terminology verification.	LOW
FMA260456	body cavity content			NO_MATCH	Содержимое полости тела	KEEP	Содержимое полости тела	No deterministic QA defect detected; normative Russian source not independently confirmed.	MEDIUM
FMA261139	right hippocampal formation	hippocampus	hippocampus	PROBABLE	Правый гиппокампальная образование	REVIEW		Needs external Russian anatomical terminology verification.	LOW
FMA261141	left hippocampal formation	hippocampus	hippocampus	PROBABLE	Левый гиппокампальная образование	REVIEW		Needs external Russian anatomical terminology verification.	LOW
FMA265130	respiratory tract			NO_MATCH	Дыхательный проводящий путь	KEEP	Дыхательный проводящий путь	No deterministic QA defect detected; normative Russian source not independently confirmed.	MEDIUM
FMA265228	pancreaticobiliary system			NO_MATCH	Панкреатобилиарная система	KEEP	Панкреатобилиарная система	No deterministic QA defect detected; normative Russian source not independently confirmed.	MEDIUM
FMA270201	basicranial part of head proper			NO_MATCH	Базикраниальная часть собственно головы	KEEP	Базикраниальная часть собственно головы	No deterministic QA defect detected; normative Russian source not independently confirmed.	MEDIUM
