conceptId	en	current_ru	status	suggested_ru	reason	source_basis
FMA3710	vascular tree	Сосудистое дерево	OK	Сосудистое дерево	checked: no structural quality flags	FMA; pattern consistency
FMA3711	segment of artery	Сегмент артерия	FIX	сегмент артерии	grammar; lost_information	FMA; pattern consistency
FMA3714	variant artery	Вариантная артерия	OK	Вариантная артерия	checked: no structural quality flags	FMA; pattern consistency
FMA3726	anastomosis	Анастомоз	OK	Анастомоз	checked: no structural quality flags	FMA; pattern consistency
FMA3727	vascular anastomosis	Сосудистое анастомоз	FIX	сосудистый анастомоз	grammar	FMA; pattern consistency
FMA3728	arterial anastomosis	Артериальный анастомоз	OK	Артериальный анастомоз	checked: no structural quality flags	FMA; pattern consistency
FMA3729	venous anastomosis	Венозная анастомоз	FIX	венозный анастомоз	grammar	FMA; pattern consistency
FMA3736	ascending aorta	Восходящая аорта	OK	Восходящая аорта	checked: no structural quality flags	FMA; pattern consistency
FMA3768	arch of aorta	Дуга аорты	OK	Дуга аорты	checked: no structural quality flags	FMA; pattern consistency
FMA3784	descending aorta	Нисходящая аорта	OK	Нисходящая аорта	checked: no structural quality flags	FMA; pattern consistency
FMA3789	abdominal aorta	Брюшная аорта	OK	Брюшная аорта	checked: no structural quality flags	FMA; pattern consistency
FMA3802	trunk of right coronary artery	Туловище правый коронарная артерия	FIX	Туловище Правое коронарная артерия	laterality	FMA; pattern consistency
FMA3807	right conus artery	Правый конус артерия	FIX	Правая конус артерия	laterality; lost_information	FMA; pattern consistency
FMA3813	anterior ventricular branch of right coronary artery	Передняя желудочковая ветвь правой коронарной артерии	NEEDS_EXTERNAL_REVIEW		other: complex multiword anatomical concept requires external terminology review	FMA; external review needed
FMA3815	first anterior ventricular branch of right coronary artery	Первая передняя желудочковая ветвь правый коронарная артерия	FIX	Первая передняя желудочковая ветвь Правая коронарная артерия	laterality	FMA; pattern consistency
FMA3818	marginal branch of right coronary artery	Краевая ветвь правый коронарная артерия	FIX	Краевая ветвь Правая коронарная артерия	laterality	FMA; pattern consistency
FMA3835	posterior ventricular branch of right coronary artery	Задняя желудочковая ветвь правый коронарная артерия	FIX	Задняя желудочковая ветвь Правая коронарная артерия	laterality	FMA; pattern consistency
FMA3837	first posterior ventricular branch of right coronary artery	Первая задняя желудочковая ветвь правый коронарная артерия	FIX	Первая задняя желудочковая ветвь Правая коронарная артерия	laterality	FMA; pattern consistency
FMA3840	posterior interventricular branch of right coronary artery	Задняя межжелудочковая ветвь правый коронарная артерия	FIX	Задняя межжелудочковая ветвь Правая коронарная артерия	laterality	FMA; pattern consistency
FMA3845	septal branch of right posterior interventricular artery	Перегородочная ветвь правый задняя межжелудочковая артерия	FIX	Перегородочная ветвь Правая задняя межжелудочковая артерия	laterality	FMA; pattern consistency
FMA3847	first septal branch of right posterior interventricular artery	Первая перегородочная ветвь правый задняя межжелудочковая артерия	FIX	Первая перегородочная ветвь Правая задняя межжелудочковая артерия	laterality	FMA; pattern consistency
FMA3848	second septal branch of right posterior interventricular artery	Вторая перегородочная ветвь правый задняя межжелудочковая артерия	FIX	Вторая перегородочная ветвь Правая задняя межжелудочковая артерия	laterality	FMA; pattern consistency
FMA3855	trunk of left coronary artery	Туловище левый коронарная артерия	FIX	Туловище Левое коронарная артерия	laterality	FMA; pattern consistency
FMA3860	diagonal branch of anterior descending branch of left coronary artery	Диагональная ветвь передняя нисходящая ветвь левый коронарная артерия	FIX	Диагональная ветвь передняя нисходящая ветвь Левая коронарная артерия	laterality	FMA; pattern consistency
FMA3868	conus branch of anterior interventricular branch of left coronary artery	Конус ветвь передняя межжелудочковая ветвь левый коронарная артерия	FIX	Конус ветвь передняя межжелудочковая ветвь Левая коронарная артерия	laterality	FMA; pattern consistency
FMA3870	right anterior branch of anterior interventricular branch of left coronary artery	Правый передняя ветвь передняя межжелудочковая ветвь левый коронарная артерия	FIX	Правая передняя ветвь передняя межжелудочковая ветвь Левая коронарная артерия	laterality; lost_information	FMA; pattern consistency
FMA3872	first right anterior branch of anterior interventricular branch of left coronary artery	Первая правый передняя ветвь передняя межжелудочковая ветвь левый коронарная артерия	FIX	Первая Правая передняя ветвь передняя межжелудочковая ветвь Левая коронарная артерия	laterality	FMA; pattern consistency
FMA3874	second right anterior branch of anterior interventricular branch of left coronary artery	Вторая правый передняя ветвь передняя межжелудочковая ветвь левый коронарная артерия	FIX	Вторая Правая передняя ветвь передняя межжелудочковая ветвь Левая коронарная артерия	laterality	FMA; pattern consistency
FMA3876	third right anterior branch of anterior interventricular branch of left coronary artery	Третья правый передняя ветвь передняя межжелудочковая ветвь левый коронарная артерия	FIX	Третья Правая передняя ветвь передняя межжелудочковая ветвь Левая коронарная артерия	laterality	FMA; pattern consistency
FMA3892	septal branch of anterior interventricular artery	Перегородочная ветвь передняя межжелудочковая артерия	NEEDS_EXTERNAL_REVIEW		other: complex multiword anatomical concept requires external terminology review	FMA; external review needed
FMA3895	circumflex branch of left coronary artery	Огибающая ветвь левый коронарная артерия	FIX	Огибающая ветвь Левая коронарная артерия	laterality	FMA; pattern consistency
FMA3932	brachiocephalic artery	Плечеголовной ствол	NEEDS_EXTERNAL_REVIEW		lost_information: English semantic markers require manual terminology verification	FMA; external review needed
FMA3939	common carotid artery	Общая сонная артерия	OK	Общая сонная артерия	checked: no structural quality flags	FMA; pattern consistency
FMA3941	right common carotid artery	Правый общая сонная артерия	FIX	Правая общая сонная артерия	laterality; lost_information	FMA; pattern consistency
FMA3947	internal carotid artery	Внутренняя сонная артерия	OK	Внутренняя сонная артерия	checked: no structural quality flags	FMA; pattern consistency
FMA3949	right internal carotid artery	Правый внутренняя сонная артерия	FIX	Правая внутренняя сонная артерия	laterality; lost_information	FMA; pattern consistency
FMA3951	subclavian artery	Подключичная артерия	OK	Подключичная артерия	checked: no structural quality flags	FMA; pattern consistency
FMA3953	right subclavian artery	Правый подключичная артерия	FIX	Правая подключичная артерия	laterality; lost_information	FMA; pattern consistency
FMA3956	vertebral artery	Позвоночная артерия	OK	Позвоночная артерия	checked: no structural quality flags	FMA; pattern consistency
FMA3958	right vertebral artery	Правый позвоночная артерия	FIX	Правая позвоночная артерия	laterality; lost_information	FMA; pattern consistency
FMA3960	internal thoracic artery	Внутренняя грудная артерия	OK	Внутренняя грудная артерия	checked: no structural quality flags	FMA; pattern consistency
FMA3969	right internal thoracic artery	Правый внутренняя грудная артерия	FIX	Правая внутренняя грудная артерия	laterality; lost_information	FMA; pattern consistency
FMA3988	right superior epigastric artery	Правый верхняя надчревная артерия	FIX	Правая верхняя надчревная артерия	laterality; lost_information	FMA; pattern consistency
FMA3990	thyrocervical trunk	Щитовидно-шейный туловище	OK	Щитовидно-шейный туловище	checked: no structural quality flags	FMA; pattern consistency
FMA3992	right thyrocervical trunk	Правый щитовидно-шейный туловище	FIX	Правое щитовидно-шейный туловище	laterality; lost_information	FMA; pattern consistency
FMA3994	second posterior intercostal artery	Вторая задняя межрёберная артерия	OK	Вторая задняя межрёберная артерия	checked: no structural quality flags	FMA; pattern consistency
FMA4057	right dorsal scapular artery	Правый тыльная лопаточная артерия	FIX	Правая тыльная лопаточная артерия	laterality; lost_information	FMA; pattern consistency
FMA4058	left common carotid artery	Левый общая сонная артерия	FIX	Левая общая сонная артерия	laterality; lost_information	FMA; pattern consistency
FMA4062	left internal carotid artery	Левый внутренняя сонная артерия	FIX	Левая внутренняя сонная артерия	laterality; lost_information	FMA; pattern consistency
FMA4066	left vertebral artery	Левый позвоночная артерия	FIX	Левая позвоночная артерия	laterality; lost_information	FMA; pattern consistency
FMA4068	left internal thoracic artery	Левый внутренняя грудная артерия	FIX	Левая внутренняя грудная артерия	laterality; lost_information	FMA; pattern consistency
FMA4077	left musculophrenic artery	Левый мышечно-диафрагмальная артерия	FIX	Левая мышечно-диафрагмальная артерия	laterality; lost_information	FMA; pattern consistency
FMA4083	left superior epigastric artery	Левый верхняя надчревная артерия	FIX	Левая верхняя надчревная артерия	laterality; lost_information	FMA; pattern consistency
FMA4084	left thyrocervical trunk	Левый щитовидно-шейный туловище	FIX	Левое щитовидно-шейный туловище	laterality; lost_information	FMA; pattern consistency
FMA4086	left costocervical trunk	Левый рёберно-шейный туловище	FIX	Левое рёберно-шейный туловище	laterality; lost_information	FMA; pattern consistency
FMA4088	left superior intercostal artery	Левый верхняя межрёберная артерия	FIX	Левая верхняя межрёберная артерия	laterality; lost_information	FMA; pattern consistency
FMA4112	left second posterior intercostal artery	Левый вторая задняя межрёберная артерия	FIX	Левая вторая задняя межрёберная артерия	laterality; lost_information	FMA; pattern consistency
FMA4134	left deep cervical artery	Левый глубокая шейная артерия	FIX	Левая глубокая шейная артерия	laterality; lost_information	FMA; pattern consistency
FMA4149	esophageal artery	Пищеводная артерия	OK	Пищеводная артерия	checked: no structural quality flags	FMA; pattern consistency
FMA4176	posterior intercostal artery	Задняя межрёберная артерия	OK	Задняя межрёберная артерия	checked: no structural quality flags	FMA; pattern consistency
FMA4613	subcostal artery	Подрёберная артерия	OK	Подрёберная артерия	checked: no structural quality flags	FMA; pattern consistency
FMA4634	right subcostal artery	Правый подрёберная артерия	FIX	Правая подрёберная артерия	laterality; lost_information	FMA; pattern consistency
FMA4654	left subcostal artery	Левый подрёберная артерия	FIX	Левая подрёберная артерия	laterality; lost_information	FMA; pattern consistency
FMA4677	trunk of branch of coronary artery	Туловище ветвь коронарная артерия	OK	Туловище ветвь коронарная артерия	checked: no structural quality flags	FMA; pattern consistency
FMA4694	left subclavian artery	Левый подключичная артерия	FIX	Левая подключичная артерия	laterality; lost_information	FMA; pattern consistency
FMA4706	coronary sinus	Коронарная синус	OK	Коронарная синус	checked: no structural quality flags	FMA; pattern consistency
FMA4707	great cardiac vein	Большая сердечная вена	OK	Большая сердечная вена	checked: no structural quality flags	FMA; pattern consistency
FMA4708	left marginal vein	Левый краевая вена	FIX	Левая краевая вена	laterality; lost_information	FMA; pattern consistency
FMA4712	posterior vein of left ventricle	Задняя вена левый желудочек	OK	Задняя вена левый желудочек	checked: no structural quality flags	FMA; pattern consistency
FMA4713	middle cardiac vein	Средняя сердечная вена	OK	Средняя сердечная вена	checked: no structural quality flags	FMA; pattern consistency
FMA4714	small cardiac vein	Малая сердечная вена	OK	Малая сердечная вена	checked: no structural quality flags	FMA; pattern consistency
FMA4716	right marginal vein	Правый краевая вена	FIX	Правая краевая вена	laterality; lost_information	FMA; pattern consistency
FMA4720	superior vena cava	Верхняя полая вена	OK	Верхняя полая вена	checked: no structural quality flags	FMA; pattern consistency
FMA4723	brachiocephalic vein	Плечеголовная вена	OK	Плечеголовная вена	checked: no structural quality flags	FMA; pattern consistency
FMA4724	internal jugular vein	Внутренняя яремная вена	OK	Внутренняя яремная вена	checked: no structural quality flags	FMA; pattern consistency
FMA4725	subclavian vein	Подключичная вена	OK	Подключичная вена	checked: no structural quality flags	FMA; pattern consistency
FMA4729	internal thoracic vein	Внутренняя грудная вена	OK	Внутренняя грудная вена	checked: no structural quality flags	FMA; pattern consistency
FMA4731	superior epigastric vein	Верхняя надчревная вена	OK	Верхняя надчревная вена	checked: no structural quality flags	FMA; pattern consistency
FMA4732	musculophrenic vein	Мышечно-диафрагмальная вена	OK	Мышечно-диафрагмальная вена	checked: no structural quality flags	FMA; pattern consistency
FMA4751	right brachiocephalic vein	Правый плечеголовная вена	FIX	Правая плечеголовная вена	laterality; lost_information	FMA; pattern consistency
FMA4754	right internal jugular vein	Правый внутренняя яремная вена	FIX	Правая внутренняя яремная вена	laterality; lost_information	FMA; pattern consistency
FMA4755	right subclavian vein	Правый подключичная вена	FIX	Правая подключичная вена	laterality; lost_information	FMA; pattern consistency
FMA4758	right internal thoracic vein	Правый внутренняя грудная вена	FIX	Правая внутренняя грудная вена	laterality; lost_information	FMA; pattern consistency
FMA4761	left brachiocephalic vein	Левый плечеголовная вена	FIX	Левая плечеголовная вена	laterality; lost_information	FMA; pattern consistency
FMA4762	left internal jugular vein	Левый внутренняя яремная вена	FIX	Левая внутренняя яремная вена	laterality; lost_information	FMA; pattern consistency
FMA4763	left subclavian vein	Левый подключичная вена	FIX	Левая подключичная вена	laterality; lost_information	FMA; pattern consistency
FMA4771	right superior epigastric vein	Правый верхняя надчревная вена	FIX	Правая верхняя надчревная вена	laterality; lost_information	FMA; pattern consistency
FMA4772	right musculophrenic vein	Правый мышечно-диафрагмальная вена	FIX	Правая мышечно-диафрагмальная вена	laterality; lost_information	FMA; pattern consistency
FMA4785	left superior epigastric vein	Левый верхняя надчревная вена	FIX	Левая верхняя надчревная вена	laterality; lost_information	FMA; pattern consistency
FMA4786	left musculophrenic vein	Левый мышечно-диафрагмальная вена	FIX	Левая мышечно-диафрагмальная вена	laterality; lost_information	FMA; pattern consistency
FMA4797	left superior intercostal vein	Левый верхняя межрёберная вена	FIX	Левая верхняя межрёберная вена	laterality; lost_information	FMA; pattern consistency
FMA4838	azygos vein	Непарная вена	OK	Непарная вена	checked: no structural quality flags	FMA; pattern consistency
FMA4843	right ascending lumbar vein	Правый восходящая поясничная вена	FIX	Правая восходящая поясничная вена	laterality; lost_information	FMA; pattern consistency
FMA4844	right subcostal vein	Правый подрёберная вена	FIX	Правая подрёберная вена	laterality; lost_information	FMA; pattern consistency
FMA4877	right superior intercostal vein	Правый верхняя межрёберная вена	FIX	Правая верхняя межрёберная вена	laterality; lost_information	FMA; pattern consistency
FMA4944	hemiazygos vein	Хэмиазйгос вена	OK	Хэмиазйгос вена	checked: no structural quality flags	FMA; pattern consistency
FMA4950	left ascending lumbar vein	Левый восходящая поясничная вена	FIX	Левая восходящая поясничная вена	laterality; lost_information	FMA; pattern consistency
FMA4951	left subcostal vein	Левый подрёберная вена	FIX	Левая подрёберная вена	laterality; lost_information	FMA; pattern consistency
FMA5011	accessory hemiazygos vein	Добавочная полунепарная вена	OK	Добавочная полунепарная вена	checked: no structural quality flags	FMA; pattern consistency
FMA5018	bone organ	Костный орган	NEEDS_EXTERNAL_REVIEW		lost_information: English semantic markers require manual terminology verification	FMA; external review needed
FMA5022	muscle organ	Мышечный орган	NEEDS_EXTERNAL_REVIEW		lost_information: English semantic markers require manual terminology verification	FMA; external review needed
FMA5039	right costocervical trunk	Правый рёберно-шейный туловище	FIX	Правое рёберно-шейный туловище	laterality; lost_information	FMA; pattern consistency
FMA5041	right second posterior intercostal artery	Правый вторая задняя межрёберная артерия	FIX	Правая вторая задняя межрёберная артерия	laterality; lost_information	FMA; pattern consistency
FMA5042	right superior intercostal artery	Правый верхняя межрёберная артерия	FIX	Правая верхняя межрёберная артерия	laterality; lost_information	FMA; pattern consistency
FMA5865	cranial nerve	Черепной нерв	OK	Черепной нерв	checked: no structural quality flags	FMA; pattern consistency
FMA5884	ganglion	Ганглий	OK	Ганглий	checked: no structural quality flags	FMA; pattern consistency
FMA5889	autonomic ganglion	Вегетативный ганглий	OK	Вегетативный ганглий	checked: no structural quality flags	FMA; pattern consistency
FMA5894	parasympathetic ganglion	Парасимпатическая ганглий	OK	Парасимпатическая ганглий	checked: no structural quality flags	FMA; pattern consistency
FMA5895	cranial parasympathetic ganglion	Черепной парасимпатическая ганглий	OK	Черепной парасимпатическая ганглий	checked: no structural quality flags	FMA; pattern consistency
FMA5897	anatomical space	Анатомическое пространство	OK	Анатомическое пространство	checked: no structural quality flags	FMA; pattern consistency
FMA5898	anatomical junction	Анатомическое соединение	OK	Анатомическое соединение	checked: no structural quality flags	FMA; pattern consistency
FMA5913	nerve trunk	Нерв туловище	NEEDS_EXTERNAL_REVIEW		lost_information: English semantic markers require manual terminology verification	FMA; external review needed
FMA6964	ciliary ganglion	Ресничная ганглий	OK	Ресничная ганглий	checked: no structural quality flags	FMA; pattern consistency
FMA7037	branch of ciliary ganglion	Ветвь ресничного узла	NEEDS_EXTERNAL_REVIEW		lost_information: English semantic markers require manual terminology verification	FMA; external review needed
FMA7041	short ciliary nerve	Короткая ресничная нерв	OK	Короткая ресничная нерв	checked: no structural quality flags	FMA; pattern consistency
FMA7131	esophagus	Пищевод	OK	Пищевод	checked: no structural quality flags	FMA; pattern consistency
FMA7145	membrane organ	Мембранозный орган	OK	Мембранозный орган	checked: no structural quality flags	FMA; pattern consistency
FMA7146	organ component gland	Железа — компонент органа	OK	Железа — компонент органа	checked: no structural quality flags	FMA; pattern consistency
FMA7148	stomach	Желудок	OK	Желудок	checked: no structural quality flags	FMA; pattern consistency
FMA7163	skin	Кожа	OK	Кожа	checked: no structural quality flags	FMA; pattern consistency
FMA7196	spleen	Селезёнка	OK	Селезёнка	checked: no structural quality flags	FMA; pattern consistency
FMA7198	pancreas	Поджелудочная железа	OK	Поджелудочная железа	checked: no structural quality flags	FMA; pattern consistency
FMA7202	gallbladder	Желчный пузырь	OK	Желчный пузырь	checked: no structural quality flags	FMA; pattern consistency
FMA7203	kidney	Почка	OK	Почка	checked: no structural quality flags	FMA; pattern consistency
FMA7204	right kidney	Правая почка	NEEDS_EXTERNAL_REVIEW		lost_information: English semantic markers require manual terminology verification	FMA; external review needed
FMA7205	left kidney	Левая почка	NEEDS_EXTERNAL_REVIEW		lost_information: English semantic markers require manual terminology verification	FMA; external review needed
FMA7206	duodenum	Дуодэнум	OK	Дуодэнум	checked: no structural quality flags	FMA; pattern consistency
FMA7210	testis	Яичко	OK	Яичко	checked: no structural quality flags	FMA; pattern consistency
FMA7211	right testis	Правое яичко	NEEDS_EXTERNAL_REVIEW		lost_information: English semantic markers require manual terminology verification	FMA; external review needed
FMA7212	left testis	Левое яичко	NEEDS_EXTERNAL_REVIEW		lost_information: English semantic markers require manual terminology verification	FMA; external review needed
FMA7232	cusp of cardiac valve	Заслонка сердечного клапана	OK	Заслонка сердечного клапана	checked: no structural quality flags	FMA; pattern consistency
FMA7237	leaflet of tricuspid valve	Створка трёхстворчатого клапана	OK	Створка трёхстворчатого клапана	checked: no structural quality flags	FMA; pattern consistency
FMA7238	anterior leaflet of tricuspid valve	Передняя створка трёхстворчатого клапана	OK	Передняя створка трёхстворчатого клапана	checked: no structural quality flags	FMA; pattern consistency
FMA7239	posterior leaflet of tricuspid valve	Задняя створка трёхстворчатого клапана	OK	Задняя створка трёхстворчатого клапана	checked: no structural quality flags	FMA; pattern consistency
FMA7240	septal leaflet of tricuspid valve	Перегородочная створка трёхстворчатого клапана	OK	Перегородочная створка трёхстворчатого клапана	checked: no structural quality flags	FMA; pattern consistency
FMA7241	leaflet of mitral valve	Створка митрального клапана	OK	Створка митрального клапана	checked: no structural quality flags	FMA; pattern consistency
FMA7242	anterior leaflet of mitral valve	Передняя створка митрального клапана	OK	Передняя створка митрального клапана	checked: no structural quality flags	FMA; pattern consistency
FMA7243	posterior leaflet of mitral valve	Задняя створка митрального клапана	OK	Задняя створка митрального клапана	checked: no structural quality flags	FMA; pattern consistency
FMA7247	left anterior cusp of pulmonary valve	Левая передняя заслонка клапана лёгочного ствола	NEEDS_EXTERNAL_REVIEW		lost_information: English semantic markers require manual terminology verification	FMA; external review needed
FMA7248	cusp of pulmonary valve	Заслонка клапана лёгочного ствола	OK	Заслонка клапана лёгочного ствола	checked: no structural quality flags	FMA; pattern consistency
FMA7249	right anterior cusp of pulmonary valve	Правая передняя заслонка клапана лёгочного ствола	NEEDS_EXTERNAL_REVIEW		lost_information: English semantic markers require manual terminology verification	FMA; external review needed
FMA7250	posterior cusp of pulmonary valve	Задняя заслонка клапана лёгочного ствола	NEEDS_EXTERNAL_REVIEW		other: complex multiword anatomical concept requires external terminology review	FMA; external review needed
FMA7251	cusp of aortic valve	Заслонка аортального клапана	OK	Заслонка аортального клапана	checked: no structural quality flags	FMA; pattern consistency
FMA7252	right posterior cusp of aortic valve	Правая задняя заслонка аортального клапана	NEEDS_EXTERNAL_REVIEW		lost_information: English semantic markers require manual terminology verification	FMA; external review needed
FMA7253	anterior cusp of aortic valve	Передняя заслонка аортального клапана	OK	Передняя заслонка аортального клапана	checked: no structural quality flags	FMA; pattern consistency
FMA7254	left posterior cusp of aortic valve	Левая задняя заслонка аортального клапана	NEEDS_EXTERNAL_REVIEW		lost_information: English semantic markers require manual terminology verification	FMA; external review needed
FMA7260	anterior papillary muscle of right ventricle	Передняя сосочковая мышца правого желудочка	NEEDS_EXTERNAL_REVIEW		other: complex multiword anatomical concept requires external terminology review	FMA; external review needed
FMA7261	posterior papillary muscle of right ventricle	Задняя сосочковая мышца правый желудочек	NEEDS_EXTERNAL_REVIEW		other: complex multiword anatomical concept requires external terminology review	FMA; external review needed
FMA7262	septal papillary muscle of right ventricle	Перегородочная сосочковая мышца правый желудочек	NEEDS_EXTERNAL_REVIEW		other: complex multiword anatomical concept requires external terminology review	FMA; external review needed
FMA7264	lateral papillary muscle of left ventricle	Латеральная сосочковая мышца левый желудочек	NEEDS_EXTERNAL_REVIEW		other: complex multiword anatomical concept requires external terminology review	FMA; external review needed
FMA7265	anterolateral head of lateral papillary muscle of left ventricle	Переднелатеральная головка латеральной сосочковой мышцы левого желудочка	NEEDS_EXTERNAL_REVIEW		other: complex multiword anatomical concept requires external terminology review	FMA; external review needed
FMA7394	trachea	Трахея	OK	Трахея	checked: no structural quality flags	FMA; pattern consistency
FMA7396	left main bronchus	Левый главный бронх	NEEDS_EXTERNAL_REVIEW		lost_information: English semantic markers require manual terminology verification	FMA; external review needed
FMA7405	main bronchus	Главный бронх	OK	Главный бронх	checked: no structural quality flags	FMA; pattern consistency
FMA7409	bronchus	Бронх	OK	Бронх	checked: no structural quality flags	FMA; pattern consistency
FMA7474	long bone	Длинная кость	OK	Длинная кость	checked: no structural quality flags	FMA; pattern consistency
FMA7475	short bone	Короткая кость	OK	Короткая кость	checked: no structural quality flags	FMA; pattern consistency
FMA7476	flat bone	Плоская кость	OK	Плоская кость	checked: no structural quality flags	FMA; pattern consistency
FMA7477	irregular bone	Неправильная кость	OK	Неправильная кость	checked: no structural quality flags	FMA; pattern consistency
FMA7478	pneumatized bone	Пневматизированная кость	OK	Пневматизированная кость	checked: no structural quality flags	FMA; pattern consistency
FMA7486	manubrium	Рукоятка	OK	Рукоятка	checked: no structural quality flags	FMA; pattern consistency
FMA7487	body of sternum	Тело грудины	OK	Тело грудины	checked: no structural quality flags	FMA; pattern consistency
FMA7488	xiphoid process	Мечевидный отросток	OK	Мечевидный отросток	checked: no structural quality flags	FMA; pattern consistency
FMA7538	cartilage organ component	Хрящ орган компонент	NEEDS_EXTERNAL_REVIEW		lost_information: English semantic markers require manual terminology verification	FMA; external review needed
FMA7574	rib	Ребро	NEEDS_EXTERNAL_REVIEW		lost_information: English semantic markers require manual terminology verification	FMA; external review needed
FMA7591	costal cartilage	Рёберная хрящ	FIX	рёберный хрящ	grammar	FMA; pattern consistency
FMA7592	true rib	Истинное ребро	OK	Истинное ребро	checked: no structural quality flags	FMA; pattern consistency
FMA7593	typical rib	Типичное ребро	OK	Типичное ребро	checked: no structural quality flags	FMA; pattern consistency
FMA7594	false rib	Ложное ребро	OK	Ложное ребро	checked: no structural quality flags	FMA; pattern consistency
FMA7595	floating rib	Плавающее ребро	OK	Плавающее ребро	checked: no structural quality flags	FMA; pattern consistency
FMA7596	atypical rib	Атипичное ребро	OK	Атипичное ребро	checked: no structural quality flags	FMA; pattern consistency
FMA7597	first rib	Первая ребро	FIX	первое ребро	grammar	FMA; pattern consistency
FMA7603	first costal cartilage	Первая рёберная хрящ	FIX	первый рёберный хрящ	grammar	FMA; pattern consistency
FMA7620	second rib	Вторая ребро	FIX	второе ребро	grammar	FMA; pattern consistency
FMA7638	third rib	Третья ребро	FIX	третье ребро	grammar	FMA; pattern consistency
FMA7646	retinaculum	Удерживатель	OK	Удерживатель	checked: no structural quality flags	FMA; pattern consistency
FMA7703	second costal cartilage	Вторая рёберная хрящ	FIX	второй рёберный хрящ	grammar	FMA; pattern consistency
FMA7741	third costal cartilage	Третья рёберная хрящ	FIX	третий рёберный хрящ	grammar	FMA; pattern consistency
FMA7749	fourth rib	Четвёртая ребро	FIX	четвёртое ребро	grammar	FMA; pattern consistency
FMA7768	fourth costal cartilage	Четвёртая рёберная хрящ	FIX	четвёртый рёберный хрящ	grammar	FMA; pattern consistency
FMA7776	fifth rib	Пятая ребро	FIX	пятое ребро	grammar	FMA; pattern consistency
FMA7795	fifth costal cartilage	Пятая рёберная хрящ	FIX	пятый рёберный хрящ	grammar	FMA; pattern consistency
FMA7822	sixth costal cartilage	Шестая рёберная хрящ	FIX	шестой рёберный хрящ	grammar	FMA; pattern consistency
FMA7830	seventh rib	Седьмая ребро	FIX	седьмое ребро	grammar	FMA; pattern consistency
FMA7849	seventh costal cartilage	Седьмая рёберная хрящ	FIX	седьмой рёберный хрящ	grammar	FMA; pattern consistency
FMA7857	right first rib	Правый первая ребро	FIX	Правое первое ребро	laterality; grammar; lost_information	FMA; pattern consistency
FMA7875	right first costal cartilage	Правый первая рёберная хрящ	FIX	Правый первый рёберный хрящ	grammar; lost_information	FMA; pattern consistency
FMA7882	right second rib	Правый вторая ребро	FIX	Правое второе ребро	laterality; grammar; lost_information	FMA; pattern consistency
FMA7886	right second costal cartilage	Правый вторая рёберная хрящ	FIX	Правый второй рёберный хрящ	grammar; lost_information	FMA; pattern consistency
FMA7909	right third rib	Правый третья ребро	FIX	Правое третье ребро	laterality; grammar; lost_information	FMA; pattern consistency
FMA7913	right third costal cartilage	Правый третья рёберная хрящ	FIX	Правый третий рёберный хрящ	grammar; lost_information	FMA; pattern consistency
FMA7957	right fourth rib	Правый четвёртая ребро	FIX	Правое четвёртое ребро	laterality; grammar; lost_information	FMA; pattern consistency
FMA7976	right fourth costal cartilage	Правый четвёртая рёберная хрящ	FIX	Правый четвёртый рёберный хрящ	grammar; lost_information	FMA; pattern consistency
FMA7987	left first rib	Левый первая ребро	FIX	Левое первое ребро	laterality; grammar; lost_information	FMA; pattern consistency
FMA8005	left first costal cartilage	Левый первая рёберная хрящ	FIX	Левый первый рёберный хрящ	grammar; lost_information	FMA; pattern consistency
FMA8012	left second rib	Левый вторая ребро	FIX	Левое второе ребро	laterality; grammar; lost_information	FMA; pattern consistency
FMA8031	left second costal cartilage	Левый вторая рёберная хрящ	FIX	Левый второй рёберный хрящ	grammar; lost_information	FMA; pattern consistency
FMA8039	left third rib	Левый третья ребро	FIX	Левое третье ребро	laterality; grammar; lost_information	FMA; pattern consistency
FMA8058	left third costal cartilage	Левый третья рёберная хрящ	FIX	Левый третий рёберный хрящ	grammar; lost_information	FMA; pattern consistency
FMA8066	right fifth rib	Правый пятая ребро	FIX	Правое пятое ребро	laterality; grammar; lost_information	FMA; pattern consistency
FMA8070	right fifth costal cartilage	Правый пятая рёберная хрящ	FIX	Правый пятый рёберный хрящ	grammar; lost_information	FMA; pattern consistency
FMA8093	left fifth rib	Левый пятая ребро	FIX	Левое пятое ребро	laterality; grammar; lost_information	FMA; pattern consistency
FMA8112	left fifth costal cartilage	Левый пятая рёберная хрящ	FIX	Левый пятый рёберный хрящ	grammar; lost_information	FMA; pattern consistency
FMA8120	eighth rib	Восьмая ребро	FIX	восьмое ребро	grammar	FMA; pattern consistency
FMA8147	sixth rib	Шестая ребро	FIX	шестое ребро	grammar	FMA; pattern consistency
FMA8148	left fourth rib	Левый четвёртая ребро	FIX	Левое четвёртое ребро	laterality; grammar; lost_information	FMA; pattern consistency
FMA8167	left fourth costal cartilage	Левый четвёртая рёберная хрящ	FIX	Левый четвёртый рёберный хрящ	grammar; lost_information	FMA; pattern consistency
FMA8175	right sixth rib	Правый шестая ребро	FIX	Правое шестое ребро	laterality; grammar; lost_information	FMA; pattern consistency
FMA8194	right sixth costal cartilage	Правый шестая рёберная хрящ	FIX	Правый шестой рёберный хрящ	grammar; lost_information	FMA; pattern consistency
FMA8202	left sixth rib	Левый шестая ребро	FIX	Левое шестое ребро	laterality; grammar; lost_information	FMA; pattern consistency
FMA8221	left sixth costal cartilage	Левый шестая рёберная хрящ	FIX	Левый шестой рёберный хрящ	grammar; lost_information	FMA; pattern consistency
FMA8229	right seventh rib	Правый седьмая ребро	FIX	Правое седьмое ребро	laterality; grammar; lost_information	FMA; pattern consistency
FMA8248	right seventh costal cartilage	Правый седьмая рёберная хрящ	FIX	Правый седьмой рёберный хрящ	grammar; lost_information	FMA; pattern consistency
FMA8256	left seventh rib	Левый седьмая ребро	FIX	Левое седьмое ребро	laterality; grammar; lost_information	FMA; pattern consistency
FMA8275	left seventh costal cartilage	Левый седьмая рёберная хрящ	FIX	Левый седьмой рёберный хрящ	grammar; lost_information	FMA; pattern consistency
FMA8283	right eighth rib	Правый восьмая ребро	FIX	Правое восьмое ребро	laterality; grammar; lost_information	FMA; pattern consistency
FMA8310	left eighth rib	Левый восьмая ребро	FIX	Левое восьмое ребро	laterality; grammar; lost_information	FMA; pattern consistency
FMA8337	ninth rib	Девятая ребро	FIX	девятое ребро	grammar	FMA; pattern consistency
FMA8364	right ninth rib	Правый девятая ребро	FIX	Правое девятое ребро	laterality; grammar; lost_information	FMA; pattern consistency
FMA8391	left ninth rib	Левый девятая ребро	FIX	Левое девятое ребро	laterality; grammar; lost_information	FMA; pattern consistency
FMA8418	tenth rib	Десятая ребро	FIX	десятое ребро	grammar	FMA; pattern consistency
FMA8445	right tenth rib	Правый десятая ребро	FIX	Правое десятое ребро	laterality; grammar; lost_information	FMA; pattern consistency
FMA8472	left tenth rib	Левый десятая ребро	FIX	Левое десятое ребро	laterality; grammar; lost_information	FMA; pattern consistency
FMA8499	eleventh rib	Одиннадцатая ребро	OK	Одиннадцатая ребро	checked: no structural quality flags	FMA; pattern consistency
FMA8515	twelfth rib	Двенадцатая ребро	OK	Двенадцатая ребро	checked: no structural quality flags	FMA; pattern consistency
FMA8531	right eleventh rib	Правый одиннадцатая ребро	FIX	Правое одиннадцатая ребро	laterality; lost_information	FMA; pattern consistency
FMA8532	left eleventh rib	Левый одиннадцатая ребро	FIX	Левое одиннадцатая ребро	laterality; lost_information	FMA; pattern consistency
FMA8533	right twelfth rib	Правый двенадцатая ребро	FIX	Правое двенадцатая ребро	laterality; lost_information	FMA; pattern consistency
FMA8534	left twelfth rib	Левый двенадцатая ребро	FIX	Левое двенадцатая ребро	laterality; lost_information	FMA; pattern consistency
FMA8612	pulmonary trunk	Лёгочный туловище	OK	Лёгочный туловище	checked: no structural quality flags	FMA; pattern consistency
FMA8615	pulmonary arterial trunk	Лёгочный артериальная туловище	OK	Лёгочный артериальная туловище	checked: no structural quality flags	FMA; pattern consistency
FMA8620	right anterior segmental artery	Правый передняя сегментарный артерия	FIX	Правая передняя сегментарный артерия	laterality; lost_information	FMA; pattern consistency
FMA8634	left apical segmental artery	Левый верхушечная сегментарный артерия	FIX	Левая верхушечная сегментарный артерия	laterality; lost_information	FMA; pattern consistency
FMA8635	left posterior segmental artery	Левый задняя сегментарный артерия	FIX	Левая задняя сегментарный артерия	laterality; lost_information	FMA; pattern consistency
FMA8639	superior lingular artery	Верхняя язычковая артерия	OK	Верхняя язычковая артерия	checked: no structural quality flags	FMA; pattern consistency
FMA8640	inferior lingular artery	Нижняя язычковая артерия	OK	Нижняя язычковая артерия	checked: no structural quality flags	FMA; pattern consistency
FMA8642	left superior segmental artery	Левый верхняя сегментарный артерия	FIX	Левая верхняя сегментарный артерия	laterality; lost_information	FMA; pattern consistency
FMA8644	left medial basal segmental artery	Левый медиальная базальная сегментарный артерия	FIX	Левая медиальная базальная сегментарный артерия	laterality; lost_information	FMA; pattern consistency
FMA8645	left anterior basal segmental artery	Левый передняя базальная сегментарный артерия	FIX	Левая передняя базальная сегментарный артерия	laterality; lost_information	FMA; pattern consistency
FMA8646	left lateral basal segmental artery	Левый латеральная базальная сегментарный артерия	FIX	Левая латеральная базальная сегментарный артерия	laterality; lost_information	FMA; pattern consistency
FMA8647	left posterior basal segmental artery	Левый задняя базальная сегментарный артерия	FIX	Левая задняя базальная сегментарный артерия	laterality; lost_information	FMA; pattern consistency
FMA8648	trunk of pulmonary vein	Туловище лёгочный вена	OK	Туловище лёгочный вена	checked: no structural quality flags	FMA; pattern consistency
FMA8662	right anterior segmental vein	Правый передняя сегментарный вена	FIX	Правая передняя сегментарный вена	laterality; lost_information	FMA; pattern consistency
FMA8663	right posterior segmental vein	Правый задняя сегментарный вена	FIX	Правая задняя сегментарный вена	laterality; lost_information	FMA; pattern consistency
FMA8667	left anterior segmental vein	Левый передняя сегментарный вена	FIX	Левая передняя сегментарный вена	laterality; lost_information	FMA; pattern consistency
FMA8668	superior lingular vein	Верхняя язычковая вена	OK	Верхняя язычковая вена	checked: no structural quality flags	FMA; pattern consistency
FMA8669	inferior lingular vein	Нижняя язычковая вена	OK	Нижняя язычковая вена	checked: no structural quality flags	FMA; pattern consistency
FMA8670	right superior segmental vein	Правый верхняя сегментарный вена	FIX	Правая верхняя сегментарный вена	laterality; lost_information	FMA; pattern consistency
FMA8673	right anterior basal segmental vein	Правый передняя базальная сегментарный вена	FIX	Правая передняя базальная сегментарный вена	laterality; lost_information	FMA; pattern consistency
FMA8678	left anterior basal segmental vein	Левый передняя базальная сегментарный вена	FIX	Левая передняя базальная сегментарный вена	laterality; lost_information	FMA; pattern consistency
FMA8681	apical part of right apical segmental vein	Верхушечная часть правой верхушечной сегментарной вены	NEEDS_EXTERNAL_REVIEW		other: complex multiword anatomical concept requires external terminology review	FMA; external review needed
FMA8683	superior part of anterior segmental vein	Верхняя часть передняя сегментарный вена	NEEDS_EXTERNAL_REVIEW		other: complex multiword anatomical concept requires external terminology review	FMA; external review needed
FMA8693	inferior part of anterior segmental vein	Нижняя часть передняя сегментарный вена	NEEDS_EXTERNAL_REVIEW		other: complex multiword anatomical concept requires external terminology review	FMA; external review needed
FMA8702	upper lobar artery	Верхняя долевой артерия	OK	Верхняя долевой артерия	checked: no structural quality flags	FMA; pattern consistency
FMA8707	apical segmental artery	Верхушечная сегментарная артерия	OK	Верхушечная сегментарная артерия	checked: no structural quality flags	FMA; pattern consistency
FMA8714	superior segmental artery	Верхняя сегментарный артерия	OK	Верхняя сегментарный артерия	checked: no structural quality flags	FMA; pattern consistency
FMA8716	medial basal segmental artery	Медиальная базальная сегментарный артерия	OK	Медиальная базальная сегментарный артерия	checked: no structural quality flags	FMA; pattern consistency
FMA8717	anterior basal segmental artery	Передняя базальная сегментарная артерия	OK	Передняя базальная сегментарная артерия	checked: no structural quality flags	FMA; pattern consistency
FMA8718	lateral basal segmental artery	Латеральная базальная сегментарный артерия	OK	Латеральная базальная сегментарный артерия	checked: no structural quality flags	FMA; pattern consistency
FMA8719	posterior basal segmental artery	Задняя базальная сегментарный артерия	OK	Задняя базальная сегментарный артерия	checked: no structural quality flags	FMA; pattern consistency
FMA8755	segmental pulmonary artery	Сегментарный лёгочный артерия	NEEDS_EXTERNAL_REVIEW		lost_information: English semantic markers require manual terminology verification	FMA; external review needed
FMA9139	thoracic vertebra	Грудная позвонок	OK	Грудная позвонок	checked: no structural quality flags	FMA; pattern consistency
FMA9165	first thoracic vertebra	Первая грудная позвонок	OK	Первая грудная позвонок	checked: no structural quality flags	FMA; pattern consistency
FMA9187	second thoracic vertebra	Вторая грудная позвонок	OK	Вторая грудная позвонок	checked: no structural quality flags	FMA; pattern consistency
FMA9209	third thoracic vertebra	Третья грудная позвонок	OK	Третья грудная позвонок	checked: no structural quality flags	FMA; pattern consistency
FMA9248	fourth thoracic vertebra	Четвёртая грудная позвонок	OK	Четвёртая грудная позвонок	checked: no structural quality flags	FMA; pattern consistency
FMA9291	cavity of right ventricle	Полость правого желудочка	OK	Полость правого желудочка	checked: no structural quality flags	FMA; pattern consistency
FMA9311	subsegmental pulmonary artery	Субсегментарный лёгочный артерия	OK	Субсегментарный лёгочный артерия	checked: no structural quality flags	FMA; pattern consistency
FMA9337	organ cavity subdivision	Орган полость подразделение	OK	Орган полость подразделение	checked: no structural quality flags	FMA; pattern consistency
FMA9338	anatomical conduit space	Полость анатомического проводника	OK	Полость анатомического проводника	checked: no structural quality flags	FMA; pattern consistency
FMA9411	segmental pulmonary vein	Сегментарный лёгочный вена	NEEDS_EXTERNAL_REVIEW		lost_information: English semantic markers require manual terminology verification	FMA; external review needed
FMA9413	subsegmental pulmonary vein	Субсегментарный лёгочный вена	OK	Субсегментарный лёгочный вена	checked: no structural quality flags	FMA; pattern consistency
FMA9419	subsegmental part of lateral segmental vein	Субсегментарный часть латеральная сегментарный вена	NEEDS_EXTERNAL_REVIEW		other: complex multiword anatomical concept requires external terminology review	FMA; external review needed
FMA9421	subsegmental part of medial segmental vein	Субсегментарный часть медиальная сегментарный вена	NEEDS_EXTERNAL_REVIEW		other: complex multiword anatomical concept requires external terminology review	FMA; external review needed
FMA9422	right medial basal segmental vein	Правый медиальная базальная сегментарный вена	FIX	Правая медиальная базальная сегментарный вена	laterality; lost_information	FMA; pattern consistency
FMA9425	right lateral basal segmental vein	Правый латеральная базальная сегментарный вена	FIX	Правая латеральная базальная сегментарный вена	laterality; lost_information	FMA; pattern consistency
FMA9428	right posterior basal segmental vein	Правый задняя базальная сегментарный вена	FIX	Правая задняя базальная сегментарный вена	laterality; lost_information	FMA; pattern consistency
FMA9437	left apical segmental vein	Левый верхушечная сегментарный вена	FIX	Левая верхушечная сегментарный вена	laterality; lost_information	FMA; pattern consistency
FMA9438	left posterior segmental vein	Левый задняя сегментарный вена	FIX	Левая задняя сегментарный вена	laterality; lost_information	FMA; pattern consistency
FMA9450	left lateral basal segmental vein	Левый латеральная базальная сегментарный вена	FIX	Левая латеральная базальная сегментарный вена	laterality; lost_information	FMA; pattern consistency
FMA9451	left posterior basal segmental vein	Левый задняя базальная сегментарный вена	FIX	Левая задняя базальная сегментарный вена	laterality; lost_information	FMA; pattern consistency
FMA9457	wall of right atrium	Стенка правого предсердия	NEEDS_EXTERNAL_REVIEW		lost_information: English semantic markers require manual terminology verification	FMA; external review needed
FMA9464	cavity of cardiac chamber	Полость камеры сердца	OK	Полость камеры сердца	checked: no structural quality flags	FMA; pattern consistency
FMA9465	cavity of left atrium	Полость левого предсердия	OK	Полость левого предсердия	checked: no structural quality flags	FMA; pattern consistency
FMA9466	cavity of left ventricle	Полость левого желудочка	OK	Полость левого желудочка	checked: no structural quality flags	FMA; pattern consistency
FMA9531	wall of left atrium	Стенка левого предсердия	NEEDS_EXTERNAL_REVIEW		lost_information: English semantic markers require manual terminology verification	FMA; external review needed
FMA9597	salivary gland	Слюнная железа	OK	Слюнная железа	checked: no structural quality flags	FMA; pattern consistency
FMA9600	prostate	Предстательная железа	OK	Предстательная железа	checked: no structural quality flags	FMA; pattern consistency
FMA9604	adrenal gland	Надпочечник	OK	Надпочечник	checked: no structural quality flags	FMA; pattern consistency
FMA9611	femur	Бедренная кость	OK	Бедренная кость	checked: no structural quality flags	FMA; pattern consistency
FMA9612	metacarpal bone	Пястная кость кость	OK	Пястная кость кость	checked: no structural quality flags	FMA; pattern consistency
FMA9613	parietal bone	Теменная кость	OK	Теменная кость	checked: no structural quality flags	FMA; pattern consistency
FMA9615	cricoid cartilage	Перстневидный хрящ	OK	Перстневидный хрящ	checked: no structural quality flags	FMA; pattern consistency
FMA9616	muscle of head	Мышца головка	NEEDS_EXTERNAL_REVIEW		lost_information: English semantic markers require manual terminology verification	FMA; external review needed
FMA9617	muscle of neck	Мышца шейка	NEEDS_EXTERNAL_REVIEW		lost_information: English semantic markers require manual terminology verification	FMA; external review needed
FMA9619	muscle of thorax	Мышца грудная клетка	NEEDS_EXTERNAL_REVIEW		lost_information: English semantic markers require manual terminology verification	FMA; external review needed
FMA9620	muscle of abdomen	Мышца живот	NEEDS_EXTERNAL_REVIEW		lost_information: English semantic markers require manual terminology verification	FMA; external review needed
FMA9621	muscle of upper limb	Мышца верхняя конечность	NEEDS_EXTERNAL_REVIEW		lost_information: English semantic markers require manual terminology verification	FMA; external review needed
FMA9622	muscle of lower limb	Мышца нижняя конечность	NEEDS_EXTERNAL_REVIEW		lost_information: English semantic markers require manual terminology verification	FMA; external review needed
FMA9623	perineal muscle	Промежностная мышца	OK	Промежностная мышца	checked: no structural quality flags	FMA; pattern consistency
FMA9625	stylohyoid	Шилоподъязычная	OK	Шилоподъязычная	checked: no structural quality flags	FMA; pattern consistency
FMA9629	supraspinatus	Надостная	OK	Надостная	checked: no structural quality flags	FMA; pattern consistency
FMA9637	portion of tissue	Часть ткань	OK	Часть ткань	checked: no structural quality flags	FMA; pattern consistency
FMA9640	portion of connective tissue	Часть соединительная ткань	OK	Часть соединительная ткань	checked: no structural quality flags	FMA; pattern consistency
FMA9649	decussation	Перекрёст	OK	Перекрёст	checked: no structural quality flags	FMA; pattern consistency
FMA9657	anatomical line	Анатомическая линия	OK	Анатомическая линия	checked: no structural quality flags	FMA; pattern consistency
FMA9703	nasolacrimal duct	Носослёзный проток	OK	Носослёзный проток	checked: no structural quality flags	FMA; pattern consistency
FMA9704	ureter	Мочеточник	OK	Мочеточник	checked: no structural quality flags	FMA; pattern consistency
FMA9706	bile duct	Желчный проток	OK	Желчный проток	checked: no structural quality flags	FMA; pattern consistency
FMA9708	talus	Таранная кость	OK	Таранная кость	checked: no structural quality flags	FMA; pattern consistency
FMA9710	vomer	Вомэр	OK	Вомэр	checked: no structural quality flags	FMA; pattern consistency
FMA9711	maxilla	Верхняя челюсть	OK	Верхняя челюсть	checked: no structural quality flags	FMA; pattern consistency
FMA9721	tendon	Сухожилие	OK	Сухожилие	checked: no structural quality flags	FMA; pattern consistency
FMA9756	external intercostal muscle	Наружная межрёберная мышца	OK	Наружная межрёберная мышца	checked: no structural quality flags	FMA; pattern consistency
FMA9757	internal intercostal muscle	Внутренняя межрёберная мышца	OK	Внутренняя межрёберная мышца	checked: no structural quality flags	FMA; pattern consistency
FMA9758	innermost intercostal muscle	Самая глубокая межрёберная мышца	OK	Самая глубокая межрёберная мышца	checked: no structural quality flags	FMA; pattern consistency
FMA9760	transversus thoracis	Поперечная мышца груди	OK	Поперечная мышца груди	checked: no structural quality flags	FMA; pattern consistency
FMA9761	right transversus thoracis	Правый поперечная мышца груди	FIX	Правая поперечная мышца груди	laterality; lost_information	FMA; pattern consistency
FMA9762	left transversus thoracis	Левый поперечная мышца груди	FIX	Левая поперечная мышца груди	laterality; lost_information	FMA; pattern consistency
FMA9914	vertebra	Позвонок	OK	Позвонок	checked: no structural quality flags	FMA; pattern consistency
FMA9915	cervical vertebra	Шейная позвонок	OK	Шейная позвонок	checked: no structural quality flags	FMA; pattern consistency
FMA9921	lumbar vertebra	Поясничная позвонок	OK	Поясничная позвонок	checked: no structural quality flags	FMA; pattern consistency
FMA9922	fifth thoracic vertebra	Пятая грудная позвонок	OK	Пятая грудная позвонок	checked: no structural quality flags	FMA; pattern consistency
FMA9945	sixth thoracic vertebra	Шестая грудная позвонок	OK	Шестая грудная позвонок	checked: no structural quality flags	FMA; pattern consistency
FMA9968	seventh thoracic vertebra	Седьмая грудная позвонок	OK	Седьмая грудная позвонок	checked: no structural quality flags	FMA; pattern consistency
FMA9991	eighth thoracic vertebra	Восьмая грудная позвонок	OK	Восьмая грудная позвонок	checked: no structural quality flags	FMA; pattern consistency
FMA10014	ninth thoracic vertebra	Девятая грудная позвонок	OK	Девятая грудная позвонок	checked: no structural quality flags	FMA; pattern consistency
FMA10037	tenth thoracic vertebra	Десятая грудная позвонок	OK	Десятая грудная позвонок	checked: no structural quality flags	FMA; pattern consistency
FMA10059	eleventh thoracic vertebra	Одиннадцатая грудная позвонок	OK	Одиннадцатая грудная позвонок	checked: no structural quality flags	FMA; pattern consistency
FMA10081	twelfth thoracic vertebra	Двенадцатая грудная позвонок	OK	Двенадцатая грудная позвонок	checked: no structural quality flags	FMA; pattern consistency
FMA10419	pancreatic duct	Поджелудочная проток	OK	Поджелудочная проток	checked: no structural quality flags	FMA; pattern consistency
FMA10446	intervertebral disk	Межпозвоночное диск	OK	Межпозвоночное диск	checked: no structural quality flags	FMA; pattern consistency
FMA10455	intervertebral disk of thoracic vertebra	Межпозвоночное диск грудная позвонок	OK	Межпозвоночное диск грудная позвонок	checked: no structural quality flags	FMA; pattern consistency
FMA10458	intervertebral disk of first thoracic vertebra	Межпозвоночное диск первая грудная позвонок	NEEDS_EXTERNAL_REVIEW		other: complex multiword anatomical concept requires external terminology review	FMA; external review needed
FMA10474	zone of muscle organ	Зона мышца орган	OK	Зона мышца орган	checked: no structural quality flags	FMA; pattern consistency
FMA10483	zone of bone organ	Зона кость орган	OK	Зона кость орган	checked: no structural quality flags	FMA; pattern consistency
FMA10552	left dorsal scapular artery	Левый тыльная лопаточная артерия	FIX	Левая тыльная лопаточная артерия	laterality; lost_information	FMA; pattern consistency
FMA10636	costocervical trunk	Рёберно-шейный туловище	OK	Рёберно-шейный туловище	checked: no structural quality flags	FMA; pattern consistency
FMA10645	musculophrenic artery	Мышечно-диафрагмальная артерия	OK	Мышечно-диафрагмальная артерия	checked: no structural quality flags	FMA; pattern consistency
FMA10646	superior epigastric artery	Верхняя надчревная артерия	OK	Верхняя надчревная артерия	checked: no structural quality flags	FMA; pattern consistency
FMA10659	deep cervical artery	Глубокая шейная артерия	OK	Глубокая шейная артерия	checked: no structural quality flags	FMA; pattern consistency
FMA10660	right deep cervical artery	Правый глубокая шейная артерия	FIX	Правая глубокая шейная артерия	laterality; lost_information	FMA; pattern consistency
FMA10662	inferior thyroid artery	Нижняя щитовидная железа артерия	OK	Нижняя щитовидная железа артерия	checked: no structural quality flags	FMA; pattern consistency
FMA10663	suprascapular artery	надлопаточная артерия	OK	надлопаточная артерия	checked: no structural quality flags	FMA; pattern consistency
FMA10664	transverse cervical artery	Поперечная шейная артерия	OK	Поперечная шейная артерия	checked: no structural quality flags	FMA; pattern consistency
FMA10665	superficial cervical artery	Поверхностная шейная артерия	OK	Поверхностная шейная артерия	checked: no structural quality flags	FMA; pattern consistency
FMA10680	left inferior thyroid artery	Левый нижняя щитовидная железа артерия	FIX	Левая нижняя щитовидная железа артерия	laterality; lost_information	FMA; pattern consistency
FMA10681	left suprascapular artery	Левая надлопаточная артерия	NEEDS_EXTERNAL_REVIEW		lost_information: English semantic markers require manual terminology verification	FMA; external review needed
FMA10682	left transverse cervical artery	Левый поперечная шейная артерия	FIX	Левая поперечная шейная артерия	laterality; lost_information	FMA; pattern consistency
FMA10683	left superficial cervical artery	Левый поверхностная шейная артерия	FIX	Левая поверхностная шейная артерия	laterality; lost_information	FMA; pattern consistency
FMA10692	right musculophrenic artery	Правый мышечно-диафрагмальная артерия	FIX	Правая мышечно-диафрагмальная артерия	laterality; lost_information	FMA; pattern consistency
FMA10697	right inferior thyroid artery	Правый нижняя щитовидная железа артерия	FIX	Правая нижняя щитовидная железа артерия	laterality; lost_information	FMA; pattern consistency
FMA10698	right suprascapular artery	Правая надлопаточная артерия	NEEDS_EXTERNAL_REVIEW		lost_information: English semantic markers require manual terminology verification	FMA; external review needed
FMA10699	right transverse cervical artery	Правый поперечная шейная артерия	FIX	Правая поперечная шейная артерия	laterality; lost_information	FMA; pattern consistency
FMA10700	right superficial cervical artery	Правый поверхностная шейная артерия	FIX	Правая поверхностная шейная артерия	laterality; lost_information	FMA; pattern consistency
FMA10704	variant bronchial artery	Вариантная бронхиальная артерия	OK	Вариантная бронхиальная артерия	checked: no structural quality flags	FMA; pattern consistency
FMA10951	inferior vena cava	Нижняя полая вена	OK	Нижняя полая вена	checked: no structural quality flags	FMA; pattern consistency
FMA11195	segment of neural tree organ	Сегмент нервная дерево орган	NEEDS_EXTERNAL_REVIEW		lost_information: English semantic markers require manual terminology verification	FMA; external review needed
FMA11336	linea alba	Линэа алба	OK	Линэа алба	checked: no structural quality flags	FMA; pattern consistency
FMA11337	zone of continuity	Зона непрерывность	OK	Зона непрерывность	checked: no structural quality flags	FMA; pattern consistency
FMA11338	ileocecal junction	Илэокэкал соединение	OK	Илэокэкал соединение	checked: no structural quality flags	FMA; pattern consistency
FMA11359	cavity of right atrium	Полость правого предсердия	OK	Полость правого предсердия	checked: no structural quality flags	FMA; pattern consistency
FMA12215	zone of sternum	Зона грудина	FIX	зона грудины	grammar	FMA; pattern consistency
FMA12224	segment of tracheobronchial tree	Сегмент трахеобронхиальный дерево	NEEDS_EXTERNAL_REVIEW		lost_information: English semantic markers require manual terminology verification	FMA; external review needed
FMA12516	tooth	Зуб	OK	Зуб	checked: no structural quality flags	FMA; pattern consistency
FMA12519	atlas	Атлант	OK	Атлант	checked: no structural quality flags	FMA; pattern consistency
FMA12520	axis	Осевой позвонок	OK	Осевой позвонок	checked: no structural quality flags	FMA; pattern consistency
FMA12521	third cervical vertebra	Третья шейная позвонок	OK	Третья шейная позвонок	checked: no structural quality flags	FMA; pattern consistency
FMA12522	fourth cervical vertebra	Четвёртая шейная позвонок	OK	Четвёртая шейная позвонок	checked: no structural quality flags	FMA; pattern consistency
FMA12523	fifth cervical vertebra	Пятая шейная позвонок	OK	Пятая шейная позвонок	checked: no structural quality flags	FMA; pattern consistency
FMA12524	sixth cervical vertebra	Шестая шейная позвонок	OK	Шестая шейная позвонок	checked: no structural quality flags	FMA; pattern consistency
FMA12525	seventh cervical vertebra	Седьмая шейная позвонок	OK	Седьмая шейная позвонок	checked: no structural quality flags	FMA; pattern consistency
FMA12823	incisor tooth	Резец зуб	OK	Резец зуб	checked: no structural quality flags	FMA; pattern consistency
FMA12845	subcostal vein	Подрёберная вена	OK	Подрёберная вена	checked: no structural quality flags	FMA; pattern consistency
FMA12846	cardiac vein	Сердечная вена	OK	Сердечная вена	checked: no structural quality flags	FMA; pattern consistency
FMA12858	ascending lumbar vein	Восходящая поясничная вена	OK	Восходящая поясничная вена	checked: no structural quality flags	FMA; pattern consistency
FMA13072	first lumbar vertebra	Первая поясничная позвонок	OK	Первая поясничная позвонок	checked: no structural quality flags	FMA; pattern consistency
FMA13073	second lumbar vertebra	Вторая поясничная позвонок	OK	Вторая поясничная позвонок	checked: no structural quality flags	FMA; pattern consistency
FMA13074	third lumbar vertebra	Третья поясничная позвонок	OK	Третья поясничная позвонок	checked: no structural quality flags	FMA; pattern consistency
FMA13075	fourth lumbar vertebra	Четвёртая поясничная позвонок	OK	Четвёртая поясничная позвонок	checked: no structural quality flags	FMA; pattern consistency
FMA13076	fifth lumbar vertebra	Пятая поясничная позвонок	OK	Пятая поясничная позвонок	checked: no structural quality flags	FMA; pattern consistency
FMA13087	segment of aorta	Сегмент аорта	NEEDS_EXTERNAL_REVIEW		lost_information: English semantic markers require manual terminology verification	FMA; external review needed
FMA13109	pectoralis minor	Грудная мышца малая	OK	Грудная мышца малая	checked: no structural quality flags	FMA; pattern consistency
FMA13237	cavity of atrium	Полость предсердия	OK	Полость предсердия	checked: no structural quality flags	FMA; pattern consistency
FMA13238	cavity of ventricle	Полость желудочка	OK	Полость желудочка	checked: no structural quality flags	FMA; pattern consistency
FMA13256	wall of cardiac chamber	Стенка камеры сердца	NEEDS_EXTERNAL_REVIEW		lost_information: English semantic markers require manual terminology verification	FMA; external review needed
FMA13278	anterior segmental artery	Передняя сегментарная артерия	OK	Передняя сегментарная артерия	checked: no structural quality flags	FMA; pattern consistency
FMA13279	left anterior segmental artery	Левый передняя сегментарный артерия	FIX	Левая передняя сегментарный артерия	laterality; lost_information	FMA; pattern consistency
FMA13280	posterior segmental artery	Задняя сегментарный артерия	OK	Задняя сегментарный артерия	checked: no structural quality flags	FMA; pattern consistency
FMA13289	medial basal segmental vein	Медиальная базальная сегментарный вена	OK	Медиальная базальная сегментарный вена	checked: no structural quality flags	FMA; pattern consistency
FMA13290	anterior basal segmental vein	Передняя базальная сегментарная вена	OK	Передняя базальная сегментарная вена	checked: no structural quality flags	FMA; pattern consistency
FMA13291	lateral basal segmental vein	Латеральная базальная сегментарный вена	OK	Латеральная базальная сегментарный вена	checked: no structural quality flags	FMA; pattern consistency
FMA13292	posterior basal segmental vein	Задняя базальная сегментарный вена	OK	Задняя базальная сегментарный вена	checked: no structural quality flags	FMA; pattern consistency
FMA13295	diaphragm	Диафрагма	OK	Диафрагма	checked: no structural quality flags	FMA; pattern consistency
FMA13303	humerus	Плечевая кость	OK	Плечевая кость	checked: no structural quality flags	FMA; pattern consistency
FMA13321	clavicle	Ключица	OK	Ключица	checked: no structural quality flags	FMA; pattern consistency
FMA13322	right clavicle	Правый ключица	NEEDS_EXTERNAL_REVIEW		lost_information: English semantic markers require manual terminology verification	FMA; external review needed
FMA13323	left clavicle	Левый ключица	NEEDS_EXTERNAL_REVIEW		lost_information: English semantic markers require manual terminology verification	FMA; external review needed
FMA13324	cephalic vein	Латеральная подкожная вена	OK	Латеральная подкожная вена	checked: no structural quality flags	FMA; pattern consistency
FMA13325	right cephalic vein	Правый латеральная подкожная вена	FIX	Правая латеральная подкожная вена	laterality; lost_information	FMA; pattern consistency
FMA13326	left cephalic vein	Левый латеральная подкожная вена	FIX	Левая латеральная подкожная вена	laterality; lost_information	FMA; pattern consistency
FMA13329	axillary vein	Подмышечная вена	OK	Подмышечная вена	checked: no structural quality flags	FMA; pattern consistency
FMA13330	right axillary vein	Правый подмышечная вена	FIX	Правая подмышечная вена	laterality; lost_information	FMA; pattern consistency
FMA13331	left axillary vein	Левый подмышечная вена	FIX	Левая подмышечная вена	laterality; lost_information	FMA; pattern consistency
FMA13335	external oblique	Наружная косая мышца	OK	Наружная косая мышца	checked: no structural quality flags	FMA; pattern consistency
FMA13336	right external oblique	Правый наружная косая мышца	FIX	Правая наружная косая мышца	laterality; lost_information	FMA; pattern consistency
FMA13337	left external oblique	Левый наружная косая мышца	FIX	Левая наружная косая мышца	laterality; lost_information	FMA; pattern consistency
FMA13338	infrahyoid muscle	Подъязычная мышца	OK	Подъязычная мышца	checked: no structural quality flags	FMA; pattern consistency
FMA13341	sternohyoid	Грудино-подъязычная мышца	OK	Грудино-подъязычная мышца	checked: no structural quality flags	FMA; pattern consistency
FMA13342	omohyoid	Лопаточно-подъязычная мышца	OK	Лопаточно-подъязычная мышца	checked: no structural quality flags	FMA; pattern consistency
FMA13343	sternothyroid	Грудино-щитовидная мышца	OK	Грудино-щитовидная мышца	checked: no structural quality flags	FMA; pattern consistency
FMA13344	thyrohyoid	Щито-подъязычная мышца	OK	Щито-подъязычная мышца	checked: no structural quality flags	FMA; pattern consistency
FMA13346	right sternohyoid	Правый грудино-подъязычная мышца	FIX	Правая грудино-подъязычная мышца	laterality; lost_information	FMA; pattern consistency
FMA13347	left sternohyoid	Левый грудино-подъязычная мышца	FIX	Левая грудино-подъязычная мышца	laterality; lost_information	FMA; pattern consistency
FMA13348	right omohyoid	Правый лопаточно-подъязычная мышца	FIX	Правая лопаточно-подъязычная мышца	laterality; lost_information	FMA; pattern consistency
FMA13349	left omohyoid	Левый лопаточно-подъязычная мышца	FIX	Левая лопаточно-подъязычная мышца	laterality; lost_information	FMA; pattern consistency
FMA13350	right sternothyroid	Правый грудино-щитовидная мышца	FIX	Правая грудино-щитовидная мышца	laterality; lost_information	FMA; pattern consistency
FMA13351	left sternothyroid	Левый грудино-щитовидная мышца	FIX	Левая грудино-щитовидная мышца	laterality; lost_information	FMA; pattern consistency
FMA13352	right thyrohyoid	Правый щито-подъязычная мышца	FIX	Правая щито-подъязычная мышца	laterality; lost_information	FMA; pattern consistency
FMA13353	left thyrohyoid	Левый щито-подъязычная мышца	FIX	Левая щито-подъязычная мышца	laterality; lost_information	FMA; pattern consistency
FMA13354	intercostal muscle	Межрёберная мышца	OK	Межрёберная мышца	checked: no structural quality flags	FMA; pattern consistency
FMA13365	caudate lobe of liver	Хвостатая доля печень	OK	Хвостатая доля печень	checked: no structural quality flags	FMA; pattern consistency
FMA13375	right pectoralis minor	Правый грудная мышца малая	FIX	Правая грудная мышца малая	laterality; lost_information	FMA; pattern consistency
FMA13376	left pectoralis minor	Левый грудная мышца малая	FIX	Левая грудная мышца малая	laterality; lost_information	FMA; pattern consistency
FMA13379	rhomboid major	Ромбовидная мышца большая	OK	Ромбовидная мышца большая	checked: no structural quality flags	FMA; pattern consistency
FMA13380	rhomboid minor	Ромбовидная мышца малая	OK	Ромбовидная мышца малая	checked: no structural quality flags	FMA; pattern consistency
FMA13381	right rhomboid major	Правый ромбовидная мышца большая	FIX	Правая ромбовидная мышца большая	laterality; lost_information	FMA; pattern consistency
FMA13382	left rhomboid major	Левый ромбовидная мышца большая	FIX	Левая ромбовидная мышца большая	laterality; lost_information	FMA; pattern consistency
FMA13383	right rhomboid minor	Правый ромбовидная мышца малая	FIX	Правая ромбовидная мышца малая	laterality; lost_information	FMA; pattern consistency
FMA13384	left rhomboid minor	Левый ромбовидная мышца малая	FIX	Левая ромбовидная мышца малая	laterality; lost_information	FMA; pattern consistency
FMA13385	scalenus anterior	Лестничная мышца передняя	OK	Лестничная мышца передняя	checked: no structural quality flags	FMA; pattern consistency
FMA13386	scalenus medius	Лестничная мышца мэдиус	OK	Лестничная мышца мэдиус	checked: no structural quality flags	FMA; pattern consistency
FMA13387	scalenus posterior	Лестничная мышца задняя	OK	Лестничная мышца задняя	checked: no structural quality flags	FMA; pattern consistency
FMA13388	right scalenus posterior	Правый лестничная мышца задняя	FIX	Правая лестничная мышца задняя	laterality; lost_information	FMA; pattern consistency
FMA13389	left scalenus posterior	Левый лестничная мышца задняя	FIX	Левая лестничная мышца задняя	laterality; lost_information	FMA; pattern consistency
FMA13390	right scalenus medius	Правый лестничная мышца мэдиус	FIX	Правая лестничная мышца мэдиус	laterality; lost_information	FMA; pattern consistency
FMA13391	left scalenus medius	Левый лестничная мышца мэдиус	FIX	Левая лестничная мышца мэдиус	laterality; lost_information	FMA; pattern consistency
FMA13392	right scalenus anterior	Правый лестничная мышца передняя	FIX	Правая лестничная мышца передняя	laterality; lost_information	FMA; pattern consistency
FMA13393	left scalenus anterior	Левый лестничная мышца передняя	FIX	Левая лестничная мышца передняя	laterality; lost_information	FMA; pattern consistency
FMA13394	scapula	Лопатка	OK	Лопатка	checked: no structural quality flags	FMA; pattern consistency
FMA13395	right scapula	Правый лопатка	NEEDS_EXTERNAL_REVIEW		lost_information: English semantic markers require manual terminology verification	FMA; external review needed
FMA13396	left scapula	Левый лопатка	NEEDS_EXTERNAL_REVIEW		lost_information: English semantic markers require manual terminology verification	FMA; external review needed
FMA13397	serratus anterior	Передняя зубчатая мышца передняя	OK	Передняя зубчатая мышца передняя	checked: no structural quality flags	FMA; pattern consistency
FMA13398	right serratus anterior	Правый передняя зубчатая мышца передняя	FIX	Правая передняя зубчатая мышца передняя	laterality; lost_information	FMA; pattern consistency
FMA13399	left serratus anterior	Левый передняя зубчатая мышца передняя	FIX	Левая передняя зубчатая мышца передняя	laterality; lost_information	FMA; pattern consistency
FMA13400	serratus posterior	Передняя зубчатая мышца задняя	OK	Передняя зубчатая мышца задняя	checked: no structural quality flags	FMA; pattern consistency
FMA13401	serratus posterior superior	Передняя зубчатая мышца задняя верхняя	NEEDS_EXTERNAL_REVIEW		other: complex multiword anatomical concept requires external terminology review	FMA; external review needed
FMA13402	serratus posterior inferior	Передняя зубчатая мышца задняя нижняя	NEEDS_EXTERNAL_REVIEW		other: complex multiword anatomical concept requires external terminology review	FMA; external review needed
FMA13403	right serratus posterior superior	Правый передняя зубчатая мышца задняя верхняя	FIX	Правая передняя зубчатая мышца задняя верхняя	laterality; lost_information	FMA; pattern consistency
FMA13404	left serratus posterior superior	Левый передняя зубчатая мышца задняя верхняя	FIX	Левая передняя зубчатая мышца задняя верхняя	laterality; lost_information	FMA; pattern consistency
FMA13405	right serratus posterior inferior	Правый передняя зубчатая мышца задняя нижняя	FIX	Правая передняя зубчатая мышца задняя нижняя	laterality; lost_information	FMA; pattern consistency
FMA13406	left serratus posterior inferior	Левый передняя зубчатая мышца задняя нижняя	FIX	Левая передняя зубчатая мышца задняя нижняя	laterality; lost_information	FMA; pattern consistency
FMA13407	sternocleidomastoid	Грудино-ключично-сосцевидная мышца	OK	Грудино-ключично-сосцевидная мышца	checked: no structural quality flags	FMA; pattern consistency
FMA13408	right sternocleidomastoid	Правый грудино-ключично-сосцевидная мышца	FIX	Правая грудино-ключично-сосцевидная мышца	laterality; lost_information	FMA; pattern consistency
FMA13409	left sternocleidomastoid	Левый грудино-ключично-сосцевидная мышца	FIX	Левая грудино-ключично-сосцевидная мышца	laterality; lost_information	FMA; pattern consistency
FMA13410	subclavius	Подключичная мышца	OK	Подключичная мышца	checked: no structural quality flags	FMA; pattern consistency
FMA13411	left subclavius	Левый подключичная мышца	FIX	Левая подключичная мышца	laterality; lost_information	FMA; pattern consistency
FMA13412	right subclavius	Правый подключичная мышца	FIX	Правая подключичная мышца	laterality; lost_information	FMA; pattern consistency
FMA13413	subscapularis	Подлопаточная мышца	OK	Подлопаточная мышца	checked: no structural quality flags	FMA; pattern consistency
FMA13414	right subscapularis	Правый подлопаточная мышца	FIX	Правая подлопаточная мышца	laterality; lost_information	FMA; pattern consistency
FMA13415	left subscapularis	Левый подлопаточная мышца	FIX	Левая подлопаточная мышца	laterality; lost_information	FMA; pattern consistency
FMA13442	anterior segmental vein	Передняя сегментарная вена	OK	Передняя сегментарная вена	checked: no structural quality flags	FMA; pattern consistency
FMA13443	posterior segmental vein	Задняя сегментарный вена	OK	Задняя сегментарный вена	checked: no structural quality flags	FMA; pattern consistency
FMA13444	apical segmental vein	Верхушечная сегментарная вена	OK	Верхушечная сегментарная вена	checked: no structural quality flags	FMA; pattern consistency
FMA13445	superior segmental vein	Верхняя сегментарный вена	OK	Верхняя сегментарный вена	checked: no structural quality flags	FMA; pattern consistency
FMA13495	intervertebral disk of second thoracic vertebra	Межпозвоночное диск вторая грудная позвонок	NEEDS_EXTERNAL_REVIEW		other: complex multiword anatomical concept requires external terminology review	FMA; external review needed
FMA13500	intervertebral disk of third thoracic vertebra	Межпозвоночное диск третья грудная позвонок	NEEDS_EXTERNAL_REVIEW		other: complex multiword anatomical concept requires external terminology review	FMA; external review needed
FMA13501	intervertebral disk of fourth thoracic vertebra	Межпозвоночное диск четвёртая грудная позвонок	NEEDS_EXTERNAL_REVIEW		other: complex multiword anatomical concept requires external terminology review	FMA; external review needed
FMA13502	intervertebral disk of fifth thoracic vertebra	Межпозвоночное диск пятая грудная позвонок	NEEDS_EXTERNAL_REVIEW		other: complex multiword anatomical concept requires external terminology review	FMA; external review needed
FMA13503	intervertebral disk of sixth thoracic vertebra	Межпозвоночное диск шестая грудная позвонок	NEEDS_EXTERNAL_REVIEW		other: complex multiword anatomical concept requires external terminology review	FMA; external review needed
FMA13504	intervertebral disk of seventh thoracic vertebra	Межпозвоночное диск седьмая грудная позвонок	NEEDS_EXTERNAL_REVIEW		other: complex multiword anatomical concept requires external terminology review	FMA; external review needed
FMA13505	intervertebral disk of eighth thoracic vertebra	Межпозвоночное диск восьмая грудная позвонок	NEEDS_EXTERNAL_REVIEW		other: complex multiword anatomical concept requires external terminology review	FMA; external review needed
FMA13506	intervertebral disk of ninth thoracic vertebra	Межпозвоночное диск девятая грудная позвонок	NEEDS_EXTERNAL_REVIEW		other: complex multiword anatomical concept requires external terminology review	FMA; external review needed
FMA13507	intervertebral disk of tenth thoracic vertebra	Межпозвоночное диск десятая грудная позвонок	NEEDS_EXTERNAL_REVIEW		other: complex multiword anatomical concept requires external terminology review	FMA; external review needed
FMA13508	intervertebral disk of eleventh thoracic vertebra	Межпозвоночное диск одиннадцатая грудная позвонок	NEEDS_EXTERNAL_REVIEW		other: complex multiword anatomical concept requires external terminology review	FMA; external review needed
FMA13883	wall of atrium	Стенка предсердия	NEEDS_EXTERNAL_REVIEW		lost_information: English semantic markers require manual terminology verification	FMA; external review needed
FMA13884	wall of ventricle	Стенка желудочка	NEEDS_EXTERNAL_REVIEW		lost_information: English semantic markers require manual terminology verification	FMA; external review needed
FMA13889	pituitary gland	Гипофиз	OK	Гипофиз	checked: no structural quality flags	FMA; pattern consistency
FMA13894	intervertebral disk of lumbar vertebra	Межпозвоночное диск поясничная позвонок	OK	Межпозвоночное диск поясничная позвонок	checked: no structural quality flags	FMA; pattern consistency
FMA13895	intervertebral disk of cervical vertebra	Межпозвоночное диск шейная позвонок	OK	Межпозвоночное диск шейная позвонок	checked: no structural quality flags	FMA; pattern consistency
FMA13896	intervertebral disk of third cervical vertebra	Межпозвоночное диск третья шейная позвонок	NEEDS_EXTERNAL_REVIEW		other: complex multiword anatomical concept requires external terminology review	FMA; external review needed
FMA13897	intervertebral disk of fourth cervical vertebra	Межпозвоночное диск четвёртая шейная позвонок	NEEDS_EXTERNAL_REVIEW		other: complex multiword anatomical concept requires external terminology review	FMA; external review needed
FMA13898	intervertebral disk of fifth cervical vertebra	Межпозвоночное диск пятая шейная позвонок	NEEDS_EXTERNAL_REVIEW		other: complex multiword anatomical concept requires external terminology review	FMA; external review needed
FMA13899	intervertebral disk of sixth cervical vertebra	Межпозвоночное диск шестая шейная позвонок	NEEDS_EXTERNAL_REVIEW		other: complex multiword anatomical concept requires external terminology review	FMA; external review needed
FMA13900	intervertebral disk of seventh cervical vertebra	Межпозвоночное диск седьмая шейная позвонок	NEEDS_EXTERNAL_REVIEW		other: complex multiword anatomical concept requires external terminology review	FMA; external review needed
FMA13912	ventricular branch of right coronary artery	Желудочковая ветвь правый коронарная артерия	FIX	Желудочковая ветвь Правая коронарная артерия	laterality	FMA; pattern consistency
FMA13914	anterior branch of anterior interventricular branch of left coronary artery	Передняя ветвь передней межжелудочковой ветви левой коронарной артерии	NEEDS_EXTERNAL_REVIEW		other: complex multiword anatomical concept requires external terminology review	FMA; external review needed
FMA13921	branch of anterior interventricular branch of left coronary artery	Ветвь передней межжелудочковой ветви левой коронарной артерии	NEEDS_EXTERNAL_REVIEW		other: complex multiword anatomical concept requires external terminology review	FMA; external review needed
FMA14065	organ component	Орган компонент	OK	Орган компонент	checked: no structural quality flags	FMA; pattern consistency
FMA14092	zone of small intestine	Зона малая кишка	OK	Зона малая кишка	checked: no structural quality flags	FMA; pattern consistency
FMA14177	bronchial branch of arch of aorta	Бронхиальная ветвь дуга аорта	OK	Бронхиальная ветвь дуга аорта	checked: no structural quality flags	FMA; pattern consistency
FMA14284	venous tree organ	Венозная дерево орган	OK	Венозная дерево орган	checked: no structural quality flags	FMA; pattern consistency
FMA14293	tributary of internal thoracic vein	Приток внутренняя грудная вена	NEEDS_EXTERNAL_REVIEW		lost_information: English semantic markers require manual terminology verification	FMA; external review needed
FMA14294	tributary of azygos vein	Приток непарная вена	NEEDS_EXTERNAL_REVIEW		lost_information: English semantic markers require manual terminology verification	FMA; external review needed
FMA14309	subsegmental part of apical segmental vein	Субсегментарный часть верхушечная сегментарный вена	NEEDS_EXTERNAL_REVIEW		other: complex multiword anatomical concept requires external terminology review	FMA; external review needed
FMA14310	subsegmental part of anterior segmental vein	Субсегментарный часть передняя сегментарный вена	NEEDS_EXTERNAL_REVIEW		other: complex multiword anatomical concept requires external terminology review	FMA; external review needed
FMA14317	tributary of external jugular vein	Приток наружная яремная вена	NEEDS_EXTERNAL_REVIEW		lost_information: English semantic markers require manual terminology verification	FMA; external review needed
FMA14319	suprascapular vein	надлопаточная вена	OK	надлопаточная вена	checked: no structural quality flags	FMA; pattern consistency
FMA14329	trunk of portal vein	Туловище воротная вена	OK	Туловище воротная вена	checked: no structural quality flags	FMA; pattern consistency
FMA14331	splenic vein	Селезёночная вена	OK	Селезёночная вена	checked: no structural quality flags	FMA; pattern consistency
FMA14332	superior mesenteric vein	Верхняя брыжеечная вена	OK	Верхняя брыжеечная вена	checked: no structural quality flags	FMA; pattern consistency
FMA14333	common iliac vein	Общая подвздошная вена	OK	Общая подвздошная вена	checked: no structural quality flags	FMA; pattern consistency
FMA14334	renal vein	Почечная вена	OK	Почечная вена	checked: no structural quality flags	FMA; pattern consistency
FMA14335	right renal vein	Правый почечная вена	FIX	Правая почечная вена	laterality; lost_information	FMA; pattern consistency
FMA14336	left renal vein	Левый почечная вена	FIX	Левая почечная вена	laterality; lost_information	FMA; pattern consistency
FMA14337	hepatic vein	Печёночная вена	OK	Печёночная вена	checked: no structural quality flags	FMA; pattern consistency
FMA14338	right hepatic vein	Правый печёночная вена	FIX	Правая печёночная вена	laterality; lost_information	FMA; pattern consistency
FMA14339	left hepatic vein	Левый печёночная вена	FIX	Левая печёночная вена	laterality; lost_information	FMA; pattern consistency
FMA14340	middle hepatic vein	Средняя печёночная вена	OK	Средняя печёночная вена	checked: no structural quality flags	FMA; pattern consistency
FMA14341	right testicular vein	Правый яичковая вена	FIX	Правая яичковая вена	laterality; lost_information	FMA; pattern consistency
FMA14343	right suprarenal vein	Правый надпочечниковая вена	FIX	Правая надпочечниковая вена	laterality; lost_information	FMA; pattern consistency
FMA14344	testicular vein	Яичковая вена	OK	Яичковая вена	checked: no structural quality flags	FMA; pattern consistency
FMA14345	left testicular vein	Левый яичковая вена	FIX	Левая яичковая вена	laterality; lost_information	FMA; pattern consistency
FMA14348	suprarenal vein	Надпочечниковая вена	OK	Надпочечниковая вена	checked: no structural quality flags	FMA; pattern consistency
FMA14349	left suprarenal vein	Левый надпочечниковая вена	FIX	Левая надпочечниковая вена	laterality; lost_information	FMA; pattern consistency
FMA14495	segment of liver	Сегмент печень	NEEDS_EXTERNAL_REVIEW		lost_information: English semantic markers require manual terminology verification	FMA; external review needed
FMA14539	cystic duct	Пузырная проток	OK	Пузырная проток	checked: no structural quality flags	FMA; pattern consistency
FMA14540	segment of large intestine	Сегмент большая кишка	NEEDS_EXTERNAL_REVIEW		lost_information: English semantic markers require manual terminology verification	FMA; external review needed
FMA14542	appendix	Червеобразный отросток	OK	Червеобразный отросток	checked: no structural quality flags	FMA; pattern consistency
FMA14544	rectum	Прямая кишка	OK	Прямая кишка	checked: no structural quality flags	FMA; pattern consistency
FMA14545	ascending colon	Восходящая ободочная кишка	OK	Восходящая ободочная кишка	checked: no structural quality flags	FMA; pattern consistency
FMA14546	transverse colon	Поперечная ободочная кишка	OK	Поперечная ободочная кишка	checked: no structural quality flags	FMA; pattern consistency
FMA14547	descending colon	Нисходящая ободочная кишка	OK	Нисходящая ободочная кишка	checked: no structural quality flags	FMA; pattern consistency
FMA14643	mesentery of small intestine	Брыжейка малая кишка	OK	Брыжейка малая кишка	checked: no structural quality flags	FMA; pattern consistency
FMA14645	mesentery of large intestine	Брыжейка большая кишка	OK	Брыжейка большая кишка	checked: no structural quality flags	FMA; pattern consistency
FMA14647	transverse mesocolon	Поперечная ободочная брыжейка	OK	Поперечная ободочная брыжейка	checked: no structural quality flags	FMA; pattern consistency
FMA14668	common hepatic duct	Общая печёночная проток	OK	Общая печёночная проток	checked: no structural quality flags	FMA; pattern consistency
FMA14669	right hepatic duct	Правый печёночная проток	NEEDS_EXTERNAL_REVIEW		lost_information: English semantic markers require manual terminology verification	FMA; external review needed
FMA14670	left hepatic duct	Левый печёночная проток	NEEDS_EXTERNAL_REVIEW		lost_information: English semantic markers require manual terminology verification	FMA; external review needed
FMA14678	extrahepatic bile duct	Внепечёночный желчный проток	OK	Внепечёночный желчный проток	checked: no structural quality flags	FMA; pattern consistency
FMA14734	inferior phrenic artery	Нижняя диафрагмальная артерия	OK	Нижняя диафрагмальная артерия	checked: no structural quality flags	FMA; pattern consistency
FMA14735	lumbar artery	Поясничная артерия	OK	Поясничная артерия	checked: no structural quality flags	FMA; pattern consistency
FMA14746	right inferior phrenic artery	Правый нижняя диафрагмальная артерия	FIX	Правая нижняя диафрагмальная артерия	laterality; lost_information	FMA; pattern consistency
FMA14747	left inferior phrenic artery	Левый нижняя диафрагмальная артерия	FIX	Левая нижняя диафрагмальная артерия	laterality; lost_information	FMA; pattern consistency
FMA14749	superior mesenteric artery	Верхняя брыжеечная артерия	OK	Верхняя брыжеечная артерия	checked: no structural quality flags	FMA; pattern consistency
FMA14750	inferior mesenteric artery	Нижняя брыжеечная артерия	OK	Нижняя брыжеечная артерия	checked: no structural quality flags	FMA; pattern consistency
FMA14751	renal artery	Почечная артерия	OK	Почечная артерия	checked: no structural quality flags	FMA; pattern consistency
FMA14752	right renal artery	Правый почечная артерия	FIX	Правая почечная артерия	laterality; lost_information	FMA; pattern consistency
FMA14753	left renal artery	Левый почечная артерия	FIX	Левая почечная артерия	laterality; lost_information	FMA; pattern consistency
FMA14754	middle suprarenal artery	Средняя надпочечниковая артерия	OK	Средняя надпочечниковая артерия	checked: no structural quality flags	FMA; pattern consistency
FMA14755	right middle suprarenal artery	Правый средняя надпочечниковая артерия	FIX	Правая средняя надпочечниковая артерия	laterality; lost_information	FMA; pattern consistency
FMA14756	left middle suprarenal artery	Левый средняя надпочечниковая артерия	FIX	Левая средняя надпочечниковая артерия	laterality; lost_information	FMA; pattern consistency
FMA14758	testicular artery	Яичковая артерия	OK	Яичковая артерия	checked: no structural quality flags	FMA; pattern consistency
FMA14759	right testicular artery	Правый яичковая артерия	FIX	Правая яичковая артерия	laterality; lost_information	FMA; pattern consistency
FMA14760	left testicular artery	Левый яичковая артерия	FIX	Левая яичковая артерия	laterality; lost_information	FMA; pattern consistency
FMA14764	common iliac artery	Общая подвздошная артерия	OK	Общая подвздошная артерия	checked: no structural quality flags	FMA; pattern consistency
FMA14765	right common iliac artery	Правый общая подвздошная артерия	FIX	Правая общая подвздошная артерия	laterality; lost_information	FMA; pattern consistency
FMA14766	left common iliac artery	Левый общая подвздошная артерия	FIX	Левая общая подвздошная артерия	laterality; lost_information	FMA; pattern consistency
FMA14767	trunk of branch of coeliac artery	Туловище ветвь чревная артерия	OK	Туловище ветвь чревная артерия	checked: no structural quality flags	FMA; pattern consistency
FMA14768	left gastric artery	Левый желудочная артерия	FIX	Левая желудочная артерия	laterality; lost_information	FMA; pattern consistency
FMA14769	hepatic artery	Печёночная артерия	OK	Печёночная артерия	checked: no structural quality flags	FMA; pattern consistency
FMA14771	common hepatic artery	Общая печёночная артерия	OK	Общая печёночная артерия	checked: no structural quality flags	FMA; pattern consistency
FMA14772	hepatic artery proper	Печёночная артерия собственно	OK	Печёночная артерия собственно	checked: no structural quality flags	FMA; pattern consistency
FMA14773	splenic artery	Селезёночная артерия	OK	Селезёночная артерия	checked: no structural quality flags	FMA; pattern consistency
FMA14776	right gastric artery	Правый желудочная артерия	FIX	Правая желудочная артерия	laterality; lost_information	FMA; pattern consistency
FMA14781	right gastro-epiploic artery	Правый гастро-эпиплоик артерия	FIX	Правая гастро-эпиплоик артерия	laterality; lost_information	FMA; pattern consistency
FMA14782	anterior superior pancreaticoduodenal artery	Передняя верхняя панкреатодуоденальная артерия	OK	Передняя верхняя панкреатодуоденальная артерия	checked: no structural quality flags	FMA; pattern consistency
FMA14784	posterior superior pancreaticoduodenal artery	Задняя верхняя поджелудочно-двенадцатиперстная артерия	OK	Задняя верхняя поджелудочно-двенадцатиперстная артерия	checked: no structural quality flags	FMA; pattern consistency
FMA14787	dorsal pancreatic artery	Тыльная поджелудочная артерия	OK	Тыльная поджелудочная артерия	checked: no structural quality flags	FMA; pattern consistency
FMA14790	inferior pancreatic artery	Нижняя поджелудочная артерия	OK	Нижняя поджелудочная артерия	checked: no structural quality flags	FMA; pattern consistency
FMA14792	great pancreatic artery	Большая поджелудочная артерия	OK	Большая поджелудочная артерия	checked: no structural quality flags	FMA; pattern consistency
FMA14793	caudal pancreatic artery	Хвостовая поджелудочная артерия	OK	Хвостовая поджелудочная артерия	checked: no structural quality flags	FMA; pattern consistency
FMA14796	left gastro-epiploic artery	Левый гастро-эпиплоик артерия	FIX	Левая гастро-эпиплоик артерия	laterality; lost_information	FMA; pattern consistency
FMA14805	inferior pancreaticoduodenal artery	Нижняя поджелудочно-двенадцатиперстная артерия	OK	Нижняя поджелудочно-двенадцатиперстная артерия	checked: no structural quality flags	FMA; pattern consistency
FMA14809	ileal artery	Подвздошная артерия	OK	Подвздошная артерия	checked: no structural quality flags	FMA; pattern consistency
FMA14810	middle colic artery	Средняя ободочная артерия	OK	Средняя ободочная артерия	checked: no structural quality flags	FMA; pattern consistency
FMA14811	right colic artery	Правый ободочная артерия	FIX	Правая ободочная артерия	laterality; lost_information	FMA; pattern consistency
FMA14812	celiac trunk	Чревная туловище	OK	Чревная туловище	checked: no structural quality flags	FMA; pattern consistency
FMA14815	ileocolic artery	Подвздошно-ободочная артерия	OK	Подвздошно-ободочная артерия	checked: no structural quality flags	FMA; pattern consistency
FMA14816	anterior cecal artery	Передняя слепокишечная артерия	OK	Передняя слепокишечная артерия	checked: no structural quality flags	FMA; pattern consistency
FMA14817	posterior cecal artery	Задняя слепокишечная артерия	OK	Задняя слепокишечная артерия	checked: no structural quality flags	FMA; pattern consistency
FMA14818	appendicular artery	Артерия червеобразного отростка	NEEDS_EXTERNAL_REVIEW		lost_information: English semantic markers require manual terminology verification	FMA; external review needed
FMA14819	ileal branch of inferior branch of ileocolic artery	Подвздошная ветвь нижняя ветвь подвздошно-ободочная артерия	NEEDS_EXTERNAL_REVIEW		other: complex multiword anatomical concept requires external terminology review	FMA; external review needed
FMA14820	ascending branch of inferior branch of ileocolic artery	Восходящая ветвь нижней ветви подвздошно-ободочной артерии	NEEDS_EXTERNAL_REVIEW		other: complex multiword anatomical concept requires external terminology review	FMA; external review needed
FMA14821	branch of ileocolic artery	Ветвь подвздошно-ободочной артерии	NEEDS_EXTERNAL_REVIEW		lost_information: English semantic markers require manual terminology verification	FMA; external review needed
FMA14824	marginal colic artery	Краевая ободочная артерия	OK	Краевая ободочная артерия	checked: no structural quality flags	FMA; pattern consistency
FMA14825	trunk of branch of inferior mesenteric artery	Туловище ветвь нижняя брыжеечная артерия	NEEDS_EXTERNAL_REVIEW		other: complex multiword anatomical concept requires external terminology review	FMA; external review needed
FMA14826	left colic artery	Левый ободочная артерия	FIX	Левая ободочная артерия	laterality; lost_information	FMA; pattern consistency
FMA14828	ascending branch of left colic artery	Восходящая ветвь левой ободочной артерии	NEEDS_EXTERNAL_REVIEW		other: complex multiword anatomical concept requires external terminology review	FMA; external review needed
FMA14829	descending branch of left colic artery	Нисходящая ветвь левый ободочная артерия	FIX	Нисходящая ветвь Левая ободочная артерия	laterality	FMA; pattern consistency
FMA14830	sigmoid artery	Сигмовидная артерия	OK	Сигмовидная артерия	checked: no structural quality flags	FMA; pattern consistency
FMA14831	marginal artery of colon	Краевая артерия ободочная кишка	OK	Краевая артерия ободочная кишка	checked: no structural quality flags	FMA; pattern consistency
FMA14832	superior rectal artery	Верхняя прямокишечная артерия	OK	Верхняя прямокишечная артерия	checked: no structural quality flags	FMA; pattern consistency
FMA14837	subdivision of hepatic artery proper	Подразделение печёночная артерия собственно	OK	Подразделение печёночная артерия собственно	checked: no structural quality flags	FMA; pattern consistency
FMA14963	zone of ileum	Зона подвздошная кишка	OK	Зона подвздошная кишка	checked: no structural quality flags	FMA; pattern consistency
FMA14964	proximal part of ileum	Проксимальная часть подвздошная кишка	OK	Проксимальная часть подвздошная кишка	checked: no structural quality flags	FMA; pattern consistency
FMA14965	middle part of ileum	Средняя часть подвздошная кишка	OK	Средняя часть подвздошная кишка	checked: no structural quality flags	FMA; pattern consistency
FMA14966	distal part of ileum	Дистальная часть подвздошная кишка	OK	Дистальная часть подвздошная кишка	checked: no structural quality flags	FMA; pattern consistency
FMA15041	taenia coli	Лента ободочной кишки	OK	Лента ободочной кишки	checked: no structural quality flags	FMA; pattern consistency
FMA15042	taenia mesocolica	Лента мэсоколика	OK	Лента мэсоколика	checked: no structural quality flags	FMA; pattern consistency
FMA15043	taenia omentalis	Лента омэнталис	OK	Лента омэнталис	checked: no structural quality flags	FMA; pattern consistency
FMA15044	taenia libera	Лента свободная	OK	Лента свободная	checked: no structural quality flags	FMA; pattern consistency
FMA15370	lumbar vein	Поясничная вена	OK	Поясничная вена	checked: no structural quality flags	FMA; pattern consistency
FMA15387	tributary of splenic vein	Приток селезёночная вена	NEEDS_EXTERNAL_REVIEW		lost_information: English semantic markers require manual terminology verification	FMA; external review needed
FMA15390	left gastroepiploic vein	Левый желудочно-сальниковая вена	FIX	Левая желудочно-сальниковая вена	laterality; lost_information	FMA; pattern consistency
FMA15391	inferior mesenteric vein	Нижняя брыжеечная вена	OK	Нижняя брыжеечная вена	checked: no structural quality flags	FMA; pattern consistency
FMA15392	tributary of inferior mesenteric vein	Приток нижняя брыжеечная вена	NEEDS_EXTERNAL_REVIEW		lost_information: English semantic markers require manual terminology verification	FMA; external review needed
FMA15393	superior rectal vein	Верхняя прямокишечная вена	OK	Верхняя прямокишечная вена	checked: no structural quality flags	FMA; pattern consistency
FMA15394	left colic vein	Левый ободочная вена	FIX	Левая ободочная вена	laterality; lost_information	FMA; pattern consistency
FMA15395	sigmoid vein	Сигмовидная вена	OK	Сигмовидная вена	checked: no structural quality flags	FMA; pattern consistency
FMA15396	tributary of superior mesenteric vein	Приток верхняя брыжеечная вена	NEEDS_EXTERNAL_REVIEW		lost_information: English semantic markers require manual terminology verification	FMA; external review needed
FMA15397	right gastroepiploic vein	Правый желудочно-сальниковая вена	FIX	Правая желудочно-сальниковая вена	laterality; lost_information	FMA; pattern consistency
FMA15398	pancreaticoduodenal vein	Поджелудочно-двенадцатиперстная вена	OK	Поджелудочно-двенадцатиперстная вена	checked: no structural quality flags	FMA; pattern consistency
FMA15399	left gastric vein	Левый желудочная вена	FIX	Левая желудочная вена	laterality; lost_information	FMA; pattern consistency
FMA15400	right gastric vein	Правый желудочная вена	FIX	Правая желудочная вена	laterality; lost_information	FMA; pattern consistency
FMA15405	ileal vein	Подвздошная вена	OK	Подвздошная вена	checked: no structural quality flags	FMA; pattern consistency
FMA15406	middle colic vein	Средняя ободочная вена	OK	Средняя ободочная вена	checked: no structural quality flags	FMA; pattern consistency
FMA15407	right colic vein	Правый ободочная вена	FIX	Правая ободочная вена	laterality; lost_information	FMA; pattern consistency
FMA15408	ileocolic vein	Подвздошно-ободочная вена	OK	Подвздошно-ободочная вена	checked: no structural quality flags	FMA; pattern consistency
FMA15414	right portal vein	Правый воротная вена	FIX	Правая воротная вена	laterality; lost_information	FMA; pattern consistency
FMA15415	left portal vein	Левый воротная вена	FIX	Левая воротная вена	laterality; lost_information	FMA; pattern consistency
FMA15420	anterior superior segmental branch of right portal vein	Передняя верхняя сегментарная ветвь правой воротной вены	NEEDS_EXTERNAL_REVIEW		other: complex multiword anatomical concept requires external terminology review	FMA; external review needed
FMA15421	anterior inferior segmental branch of right portal vein	Передняя нижняя сегментарная ветвь правой воротной вены	NEEDS_EXTERNAL_REVIEW		other: complex multiword anatomical concept requires external terminology review	FMA; external review needed
FMA15423	posterior superior segmental branch of right portal vein	Задняя верхняя сегментарный ветвь правый воротная вена	FIX	Задняя верхняя сегментарный ветвь Правая воротная вена	laterality	FMA; pattern consistency
FMA15424	posterior inferior segmental branch of right portal vein	Задняя нижняя сегментарный ветвь правый воротная вена	FIX	Задняя нижняя сегментарный ветвь Правая воротная вена	laterality	FMA; pattern consistency
FMA15425	caudate lobe branch of left portal vein	Хвостатая доля ветвь левый воротная вена	FIX	Хвостатая доля ветвь Левая воротная вена	laterality	FMA; pattern consistency
FMA15428	medial superior segmental branch of left portal vein	Медиальная верхняя сегментарный ветвь левый воротная вена	FIX	Медиальная верхняя сегментарный ветвь Левая воротная вена	laterality	FMA; pattern consistency
FMA15429	medial inferior segmental branch of left portal vein	Медиальная нижняя сегментарный ветвь левый воротная вена	FIX	Медиальная нижняя сегментарный ветвь Левая воротная вена	laterality	FMA; pattern consistency
FMA15431	lateral superior segmental branch of left portal vein	Латеральная верхняя сегментарный ветвь левый воротная вена	FIX	Латеральная верхняя сегментарный ветвь Левая воротная вена	laterality	FMA; pattern consistency
FMA15432	lateral inferior segmental branch of left portal vein	Латеральная нижняя сегментарный ветвь левый воротная вена	FIX	Латеральная нижняя сегментарный ветвь Левая воротная вена	laterality	FMA; pattern consistency
FMA15571	right ureter	Правый мочеточник	NEEDS_EXTERNAL_REVIEW		lost_information: English semantic markers require manual terminology verification	FMA; external review needed
FMA15572	left ureter	Левый мочеточник	NEEDS_EXTERNAL_REVIEW		lost_information: English semantic markers require manual terminology verification	FMA; external review needed
FMA15629	right adrenal gland	Правый надпочечник	NEEDS_EXTERNAL_REVIEW		lost_information: English semantic markers require manual terminology verification	FMA; external review needed
FMA15630	left adrenal gland	Левый надпочечник	NEEDS_EXTERNAL_REVIEW		lost_information: English semantic markers require manual terminology verification	FMA; external review needed
FMA15737	hepatovenous subsector	Печёночно-венозный подсектор	OK	Печёночно-венозный подсектор	checked: no structural quality flags	FMA; pattern consistency
FMA15739	hepatovenous segment ii	Печёночно-венозный сегмент ии	OK	Печёночно-венозный сегмент ии	checked: no structural quality flags	FMA; pattern consistency
FMA15741	hepatovenous segment iii	Печёночно-венозный сегмент иии	OK	Печёночно-венозный сегмент иии	checked: no structural quality flags	FMA; pattern consistency
FMA15742	hepatovenous segment iv	Печёночно-венозный сегмент ив	OK	Печёночно-венозный сегмент ив	checked: no structural quality flags	FMA; pattern consistency
FMA15743	hepatovenous segment v	Печёночно-венозный сегмент в	OK	Печёночно-венозный сегмент в	checked: no structural quality flags	FMA; pattern consistency
FMA15744	hepatovenous segment vi	Печёночно-венозный сегмент ви	OK	Печёночно-венозный сегмент ви	checked: no structural quality flags	FMA; pattern consistency
FMA15745	hepatovenous segment vii	Печёночно-венозный сегмент вии	OK	Печёночно-венозный сегмент вии	checked: no structural quality flags	FMA; pattern consistency
FMA15746	hepatovenous segment viii	Печёночно-венозный сегмент виии	OK	Печёночно-венозный сегмент виии	checked: no structural quality flags	FMA; pattern consistency
FMA15747	hepatovenous segment ix	Печёночно-венозный сегмент икс	OK	Печёночно-венозный сегмент икс	checked: no structural quality flags	FMA; pattern consistency
FMA15755	region of anterior sector of right liver (in-vivo)	Область переднего сектора правой части печени	NEEDS_EXTERNAL_REVIEW		other: complex multiword anatomical concept requires external terminology review	FMA; external review needed
FMA15756	region of posterior sector of right liver (in-vivo)	Область заднего сектора правой части печени	NEEDS_EXTERNAL_REVIEW		other: complex multiword anatomical concept requires external terminology review	FMA; external review needed
FMA15757	region of anterior sector of left liver (in-vivo)	Область переднего сектора левой части печени	NEEDS_EXTERNAL_REVIEW		other: complex multiword anatomical concept requires external terminology review	FMA; external review needed
FMA15791	tributary of right hepatic vein	Приток правый печёночная вена	FIX	Приток Правая печёночная вена	laterality; lost_information	FMA; pattern consistency
FMA15793	tributary of middle hepatic vein	Приток средняя печёночная вена	NEEDS_EXTERNAL_REVIEW		lost_information: English semantic markers require manual terminology verification	FMA; external review needed
FMA15794	tributary of left hepatic vein	Приток левый печёночная вена	FIX	Приток Левая печёночная вена	laterality; lost_information	FMA; pattern consistency
FMA15796	posterior superior segmental tributary of right hepatic vein	Задняя верхняя сегментарный приток правый печёночная вена	FIX	Задняя верхняя сегментарный приток Правая печёночная вена	laterality; lost_information	FMA; pattern consistency
FMA15797	posterior inferior segmental tributary of right hepatic vein	Задняя нижняя сегментарный приток правый печёночная вена	FIX	Задняя нижняя сегментарный приток Правая печёночная вена	laterality; lost_information	FMA; pattern consistency
FMA15798	anterior superior segmental tributary of right hepatic vein	Передний верхний сегментарный приток правой печёночной вены	NEEDS_EXTERNAL_REVIEW		lost_information: English semantic markers require manual terminology verification	FMA; external review needed
FMA15800	anterior inferior segmental tributary of middle hepatic vein	Передний нижний сегментарный приток средней печёночной вены	NEEDS_EXTERNAL_REVIEW		lost_information: English semantic markers require manual terminology verification	FMA; external review needed
FMA15801	medial inferior segmental tributary of middle hepatic vein	Медиальная нижняя сегментарный приток средняя печёночная вена	NEEDS_EXTERNAL_REVIEW		lost_information: English semantic markers require manual terminology verification	FMA; external review needed
FMA15802	medial superior segmental tributary of left hepatic vein	Медиальная верхняя сегментарный приток левый печёночная вена	FIX	Медиальная верхняя сегментарный приток Левая печёночная вена	laterality; lost_information	FMA; pattern consistency
FMA15803	lateral superior segmental tributary of left hepatic vein	Латеральная верхняя сегментарный приток левый печёночная вена	FIX	Латеральная верхняя сегментарный приток Левая печёночная вена	laterality; lost_information	FMA; pattern consistency
FMA15804	lateral inferior segmental tributary of left hepatic vein	Латеральная нижняя сегментарный приток левый печёночная вена	FIX	Латеральная нижняя сегментарный приток Левая печёночная вена	laterality; lost_information	FMA; pattern consistency
FMA15900	urinary bladder	Мочевой пузырь	OK	Мочевой пузырь	checked: no structural quality flags	FMA; pattern consistency
FMA16033	intervertebral disk of first lumbar vertebra	Межпозвоночное диск первая поясничная позвонок	NEEDS_EXTERNAL_REVIEW		other: complex multiword anatomical concept requires external terminology review	FMA; external review needed
FMA16034	intervertebral disk of second lumbar vertebra	Межпозвоночное диск вторая поясничная позвонок	NEEDS_EXTERNAL_REVIEW		other: complex multiword anatomical concept requires external terminology review	FMA; external review needed
FMA16035	intervertebral disk of third lumbar vertebra	Межпозвоночное диск третья поясничная позвонок	NEEDS_EXTERNAL_REVIEW		other: complex multiword anatomical concept requires external terminology review	FMA; external review needed
FMA16036	intervertebral disk of fourth lumbar vertebra	Межпозвоночное диск четвёртая поясничная позвонок	NEEDS_EXTERNAL_REVIEW		other: complex multiword anatomical concept requires external terminology review	FMA; external review needed
FMA16037	intervertebral disk of fifth lumbar vertebra	Межпозвоночное диск пятая поясничная позвонок	NEEDS_EXTERNAL_REVIEW		other: complex multiword anatomical concept requires external terminology review	FMA; external review needed
FMA16202	sacrum	Сакрум	OK	Сакрум	checked: no structural quality flags	FMA; pattern consistency
FMA16549	mesoappendix	Мэсоаппэндикс	OK	Мэсоаппэндикс	checked: no structural quality flags	FMA; pattern consistency
FMA16585	hip bone	Тазобедренная область кость	OK	Тазобедренная область кость	checked: no structural quality flags	FMA; pattern consistency
FMA16586	right hip bone	Правый тазобедренная область кость	FIX	Правая тазобедренная область кость	laterality; lost_information	FMA; pattern consistency
FMA16587	left hip bone	Левый тазобедренная область кость	FIX	Левая тазобедренная область кость	laterality; lost_information	FMA; pattern consistency
FMA16980	zone of jejunum	Зона тощая кишка	OK	Зона тощая кишка	checked: no structural quality flags	FMA; pattern consistency
FMA16981	proximal part of jejunum	Проксимальная часть тощая кишка	FIX	Проксимальная часть тощей кишки	grammar	FMA; pattern consistency
FMA16982	middle part of jejunum	Средняя часть тощая кишка	FIX	Средняя часть тощей кишки	grammar	FMA; pattern consistency
FMA16983	distal part of jejunum	Дистальная часть тощая кишка	FIX	Дистальная часть тощей кишки	grammar	FMA; pattern consistency
FMA17541	tributary of hepatic vein	Приток печёночная вена	NEEDS_EXTERNAL_REVIEW		lost_information: English semantic markers require manual terminology verification	FMA; external review needed
FMA18060	psoas major	Псоас большая	OK	Псоас большая	checked: no structural quality flags	FMA; pattern consistency
FMA18247	glans penis	Головка полового члена	OK	Головка полового члена	checked: no structural quality flags	FMA; pattern consistency
FMA18255	epididymis	Придаток яичка	OK	Придаток яичка	checked: no structural quality flags	FMA; pattern consistency
FMA18256	right epididymis	Правый придаток яичка	NEEDS_EXTERNAL_REVIEW		lost_information: English semantic markers require manual terminology verification	FMA; external review needed
FMA18257	left epididymis	Левый придаток яичка	NEEDS_EXTERNAL_REVIEW		lost_information: English semantic markers require manual terminology verification	FMA; external review needed
FMA18805	external iliac artery	Наружная подвздошная артерия	OK	Наружная подвздошная артерия	checked: no structural quality flags	FMA; pattern consistency
FMA18806	right external iliac artery	Правый наружная подвздошная артерия	FIX	Правая наружная подвздошная артерия	laterality; lost_information	FMA; pattern consistency
FMA18807	left external iliac artery	Левый наружная подвздошная артерия	FIX	Левая наружная подвздошная артерия	laterality; lost_information	FMA; pattern consistency
FMA18808	internal iliac artery	Внутренняя подвздошная артерия	OK	Внутренняя подвздошная артерия	checked: no structural quality flags	FMA; pattern consistency
FMA18809	right internal iliac artery	Правый внутренняя подвздошная артерия	FIX	Правая внутренняя подвздошная артерия	laterality; lost_information	FMA; pattern consistency
FMA18810	left internal iliac artery	Левый внутренняя подвздошная артерия	FIX	Левая внутренняя подвздошная артерия	laterality; lost_information	FMA; pattern consistency
FMA18883	external iliac vein	Наружная подвздошная вена	OK	Наружная подвздошная вена	checked: no structural quality flags	FMA; pattern consistency
FMA18884	internal iliac vein	Внутренняя подвздошная вена	OK	Внутренняя подвздошная вена	checked: no structural quality flags	FMA; pattern consistency
FMA18885	right external iliac vein	Правый наружная подвздошная вена	FIX	Правая наружная подвздошная вена	laterality; lost_information	FMA; pattern consistency
FMA18886	left external iliac vein	Левый наружная подвздошная вена	FIX	Левая наружная подвздошная вена	laterality; lost_information	FMA; pattern consistency
FMA18887	right internal iliac vein	Правый внутренняя подвздошная вена	FIX	Правая внутренняя подвздошная вена	laterality; lost_information	FMA; pattern consistency
FMA18888	left internal iliac vein	Левый внутренняя подвздошная вена	FIX	Левая внутренняя подвздошная вена	laterality; lost_information	FMA; pattern consistency
FMA18889	tributary of internal iliac vein	Приток внутренняя подвздошная вена	NEEDS_EXTERNAL_REVIEW		lost_information: English semantic markers require manual terminology verification	FMA; external review needed
FMA18902	iliolumbar vein	Илиолумбар вена	OK	Илиолумбар вена	checked: no structural quality flags	FMA; pattern consistency
FMA18903	right iliolumbar vein	Правый илиолумбар вена	FIX	Правая илиолумбар вена	laterality; lost_information	FMA; pattern consistency
FMA18904	left iliolumbar vein	Левый илиолумбар вена	FIX	Левая илиолумбар вена	laterality; lost_information	FMA; pattern consistency
FMA18905	lateral sacral vein	Латеральная крестцовая вена	OK	Латеральная крестцовая вена	checked: no structural quality flags	FMA; pattern consistency
FMA18906	right lateral sacral vein	Правый латеральная крестцовая вена	FIX	Правая латеральная крестцовая вена	laterality; lost_information	FMA; pattern consistency
FMA18907	left lateral sacral vein	Левый латеральная крестцовая вена	FIX	Левая латеральная крестцовая вена	laterality; lost_information	FMA; pattern consistency
FMA18908	superior gluteal vein	Верхняя ягодичная вена	OK	Верхняя ягодичная вена	checked: no structural quality flags	FMA; pattern consistency
FMA18909	right superior gluteal vein	Правый верхняя ягодичная вена	FIX	Правая верхняя ягодичная вена	laterality; lost_information	FMA; pattern consistency
FMA18910	left superior gluteal vein	Левый верхняя ягодичная вена	FIX	Левая верхняя ягодичная вена	laterality; lost_information	FMA; pattern consistency
FMA18911	inferior gluteal vein	Нижняя ягодичная вена	OK	Нижняя ягодичная вена	checked: no structural quality flags	FMA; pattern consistency
FMA18912	right inferior gluteal vein	Правый нижняя ягодичная вена	FIX	Правая нижняя ягодичная вена	laterality; lost_information	FMA; pattern consistency
FMA18913	left inferior gluteal vein	Левый нижняя ягодичная вена	FIX	Левая нижняя ягодичная вена	laterality; lost_information	FMA; pattern consistency
FMA18914	obturator vein	Обтуратор вена	OK	Обтуратор вена	checked: no structural quality flags	FMA; pattern consistency
FMA18915	right obturator vein	Правый обтуратор вена	FIX	Правая обтуратор вена	laterality; lost_information	FMA; pattern consistency
FMA18916	left obturator vein	Левый обтуратор вена	FIX	Левая обтуратор вена	laterality; lost_information	FMA; pattern consistency
FMA18917	internal pudendal vein	Внутренняя пудендальная вена	OK	Внутренняя пудендальная вена	checked: no structural quality flags	FMA; pattern consistency
FMA18918	right internal pudendal vein	Правый внутренняя пудендальная вена	FIX	Правая внутренняя пудендальная вена	laterality; lost_information	FMA; pattern consistency
FMA18919	left internal pudendal vein	Левый внутренняя пудендальная вена	FIX	Левая внутренняя пудендальная вена	laterality; lost_information	FMA; pattern consistency
FMA19082	piriformis	Пириформис	OK	Пириформис	checked: no structural quality flags	FMA; pattern consistency
FMA19083	obturator muscle	Обтуратор мышца	OK	Обтуратор мышца	checked: no structural quality flags	FMA; pattern consistency
FMA19086	muscle of pelvis	Мышца таз	NEEDS_EXTERNAL_REVIEW		lost_information: English semantic markers require manual terminology verification	FMA; external review needed
FMA19088	coccygeus	Коккйгэус	OK	Коккйгэус	checked: no structural quality flags	FMA; pattern consistency
FMA19089	zone of levator ani	Зона мышца, поднимающая ани	OK	Зона мышца, поднимающая ани	checked: no structural quality flags	FMA; pattern consistency
FMA19090	pubococcygeus	Пубококкйгэус	OK	Пубококкйгэус	checked: no structural quality flags	FMA; pattern consistency
FMA19091	puborectalis	Пуборэкталис	OK	Пуборэкталис	checked: no structural quality flags	FMA; pattern consistency
FMA19092	iliococcygeus	Илиококкйгэус	OK	Илиококкйгэус	checked: no structural quality flags	FMA; pattern consistency
FMA19234	deferent duct	Семявыносящий проток	OK	Семявыносящий проток	checked: no structural quality flags	FMA; pattern consistency
FMA19235	right deferent duct	Правый семявыносящий проток	NEEDS_EXTERNAL_REVIEW		lost_information: English semantic markers require manual terminology verification	FMA; external review needed
FMA19236	left deferent duct	Левый семявыносящий проток	NEEDS_EXTERNAL_REVIEW		lost_information: English semantic markers require manual terminology verification	FMA; external review needed
FMA19386	seminal vesicle	Семенной пузырёк	OK	Семенной пузырёк	checked: no structural quality flags	FMA; pattern consistency
FMA19387	right seminal vesicle	Правый семенной пузырёк	NEEDS_EXTERNAL_REVIEW		lost_information: English semantic markers require manual terminology verification	FMA; external review needed
FMA19388	left seminal vesicle	Левый семенной пузырёк	NEEDS_EXTERNAL_REVIEW		lost_information: English semantic markers require manual terminology verification	FMA; external review needed
FMA19617	corpus spongiosum of penis	Губчатое тело полового члена	OK	Губчатое тело полового члена	checked: no structural quality flags	FMA; pattern consistency
FMA19618	corpus cavernosum of penis	Пещеристое тело полового члена	OK	Пещеристое тело полового члена	checked: no structural quality flags	FMA; pattern consistency
FMA19667	urethra	Мочеиспускательный канал	OK	Мочеиспускательный канал	checked: no structural quality flags	FMA; pattern consistency
FMA19728	superficial perineal muscle	Поверхностная промежностная мышца	OK	Поверхностная промежностная мышца	checked: no structural quality flags	FMA; pattern consistency
FMA19754	region of peritoneum	Область брюшина	OK	Область брюшина	checked: no structural quality flags	FMA; pattern consistency
FMA19783	loose connective tissue	Рыхлая соединительная ткань	OK	Рыхлая соединительная ткань	checked: no structural quality flags	FMA; pattern consistency
FMA19795	dorsal artery of penis	Тыльная артерия половой член	OK	Тыльная артерия половой член	checked: no structural quality flags	FMA; pattern consistency
FMA20107	irregular connective tissue	Неправильная соединительная ткань	OK	Неправильная соединительная ткань	checked: no structural quality flags	FMA; pattern consistency
FMA20111	mucoid tissue	Слизеподобный ткань	OK	Слизеподобный ткань	checked: no structural quality flags	FMA; pattern consistency
FMA20194	cavernous organ	Пещеристый орган	OK	Пещеристый орган	checked: no structural quality flags	FMA; pattern consistency
FMA20221	zone of cavernous organ	Зона пещеристого органа	OK	Зона пещеристого органа	checked: no structural quality flags	FMA; pattern consistency
FMA20247	zone of corpus spongiosum of penis	Зона губчатого тела полового члена	NEEDS_EXTERNAL_REVIEW		other: complex multiword anatomical concept requires external terminology review	FMA; external review needed
FMA20278	muscle of anterior abdominal wall	Мышца передняя абдоминал стенка	NEEDS_EXTERNAL_REVIEW		lost_information: English semantic markers require manual terminology verification	FMA; external review needed
FMA20289	lacrimal sac	Слёзная сак	OK	Слёзная сак	checked: no structural quality flags	FMA; pattern consistency
FMA20570	peritoneal mesentery	Пэритонэал брыжейка	OK	Пэритонэал брыжейка	checked: no structural quality flags	FMA; pattern consistency
FMA20593	region of visceral peritoneum	Область висцеральная брюшина	OK	Область висцеральная брюшина	checked: no structural quality flags	FMA; pattern consistency
FMA20684	trunk of branch of external iliac artery	Туловище ветвь наружная подвздошная артерия	NEEDS_EXTERNAL_REVIEW		other: complex multiword anatomical concept requires external terminology review	FMA; external review needed
FMA20686	inferior epigastric artery	Нижняя надчревная артерия	OK	Нижняя надчревная артерия	checked: no structural quality flags	FMA; pattern consistency
FMA20688	right inferior epigastric artery	Правый нижняя надчревная артерия	FIX	Правая нижняя надчревная артерия	laterality; lost_information	FMA; pattern consistency
FMA20689	left inferior epigastric artery	Левый нижняя надчревная артерия	FIX	Левая нижняя надчревная артерия	laterality; lost_information	FMA; pattern consistency
FMA20734	superficial epigastric artery	Поверхностная надчревная артерия	OK	Поверхностная надчревная артерия	checked: no structural quality flags	FMA; pattern consistency
FMA20735	right superficial epigastric artery	Правый поверхностная надчревная артерия	FIX	Правая поверхностная надчревная артерия	laterality; lost_information	FMA; pattern consistency
FMA20736	left superficial epigastric artery	Левый поверхностная надчревная артерия	FIX	Левая поверхностная надчревная артерия	laterality; lost_information	FMA; pattern consistency
FMA20798	lateral circumflex femoral artery	Латеральная огибающая бедренная артерия	OK	Латеральная огибающая бедренная артерия	checked: no structural quality flags	FMA; pattern consistency
FMA20801	right lateral circumflex femoral artery	Правый латеральная огибающая бедренная артерия	FIX	Правая латеральная огибающая бедренная артерия	laterality; lost_information	FMA; pattern consistency
FMA20802	left lateral circumflex femoral artery	Левый латеральная огибающая бедренная артерия	FIX	Левая латеральная огибающая бедренная артерия	laterality; lost_information	FMA; pattern consistency
FMA20803	branch of lateral circumflex femoral artery	Ветвь латеральной артерии, огибающей бедренную кость	NEEDS_EXTERNAL_REVIEW		lost_information: English semantic markers require manual terminology verification	FMA; external review needed
FMA20805	descending branch of lateral circumflex femoral artery	Нисходящая ветвь латеральная огибающая бедренная артерия	NEEDS_EXTERNAL_REVIEW		other: complex multiword anatomical concept requires external terminology review	FMA; external review needed
FMA20818	right dorsal artery of penis	Правый тыльная артерия половой член	FIX	Правая тыльная артерия половой член	laterality; lost_information	FMA; pattern consistency
FMA20819	left dorsal artery of penis	Левый тыльная артерия половой член	FIX	Левая тыльная артерия половой член	laterality; lost_information	FMA; pattern consistency
FMA21162	inferior epigastric vein	Нижняя надчревная вена	OK	Нижняя надчревная вена	checked: no structural quality flags	FMA; pattern consistency
FMA21163	right inferior epigastric vein	Правый нижняя надчревная вена	FIX	Правая нижняя надчревная вена	laterality; lost_information	FMA; pattern consistency
FMA21164	left inferior epigastric vein	Левый нижняя надчревная вена	FIX	Левая нижняя надчревная вена	laterality; lost_information	FMA; pattern consistency
FMA21185	femoral vein	Бедренная вена	OK	Бедренная вена	checked: no structural quality flags	FMA; pattern consistency
FMA21188	right femoral vein	Правый бедренная вена	FIX	Правая бедренная вена	laterality; lost_information	FMA; pattern consistency
FMA21189	left femoral vein	Левый бедренная вена	FIX	Левая бедренная вена	laterality; lost_information	FMA; pattern consistency
FMA21240	tributary of internal pudendal vein	Приток внутренняя пудендальная вена	NEEDS_EXTERNAL_REVIEW		lost_information: English semantic markers require manual terminology verification	FMA; external review needed
FMA21354	deep dorsal vein of penis	Глубокая тыльная вена половой член	NEEDS_EXTERNAL_REVIEW		other: complex multiword anatomical concept requires external terminology review	FMA; external review needed
FMA21376	great saphenous vein	Большая подкожная вена	OK	Большая подкожная вена	checked: no structural quality flags	FMA; pattern consistency
FMA21378	tributary of great saphenous vein	Приток большая подкожная вена	NEEDS_EXTERNAL_REVIEW		lost_information: English semantic markers require manual terminology verification	FMA; external review needed
FMA21379	right great saphenous vein	Правый большая подкожная вена	FIX	Правая большая подкожная вена	laterality; lost_information	FMA; pattern consistency
FMA21380	left great saphenous vein	Левый большая подкожная вена	FIX	Левая большая подкожная вена	laterality; lost_information	FMA; pattern consistency
FMA21383	tributary of superficial external pudendal vein	Приток поверхностная наружная пудендальная вена	NEEDS_EXTERNAL_REVIEW		lost_information: English semantic markers require manual terminology verification	FMA; external review needed
FMA21384	superficial dorsal vein of penis	Поверхностная тыльная вена половой член	NEEDS_EXTERNAL_REVIEW		other: complex multiword anatomical concept requires external terminology review	FMA; external review needed
FMA21385	right superficial dorsal vein of penis	Правый поверхностная тыльная вена половой член	FIX	Правая поверхностная тыльная вена половой член	laterality; lost_information	FMA; pattern consistency
FMA21386	left superficial dorsal vein of penis	Левый поверхностная тыльная вена половой член	FIX	Левая поверхностная тыльная вена половой член	laterality; lost_information	FMA; pattern consistency
FMA21387	right common iliac vein	Правый общая подвздошная вена	FIX	Правая общая подвздошная вена	laterality; lost_information	FMA; pattern consistency
FMA21388	left common iliac vein	Левый общая подвздошная вена	FIX	Левая общая подвздошная вена	laterality; lost_information	FMA; pattern consistency
FMA21422	descending branch of right lateral circumflex femoral artery	Нисходящая ветвь правый латеральная огибающая бедренная артерия	FIX	Нисходящая ветвь Правая латеральная огибающая бедренная артерия	laterality	FMA; pattern consistency
FMA21423	descending branch of left lateral circumflex femoral artery	Нисходящая ветвь левый латеральная огибающая бедренная артерия	FIX	Нисходящая ветвь Левая латеральная огибающая бедренная артерия	laterality	FMA; pattern consistency
FMA21496	ligament organ	Связка орган	OK	Связка орган	checked: no structural quality flags	FMA; pattern consistency
FMA21520	branch of inferior branch of ileocolic artery	Ветвь нижней ветви подвздошно-ободочной артерии	NEEDS_EXTERNAL_REVIEW		other: complex multiword anatomical concept requires external terminology review	FMA; external review needed
FMA21521	trunk of branch of left colic artery	Туловище ветвь левый ободочная артерия	FIX	Туловище ветвь Левое ободочная артерия	laterality	FMA; pattern consistency
FMA21930	external anal sphincter	Наружная анал сфинктэр	OK	Наружная анал сфинктэр	checked: no structural quality flags	FMA; pattern consistency
FMA22298	obturator internus	Обтуратор интэрнус	OK	Обтуратор интэрнус	checked: no structural quality flags	FMA; pattern consistency
FMA22299	obturator externus	Обтуратор экстэрнус	OK	Обтуратор экстэрнус	checked: no structural quality flags	FMA; pattern consistency
FMA22310	iliacus	Илиакус	OK	Илиакус	checked: no structural quality flags	FMA; pattern consistency
FMA22314	gluteus maximus	Ягодичная мышца максимус	OK	Ягодичная мышца максимус	checked: no structural quality flags	FMA; pattern consistency
FMA22315	gluteus medius	Ягодичная мышца мэдиус	OK	Ягодичная мышца мэдиус	checked: no structural quality flags	FMA; pattern consistency
FMA22317	gluteus minimus	Ягодичная мышца минимус	OK	Ягодичная мышца минимус	checked: no structural quality flags	FMA; pattern consistency
FMA22318	gemellus superior	Гэмэллус верхняя	OK	Гэмэллус верхняя	checked: no structural quality flags	FMA; pattern consistency
FMA22319	gemellus	Гэмэллус	OK	Гэмэллус	checked: no structural quality flags	FMA; pattern consistency
FMA22320	gemellus inferior	Гэмэллус нижняя	OK	Гэмэллус нижняя	checked: no structural quality flags	FMA; pattern consistency
FMA22321	quadratus femoris	Квадратус бедра	OK	Квадратус бедра	checked: no structural quality flags	FMA; pattern consistency
FMA22322	right iliacus	Правый илиакус	NEEDS_EXTERNAL_REVIEW		lost_information: English semantic markers require manual terminology verification	FMA; external review needed
FMA22323	left iliacus	Левый илиакус	NEEDS_EXTERNAL_REVIEW		lost_information: English semantic markers require manual terminology verification	FMA; external review needed
FMA22324	right obturator internus	Правый обтуратор интэрнус	NEEDS_EXTERNAL_REVIEW		lost_information: English semantic markers require manual terminology verification	FMA; external review needed
FMA22325	left obturator internus	Левый обтуратор интэрнус	NEEDS_EXTERNAL_REVIEW		lost_information: English semantic markers require manual terminology verification	FMA; external review needed
FMA22326	right obturator externus	Правый обтуратор экстэрнус	NEEDS_EXTERNAL_REVIEW		lost_information: English semantic markers require manual terminology verification	FMA; external review needed
FMA22327	left obturator externus	Левый обтуратор экстэрнус	NEEDS_EXTERNAL_REVIEW		lost_information: English semantic markers require manual terminology verification	FMA; external review needed
FMA22328	right gluteus maximus	Правый ягодичная мышца максимус	FIX	Правая ягодичная мышца максимус	laterality; lost_information	FMA; pattern consistency
FMA22329	left gluteus maximus	Левый ягодичная мышца максимус	FIX	Левая ягодичная мышца максимус	laterality; lost_information	FMA; pattern consistency
FMA22330	right gluteus medius	Правый ягодичная мышца мэдиус	FIX	Правая ягодичная мышца мэдиус	laterality; lost_information	FMA; pattern consistency
FMA22331	left gluteus medius	Левый ягодичная мышца мэдиус	FIX	Левая ягодичная мышца мэдиус	laterality; lost_information	FMA; pattern consistency
FMA22332	right gluteus minimus	Правый ягодичная мышца минимус	FIX	Правая ягодичная мышца минимус	laterality; lost_information	FMA; pattern consistency
FMA22333	left gluteus minimus	Левый ягодичная мышца минимус	FIX	Левая ягодичная мышца минимус	laterality; lost_information	FMA; pattern consistency
FMA22334	right gemellus superior	Правый гэмэллус верхняя	NEEDS_EXTERNAL_REVIEW		lost_information: English semantic markers require manual terminology verification	FMA; external review needed
FMA22335	left gemellus superior	Левый гэмэллус верхняя	NEEDS_EXTERNAL_REVIEW		lost_information: English semantic markers require manual terminology verification	FMA; external review needed
FMA22336	right gemellus inferior	Правый гэмэллус нижняя	NEEDS_EXTERNAL_REVIEW		lost_information: English semantic markers require manual terminology verification	FMA; external review needed
FMA22337	left gemellus inferior	Левый гэмэллус нижняя	NEEDS_EXTERNAL_REVIEW		lost_information: English semantic markers require manual terminology verification	FMA; external review needed
FMA22338	right quadratus femoris	Правый квадратус бедра	NEEDS_EXTERNAL_REVIEW		lost_information: English semantic markers require manual terminology verification	FMA; external review needed
FMA22339	left quadratus femoris	Левый квадратус бедра	NEEDS_EXTERNAL_REVIEW		lost_information: English semantic markers require manual terminology verification	FMA; external review needed
FMA22340	right piriformis	Правый пириформис	NEEDS_EXTERNAL_REVIEW		lost_information: English semantic markers require manual terminology verification	FMA; external review needed
FMA22341	left piriformis	Левый пириформис	NEEDS_EXTERNAL_REVIEW		lost_information: English semantic markers require manual terminology verification	FMA; external review needed
FMA22342	right psoas major	Правый псоас большая	NEEDS_EXTERNAL_REVIEW		lost_information: English semantic markers require manual terminology verification	FMA; external review needed
FMA22343	left psoas major	Левый псоас большая	NEEDS_EXTERNAL_REVIEW		lost_information: English semantic markers require manual terminology verification	FMA; external review needed
FMA22353	sartorius	Портняжная мышца	OK	Портняжная мышца	checked: no structural quality flags	FMA; pattern consistency
FMA22354	right sartorius	Правый портняжная мышца	FIX	Правая портняжная мышца	laterality; lost_information	FMA; pattern consistency
FMA22355	left sartorius	Левый портняжная мышца	FIX	Левая портняжная мышца	laterality; lost_information	FMA; pattern consistency
FMA22357	semitendinosus	Сэмитэндиносус	OK	Сэмитэндиносус	checked: no structural quality flags	FMA; pattern consistency
FMA22358	right semitendinosus	Правый сэмитэндиносус	NEEDS_EXTERNAL_REVIEW		lost_information: English semantic markers require manual terminology verification	FMA; external review needed
FMA22359	left semitendinosus	Левый сэмитэндиносус	NEEDS_EXTERNAL_REVIEW		lost_information: English semantic markers require manual terminology verification	FMA; external review needed
FMA22423	tensor fasciae latae	Напрягатель фаскиаэ латаэ	FIX	мышца, напрягающая широкую фасцию	terminology	FMA; Russian anatomical terminology
FMA22424	muscle of anterior compartment of thigh	Мышца передняя компартмент бедро	NEEDS_EXTERNAL_REVIEW		lost_information: English semantic markers require manual terminology verification	FMA; external review needed
FMA22425	right tensor fasciae latae	Правый напрягатель фаскиаэ латаэ	FIX	Правая мышца, напрягающая широкую фасцию	terminology; lost_information	FMA; Russian anatomical terminology
FMA22426	left tensor fasciae latae	Левый напрягатель фаскиаэ латаэ	FIX	Левая мышца, напрягающая широкую фасцию	terminology; lost_information	FMA; Russian anatomical terminology
FMA22427	muscle of posterior compartment of thigh	Мышца задняя компартмент бедро	NEEDS_EXTERNAL_REVIEW		lost_information: English semantic markers require manual terminology verification	FMA; external review needed
FMA22429	zone of quadriceps femoris	Зона квадрикэпс бедра	OK	Зона квадрикэпс бедра	checked: no structural quality flags	FMA; pattern consistency
FMA22430	rectus femoris	Прямая мышца бедра	OK	Прямая мышца бедра	checked: no structural quality flags	FMA; pattern consistency
FMA22431	vastus lateralis	Вастус латеральная	OK	Вастус латеральная	checked: no structural quality flags	FMA; pattern consistency
FMA22432	vastus medialis	Вастус медиальная	OK	Вастус медиальная	checked: no structural quality flags	FMA; pattern consistency
FMA22433	vastus intermedius	Вастус интэрмэдиус	OK	Вастус интэрмэдиус	checked: no structural quality flags	FMA; pattern consistency
FMA22438	semimembranosus	Сэмимэмбраносус	OK	Сэмимэмбраносус	checked: no structural quality flags	FMA; pattern consistency
FMA22439	muscle of medial compartment of thigh	Мышца медиальная компартмент бедро	NEEDS_EXTERNAL_REVIEW		lost_information: English semantic markers require manual terminology verification	FMA; external review needed
FMA22440	pectineus	Пэктинэус	OK	Пэктинэус	checked: no structural quality flags	FMA; pattern consistency
FMA22441	adductor longus	Длинная приводящая мышца	OK	Длинная приводящая мышца	checked: no structural quality flags	FMA; pattern consistency
FMA22442	adductor brevis	Короткая приводящая мышца	OK	Короткая приводящая мышца	checked: no structural quality flags	FMA; pattern consistency
FMA22443	adductor magnus	Большая приводящая мышца	OK	Большая приводящая мышца	checked: no structural quality flags	FMA; pattern consistency
FMA22448	right semimembranosus	Правый сэмимэмбраносус	NEEDS_EXTERNAL_REVIEW		lost_information: English semantic markers require manual terminology verification	FMA; external review needed
FMA22449	left semimembranosus	Левый сэмимэмбраносус	NEEDS_EXTERNAL_REVIEW		lost_information: English semantic markers require manual terminology verification	FMA; external review needed
FMA22450	right pectineus	Правый пэктинэус	NEEDS_EXTERNAL_REVIEW		lost_information: English semantic markers require manual terminology verification	FMA; external review needed
FMA22451	left pectineus	Левый пэктинэус	NEEDS_EXTERNAL_REVIEW		lost_information: English semantic markers require manual terminology verification	FMA; external review needed
FMA22452	right adductor brevis	Правый приводящая мышца короткая	FIX	Правая приводящая мышца короткая	laterality; lost_information	FMA; pattern consistency
FMA22454	left adductor brevis	Левый приводящая мышца короткая	FIX	Левая приводящая мышца короткая	laterality; lost_information	FMA; pattern consistency
FMA22456	right adductor longus	Правый приводящая мышца длинная	FIX	Правая приводящая мышца длинная	laterality; lost_information	FMA; pattern consistency
FMA22457	left adductor longus	Левый приводящая мышца длинная	FIX	Левая приводящая мышца длинная	laterality; lost_information	FMA; pattern consistency
FMA22459	right adductor magnus	Правый приводящая мышца магнус	FIX	Правая приводящая мышца магнус	laterality; lost_information	FMA; pattern consistency
FMA22460	left adductor magnus	Левый приводящая мышца магнус	FIX	Левая приводящая мышца магнус	laterality; lost_information	FMA; pattern consistency
FMA22470	muscle of thigh	Мышца бедро	NEEDS_EXTERNAL_REVIEW		lost_information: English semantic markers require manual terminology verification	FMA; external review needed
FMA22471	muscle of leg	Мышца голень	NEEDS_EXTERNAL_REVIEW		lost_information: English semantic markers require manual terminology verification	FMA; external review needed
FMA22472	muscle of anterior compartment of leg	Мышца передняя компартмент голень	NEEDS_EXTERNAL_REVIEW		lost_information: English semantic markers require manual terminology verification	FMA; external review needed
FMA22473	muscle of lateral compartment of leg	Мышца латеральная компартмент голень	NEEDS_EXTERNAL_REVIEW		lost_information: English semantic markers require manual terminology verification	FMA; external review needed
FMA22474	muscle of posterior compartment of leg	Мышца задняя компартмент голень	NEEDS_EXTERNAL_REVIEW		lost_information: English semantic markers require manual terminology verification	FMA; external review needed
FMA22506	descending genicular artery	Нисходящая коленная артерия	OK	Нисходящая коленная артерия	checked: no structural quality flags	FMA; pattern consistency
FMA22507	right descending genicular artery	Правый нисходящая коленная артерия	FIX	Правая нисходящая коленная артерия	laterality; lost_information	FMA; pattern consistency
FMA22508	left descending genicular artery	Левый нисходящая коленная артерия	FIX	Левая нисходящая коленная артерия	laterality; lost_information	FMA; pattern consistency
FMA22532	tibialis anterior	Тибиалис передняя	OK	Тибиалис передняя	checked: no structural quality flags	FMA; pattern consistency
FMA22533	extensor hallucis longus	Разгибатель большого пальца стопы длинная	NEEDS_EXTERNAL_REVIEW		other: complex multiword anatomical concept requires external terminology review	FMA; external review needed
FMA22534	extensor digitorum longus	Разгибатель пальцев длинная	OK	Разгибатель пальцев длинная	checked: no structural quality flags	FMA; pattern consistency
FMA22535	superior genicular artery	Верхняя коленная артерия	OK	Верхняя коленная артерия	checked: no structural quality flags	FMA; pattern consistency
FMA22536	middle genicular artery	Средняя коленная артерия	OK	Средняя коленная артерия	checked: no structural quality flags	FMA; pattern consistency
FMA22537	inferior genicular artery	Нижняя коленная артерия	OK	Нижняя коленная артерия	checked: no structural quality flags	FMA; pattern consistency
FMA22538	fibularis tertius	Фибуларис тэртиус	OK	Фибуларис тэртиус	checked: no structural quality flags	FMA; pattern consistency
FMA22539	fibularis longus	Фибуларис длинная	OK	Фибуларис длинная	checked: no structural quality flags	FMA; pattern consistency
FMA22540	fibularis brevis	Фибуларис короткая	OK	Фибуларис короткая	checked: no structural quality flags	FMA; pattern consistency
FMA22542	soleus	Камбаловидная мышца	OK	Камбаловидная мышца	checked: no structural quality flags	FMA; pattern consistency
FMA22543	plantaris	Плантарис	OK	Плантарис	checked: no structural quality flags	FMA; pattern consistency
FMA22544	right tibialis anterior	Правый тибиалис передняя	NEEDS_EXTERNAL_REVIEW		lost_information: English semantic markers require manual terminology verification	FMA; external review needed
FMA22545	left tibialis anterior	Левый тибиалис передняя	NEEDS_EXTERNAL_REVIEW		lost_information: English semantic markers require manual terminology verification	FMA; external review needed
FMA22546	right extensor hallucis longus	Правый разгибатель большого пальца стопы длинная	NEEDS_EXTERNAL_REVIEW		lost_information: English semantic markers require manual terminology verification	FMA; external review needed
FMA22547	left extensor hallucis longus	Левый разгибатель большого пальца стопы длинная	NEEDS_EXTERNAL_REVIEW		lost_information: English semantic markers require manual terminology verification	FMA; external review needed
FMA22548	right extensor digitorum longus	Правый разгибатель пальцев длинная	NEEDS_EXTERNAL_REVIEW		lost_information: English semantic markers require manual terminology verification	FMA; external review needed
FMA22549	left extensor digitorum longus	Левый разгибатель пальцев длинная	NEEDS_EXTERNAL_REVIEW		lost_information: English semantic markers require manual terminology verification	FMA; external review needed
FMA22550	right fibularis tertius	Правый фибуларис тэртиус	NEEDS_EXTERNAL_REVIEW		lost_information: English semantic markers require manual terminology verification	FMA; external review needed
FMA22551	left fibularis tertius	Левый фибуларис тэртиус	NEEDS_EXTERNAL_REVIEW		lost_information: English semantic markers require manual terminology verification	FMA; external review needed
FMA22552	right fibularis longus	Правый фибуларис длинная	NEEDS_EXTERNAL_REVIEW		lost_information: English semantic markers require manual terminology verification	FMA; external review needed
FMA22553	left fibularis longus	Левый фибуларис длинная	NEEDS_EXTERNAL_REVIEW		lost_information: English semantic markers require manual terminology verification	FMA; external review needed
FMA22554	right fibularis brevis	Правый фибуларис короткая	NEEDS_EXTERNAL_REVIEW		lost_information: English semantic markers require manual terminology verification	FMA; external review needed
FMA22555	left fibularis brevis	Левый фибуларис короткая	NEEDS_EXTERNAL_REVIEW		lost_information: English semantic markers require manual terminology verification	FMA; external review needed
FMA22558	right soleus	Правый камбаловидная мышца	FIX	Правая камбаловидная мышца	laterality; lost_information	FMA; pattern consistency
FMA22559	left soleus	Левый камбаловидная мышца	FIX	Левая камбаловидная мышца	laterality; lost_information	FMA; pattern consistency
FMA22560	right plantaris	Правый плантарис	NEEDS_EXTERNAL_REVIEW		lost_information: English semantic markers require manual terminology verification	FMA; external review needed
FMA22561	left plantaris	Левый плантарис	NEEDS_EXTERNAL_REVIEW		lost_information: English semantic markers require manual terminology verification	FMA; external review needed
FMA22562	right middle genicular artery	Правый средняя коленная артерия	FIX	Правая средняя коленная артерия	laterality; lost_information	FMA; pattern consistency
FMA22563	left middle genicular artery	Левый средняя коленная артерия	FIX	Левая средняя коленная артерия	laterality; lost_information	FMA; pattern consistency
FMA22584	superior medial genicular artery	Верхняя медиальная коленная артерия	OK	Верхняя медиальная коленная артерия	checked: no structural quality flags	FMA; pattern consistency
FMA22585	superior lateral genicular artery	Верхняя латеральная коленная артерия	OK	Верхняя латеральная коленная артерия	checked: no structural quality flags	FMA; pattern consistency
FMA22586	right medial superior genicular artery	Правый медиальная верхняя коленная артерия	FIX	Правая медиальная верхняя коленная артерия	laterality; lost_information	FMA; pattern consistency
FMA22587	left medial superior genicular artery	Левый медиальная верхняя коленная артерия	FIX	Левая медиальная верхняя коленная артерия	laterality; lost_information	FMA; pattern consistency
FMA22588	right lateral superior genicular artery	Правый латеральная верхняя коленная артерия	FIX	Правая латеральная верхняя коленная артерия	laterality; lost_information	FMA; pattern consistency
FMA22589	left lateral superior genicular artery	Левый латеральная верхняя коленная артерия	FIX	Левая латеральная верхняя коленная артерия	laterality; lost_information	FMA; pattern consistency
FMA22590	popliteus	Поплитэус	OK	Поплитэус	checked: no structural quality flags	FMA; pattern consistency
FMA22591	right popliteus	Правый поплитэус	NEEDS_EXTERNAL_REVIEW		lost_information: English semantic markers require manual terminology verification	FMA; external review needed
FMA22592	left popliteus	Левый поплитэус	NEEDS_EXTERNAL_REVIEW		lost_information: English semantic markers require manual terminology verification	FMA; external review needed
FMA22593	flexor hallucis longus	Сгибатель большого пальца стопы длинная	NEEDS_EXTERNAL_REVIEW		other: complex multiword anatomical concept requires external terminology review	FMA; external review needed
FMA22594	muscle of vertebral column	Мышца позвоночная столб	NEEDS_EXTERNAL_REVIEW		lost_information: English semantic markers require manual terminology verification	FMA; external review needed
FMA22653	splenius capitis	Сплэниус головки	OK	Сплэниус головки	checked: no structural quality flags	FMA; pattern consistency
FMA22654	axillary artery	Подмышечная артерия	OK	Подмышечная артерия	checked: no structural quality flags	FMA; pattern consistency
FMA22655	right axillary artery	Правый подмышечная артерия	FIX	Правая подмышечная артерия	laterality; lost_information	FMA; pattern consistency
FMA22656	left axillary artery	Левый подмышечная артерия	FIX	Левая подмышечная артерия	laterality; lost_information	FMA; pattern consistency
FMA22674	lateral thoracic artery	Латеральная грудная артерия	OK	Латеральная грудная артерия	checked: no structural quality flags	FMA; pattern consistency
FMA22675	right lateral thoracic artery	Правый латеральная грудная артерия	FIX	Правая латеральная грудная артерия	laterality; lost_information	FMA; pattern consistency
FMA22676	left lateral thoracic artery	Левый латеральная грудная артерия	FIX	Левая латеральная грудная артерия	laterality; lost_information	FMA; pattern consistency
FMA22677	subscapular artery	Субскапулар артерия	OK	Субскапулар артерия	checked: no structural quality flags	FMA; pattern consistency
FMA22678	right subscapular artery	Правый субскапулар артерия	FIX	Правая субскапулар артерия	laterality; lost_information	FMA; pattern consistency
FMA22679	left subscapular artery	Левый субскапулар артерия	FIX	Левая субскапулар артерия	laterality; lost_information	FMA; pattern consistency
FMA22680	anterior circumflex humeral artery	Передняя артерия, огибающая плечевую кость	NEEDS_EXTERNAL_REVIEW		other: complex multiword anatomical concept requires external terminology review	FMA; external review needed
FMA22681	splenius cervicis	ременная мышца шеи	OK	ременная мышца шеи	checked: no structural quality flags	FMA; pattern consistency
FMA22682	right anterior circumflex humeral artery	Правая передняя артерия, огибающая плечевую кость	NEEDS_EXTERNAL_REVIEW		lost_information: English semantic markers require manual terminology verification	FMA; external review needed
FMA22683	left anterior circumflex humeral artery	Левая передняя артерия, огибающая плечевую кость	NEEDS_EXTERNAL_REVIEW		lost_information: English semantic markers require manual terminology verification	FMA; external review needed
FMA22684	posterior circumflex humeral artery	Задняя артерия, огибающая плечевую кость	NEEDS_EXTERNAL_REVIEW		other: complex multiword anatomical concept requires external terminology review	FMA; external review needed
FMA22685	right posterior circumflex humeral artery	Правая задняя артерия, огибающая плечевую кость	NEEDS_EXTERNAL_REVIEW		lost_information: English semantic markers require manual terminology verification	FMA; external review needed
FMA22687	left posterior circumflex humeral artery	Левая задняя артерия, огибающая плечевую кость	NEEDS_EXTERNAL_REVIEW		lost_information: English semantic markers require manual terminology verification	FMA; external review needed
FMA22689	brachial artery	Плечевая артерия	OK	Плечевая артерия	checked: no structural quality flags	FMA; pattern consistency
FMA22691	right brachial artery	Правый плечевая артерия	FIX	Правая плечевая артерия	laterality; lost_information	FMA; pattern consistency
FMA22692	left brachial artery	Левый плечевая артерия	FIX	Левая плечевая артерия	laterality; lost_information	FMA; pattern consistency
FMA22693	branch of brachial artery	Ветвь плечевой артерии	NEEDS_EXTERNAL_REVIEW		lost_information: English semantic markers require manual terminology verification	FMA; external review needed
FMA22695	deep brachial artery	Глубокая плечевая артерия	OK	Глубокая плечевая артерия	checked: no structural quality flags	FMA; pattern consistency
FMA22696	right deep brachial artery	Правый глубокая плечевая артерия	FIX	Правая глубокая плечевая артерия	laterality; lost_information	FMA; pattern consistency
FMA22697	left deep brachial artery	Левый глубокая плечевая артерия	FIX	Левая глубокая плечевая артерия	laterality; lost_information	FMA; pattern consistency
FMA22702	iliocostalis lumborum	Илиокосталис лумборум	OK	Илиокосталис лумборум	checked: no structural quality flags	FMA; pattern consistency
FMA22703	iliocostalis thoracis	Илиокосталис груди	OK	Илиокосталис груди	checked: no structural quality flags	FMA; pattern consistency
FMA22704	iliocostalis cervicis	подвздошно-рёберная мышца шеи	OK	подвздошно-рёберная мышца шеи	checked: no structural quality flags	FMA; pattern consistency
FMA22706	superior ulnar collateral artery	верхняя локтевая коллатеральная артерия	OK	верхняя локтевая коллатеральная артерия	checked: no structural quality flags	FMA; pattern consistency
FMA22707	right superior ulnar collateral artery	Правая верхняя локтевая коллатеральная артерия	NEEDS_EXTERNAL_REVIEW		lost_information: English semantic markers require manual terminology verification	FMA; external review needed
FMA22708	left superior ulnar collateral artery	Левая верхняя локтевая коллатеральная артерия	NEEDS_EXTERNAL_REVIEW		lost_information: English semantic markers require manual terminology verification	FMA; external review needed
FMA22709	longissimus thoracis	Лонгиссимус груди	OK	Лонгиссимус груди	checked: no structural quality flags	FMA; pattern consistency
FMA22710	inferior ulnar collateral artery	нижняя локтевая коллатеральная артерия	OK	нижняя локтевая коллатеральная артерия	checked: no structural quality flags	FMA; pattern consistency
FMA22711	longissimus cervicis	длиннейшая мышца шеи	OK	длиннейшая мышца шеи	checked: no structural quality flags	FMA; pattern consistency
FMA22712	right inferior ulnar collateral artery	Правая нижняя локтевая коллатеральная артерия	NEEDS_EXTERNAL_REVIEW		lost_information: English semantic markers require manual terminology verification	FMA; external review needed
FMA22713	left inferior ulnar collateral artery	Левая нижняя локтевая коллатеральная артерия	NEEDS_EXTERNAL_REVIEW		lost_information: English semantic markers require manual terminology verification	FMA; external review needed
FMA22714	longissimus capitis	Лонгиссимус головки	OK	Лонгиссимус головки	checked: no structural quality flags	FMA; pattern consistency
FMA22726	right splenius cervicis	Правая ременная мышца шеи	NEEDS_EXTERNAL_REVIEW		lost_information: English semantic markers require manual terminology verification	FMA; external review needed
FMA22727	left splenius cervicis	Левая ременная мышца шеи	NEEDS_EXTERNAL_REVIEW		lost_information: English semantic markers require manual terminology verification	FMA; external review needed
FMA22728	right splenius capitis	Правый сплэниус головки	NEEDS_EXTERNAL_REVIEW		lost_information: English semantic markers require manual terminology verification	FMA; external review needed
FMA22729	left splenius capitis	Левый сплэниус головки	NEEDS_EXTERNAL_REVIEW		lost_information: English semantic markers require manual terminology verification	FMA; external review needed
FMA22730	radial artery	Лучевая артерия	OK	Лучевая артерия	checked: no structural quality flags	FMA; pattern consistency
FMA22733	right radial artery	Правый лучевая артерия	FIX	Правая лучевая артерия	laterality; lost_information	FMA; pattern consistency
FMA22734	left radial artery	Левый лучевая артерия	FIX	Левая лучевая артерия	laterality; lost_information	FMA; pattern consistency
FMA22738	branch of radial artery	Ветвь лучевой артерии	NEEDS_EXTERNAL_REVIEW		lost_information: English semantic markers require manual terminology verification	FMA; external review needed
FMA22740	right iliocostalis lumborum	Правый илиокосталис лумборум	NEEDS_EXTERNAL_REVIEW		lost_information: English semantic markers require manual terminology verification	FMA; external review needed
FMA22741	left iliocostalis lumborum	Левый илиокосталис лумборум	NEEDS_EXTERNAL_REVIEW		lost_information: English semantic markers require manual terminology verification	FMA; external review needed
FMA22742	right iliocostalis thoracis	Правый илиокосталис груди	NEEDS_EXTERNAL_REVIEW		lost_information: English semantic markers require manual terminology verification	FMA; external review needed
FMA22743	left iliocostalis thoracis	Левый илиокосталис груди	NEEDS_EXTERNAL_REVIEW		lost_information: English semantic markers require manual terminology verification	FMA; external review needed
FMA22744	right iliocostalis cervicis	Правая подвздошно-рёберная мышца шеи	NEEDS_EXTERNAL_REVIEW		lost_information: English semantic markers require manual terminology verification	FMA; external review needed
FMA22745	left iliocostalis cervicis	Левая подвздошно-рёберная мышца шеи	NEEDS_EXTERNAL_REVIEW		lost_information: English semantic markers require manual terminology verification	FMA; external review needed
FMA22748	radial recurrent artery	Лучевая возвратная артерия	OK	Лучевая возвратная артерия	checked: no structural quality flags	FMA; pattern consistency
FMA22751	right longissimus thoracis	Правый лонгиссимус груди	NEEDS_EXTERNAL_REVIEW		lost_information: English semantic markers require manual terminology verification	FMA; external review needed
FMA22753	left longissimus thoracis	Левый лонгиссимус груди	NEEDS_EXTERNAL_REVIEW		lost_information: English semantic markers require manual terminology verification	FMA; external review needed
FMA22754	right longissimus capitis	Правый лонгиссимус головки	NEEDS_EXTERNAL_REVIEW		lost_information: English semantic markers require manual terminology verification	FMA; external review needed
FMA22755	dorsal carpal branch of radial artery	Тыльная запястная кость ветвь лучевая артерия	NEEDS_EXTERNAL_REVIEW		other: complex multiword anatomical concept requires external terminology review	FMA; external review needed
FMA22756	left longissimus capitis	Левый лонгиссимус головки	NEEDS_EXTERNAL_REVIEW		lost_information: English semantic markers require manual terminology verification	FMA; external review needed
FMA22757	right longissimus cervicis	Правая длиннейшая мышца шеи	NEEDS_EXTERNAL_REVIEW		lost_information: English semantic markers require manual terminology verification	FMA; external review needed
FMA22758	left longissimus cervicis	Левая длиннейшая мышца шеи	NEEDS_EXTERNAL_REVIEW		lost_information: English semantic markers require manual terminology verification	FMA; external review needed
FMA22762	arteria princeps pollicis	Главная артерия большого пальца кисти	NEEDS_EXTERNAL_REVIEW		other: complex multiword anatomical concept requires external terminology review	FMA; external review needed
FMA22763	arteria radialis indicis	Лучевая артерия указательного пальца	OK	Лучевая артерия указательного пальца	checked: no structural quality flags	FMA; pattern consistency
FMA22764	right radial recurrent artery	Правый лучевая возвратная артерия	FIX	Правая лучевая возвратная артерия	laterality; lost_information	FMA; pattern consistency
FMA22765	spinalis thoracis	Спиналис груди	OK	Спиналис груди	checked: no structural quality flags	FMA; pattern consistency
FMA22766	left radial recurrent artery	Левый лучевая возвратная артерия	FIX	Левая лучевая возвратная артерия	laterality; lost_information	FMA; pattern consistency
FMA22772	dorsal carpal branch of right radial artery	Тыльная запястная кость ветвь правый лучевая артерия	FIX	Тыльная запястная кость ветвь Правая лучевая артерия	laterality	FMA; pattern consistency
FMA22773	dorsal carpal branch of left radial artery	Тыльная запястная кость ветвь левый лучевая артерия	FIX	Тыльная запястная кость ветвь Левая лучевая артерия	laterality	FMA; pattern consistency
FMA22777	right arteria radialis indicis	Правая лучевая артерия указательного пальца	NEEDS_EXTERNAL_REVIEW		lost_information: English semantic markers require manual terminology verification	FMA; external review needed
FMA22778	left arteria radialis indicis	Левая лучевая артерия указательного пальца	NEEDS_EXTERNAL_REVIEW		lost_information: English semantic markers require manual terminology verification	FMA; external review needed
FMA22779	right spinalis thoracis	Правый спиналис груди	NEEDS_EXTERNAL_REVIEW		lost_information: English semantic markers require manual terminology verification	FMA; external review needed
FMA22780	left spinalis thoracis	Левый спиналис груди	NEEDS_EXTERNAL_REVIEW		lost_information: English semantic markers require manual terminology verification	FMA; external review needed
FMA22796	ulnar artery	Локтевая артерия	OK	Локтевая артерия	checked: no structural quality flags	FMA; pattern consistency
FMA22797	right ulnar artery	Правый локтевая артерия	FIX	Правая локтевая артерия	laterality; lost_information	FMA; pattern consistency
FMA22798	left ulnar artery	Левый локтевая артерия	FIX	Левая локтевая артерия	laterality; lost_information	FMA; pattern consistency
FMA22799	branch of ulnar artery	Ветвь локтевая артерия	NEEDS_EXTERNAL_REVIEW		lost_information: English semantic markers require manual terminology verification	FMA; external review needed
FMA22800	anterior ulnar recurrent artery	Передняя возвратная локтевая артерия	OK	Передняя возвратная локтевая артерия	checked: no structural quality flags	FMA; pattern consistency
FMA22801	right anterior ulnar recurrent artery	Правый передняя локтевая возвратная артерия	FIX	Правая передняя локтевая возвратная артерия	laterality; lost_information	FMA; pattern consistency
FMA22802	left anterior ulnar recurrent artery	Левый передняя локтевая возвратная артерия	FIX	Левая передняя локтевая возвратная артерия	laterality; lost_information	FMA; pattern consistency
FMA22803	posterior ulnar recurrent artery	Задняя локтевая возвратная артерия	OK	Задняя локтевая возвратная артерия	checked: no structural quality flags	FMA; pattern consistency
FMA22804	right posterior ulnar recurrent artery	Правый задняя локтевая возвратная артерия	FIX	Правая задняя локтевая возвратная артерия	laterality; lost_information	FMA; pattern consistency
FMA22805	left posterior ulnar recurrent artery	Левый задняя локтевая возвратная артерия	FIX	Левая задняя локтевая возвратная артерия	laterality; lost_information	FMA; pattern consistency
FMA22806	common interosseous artery	Общая межкостная артерия	OK	Общая межкостная артерия	checked: no structural quality flags	FMA; pattern consistency
FMA22807	right common interosseous artery	Правый общая межкостная артерия	FIX	Правая общая межкостная артерия	laterality; lost_information	FMA; pattern consistency
FMA22808	left common interosseous artery	Левый общая межкостная артерия	FIX	Левая общая межкостная артерия	laterality; lost_information	FMA; pattern consistency
FMA22809	branch of common interosseous artery	Ветвь общей межкостной артерии	NEEDS_EXTERNAL_REVIEW		lost_information: English semantic markers require manual terminology verification	FMA; external review needed
FMA22810	anterior interosseous artery	Передняя межкостная артерия	OK	Передняя межкостная артерия	checked: no structural quality flags	FMA; pattern consistency
FMA22812	right anterior interosseous artery	Правый передняя межкостная артерия	FIX	Правая передняя межкостная артерия	laterality; lost_information	FMA; pattern consistency
FMA22813	left anterior interosseous artery	Левый передняя межкостная артерия	FIX	Левая передняя межкостная артерия	laterality; lost_information	FMA; pattern consistency
FMA22820	dorsal carpal branch of ulnar artery	Тыльная запястная кость ветвь локтевая артерия	NEEDS_EXTERNAL_REVIEW		other: complex multiword anatomical concept requires external terminology review	FMA; external review needed
FMA22821	right dorsal carpal branch of ulnar artery	Правый тыльная запястная кость ветвь локтевая артерия	FIX	Правая тыльная запястная кость ветвь локтевая артерия	laterality; lost_information	FMA; pattern consistency
FMA22822	left dorsal carpal branch of ulnar artery	Левый тыльная запястная кость ветвь локтевая артерия	FIX	Левая тыльная запястная кость ветвь локтевая артерия	laterality; lost_information	FMA; pattern consistency
FMA22823	semispinalis	Сэмиспиналис	OK	Сэмиспиналис	checked: no structural quality flags	FMA; pattern consistency
FMA22828	semispinalis thoracis	Сэмиспиналис груди	OK	Сэмиспиналис груди	checked: no structural quality flags	FMA; pattern consistency
FMA22829	semispinalis cervicis	Полуостистая мышца шеи	OK	Полуостистая мышца шеи	checked: no structural quality flags	FMA; pattern consistency
FMA22830	semispinalis capitis	Сэмиспиналис головки	OK	Сэмиспиналис головки	checked: no structural quality flags	FMA; pattern consistency
FMA22834	superficial palmar arterial arch	Поверхностная ладонная артериальная дуга	OK	Поверхностная ладонная артериальная дуга	checked: no structural quality flags	FMA; pattern consistency
FMA22835	right superficial palmar arterial arch	Правый поверхностная ладонная артериальная дуга	NEEDS_EXTERNAL_REVIEW		lost_information: English semantic markers require manual terminology verification	FMA; external review needed
FMA22837	left superficial palmar arterial arch	Левый поверхностная ладонная артериальная дуга	NEEDS_EXTERNAL_REVIEW		lost_information: English semantic markers require manual terminology verification	FMA; external review needed
FMA22838	deep palmar arterial arch	Глубокая ладонная артериальная дуга	OK	Глубокая ладонная артериальная дуга	checked: no structural quality flags	FMA; pattern consistency
FMA22839	right deep palmar arch	Правый глубокая ладонная дуга	NEEDS_EXTERNAL_REVIEW		lost_information: English semantic markers require manual terminology verification	FMA; external review needed
FMA22840	left deep palmar arch	Левый глубокая ладонная дуга	NEEDS_EXTERNAL_REVIEW		lost_information: English semantic markers require manual terminology verification	FMA; external review needed
FMA22841	interspinalis muscle	Интэрспиналис мышца	OK	Интэрспиналис мышца	checked: no structural quality flags	FMA; pattern consistency
FMA22842	branch of arterial anastomosis	Ветвь артериального анастомоза	NEEDS_EXTERNAL_REVIEW		lost_information: English semantic markers require manual terminology verification	FMA; external review needed
FMA22843	branch of deep palmar arterial arch	Ветвь глубокой ладонной артериальной дуги	NEEDS_EXTERNAL_REVIEW		lost_information: English semantic markers require manual terminology verification	FMA; external review needed
FMA22845	branch of superficial palmar arterial arch	Ветвь поверхностная ладонная артериальная дуга	NEEDS_EXTERNAL_REVIEW		lost_information: English semantic markers require manual terminology verification	FMA; external review needed
FMA22846	interspinalis thoracis	Интэрспиналис груди	OK	Интэрспиналис груди	checked: no structural quality flags	FMA; pattern consistency
FMA22848	intertransversarius muscle	Интэртрансвэрсариус мышца	OK	Интэртрансвэрсариус мышца	checked: no structural quality flags	FMA; pattern consistency
FMA22849	lumbar intertransversarius	Поясничная интэртрансвэрсариус	OK	Поясничная интэртрансвэрсариус	checked: no structural quality flags	FMA; pattern consistency
FMA22850	lateral lumbar intertransversarius	Латеральная поясничная интэртрансвэрсариус	OK	Латеральная поясничная интэртрансвэрсариус	checked: no structural quality flags	FMA; pattern consistency
FMA22851	medial lumbar intertransversarius	Медиальная поясничная интэртрансвэрсариус	OK	Медиальная поясничная интэртрансвэрсариус	checked: no structural quality flags	FMA; pattern consistency
FMA22854	first common palmar digital artery	первая общая ладонная пальцевая артерия	NEEDS_EXTERNAL_REVIEW		other: complex multiword anatomical concept requires external terminology review	FMA; external review needed
FMA22855	second common palmar digital artery	вторая общая ладонная пальцевая артерия	NEEDS_EXTERNAL_REVIEW		other: complex multiword anatomical concept requires external terminology review	FMA; external review needed
FMA22856	right first common palmar digital artery	первая общая ладонная пальцевая артерия	NEEDS_EXTERNAL_REVIEW		lost_information: English semantic markers require manual terminology verification	FMA; external review needed
FMA22857	lateral proper palmar digital artery of middle finger	Латеральная собственно ладонная пальцевая артерия средняя палец	FIX	Латеральная собственно ладонная пальцевая артерия среднего пальца	word_order	FMA; pattern consistency
FMA22858	lateral proper palmar digital artery of right middle finger	Правая латеральная собственная ладонная пальцевая артерия среднего пальца	NEEDS_EXTERNAL_REVIEW		lost_information: English semantic markers require manual terminology verification	FMA; external review needed
FMA22860	lateral proper palmar digital artery of left middle finger	Левая латеральная собственная ладонная пальцевая артерия среднего пальца	NEEDS_EXTERNAL_REVIEW		lost_information: English semantic markers require manual terminology verification	FMA; external review needed
FMA22863	palmar metacarpal artery	Ладонная пястная кость артерия	OK	Ладонная пястная кость артерия	checked: no structural quality flags	FMA; pattern consistency
FMA22864	right palmar metacarpal artery	Правый ладонная пястная кость артерия	FIX	Правая ладонная пястная кость артерия	laterality; lost_information	FMA; pattern consistency
FMA22865	left palmar metacarpal artery	Левый ладонная пястная кость артерия	FIX	Левая ладонная пястная кость артерия	laterality; lost_information	FMA; pattern consistency
FMA22872	right semispinalis thoracis	Правый сэмиспиналис груди	NEEDS_EXTERNAL_REVIEW		lost_information: English semantic markers require manual terminology verification	FMA; external review needed
FMA22873	left semispinalis thoracis	Левый сэмиспиналис груди	NEEDS_EXTERNAL_REVIEW		lost_information: English semantic markers require manual terminology verification	FMA; external review needed
FMA22874	right semispinalis cervicis	Правая полуостистая мышца шеи	NEEDS_EXTERNAL_REVIEW		lost_information: English semantic markers require manual terminology verification	FMA; external review needed
FMA22875	left semispinalis cervicis	Левая полуостистая мышца шеи	NEEDS_EXTERNAL_REVIEW		lost_information: English semantic markers require manual terminology verification	FMA; external review needed
FMA22876	right semispinalis capitis	Правый сэмиспиналис головки	NEEDS_EXTERNAL_REVIEW		lost_information: English semantic markers require manual terminology verification	FMA; external review needed
FMA22877	left semispinalis capitis	Левый сэмиспиналис головки	NEEDS_EXTERNAL_REVIEW		lost_information: English semantic markers require manual terminology verification	FMA; external review needed
FMA22890	right interspinalis thoracis	Правый интэрспиналис груди	NEEDS_EXTERNAL_REVIEW		lost_information: English semantic markers require manual terminology verification	FMA; external review needed
FMA22891	left interspinalis thoracis	Левый интэрспиналис груди	NEEDS_EXTERNAL_REVIEW		lost_information: English semantic markers require manual terminology verification	FMA; external review needed
FMA22905	right arteria princeps pollicis	Правый артэриа принкэпс большого пальца кисти	NEEDS_EXTERNAL_REVIEW		lost_information: English semantic markers require manual terminology verification	FMA; external review needed
FMA22907	left arteria princeps pollicis	Левый артэриа принкэпс большого пальца кисти	NEEDS_EXTERNAL_REVIEW		lost_information: English semantic markers require manual terminology verification	FMA; external review needed
FMA22908	basilic vein	Базиликовая вена	OK	Базиликовая вена	checked: no structural quality flags	FMA; pattern consistency
FMA22909	right basilic vein	Правый медиальная подкожная вена	FIX	Правая медиальная подкожная вена	laterality; lost_information	FMA; pattern consistency
FMA22910	left basilic vein	Левый медиальная подкожная вена	FIX	Левая медиальная подкожная вена	laterality; lost_information	FMA; pattern consistency
FMA22911	deep palmar venous arch	Глубокая ладонная венозная дуга	OK	Глубокая ладонная венозная дуга	checked: no structural quality flags	FMA; pattern consistency
FMA22912	right deep palmar venous arch	Правый глубокая ладонная венозная дуга	NEEDS_EXTERNAL_REVIEW		lost_information: English semantic markers require manual terminology verification	FMA; external review needed
FMA22913	left deep palmar venous arch	Левый глубокая ладонная венозная дуга	NEEDS_EXTERNAL_REVIEW		lost_information: English semantic markers require manual terminology verification	FMA; external review needed
FMA22914	superficial palmar venous arch	Поверхностная ладонная венозная дуга	OK	Поверхностная ладонная венозная дуга	checked: no structural quality flags	FMA; pattern consistency
FMA22915	right superficial palmar venous arch	Правый поверхностная ладонная венозная дуга	NEEDS_EXTERNAL_REVIEW		lost_information: English semantic markers require manual terminology verification	FMA; external review needed
FMA22916	left superficial palmar venous arch	Левый поверхностная ладонная венозная дуга	NEEDS_EXTERNAL_REVIEW		lost_information: English semantic markers require manual terminology verification	FMA; external review needed
FMA22917	tributary of venous anastomosis	Приток венозная анастомоз	FIX	Приток венозный анастомоз	grammar; lost_information	FMA; pattern consistency
FMA22919	palmar metacarpal vein	Ладонная пястная кость вена	OK	Ладонная пястная кость вена	checked: no structural quality flags	FMA; pattern consistency
FMA22920	right palmar metacarpal vein	Правый ладонная пястная кость вена	FIX	Правая ладонная пястная кость вена	laterality; lost_information	FMA; pattern consistency
FMA22921	left palmar metacarpal vein	Левый ладонная пястная кость вена	FIX	Левая ладонная пястная кость вена	laterality; lost_information	FMA; pattern consistency
FMA22922	tributary of superficial palmar venous arch	Приток поверхностная ладонная венозная дуга	NEEDS_EXTERNAL_REVIEW		lost_information: English semantic markers require manual terminology verification	FMA; external review needed
FMA22923	common palmar digital vein	общая ладонная пальцевая вена	OK	общая ладонная пальцевая вена	checked: no structural quality flags	FMA; pattern consistency
FMA22926	tributary of common palmar digital vein	общая ладонная пальцевая вена	NEEDS_EXTERNAL_REVIEW		lost_information: English semantic markers require manual terminology verification	FMA; external review needed
FMA22927	proper palmar digital vein of index finger	Собственно ладонная пальцевая вена указательного палец	FIX	Собственно ладонная пальцевая вена указательного пальца	word_order	FMA; pattern consistency
FMA22928	proper palmar digital vein of middle finger	Собственно ладонная пальцевая вена средняя палец	FIX	Собственно ладонная пальцевая вена среднего пальца	word_order	FMA; pattern consistency
FMA22929	proper palmar digital vein of ring finger	Собственно ладонная пальцевая вена кольцо палец	FIX	Собственно ладонная пальцевая вена безымянного пальца	word_order	FMA; pattern consistency
FMA22930	tributary of subclavian vein	Приток подключичная вена	NEEDS_EXTERNAL_REVIEW		lost_information: English semantic markers require manual terminology verification	FMA; external review needed
FMA22934	brachial vein	Плечевая вена	OK	Плечевая вена	checked: no structural quality flags	FMA; pattern consistency
FMA22935	right medial brachial vein	Правый медиальная плечевая вена	FIX	Правая медиальная плечевая вена	laterality; lost_information	FMA; pattern consistency
FMA22936	left medial brachial vein	Левый медиальная плечевая вена	FIX	Левая медиальная плечевая вена	laterality; lost_information	FMA; pattern consistency
FMA22937	tributary of brachial vein	Приток плечевая вена	NEEDS_EXTERNAL_REVIEW		lost_information: English semantic markers require manual terminology verification	FMA; external review needed
FMA22947	radial vein	Лучевая вена	OK	Лучевая вена	checked: no structural quality flags	FMA; pattern consistency
FMA22948	right radial vein	Правый лучевая вена	FIX	Правая лучевая вена	laterality; lost_information	FMA; pattern consistency
FMA22949	left radial vein	Левый лучевая вена	FIX	Левая лучевая вена	laterality; lost_information	FMA; pattern consistency
FMA22950	ulnar vein	Локтевая вена	OK	Локтевая вена	checked: no structural quality flags	FMA; pattern consistency
FMA22951	right ulnar vein	Правый локтевая вена	FIX	Правая локтевая вена	laterality; lost_information	FMA; pattern consistency
FMA22952	left ulnar vein	Левый локтевая вена	FIX	Левая локтевая вена	laterality; lost_information	FMA; pattern consistency
FMA22953	tributary of radial vein	Приток лучевая вена	NEEDS_EXTERNAL_REVIEW		lost_information: English semantic markers require manual terminology verification	FMA; external review needed
FMA22954	dorsal metacarpal vein	Тыльная пястная кость вена	OK	Тыльная пястная кость вена	checked: no structural quality flags	FMA; pattern consistency
FMA22963	median cubital vein	Мэдиан кубитал вена	OK	Мэдиан кубитал вена	checked: no structural quality flags	FMA; pattern consistency
FMA22964	right median cubital vein	Правый мэдиан кубитал вена	FIX	Правая мэдиан кубитал вена	laterality; lost_information	FMA; pattern consistency
FMA22965	left median cubital vein	Левый мэдиан кубитал вена	FIX	Левая мэдиан кубитал вена	laterality; lost_information	FMA; pattern consistency
FMA22967	median antebrachial vein	Мэдиан антэбрачиал вена	OK	Мэдиан антэбрачиал вена	checked: no structural quality flags	FMA; pattern consistency
FMA22968	right median antebrachial vein	Правый мэдиан антэбрачиал вена	FIX	Правая мэдиан антэбрачиал вена	laterality; lost_information	FMA; pattern consistency
FMA22969	left median antebrachial vein	Левый мэдиан антэбрачиал вена	FIX	Левая мэдиан антэбрачиал вена	laterality; lost_information	FMA; pattern consistency
FMA23046	medial proper palmar digital artery of ring finger	Медиальная собственно ладонная пальцевая артерия кольцо палец	FIX	Медиальная собственно ладонная пальцевая артерия безымянного пальца	word_order	FMA; pattern consistency
FMA23047	medial proper palmar digital artery of index finger	Медиальная собственно ладонная пальцевая артерия указательного палец	FIX	Медиальная собственно ладонная пальцевая артерия указательного пальца	word_order	FMA; pattern consistency
FMA23048	lateral proper palmar digital artery of little finger	Латеральная собственно ладонная пальцевая артерия мизинца палец	FIX	Латеральная собственно ладонная пальцевая артерия мизинца	word_order	FMA; pattern consistency
FMA23050	medial proper palmar digital artery of right index finger	Правая медиальная собственная ладонная пальцевая артерия указательного пальца	NEEDS_EXTERNAL_REVIEW		lost_information: English semantic markers require manual terminology verification	FMA; external review needed
FMA23051	medial proper palmar digital artery of left index finger	Левая медиальная собственная ладонная пальцевая артерия указательного пальца	NEEDS_EXTERNAL_REVIEW		lost_information: English semantic markers require manual terminology verification	FMA; external review needed
FMA23052	medial proper palmar digital artery of right ring finger	Правая медиальная собственная ладонная пальцевая артерия безымянного пальца	NEEDS_EXTERNAL_REVIEW		lost_information: English semantic markers require manual terminology verification	FMA; external review needed
FMA23054	lateral proper palmar digital artery of right little finger	Правая латеральная собственная ладонная пальцевая артерия мизинца	NEEDS_EXTERNAL_REVIEW		lost_information: English semantic markers require manual terminology verification	FMA; external review needed
FMA23055	lateral proper palmar digital artery of left little finger	Левая латеральная собственная ладонная пальцевая артерия мизинца	NEEDS_EXTERNAL_REVIEW		lost_information: English semantic markers require manual terminology verification	FMA; external review needed
FMA23062	pectoral branch of thoraco-acromial artery	Грудная ветвь грудоакромиальной артерии	OK	Грудная ветвь грудоакромиальной артерии	checked: no structural quality flags	FMA; pattern consistency
FMA23063	pectoral branch of right thoraco-acromial artery	Грудная ветвь правой грудоакромиальной артерии	NEEDS_EXTERNAL_REVIEW		other: complex multiword anatomical concept requires external terminology review	FMA; external review needed
FMA23064	pectoral branch of left thoraco-acromial artery	Грудная ветвь левой грудоакромиальной артерии	NEEDS_EXTERNAL_REVIEW		other: complex multiword anatomical concept requires external terminology review	FMA; external review needed
FMA23065	acromial branch of thoraco-acromial artery	Акромиальная ветвь грудоакромиальной артерии	OK	Акромиальная ветвь грудоакромиальной артерии	checked: no structural quality flags	FMA; pattern consistency
FMA23067	deltoid branch of thoraco-acromial artery	Дельтовидная ветвь грудоакромиальной артерии	OK	Дельтовидная ветвь грудоакромиальной артерии	checked: no structural quality flags	FMA; pattern consistency
FMA23068	acromial branch of right thoraco-acromial artery	Акромиальная ветвь правой грудоакромиальной артерии	NEEDS_EXTERNAL_REVIEW		other: complex multiword anatomical concept requires external terminology review	FMA; external review needed
FMA23069	acromial branch of left thoraco-acromial artery	Акромиальная ветвь левой грудоакромиальной артерии	NEEDS_EXTERNAL_REVIEW		other: complex multiword anatomical concept requires external terminology review	FMA; external review needed
FMA23072	deltoid branch of right thoraco-acromial artery	Дельтовидная ветвь правой грудоакромиальной артерии	NEEDS_EXTERNAL_REVIEW		other: complex multiword anatomical concept requires external terminology review	FMA; external review needed
FMA23073	deltoid branch of left thoraco-acromial artery	Дельтовидная ветвь левой грудоакромиальной артерии	NEEDS_EXTERNAL_REVIEW		other: complex multiword anatomical concept requires external terminology review	FMA; external review needed
FMA23081	rotator muscle	Вращатель мышца	OK	Вращатель мышца	checked: no structural quality flags	FMA; pattern consistency
FMA23082	cervical rotator	Шейная вращатель	OK	Шейная вращатель	checked: no structural quality flags	FMA; pattern consistency
FMA23083	thoracic rotator	Грудная вращатель	OK	Грудная вращатель	checked: no structural quality flags	FMA; pattern consistency
FMA23084	lumbar rotator	Поясничная вращатель	OK	Поясничная вращатель	checked: no structural quality flags	FMA; pattern consistency
FMA23089	right lumbar rotator	Правый поясничная вращатель	NEEDS_EXTERNAL_REVIEW		lost_information: English semantic markers require manual terminology verification	FMA; external review needed
FMA23090	left lumbar rotator	Левый поясничная вращатель	NEEDS_EXTERNAL_REVIEW		lost_information: English semantic markers require manual terminology verification	FMA; external review needed
FMA23113	subscapular vein	Субскапулар вена	OK	Субскапулар вена	checked: no structural quality flags	FMA; pattern consistency
FMA23114	right subscapular vein	Правый субскапулар вена	FIX	Правая субскапулар вена	laterality; lost_information	FMA; pattern consistency
FMA23115	left subscapular vein	Левый субскапулар вена	FIX	Левая субскапулар вена	laterality; lost_information	FMA; pattern consistency
FMA23117	branch of deep brachial artery	Ветвь глубокой артерии плеча	NEEDS_EXTERNAL_REVIEW		lost_information: English semantic markers require manual terminology verification	FMA; external review needed
FMA23119	medial collateral artery	Медиальная коллатеральная артерия	OK	Медиальная коллатеральная артерия	checked: no structural quality flags	FMA; pattern consistency
FMA23120	radial collateral artery	Лучевая коллатеральная артерия	OK	Лучевая коллатеральная артерия	checked: no structural quality flags	FMA; pattern consistency
FMA23124	middle collateral branch of right deep brachial artery	Средняя коллатеральная ветвь правой глубокой плечевой артерии	NEEDS_EXTERNAL_REVIEW		other: complex multiword anatomical concept requires external terminology review	FMA; external review needed
FMA23125	middle collateral branch of left deep brachial artery	Средняя коллатеральная ветвь левой глубокой плечевой артерии	NEEDS_EXTERNAL_REVIEW		other: complex multiword anatomical concept requires external terminology review	FMA; external review needed
FMA23126	radial collateral branch of right deep brachial artery	Лучевая коллатеральная ветвь правой глубокой плечевой артерии	NEEDS_EXTERNAL_REVIEW		other: complex multiword anatomical concept requires external terminology review	FMA; external review needed
FMA23127	radial collateral branch of left deep brachial artery	Лучевая коллатеральная ветвь левой глубокой плечевой артерии	NEEDS_EXTERNAL_REVIEW		other: complex multiword anatomical concept requires external terminology review	FMA; external review needed
FMA23130	right humerus	Правый плечевая кость	FIX	Правая плечевая кость	laterality; lost_information	FMA; pattern consistency
FMA23131	left humerus	Левый плечевая кость	FIX	Левая плечевая кость	laterality; lost_information	FMA; pattern consistency
FMA23179	circumflex scapular artery	Огибающая лопаточная артерия	OK	Огибающая лопаточная артерия	checked: no structural quality flags	FMA; pattern consistency
FMA23180	right circumflex scapular artery	Правый огибающая лопаточная артерия	FIX	Правая огибающая лопаточная артерия	laterality; lost_information	FMA; pattern consistency
FMA23181	left circumflex scapular artery	Левый огибающая лопаточная артерия	FIX	Левая огибающая лопаточная артерия	laterality; lost_information	FMA; pattern consistency
FMA23463	radius	Лучевая кость	OK	Лучевая кость	checked: no structural quality flags	FMA; pattern consistency
FMA23464	right radius	Правый лучевая кость	FIX	Правая лучевая кость	laterality; lost_information	FMA; pattern consistency
FMA23465	left radius	Левый лучевая кость	FIX	Левая лучевая кость	laterality; lost_information	FMA; pattern consistency
FMA23466	ulna	Локтевая кость	OK	Локтевая кость	checked: no structural quality flags	FMA; pattern consistency
FMA23467	right ulna	Правый локтевая кость	FIX	Правая локтевая кость	laterality; lost_information	FMA; pattern consistency
FMA23468	left ulna	Левый локтевая кость	FIX	Левая локтевая кость	laterality; lost_information	FMA; pattern consistency
FMA23706	interosseous membrane of forearm	Межкостная оболочка предплечье	OK	Межкостная оболочка предплечье	checked: no structural quality flags	FMA; pattern consistency
FMA23707	interosseous membrane of right forearm	Межкостная оболочка правый предплечье	OK	Межкостная оболочка правый предплечье	checked: no structural quality flags	FMA; pattern consistency
FMA23708	interosseous membrane of left forearm	Межкостная оболочка левый предплечье	OK	Межкостная оболочка левый предплечье	checked: no structural quality flags	FMA; pattern consistency
FMA23709	scaphoid	Скафоид	OK	Скафоид	checked: no structural quality flags	FMA; pattern consistency
FMA23712	lunate	Лунатэ	OK	Лунатэ	checked: no structural quality flags	FMA; pattern consistency
FMA23715	triquetral	Триквэтрал	OK	Триквэтрал	checked: no structural quality flags	FMA; pattern consistency
FMA23718	pisiform	Писиформ	OK	Писиформ	checked: no structural quality flags	FMA; pattern consistency
FMA23721	trapezium	Трапэзиум	OK	Трапэзиум	checked: no structural quality flags	FMA; pattern consistency
FMA23724	trapezoid	Трапэзоид	OK	Трапэзоид	checked: no structural quality flags	FMA; pattern consistency
FMA23725	right trapezoid	Правый трапэзоид	NEEDS_EXTERNAL_REVIEW		lost_information: English semantic markers require manual terminology verification	FMA; external review needed
FMA23727	capitate	Капитатэ	OK	Капитатэ	checked: no structural quality flags	FMA; pattern consistency
FMA23730	hamate	Хаматэ	OK	Хаматэ	checked: no structural quality flags	FMA; pattern consistency
FMA23889	carpal bone	Запястная кость кость	OK	Запястная кость кость	checked: no structural quality flags	FMA; pattern consistency
FMA23899	first metacarpal bone	Первая пястная кость кость	OK	Первая пястная кость кость	checked: no structural quality flags	FMA; pattern consistency
FMA23900	second metacarpal bone	Вторая пястная кость кость	OK	Вторая пястная кость кость	checked: no structural quality flags	FMA; pattern consistency
FMA23901	third metacarpal bone	Третья пястная кость кость	OK	Третья пястная кость кость	checked: no structural quality flags	FMA; pattern consistency
FMA23902	fourth metacarpal bone	Четвёртая пястная кость кость	OK	Четвёртая пястная кость кость	checked: no structural quality flags	FMA; pattern consistency
FMA23903	fifth metacarpal bone	Пятая пястная кость кость	OK	Пятая пястная кость кость	checked: no structural quality flags	FMA; pattern consistency
FMA23914	phalanx of finger	Фаланга палец	NEEDS_EXTERNAL_REVIEW		lost_information: English semantic markers require manual terminology verification	FMA; external review needed
FMA23918	proximal phalanx of thumb	Проксимальная фаланга тумб	OK	Проксимальная фаланга тумб	checked: no structural quality flags	FMA; pattern consistency
FMA23919	proximal phalanx of index finger	Проксимальная фаланга указательного палец	FIX	Проксимальная фаланга указательного пальца	word_order	FMA; pattern consistency
FMA23920	proximal phalanx of middle finger	Проксимальная фаланга средняя палец	FIX	Проксимальная фаланга среднего пальца	word_order	FMA; pattern consistency
FMA23921	proximal phalanx of ring finger	Проксимальная фаланга кольцо палец	FIX	Проксимальная фаланга безымянного пальца	word_order; lost_information	FMA; pattern consistency
FMA23922	proximal phalanx of little finger	Проксимальная фаланга мизинца палец	FIX	Проксимальная фаланга мизинца	word_order	FMA; pattern consistency
FMA23933	middle phalanx of index finger	Средняя фаланга указательного палец	FIX	Средняя фаланга указательного пальца	word_order	FMA; pattern consistency
FMA23934	middle phalanx of middle finger	Средняя фаланга средняя палец	FIX	Средняя фаланга среднего пальца	word_order	FMA; pattern consistency
FMA23935	middle phalanx of ring finger	Средняя фаланга кольцо палец	FIX	Средняя фаланга безымянного пальца	word_order; lost_information	FMA; pattern consistency
FMA23936	middle phalanx of little finger	Средняя фаланга мизинца палец	FIX	Средняя фаланга мизинца	word_order	FMA; pattern consistency
FMA23938	middle phalanx of left index finger	Средняя фаланга левый указательного палец	FIX	Средняя фаланга левого указательного пальца	word_order	FMA; pattern consistency
FMA23940	middle phalanx of left middle finger	Средняя фаланга левый средняя палец	FIX	Средняя фаланга левого среднего пальца	word_order	FMA; pattern consistency
FMA23942	middle phalanx of left ring finger	Средняя фаланга левый кольцо палец	FIX	Средняя фаланга левого безымянного пальца	word_order; lost_information	FMA; pattern consistency
FMA23944	middle phalanx of left little finger	Средняя фаланга левый мизинца палец	FIX	Средняя фаланга левого мизинца	word_order	FMA; pattern consistency
FMA23945	distal phalanx of thumb	Дистальная фаланга тумб	OK	Дистальная фаланга тумб	checked: no structural quality flags	FMA; pattern consistency
FMA23946	distal phalanx of index finger	Дистальная фаланга указательного пальца	OK	Дистальная фаланга указательного пальца	checked: no structural quality flags	FMA; pattern consistency
FMA23947	distal phalanx of middle finger	Дистальная фаланга средняя палец	FIX	Дистальная фаланга среднего пальца	word_order	FMA; pattern consistency
FMA23948	distal phalanx of ring finger	Дистальная фаланга кольцо палец	FIX	Дистальная фаланга безымянного пальца	word_order; lost_information	FMA; pattern consistency
FMA23949	distal phalanx of little finger	Дистальная фаланга мизинца	OK	Дистальная фаланга мизинца	checked: no structural quality flags	FMA; pattern consistency
FMA23951	distal phalanx of left thumb	Дистальная фаланга левый тумб	FIX	Дистальная фаланга Левая тумб	laterality	FMA; pattern consistency
FMA23953	distal phalanx of left index finger	Дистальная фаланга левой указательного пальца	NEEDS_EXTERNAL_REVIEW		other: complex multiword anatomical concept requires external terminology review	FMA; external review needed
FMA23955	distal phalanx of left middle finger	Дистальная фаланга левый средняя палец	FIX	Дистальная фаланга левого среднего пальца	word_order	FMA; pattern consistency
FMA23957	distal phalanx of left ring finger	Дистальная фаланга левый кольцо палец	FIX	Дистальная фаланга левого безымянного пальца	word_order; lost_information	FMA; pattern consistency
FMA23959	distal phalanx of left little finger	Дистальная фаланга левой мизинца	OK	Дистальная фаланга левой мизинца	checked: no structural quality flags	FMA; pattern consistency
FMA24034	cavity of organ part	Полость части органа	OK	Полость части органа	checked: no structural quality flags	FMA; pattern consistency
FMA24218	subdivision of head	Подразделение головка	OK	Подразделение головка	checked: no structural quality flags	FMA; pattern consistency
FMA24435	right scaphoid	Правый скафоид	NEEDS_EXTERNAL_REVIEW		lost_information: English semantic markers require manual terminology verification	FMA; external review needed
FMA24436	left scaphoid	Левый скафоид	NEEDS_EXTERNAL_REVIEW		lost_information: English semantic markers require manual terminology verification	FMA; external review needed
FMA24437	right lunate	Правый лунатэ	NEEDS_EXTERNAL_REVIEW		lost_information: English semantic markers require manual terminology verification	FMA; external review needed
FMA24438	left lunate	Левый лунатэ	NEEDS_EXTERNAL_REVIEW		lost_information: English semantic markers require manual terminology verification	FMA; external review needed
FMA24439	right triquetral	Правый триквэтрал	NEEDS_EXTERNAL_REVIEW		lost_information: English semantic markers require manual terminology verification	FMA; external review needed
FMA24440	left triquetral	Левый триквэтрал	NEEDS_EXTERNAL_REVIEW		lost_information: English semantic markers require manual terminology verification	FMA; external review needed
FMA24441	right pisiform	Правый писиформ	NEEDS_EXTERNAL_REVIEW		lost_information: English semantic markers require manual terminology verification	FMA; external review needed
FMA24442	left pisiform	Левый писиформ	NEEDS_EXTERNAL_REVIEW		lost_information: English semantic markers require manual terminology verification	FMA; external review needed
FMA24443	right trapezium	Правый трапэзиум	NEEDS_EXTERNAL_REVIEW		lost_information: English semantic markers require manual terminology verification	FMA; external review needed
FMA24444	left trapezium	Левый трапэзиум	NEEDS_EXTERNAL_REVIEW		lost_information: English semantic markers require manual terminology verification	FMA; external review needed
FMA24445	left trapezoid	Левый трапэзоид	NEEDS_EXTERNAL_REVIEW		lost_information: English semantic markers require manual terminology verification	FMA; external review needed
FMA24446	right capitate	Правый капитатэ	NEEDS_EXTERNAL_REVIEW		lost_information: English semantic markers require manual terminology verification	FMA; external review needed
FMA24447	left capitate	Левый капитатэ	NEEDS_EXTERNAL_REVIEW		lost_information: English semantic markers require manual terminology verification	FMA; external review needed
FMA24448	right hamate	Правый хаматэ	NEEDS_EXTERNAL_REVIEW		lost_information: English semantic markers require manual terminology verification	FMA; external review needed
FMA24449	left hamate	Левый хаматэ	NEEDS_EXTERNAL_REVIEW		lost_information: English semantic markers require manual terminology verification	FMA; external review needed
FMA24450	proximal phalanx of right thumb	Проксимальная фаланга правый тумб	FIX	Проксимальная фаланга Правая тумб	laterality	FMA; pattern consistency
FMA24451	proximal phalanx of right index finger	Проксимальная фаланга правый указательного палец	FIX	Проксимальная фаланга правого указательного пальца	word_order	FMA; pattern consistency
FMA24452	proximal phalanx of right middle finger	Проксимальная фаланга правый средняя палец	FIX	Проксимальная фаланга правого среднего пальца	word_order	FMA; pattern consistency
FMA24453	proximal phalanx of right ring finger	Проксимальная фаланга правый кольцо палец	FIX	Проксимальная фаланга правого безымянного пальца	word_order; lost_information	FMA; pattern consistency
FMA24454	proximal phalanx of right little finger	Проксимальная фаланга правый мизинца палец	FIX	Проксимальная фаланга правого мизинца	word_order	FMA; pattern consistency
FMA24455	middle phalanx of right index finger	Средняя фаланга правый указательного палец	FIX	Средняя фаланга правого указательного пальца	word_order	FMA; pattern consistency
FMA24456	middle phalanx of right middle finger	Средняя фаланга правый средняя палец	FIX	Средняя фаланга правого среднего пальца	word_order	FMA; pattern consistency
FMA24457	middle phalanx of right ring finger	Средняя фаланга правый кольцо палец	FIX	Средняя фаланга правого безымянного пальца	word_order; lost_information	FMA; pattern consistency
FMA24458	middle phalanx of right little finger	Средняя фаланга правый мизинца палец	FIX	Средняя фаланга правого мизинца	word_order	FMA; pattern consistency
FMA24459	distal phalanx of right thumb	Дистальная фаланга правый тумб	FIX	Дистальная фаланга Правая тумб	laterality	FMA; pattern consistency
FMA24460	distal phalanx of right index finger	Дистальная фаланга правой указательного пальца	NEEDS_EXTERNAL_REVIEW		other: complex multiword anatomical concept requires external terminology review	FMA; external review needed
FMA24461	distal phalanx of right middle finger	Дистальная фаланга правый средняя палец	FIX	Дистальная фаланга правого среднего пальца	word_order	FMA; pattern consistency
FMA24462	distal phalanx of right ring finger	Дистальная фаланга правый кольцо палец	FIX	Дистальная фаланга правого безымянного пальца	word_order; lost_information	FMA; pattern consistency
FMA24463	distal phalanx of right little finger	Дистальная фаланга правой мизинца	OK	Дистальная фаланга правой мизинца	checked: no structural quality flags	FMA; pattern consistency
FMA24464	right first metacarpal bone	Правый первая пястная кость кость	FIX	Правая первая пястная кость кость	laterality; lost_information	FMA; pattern consistency
FMA24465	left first metacarpal bone	Левый первая пястная кость кость	FIX	Левая первая пястная кость кость	laterality; lost_information	FMA; pattern consistency
FMA24466	right second metacarpal bone	Правый вторая пястная кость кость	FIX	Правая вторая пястная кость кость	laterality; lost_information	FMA; pattern consistency
FMA24467	left second metacarpal bone	Левый вторая пястная кость кость	FIX	Левая вторая пястная кость кость	laterality; lost_information	FMA; pattern consistency
FMA24468	right third metacarpal bone	Правый третья пястная кость кость	FIX	Правая третья пястная кость кость	laterality; lost_information	FMA; pattern consistency
FMA24469	left third metacarpal bone	Левый третья пястная кость кость	FIX	Левая третья пястная кость кость	laterality; lost_information	FMA; pattern consistency
FMA24470	right fourth metacarpal bone	Правый четвёртая пястная кость кость	FIX	Правая четвёртая пястная кость кость	laterality; lost_information	FMA; pattern consistency
FMA24471	left fourth metacarpal bone	Левый четвёртая пястная кость кость	FIX	Левая четвёртая пястная кость кость	laterality; lost_information	FMA; pattern consistency
FMA24472	right fifth metacarpal bone	Правый пятая пястная кость кость	FIX	Правая пятая пястная кость кость	laterality; lost_information	FMA; pattern consistency
FMA24473	left fifth metacarpal bone	Левый пятая пястная кость кость	FIX	Левая пятая пястная кость кость	laterality; lost_information	FMA; pattern consistency
FMA24474	right femur	Правый бедренная кость	FIX	Правая бедренная кость	laterality; lost_information	FMA; pattern consistency
FMA24475	left femur	Левый бедренная кость	FIX	Левая бедренная кость	laterality; lost_information	FMA; pattern consistency
FMA24476	tibia	Большеберцовая кость	OK	Большеберцовая кость	checked: no structural quality flags	FMA; pattern consistency
FMA24477	right tibia	Правый большеберцовая кость	FIX	Правая большеберцовая кость	laterality; lost_information	FMA; pattern consistency
FMA24478	left tibia	Левый большеберцовая кость	FIX	Левая большеберцовая кость	laterality; lost_information	FMA; pattern consistency
FMA24479	fibula	Малоберцовая кость	OK	Малоберцовая кость	checked: no structural quality flags	FMA; pattern consistency
FMA24480	right fibula	Правый малоберцовая кость	FIX	Правая малоберцовая кость	laterality; lost_information	FMA; pattern consistency
FMA24481	left fibula	Левый малоберцовая кость	FIX	Левая малоберцовая кость	laterality; lost_information	FMA; pattern consistency
FMA24482	right talus	Правый таранная кость	FIX	Правая таранная кость	laterality; lost_information	FMA; pattern consistency
FMA24483	left talus	Левый таранная кость	FIX	Левая таранная кость	laterality; lost_information	FMA; pattern consistency
FMA24485	patella	Надколенник	OK	Надколенник	checked: no structural quality flags	FMA; pattern consistency
FMA24486	right patella	Правый надколенник	NEEDS_EXTERNAL_REVIEW		lost_information: English semantic markers require manual terminology verification	FMA; external review needed
FMA24487	left patella	Левый надколенник	NEEDS_EXTERNAL_REVIEW		lost_information: English semantic markers require manual terminology verification	FMA; external review needed
FMA24491	tarsal bone	Предплюсневая кость кость	OK	Предплюсневая кость кость	checked: no structural quality flags	FMA; pattern consistency
FMA24492	metatarsal bone	Плюсневая кость кость	OK	Плюсневая кость кость	checked: no structural quality flags	FMA; pattern consistency
FMA24493	phalanx of toe	Фаланга палец стопы	NEEDS_EXTERNAL_REVIEW		lost_information: English semantic markers require manual terminology verification	FMA; external review needed
FMA24496	calcaneus	Пяточная кость	OK	Пяточная кость	checked: no structural quality flags	FMA; pattern consistency
FMA24497	right calcaneus	Правый пяточная кость	FIX	Правая пяточная кость	laterality; lost_information	FMA; pattern consistency
FMA24498	left calcaneus	Левый пяточная кость	FIX	Левая пяточная кость	laterality; lost_information	FMA; pattern consistency
FMA24499	navicular bone of foot	Навикулар кость стопа	OK	Навикулар кость стопа	checked: no structural quality flags	FMA; pattern consistency
FMA24500	navicular bone of right foot	Навикулар кость правый стопа	FIX	Навикулар кость Правая стопа	laterality	FMA; pattern consistency
FMA24501	navicular bone of left foot	Навикулар кость левый стопа	FIX	Навикулар кость Левая стопа	laterality	FMA; pattern consistency
FMA24502	first metatarsal bone	Первая плюсневая кость кость	OK	Первая плюсневая кость кость	checked: no structural quality flags	FMA; pattern consistency
FMA24503	second metatarsal bone	Вторая плюсневая кость кость	OK	Вторая плюсневая кость кость	checked: no structural quality flags	FMA; pattern consistency
FMA24504	third metatarsal bone	Третья плюсневая кость кость	OK	Третья плюсневая кость кость	checked: no structural quality flags	FMA; pattern consistency
FMA24505	fourth metatarsal bone	Четвёртая плюсневая кость кость	OK	Четвёртая плюсневая кость кость	checked: no structural quality flags	FMA; pattern consistency
FMA24506	fifth metatarsal bone	Пятая плюсневая кость кость	OK	Пятая плюсневая кость кость	checked: no structural quality flags	FMA; pattern consistency
FMA24507	right first metatarsal bone	Правый первая плюсневая кость кость	FIX	Правая первая плюсневая кость кость	laterality; lost_information	FMA; pattern consistency
FMA24508	left first metatarsal bone	Левый первая плюсневая кость кость	FIX	Левая первая плюсневая кость кость	laterality; lost_information	FMA; pattern consistency
FMA24509	right second metatarsal bone	Правый вторая плюсневая кость кость	FIX	Правая вторая плюсневая кость кость	laterality; lost_information	FMA; pattern consistency
FMA24510	left second metatarsal bone	Левый вторая плюсневая кость кость	FIX	Левая вторая плюсневая кость кость	laterality; lost_information	FMA; pattern consistency
FMA24511	right third metatarsal bone	Правый третья плюсневая кость кость	FIX	Правая третья плюсневая кость кость	laterality; lost_information	FMA; pattern consistency
FMA24512	left third metatarsal bone	Левый третья плюсневая кость кость	FIX	Левая третья плюсневая кость кость	laterality; lost_information	FMA; pattern consistency
FMA24513	right fourth metatarsal bone	Правый четвёртая плюсневая кость кость	FIX	Правая четвёртая плюсневая кость кость	laterality; lost_information	FMA; pattern consistency
FMA24514	left fourth metatarsal bone	Левый четвёртая плюсневая кость кость	FIX	Левая четвёртая плюсневая кость кость	laterality; lost_information	FMA; pattern consistency
FMA24515	right fifth metatarsal bone	Правый пятая плюсневая кость кость	FIX	Правая пятая плюсневая кость кость	laterality; lost_information	FMA; pattern consistency
FMA24516	left fifth metatarsal bone	Левый пятая плюсневая кость кость	FIX	Левая пятая плюсневая кость кость	laterality; lost_information	FMA; pattern consistency
FMA24517	cuneiform bone	клиновидная кость	OK	клиновидная кость	checked: no structural quality flags	FMA; pattern consistency
FMA24518	medial cuneiform bone	медиальная клиновидная кость	OK	медиальная клиновидная кость	checked: no structural quality flags	FMA; pattern consistency
FMA24519	intermediate cuneiform bone	промежуточная клиновидная кость	OK	промежуточная клиновидная кость	checked: no structural quality flags	FMA; pattern consistency
FMA24520	lateral cuneiform bone	латеральная клиновидная кость	OK	латеральная клиновидная кость	checked: no structural quality flags	FMA; pattern consistency
FMA24521	right medial cuneiform bone	Правая медиальная клиновидная кость	NEEDS_EXTERNAL_REVIEW		lost_information: English semantic markers require manual terminology verification	FMA; external review needed
FMA24522	left medial cuneiform bone	Левая медиальная клиновидная кость	NEEDS_EXTERNAL_REVIEW		lost_information: English semantic markers require manual terminology verification	FMA; external review needed
FMA24523	right intermediate cuneiform bone	Правая промежуточная клиновидная кость	NEEDS_EXTERNAL_REVIEW		lost_information: English semantic markers require manual terminology verification	FMA; external review needed
FMA24524	left intermediate cuneiform bone	Левая промежуточная клиновидная кость	NEEDS_EXTERNAL_REVIEW		lost_information: English semantic markers require manual terminology verification	FMA; external review needed
FMA24525	right lateral cuneiform bone	Правая латеральная клиновидная кость	NEEDS_EXTERNAL_REVIEW		lost_information: English semantic markers require manual terminology verification	FMA; external review needed
FMA24526	left lateral cuneiform bone	Левая латеральная клиновидная кость	NEEDS_EXTERNAL_REVIEW		lost_information: English semantic markers require manual terminology verification	FMA; external review needed
FMA24527	cuboid bone	Кубоид кость	OK	Кубоид кость	checked: no structural quality flags	FMA; pattern consistency
FMA24528	right cuboid bone	Правый кубоид кость	FIX	Правая кубоид кость	laterality; lost_information	FMA; pattern consistency
FMA24529	left cuboid bone	Левый кубоид кость	FIX	Левая кубоид кость	laterality; lost_information	FMA; pattern consistency
FMA24551	trunk of intrapulmonary vein	Туловище интрапулмонарй вена	OK	Туловище интрапулмонарй вена	checked: no structural quality flags	FMA; pattern consistency
FMA25058	intervertebral disk of axis	Межпозвоночное диск атлантоаксиальное	OK	Межпозвоночное диск атлантоаксиальное	checked: no structural quality flags	FMA; pattern consistency
FMA25624	skeletal ligament	Скелетный связка	OK	Скелетный связка	checked: no structural quality flags	FMA; pattern consistency
FMA25625	nonskeletal ligament	Нонскэлэтал связка	OK	Нонскэлэтал связка	checked: no structural quality flags	FMA; pattern consistency
FMA30313	arterial trunk	Артериальный ствол	OK	Артериальный ствол	checked: no structural quality flags	FMA; pattern consistency
FMA30314	venous trunk	Венозная туловище	OK	Венозная туловище	checked: no structural quality flags	FMA; pattern consistency
FMA30320	duct	Проток	OK	Проток	checked: no structural quality flags	FMA; pattern consistency
FMA31739	segment of bronchial tree	Сегмент бронхиальная дерево	NEEDS_EXTERNAL_REVIEW		lost_information: English semantic markers require manual terminology verification	FMA; external review needed
FMA32514	prevertebral muscle	Прэвэртэбрал мышца	OK	Прэвэртэбрал мышца	checked: no structural quality flags	FMA; pattern consistency
FMA32515	postvertebral muscle	Поствэртэбрал мышца	OK	Поствэртэбрал мышца	checked: no structural quality flags	FMA; pattern consistency
FMA32516	extrinsic muscle of shoulder	Экстринсик мышца плечо	OK	Экстринсик мышца плечо	checked: no structural quality flags	FMA; pattern consistency
FMA32518	deep extrinsic muscle of shoulder	Глубокая экстринсик мышца плечо	OK	Глубокая экстринсик мышца плечо	checked: no structural quality flags	FMA; pattern consistency
FMA32519	levator scapulae	Мышца, поднимающая скапулаэ	OK	Мышца, поднимающая скапулаэ	checked: no structural quality flags	FMA; pattern consistency
FMA32520	intrinsic muscle of shoulder	Собственная мышца плеча	OK	Собственная мышца плеча	checked: no structural quality flags	FMA; pattern consistency
FMA32525	rectus capitis posterior major	Прямая мышца головки задняя большая	NEEDS_EXTERNAL_REVIEW		other: complex multiword anatomical concept requires external terminology review	FMA; external review needed
FMA32526	rectus capitis posterior minor	Прямая мышца головки задняя малая	NEEDS_EXTERNAL_REVIEW		other: complex multiword anatomical concept requires external terminology review	FMA; external review needed
FMA32527	obliquus capitis superior	Обликвус головки верхняя	OK	Обликвус головки верхняя	checked: no structural quality flags	FMA; pattern consistency
FMA32528	obliquus capitis inferior	Обликвус головки нижняя	OK	Обликвус головки нижняя	checked: no structural quality flags	FMA; pattern consistency
FMA32529	zone of trapezius	Зона трапециевидная мышца	OK	Зона трапециевидная мышца	checked: no structural quality flags	FMA; pattern consistency
FMA32530	right rectus capitis posterior major	Правый прямая мышца головки задняя большая	FIX	Правая прямая мышца головки задняя большая	laterality; lost_information	FMA; pattern consistency
FMA32531	left rectus capitis posterior major	Левый прямая мышца головки задняя большая	FIX	Левая прямая мышца головки задняя большая	laterality; lost_information	FMA; pattern consistency
FMA32532	right rectus capitis posterior minor	Правый прямая мышца головки задняя малая	FIX	Правая прямая мышца головки задняя малая	laterality; lost_information	FMA; pattern consistency
FMA32533	left rectus capitis posterior minor	Левый прямая мышца головки задняя малая	FIX	Левая прямая мышца головки задняя малая	laterality; lost_information	FMA; pattern consistency
FMA32534	right obliquus capitis superior	Правый обликвус головки верхняя	NEEDS_EXTERNAL_REVIEW		lost_information: English semantic markers require manual terminology verification	FMA; external review needed
FMA32535	left obliquus capitis superior	Левый обликвус головки верхняя	NEEDS_EXTERNAL_REVIEW		lost_information: English semantic markers require manual terminology verification	FMA; external review needed
FMA32536	right obliquus capitis inferior	Правый обликвус головки нижняя	NEEDS_EXTERNAL_REVIEW		lost_information: English semantic markers require manual terminology verification	FMA; external review needed
FMA32537	left obliquus capitis inferior	Левый обликвус головки нижняя	NEEDS_EXTERNAL_REVIEW		lost_information: English semantic markers require manual terminology verification	FMA; external review needed
FMA32540	right levator scapulae	Правый мышца, поднимающая скапулаэ	NEEDS_EXTERNAL_REVIEW		lost_information: English semantic markers require manual terminology verification	FMA; external review needed
FMA32541	left levator scapulae	Левый мышца, поднимающая скапулаэ	NEEDS_EXTERNAL_REVIEW		lost_information: English semantic markers require manual terminology verification	FMA; external review needed
FMA32544	right supraspinatus	Правый надостная	NEEDS_EXTERNAL_REVIEW		lost_information: English semantic markers require manual terminology verification	FMA; external review needed
FMA32545	left supraspinatus	Левый надостная	NEEDS_EXTERNAL_REVIEW		lost_information: English semantic markers require manual terminology verification	FMA; external review needed
FMA32546	infraspinatus	Инфраспинатус	OK	Инфраспинатус	checked: no structural quality flags	FMA; pattern consistency
FMA32547	right infraspinatus muscle	Правый инфраспинатус мышца	FIX	Правая инфраспинатус мышца	laterality; lost_information	FMA; pattern consistency
FMA32548	left infraspinatus muscle	Левый инфраспинатус мышца	FIX	Левая инфраспинатус мышца	laterality; lost_information	FMA; pattern consistency
FMA32549	teres major	Большая круглая мышца	OK	Большая круглая мышца	checked: no structural quality flags	FMA; pattern consistency
FMA32550	teres minor	Малая круглая мышца	OK	Малая круглая мышца	checked: no structural quality flags	FMA; pattern consistency
FMA32551	right teres major	Правая большая круглая мышца	NEEDS_EXTERNAL_REVIEW		lost_information: English semantic markers require manual terminology verification	FMA; external review needed
FMA32552	left teres major	Левая большая круглая мышца	NEEDS_EXTERNAL_REVIEW		lost_information: English semantic markers require manual terminology verification	FMA; external review needed
FMA32553	right teres minor	Правая малая круглая мышца	NEEDS_EXTERNAL_REVIEW		lost_information: English semantic markers require manual terminology verification	FMA; external review needed
FMA32554	left teres minor	Левая малая круглая мышца	NEEDS_EXTERNAL_REVIEW		lost_information: English semantic markers require manual terminology verification	FMA; external review needed
FMA32555	ascending part of trapezius	Восходящая часть трапециевидной мышцы	OK	Восходящая часть трапециевидной мышцы	checked: no structural quality flags	FMA; pattern consistency
FMA32556	transverse part of trapezius	Поперечная часть трапециевидная мышца	OK	Поперечная часть трапециевидная мышца	checked: no structural quality flags	FMA; pattern consistency
FMA32557	descending part of trapezius	Нисходящая часть трапециевидная мышца	OK	Нисходящая часть трапециевидная мышца	checked: no structural quality flags	FMA; pattern consistency
FMA32558	musculature	Мускулатура	OK	Мускулатура	checked: no structural quality flags	FMA; pattern consistency
FMA32559	superficial postvertebral muscle	Поверхностная поствэртэбрал мышца	OK	Поверхностная поствэртэбрал мышца	checked: no structural quality flags	FMA; pattern consistency
FMA32560	intermediate postvertebral muscle	Промежуточная поствэртэбрал мышца	OK	Промежуточная поствэртэбрал мышца	checked: no structural quality flags	FMA; pattern consistency
FMA32561	deep postvertebral muscle	Глубокая поствэртэбрал мышца	OK	Глубокая поствэртэбрал мышца	checked: no structural quality flags	FMA; pattern consistency
FMA32582	posterior suboccipital muscle	Задняя субоккипитал мышца	OK	Задняя субоккипитал мышца	checked: no structural quality flags	FMA; pattern consistency
FMA32618	proximal phalanx of second toe	Проксимальная фаланга вторая палец стопы	NEEDS_EXTERNAL_REVIEW		lost_information: English semantic markers require manual terminology verification	FMA; external review needed
FMA32619	proximal phalanx of third toe	Проксимальная фаланга третья палец стопы	NEEDS_EXTERNAL_REVIEW		lost_information: English semantic markers require manual terminology verification	FMA; external review needed
FMA32620	proximal phalanx of fourth toe	Проксимальная фаланга четвёртая палец стопы	NEEDS_EXTERNAL_REVIEW		lost_information: English semantic markers require manual terminology verification	FMA; external review needed
FMA32621	proximal phalanx of little toe	Проксимальная фаланга мизинца палец стопы	FIX	Проксимальная фаланга мизинца стопы	word_order	FMA; pattern consistency
FMA32623	middle phalanx of second toe	Средняя фаланга вторая палец стопы	NEEDS_EXTERNAL_REVIEW		lost_information: English semantic markers require manual terminology verification	FMA; external review needed
FMA32624	middle phalanx of third toe	Средняя фаланга третья палец стопы	NEEDS_EXTERNAL_REVIEW		lost_information: English semantic markers require manual terminology verification	FMA; external review needed
FMA32625	middle phalanx of fourth toe	Средняя фаланга четвёртая палец стопы	NEEDS_EXTERNAL_REVIEW		lost_information: English semantic markers require manual terminology verification	FMA; external review needed
FMA32627	distal phalanx of big toe	Дистальная фаланга биг палец стопы	NEEDS_EXTERNAL_REVIEW		lost_information: English semantic markers require manual terminology verification	FMA; external review needed
FMA32628	distal phalanx of second toe	Дистальная фаланга вторая палец стопы	NEEDS_EXTERNAL_REVIEW		lost_information: English semantic markers require manual terminology verification	FMA; external review needed
FMA32629	distal phalanx of third toe	Дистальная фаланга третья палец стопы	NEEDS_EXTERNAL_REVIEW		lost_information: English semantic markers require manual terminology verification	FMA; external review needed
FMA32630	distal phalanx of fourth toe	Дистальная фаланга четвёртая палец стопы	NEEDS_EXTERNAL_REVIEW		lost_information: English semantic markers require manual terminology verification	FMA; external review needed
FMA32631	distal phalanx of little toe	Дистальная фаланга мизинца стопы	OK	Дистальная фаланга мизинца стопы	checked: no structural quality flags	FMA; pattern consistency
FMA32634	proximal phalanx of right second toe	Проксимальная фаланга правый вторая палец стопы	NEEDS_EXTERNAL_REVIEW		lost_information: English semantic markers require manual terminology verification	FMA; external review needed
FMA32635	proximal phalanx of left second toe	Проксимальная фаланга левый вторая палец стопы	NEEDS_EXTERNAL_REVIEW		lost_information: English semantic markers require manual terminology verification	FMA; external review needed
FMA32636	proximal phalanx of right third toe	Проксимальная фаланга правый третья палец стопы	NEEDS_EXTERNAL_REVIEW		lost_information: English semantic markers require manual terminology verification	FMA; external review needed
FMA32637	proximal phalanx of left third toe	Проксимальная фаланга левый третья палец стопы	NEEDS_EXTERNAL_REVIEW		lost_information: English semantic markers require manual terminology verification	FMA; external review needed
FMA32638	proximal phalanx of right fourth toe	Проксимальная фаланга правый четвёртая палец стопы	NEEDS_EXTERNAL_REVIEW		lost_information: English semantic markers require manual terminology verification	FMA; external review needed
FMA32639	proximal phalanx of left fourth toe	Проксимальная фаланга левый четвёртая палец стопы	NEEDS_EXTERNAL_REVIEW		lost_information: English semantic markers require manual terminology verification	FMA; external review needed
FMA32640	proximal phalanx of right little toe	Проксимальная фаланга правый мизинца палец стопы	FIX	Проксимальная фаланга правого мизинца стопы	word_order	FMA; pattern consistency
FMA32641	proximal phalanx of left little toe	Проксимальная фаланга левый мизинца палец стопы	FIX	Проксимальная фаланга левого мизинца стопы	word_order	FMA; pattern consistency
FMA32642	middle phalanx of right second toe	Средняя фаланга правый вторая палец стопы	NEEDS_EXTERNAL_REVIEW		lost_information: English semantic markers require manual terminology verification	FMA; external review needed
FMA32643	middle phalanx of left second toe	Средняя фаланга левый вторая палец стопы	NEEDS_EXTERNAL_REVIEW		lost_information: English semantic markers require manual terminology verification	FMA; external review needed
FMA32644	middle phalanx of right third toe	Средняя фаланга правый третья палец стопы	NEEDS_EXTERNAL_REVIEW		lost_information: English semantic markers require manual terminology verification	FMA; external review needed
FMA32645	middle phalanx of left third toe	Средняя фаланга левый третья палец стопы	NEEDS_EXTERNAL_REVIEW		lost_information: English semantic markers require manual terminology verification	FMA; external review needed
FMA32646	middle phalanx of right fourth toe	Средняя фаланга правый четвёртая палец стопы	NEEDS_EXTERNAL_REVIEW		lost_information: English semantic markers require manual terminology verification	FMA; external review needed
FMA32647	middle phalanx of left fourth toe	Средняя фаланга левый четвёртая палец стопы	NEEDS_EXTERNAL_REVIEW		lost_information: English semantic markers require manual terminology verification	FMA; external review needed
FMA32650	distal phalanx of right big toe	Дистальная фаланга правый биг палец стопы	NEEDS_EXTERNAL_REVIEW		lost_information: English semantic markers require manual terminology verification	FMA; external review needed
FMA32651	distal phalanx of left big toe	Дистальная фаланга левый биг палец стопы	NEEDS_EXTERNAL_REVIEW		lost_information: English semantic markers require manual terminology verification	FMA; external review needed
FMA32652	distal phalanx of right second toe	Дистальная фаланга правый вторая палец стопы	NEEDS_EXTERNAL_REVIEW		lost_information: English semantic markers require manual terminology verification	FMA; external review needed
FMA32653	distal phalanx of left second toe	Дистальная фаланга левый вторая палец стопы	NEEDS_EXTERNAL_REVIEW		lost_information: English semantic markers require manual terminology verification	FMA; external review needed
FMA32654	distal phalanx of right third toe	Дистальная фаланга правый третья палец стопы	NEEDS_EXTERNAL_REVIEW		lost_information: English semantic markers require manual terminology verification	FMA; external review needed
FMA32655	distal phalanx of left third toe	Дистальная фаланга левый третья палец стопы	NEEDS_EXTERNAL_REVIEW		lost_information: English semantic markers require manual terminology verification	FMA; external review needed
FMA32656	distal phalanx of right fourth toe	Дистальная фаланга правый четвёртая палец стопы	NEEDS_EXTERNAL_REVIEW		lost_information: English semantic markers require manual terminology verification	FMA; external review needed
FMA32657	distal phalanx of left fourth toe	Дистальная фаланга левый четвёртая палец стопы	NEEDS_EXTERNAL_REVIEW		lost_information: English semantic markers require manual terminology verification	FMA; external review needed
FMA32658	distal phalanx of right little toe	Дистальная фаланга правой мизинца стопы	NEEDS_EXTERNAL_REVIEW		other: complex multiword anatomical concept requires external terminology review	FMA; external review needed
FMA32659	distal phalanx of left little toe	Дистальная фаланга левой мизинца стопы	NEEDS_EXTERNAL_REVIEW		other: complex multiword anatomical concept requires external terminology review	FMA; external review needed
FMA32672	sesamoid bone	Сэсамоид кость	OK	Сэсамоид кость	checked: no structural quality flags	FMA; pattern consistency
FMA32884	phalanx of big toe	Фаланга биг палец стопы	NEEDS_EXTERNAL_REVIEW		lost_information: English semantic markers require manual terminology verification	FMA; external review needed
FMA32899	phalanx of second toe	Фаланга вторая палец стопы	NEEDS_EXTERNAL_REVIEW		lost_information: English semantic markers require manual terminology verification	FMA; external review needed
FMA32900	phalanx of third toe	Фаланга третья палец стопы	NEEDS_EXTERNAL_REVIEW		lost_information: English semantic markers require manual terminology verification	FMA; external review needed
FMA32901	phalanx of fourth toe	Фаланга четвёртая палец стопы	NEEDS_EXTERNAL_REVIEW		lost_information: English semantic markers require manual terminology verification	FMA; external review needed
FMA32902	phalanx of little toe	Дистальная фаланга мизинца стопы	OK	Дистальная фаланга мизинца стопы	checked: no structural quality flags	FMA; pattern consistency
FMA33302	proximal carpal bone	Проксимальная запястная кость кость	OK	Проксимальная запястная кость кость	checked: no structural quality flags	FMA; pattern consistency
FMA33303	distal carpal bone	Дистальная запястная кость кость	OK	Дистальная запястная кость кость	checked: no structural quality flags	FMA; pattern consistency
FMA33531	muscle of shoulder	Мышца плечо	NEEDS_EXTERNAL_REVIEW		lost_information: English semantic markers require manual terminology verification	FMA; external review needed
FMA33581	ascending part of right trapezius	Восходящая часть правой трапециевидной мышцы	NEEDS_EXTERNAL_REVIEW		other: complex multiword anatomical concept requires external terminology review	FMA; external review needed
FMA33583	ascending part of left trapezius	Восходящая часть левой трапециевидной мышцы	NEEDS_EXTERNAL_REVIEW		other: complex multiword anatomical concept requires external terminology review	FMA; external review needed
FMA33584	transverse part of right trapezius	Поперечная часть правый трапециевидная мышца	FIX	Поперечная часть Правая трапециевидная мышца	laterality	FMA; pattern consistency
FMA33585	transverse part of left trapezius	Поперечная часть левый трапециевидная мышца	FIX	Поперечная часть Левая трапециевидная мышца	laterality	FMA; pattern consistency
FMA33586	descending part of right trapezius	Нисходящая часть правый трапециевидная мышца	FIX	Нисходящая часть Правая трапециевидная мышца	laterality	FMA; pattern consistency
FMA33587	descending part of left trapezius	Нисходящая часть левый трапециевидная мышца	FIX	Нисходящая часть Левая трапециевидная мышца	laterality	FMA; pattern consistency
FMA34676	zone of deltoid	Зона дельтовидная мышца	OK	Зона дельтовидная мышца	checked: no structural quality flags	FMA; pattern consistency
FMA34677	clavicular part of deltoid	Клавикулар часть дельтовидная мышца	OK	Клавикулар часть дельтовидная мышца	checked: no structural quality flags	FMA; pattern consistency
FMA34678	acromial part of deltoid	Акромиальная часть дельтовидной мышцы	OK	Акромиальная часть дельтовидной мышцы	checked: no structural quality flags	FMA; pattern consistency
FMA34679	spinal part of deltoid	Спинномозговая часть дельтовидная мышца	OK	Спинномозговая часть дельтовидная мышца	checked: no structural quality flags	FMA; pattern consistency
FMA34680	clavicular part of right deltoid	Клавикулар часть правый дельтовидная мышца	FIX	Клавикулар часть Правая дельтовидная мышца	laterality	FMA; pattern consistency
FMA34681	clavicular part of left deltoid	Клавикулар часть левый дельтовидная мышца	FIX	Клавикулар часть Левая дельтовидная мышца	laterality	FMA; pattern consistency
FMA34682	acromial part of right deltoid	Акромиальная часть правой дельтовидной мышцы	NEEDS_EXTERNAL_REVIEW		other: complex multiword anatomical concept requires external terminology review	FMA; external review needed
FMA34683	acromial part of left deltoid	Акромиальная часть левой дельтовидной мышцы	NEEDS_EXTERNAL_REVIEW		other: complex multiword anatomical concept requires external terminology review	FMA; external review needed
FMA34684	spinal part of right deltoid	Спинномозговая часть правый дельтовидная мышца	FIX	Спинномозговая часть Правая дельтовидная мышца	laterality	FMA; pattern consistency
FMA34685	spinal part of left deltoid	Спинномозговая часть левый дельтовидная мышца	FIX	Спинномозговая часть Левая дельтовидная мышца	laterality	FMA; pattern consistency
FMA34686	zone of pectoralis major	Зона грудная мышца большая	OK	Зона грудная мышца большая	checked: no structural quality flags	FMA; pattern consistency
FMA34687	clavicular part of pectoralis major	Клавикулар часть грудная мышца большая	NEEDS_EXTERNAL_REVIEW		other: complex multiword anatomical concept requires external terminology review	FMA; external review needed
FMA34690	clavicular part of right pectoralis major	Клавикулар часть правый грудная мышца большая	FIX	Клавикулар часть Правая грудная мышца большая	laterality	FMA; pattern consistency
FMA34691	clavicular part of left pectoralis major	Клавикулар часть левый грудная мышца большая	FIX	Клавикулар часть Левая грудная мышца большая	laterality	FMA; pattern consistency
FMA34696	sternocostal part of pectoralis major	Стэрнокостал часть грудная мышца большая	NEEDS_EXTERNAL_REVIEW		other: complex multiword anatomical concept requires external terminology review	FMA; external review needed
FMA34699	abdominal part of pectoralis major	Брюшная часть большой грудной мышцы	NEEDS_EXTERNAL_REVIEW		other: complex multiword anatomical concept requires external terminology review	FMA; external review needed
FMA35187	interosseous membrane of leg	Межкостная оболочка голень	OK	Межкостная оболочка голень	checked: no structural quality flags	FMA; pattern consistency
FMA35192	interosseous membrane of right leg	Межкостная оболочка правый голень	OK	Межкостная оболочка правый голень	checked: no structural quality flags	FMA; pattern consistency
FMA35193	interosseous membrane of left leg	Межкостная оболочка левый голень	OK	Межкостная оболочка левый голень	checked: no structural quality flags	FMA; pattern consistency
FMA35477	phalanx of thumb	Фаланга тумб	OK	Фаланга тумб	checked: no structural quality flags	FMA; pattern consistency
FMA35480	phalanx of index finger	Дистальная фаланга указательного пальца	OK	Дистальная фаланга указательного пальца	checked: no structural quality flags	FMA; pattern consistency
FMA35483	phalanx of middle finger	Фаланга средняя палец	FIX	Фаланга среднего пальца	word_order	FMA; pattern consistency
FMA35486	phalanx of ring finger	Фаланга кольцо палец	FIX	Фаланга безымянного пальца	word_order; lost_information	FMA; pattern consistency
FMA35489	phalanx of little finger	Дистальная фаланга мизинца	OK	Дистальная фаланга мизинца	checked: no structural quality flags	FMA; pattern consistency
FMA37347	muscle of pectoral girdle	Мышца плечевой пояс	NEEDS_EXTERNAL_REVIEW		lost_information: English semantic markers require manual terminology verification	FMA; external review needed
FMA37348	muscle of free upper limb	Мышца свободная верхняя конечность	NEEDS_EXTERNAL_REVIEW		lost_information: English semantic markers require manual terminology verification	FMA; external review needed
FMA37349	pectoral muscle	Плечевой мышца	OK	Плечевой мышца	checked: no structural quality flags	FMA; pattern consistency
FMA37367	muscle of pelvic girdle	Мышца пэлвик пояс	NEEDS_EXTERNAL_REVIEW		lost_information: English semantic markers require manual terminology verification	FMA; external review needed
FMA37368	muscle of free lower limb	Мышца свободная нижняя конечность	NEEDS_EXTERNAL_REVIEW		lost_information: English semantic markers require manual terminology verification	FMA; external review needed
FMA37369	muscle of foot	Мышца стопа	NEEDS_EXTERNAL_REVIEW		lost_information: English semantic markers require manual terminology verification	FMA; external review needed
FMA37370	muscle of arm	Мышца плечо	NEEDS_EXTERNAL_REVIEW		lost_information: English semantic markers require manual terminology verification	FMA; external review needed
FMA37371	muscle of forearm	Мышца предплечье	NEEDS_EXTERNAL_REVIEW		lost_information: English semantic markers require manual terminology verification	FMA; external review needed
FMA37372	muscle of hand	Мышца кисть	NEEDS_EXTERNAL_REVIEW		lost_information: English semantic markers require manual terminology verification	FMA; external review needed
FMA37373	abductor pollicis brevis	Короткая мышца, отводящая большой палец кисти	NEEDS_EXTERNAL_REVIEW		other: complex multiword anatomical concept requires external terminology review	FMA; external review needed
FMA37378	flexor pollicis brevis	Сгибатель большого пальца кисти короткая	NEEDS_EXTERNAL_REVIEW		other: complex multiword anatomical concept requires external terminology review	FMA; external review needed
FMA37379	opponens pollicis	Мышца, противопоставляющая большой палец	OK	Мышца, противопоставляющая большой палец	checked: no structural quality flags	FMA; pattern consistency
FMA37382	abductor digiti minimi of hand	Мышца, отводящая мизинец кисти	OK	Мышца, отводящая мизинец кисти	checked: no structural quality flags	FMA; pattern consistency
FMA37383	flexor digiti minimi brevis of hand	Сгибатель пальца мизинца короткая кисть	NEEDS_EXTERNAL_REVIEW		other: complex multiword anatomical concept requires external terminology review	FMA; external review needed
FMA37384	opponens digiti minimi of hand	Мышца, противопоставляющая мизинец кисти	OK	Мышца, противопоставляющая мизинец кисти	checked: no structural quality flags	FMA; pattern consistency
FMA37386	right abductor pollicis brevis	Правый отводящая мышца большого пальца кисти короткая	FIX	Правая отводящая мышца большого пальца кисти короткая	laterality; lost_information	FMA; pattern consistency
FMA37387	left abductor pollicis brevis	Левый отводящая мышца большого пальца кисти короткая	FIX	Левая отводящая мышца большого пальца кисти короткая	laterality; lost_information	FMA; pattern consistency
FMA37388	right flexor pollicis brevis	Правый сгибатель большого пальца кисти короткая	NEEDS_EXTERNAL_REVIEW		lost_information: English semantic markers require manual terminology verification	FMA; external review needed
FMA37389	left flexor pollicis brevis	Левый сгибатель большого пальца кисти короткая	NEEDS_EXTERNAL_REVIEW		lost_information: English semantic markers require manual terminology verification	FMA; external review needed
FMA37390	right opponens pollicis	Правая мышца, противопоставляющая большой палец	FIX	Правый мышца, противопоставляющая большой палец	laterality; lost_information	FMA; pattern consistency
FMA37391	left opponens pollicis	Левая мышца, противопоставляющая большой палец	FIX	Левый мышца, противопоставляющая большой палец	laterality; lost_information	FMA; pattern consistency
FMA37396	abductor digiti minimi of right hand	Правая мышца, отводящая мизинец кисти	NEEDS_EXTERNAL_REVIEW		lost_information: English semantic markers require manual terminology verification	FMA; external review needed
FMA37397	abductor digiti minimi of left hand	Левая мышца, отводящая мизинец кисти	NEEDS_EXTERNAL_REVIEW		lost_information: English semantic markers require manual terminology verification	FMA; external review needed
FMA37398	flexor digiti minimi brevis of right hand	Сгибатель пальца мизинца короткая правый кисть	NEEDS_EXTERNAL_REVIEW		other: complex multiword anatomical concept requires external terminology review	FMA; external review needed
FMA37399	flexor digiti minimi brevis of left hand	Сгибатель пальца мизинца короткая левый кисть	NEEDS_EXTERNAL_REVIEW		other: complex multiword anatomical concept requires external terminology review	FMA; external review needed
FMA37400	opponens digiti minimi of right hand	Правая мышца, противопоставляющая мизинец кисти	NEEDS_EXTERNAL_REVIEW		lost_information: English semantic markers require manual terminology verification	FMA; external review needed
FMA37401	opponens digiti minimi of left hand	Левая мышца, противопоставляющая мизинец кисти	NEEDS_EXTERNAL_REVIEW		lost_information: English semantic markers require manual terminology verification	FMA; external review needed
FMA37448	abductor hallucis	Мышца, отводящая большой палец стопы	NEEDS_EXTERNAL_REVIEW		other: complex multiword anatomical concept requires external terminology review	FMA; external review needed
FMA37450	flexor digitorum brevis	Сгибатель пальцев короткая	OK	Сгибатель пальцев короткая	checked: no structural quality flags	FMA; pattern consistency
FMA37451	abductor digiti minimi of foot	Мышца, отводящая мизинец стопы	OK	Мышца, отводящая мизинец стопы	checked: no structural quality flags	FMA; pattern consistency
FMA37452	flexor accessorius	Сгибатель аккэссориус	OK	Сгибатель аккэссориус	checked: no structural quality flags	FMA; pattern consistency
FMA37453	lumbrical of foot	Червеобразная стопа	OK	Червеобразная стопа	checked: no structural quality flags	FMA; pattern consistency
FMA37455	flexor digiti minimi brevis of foot	Сгибатель пальца мизинца короткая стопа	NEEDS_EXTERNAL_REVIEW		other: complex multiword anatomical concept requires external terminology review	FMA; external review needed
FMA37456	interosseous of foot	Межкостная стопа	OK	Межкостная стопа	checked: no structural quality flags	FMA; pattern consistency
FMA37458	plantar interosseous of foot	Подошвенная межкостная стопа	OK	Подошвенная межкостная стопа	checked: no structural quality flags	FMA; pattern consistency
FMA37459	right abductor hallucis	Правый отводящая мышца большого пальца стопы	FIX	Правая отводящая мышца большого пальца стопы	laterality; lost_information	FMA; pattern consistency
FMA37460	left abductor hallucis	Левый отводящая мышца большого пальца стопы	FIX	Левая отводящая мышца большого пальца стопы	laterality; lost_information	FMA; pattern consistency
FMA37461	right flexor digitorum brevis	Правый сгибатель пальцев короткая	NEEDS_EXTERNAL_REVIEW		lost_information: English semantic markers require manual terminology verification	FMA; external review needed
FMA37462	left flexor digitorum brevis	Левый сгибатель пальцев короткая	NEEDS_EXTERNAL_REVIEW		lost_information: English semantic markers require manual terminology verification	FMA; external review needed
FMA37463	abductor digiti minimi of right foot	Правая мышца, отводящая мизинец стопы	NEEDS_EXTERNAL_REVIEW		lost_information: English semantic markers require manual terminology verification	FMA; external review needed
FMA37464	abductor digiti minimi of left foot	Левая мышца, отводящая мизинец стопы	NEEDS_EXTERNAL_REVIEW		lost_information: English semantic markers require manual terminology verification	FMA; external review needed
FMA37465	right flexor accessorius	Правый сгибатель аккэссориус	NEEDS_EXTERNAL_REVIEW		lost_information: English semantic markers require manual terminology verification	FMA; external review needed
FMA37466	left flexor accessorius	Левый сгибатель аккэссориус	NEEDS_EXTERNAL_REVIEW		lost_information: English semantic markers require manual terminology verification	FMA; external review needed
FMA37471	flexor digiti minimi brevis of right foot	Сгибатель пальца мизинца короткая правый стопа	NEEDS_EXTERNAL_REVIEW		other: complex multiword anatomical concept requires external terminology review	FMA; external review needed
FMA37472	flexor digiti minimi brevis of left foot	Сгибатель пальца мизинца короткая левый стопа	NEEDS_EXTERNAL_REVIEW		other: complex multiword anatomical concept requires external terminology review	FMA; external review needed
FMA37479	first lumbrical of foot	Первая червеобразная стопа	OK	Первая червеобразная стопа	checked: no structural quality flags	FMA; pattern consistency
FMA37480	second lumbrical of foot	Вторая червеобразная стопа	OK	Вторая червеобразная стопа	checked: no structural quality flags	FMA; pattern consistency
FMA37481	third lumbrical of foot	Третья червеобразная стопа	OK	Третья червеобразная стопа	checked: no structural quality flags	FMA; pattern consistency
FMA37482	fourth lumbrical of foot	Четвёртая червеобразная стопа	OK	Четвёртая червеобразная стопа	checked: no structural quality flags	FMA; pattern consistency
FMA37483	fourth lumbrical of right foot	Четвёртая червеобразная правый стопа	OK	Четвёртая червеобразная правый стопа	checked: no structural quality flags	FMA; pattern consistency
FMA37484	fourth lumbrical of left foot	Четвёртая червеобразная левый стопа	OK	Четвёртая червеобразная левый стопа	checked: no structural quality flags	FMA; pattern consistency
FMA37485	third lumbrical of right foot	Третья червеобразная правый стопа	OK	Третья червеобразная правый стопа	checked: no structural quality flags	FMA; pattern consistency
FMA37486	third lumbrical of left foot	Третья червеобразная левый стопа	OK	Третья червеобразная левый стопа	checked: no structural quality flags	FMA; pattern consistency
FMA37664	coracobrachialis	Коракобрачиалис	OK	Коракобрачиалис	checked: no structural quality flags	FMA; pattern consistency
FMA37665	right coracobrachialis	Правый коракобрачиалис	NEEDS_EXTERNAL_REVIEW		lost_information: English semantic markers require manual terminology verification	FMA; external review needed
FMA37666	left coracobrachialis	Левый коракобрачиалис	NEEDS_EXTERNAL_REVIEW		lost_information: English semantic markers require manual terminology verification	FMA; external review needed
FMA37667	brachialis	Плечевая мышца	OK	Плечевая мышца	checked: no structural quality flags	FMA; pattern consistency
FMA37668	right brachialis	Правый брачиалис	NEEDS_EXTERNAL_REVIEW		lost_information: English semantic markers require manual terminology verification	FMA; external review needed
FMA37669	left brachialis	Левый брачиалис	NEEDS_EXTERNAL_REVIEW		lost_information: English semantic markers require manual terminology verification	FMA; external review needed
FMA37682	short head of biceps brachii	Короткая головка двуглавая мышца плеча	NEEDS_EXTERNAL_REVIEW		other: complex multiword anatomical concept requires external terminology review	FMA; external review needed
FMA37683	long head of biceps brachii	Длинная головка двуглавая мышца плеча	NEEDS_EXTERNAL_REVIEW		other: complex multiword anatomical concept requires external terminology review	FMA; external review needed
FMA37684	short head of right biceps brachii	Короткая головка правый двуглавая мышца плеча	FIX	Короткая головка Правая двуглавая мышца плеча	laterality	FMA; pattern consistency
FMA37685	short head of left biceps brachii	Короткая головка левый двуглавая мышца плеча	FIX	Короткая головка Левая двуглавая мышца плеча	laterality	FMA; pattern consistency
FMA37686	long head of right biceps brachii	Длинная головка правый двуглавая мышца плеча	FIX	Длинная головка Правая двуглавая мышца плеча	laterality	FMA; pattern consistency
FMA37687	long head of left biceps brachii	Длинная головка левый двуглавая мышца плеча	FIX	Длинная головка Левая двуглавая мышца плеча	laterality	FMA; pattern consistency
FMA37692	long head of triceps brachii	Длинная головка трёхглавая мышца плеча	NEEDS_EXTERNAL_REVIEW		other: complex multiword anatomical concept requires external terminology review	FMA; external review needed
FMA37693	medial head of triceps brachii	Медиальная головка трёхглавая мышца плеча	NEEDS_EXTERNAL_REVIEW		other: complex multiword anatomical concept requires external terminology review	FMA; external review needed
FMA37694	lateral head of triceps brachii	Латеральная головка трёхглавая мышца плеча	NEEDS_EXTERNAL_REVIEW		other: complex multiword anatomical concept requires external terminology review	FMA; external review needed
FMA37695	medial head of right triceps brachii	Медиальная головка правый трёхглавая мышца плеча	FIX	Медиальная головка Правая трёхглавая мышца плеча	laterality	FMA; pattern consistency
FMA37696	medial head of left triceps brachii	Медиальная головка левый трёхглавая мышца плеча	FIX	Медиальная головка Левая трёхглавая мышца плеча	laterality	FMA; pattern consistency
FMA37697	lateral head of right triceps brachii	Латеральная головка правый трёхглавая мышца плеча	FIX	Латеральная головка Правая трёхглавая мышца плеча	laterality	FMA; pattern consistency
FMA37698	lateral head of left triceps brachii	Латеральная головка левый трёхглавая мышца плеча	FIX	Латеральная головка Левая трёхглавая мышца плеча	laterality	FMA; pattern consistency
FMA37699	long head of right triceps brachii	Длинная головка правый трёхглавая мышца плеча	FIX	Длинная головка Правая трёхглавая мышца плеча	laterality	FMA; pattern consistency
FMA37700	long head of left triceps brachii	Длинная головка левый трёхглавая мышца плеча	FIX	Длинная головка Левая трёхглавая мышца плеча	laterality	FMA; pattern consistency
FMA37704	anconeus	Локтевая мышца	OK	Локтевая мышца	checked: no structural quality flags	FMA; pattern consistency
FMA37705	right anconeus	Правый анконэус	NEEDS_EXTERNAL_REVIEW		lost_information: English semantic markers require manual terminology verification	FMA; external review needed
FMA37706	left anconeus	Левый анконэус	NEEDS_EXTERNAL_REVIEW		lost_information: English semantic markers require manual terminology verification	FMA; external review needed
FMA37711	muscle of anterior compartment of arm	Мышца передняя компартмент плечо	NEEDS_EXTERNAL_REVIEW		lost_information: English semantic markers require manual terminology verification	FMA; external review needed
FMA37712	muscle of posterior compartment of arm	Мышца задняя компартмент плечо	NEEDS_EXTERNAL_REVIEW		lost_information: English semantic markers require manual terminology verification	FMA; external review needed
FMA37717	first lumbrical of right foot	Первая червеобразная правый стопа	OK	Первая червеобразная правый стопа	checked: no structural quality flags	FMA; pattern consistency
FMA37718	first lumbrical of left foot	Первая червеобразная левый стопа	OK	Первая червеобразная левый стопа	checked: no structural quality flags	FMA; pattern consistency
FMA37719	second lumbrical of right foot	Вторая червеобразная правый стопа	OK	Вторая червеобразная правый стопа	checked: no structural quality flags	FMA; pattern consistency
FMA37720	second lumbrical of left foot	Вторая червеобразная левый стопа	OK	Вторая червеобразная левый стопа	checked: no structural quality flags	FMA; pattern consistency
FMA37738	first plantar interosseous of foot	Первая подошвенная межкостная стопа	OK	Первая подошвенная межкостная стопа	checked: no structural quality flags	FMA; pattern consistency
FMA37739	second plantar interosseous of foot	Вторая подошвенная межкостная стопа	OK	Вторая подошвенная межкостная стопа	checked: no structural quality flags	FMA; pattern consistency
FMA37740	third plantar interosseous of foot	Третья подошвенная межкостная стопа	OK	Третья подошвенная межкостная стопа	checked: no structural quality flags	FMA; pattern consistency
FMA37741	third plantar interosseous of right foot	Третья подошвенная межкостная правый стопа	NEEDS_EXTERNAL_REVIEW		other: complex multiword anatomical concept requires external terminology review	FMA; external review needed
FMA37742	third plantar interosseous of left foot	Третья подошвенная межкостная левый стопа	NEEDS_EXTERNAL_REVIEW		other: complex multiword anatomical concept requires external terminology review	FMA; external review needed
FMA37743	second plantar interosseous of right foot	Вторая подошвенная межкостная правый стопа	NEEDS_EXTERNAL_REVIEW		other: complex multiword anatomical concept requires external terminology review	FMA; external review needed
FMA37744	second plantar interosseous of left foot	Вторая подошвенная межкостная левый стопа	NEEDS_EXTERNAL_REVIEW		other: complex multiword anatomical concept requires external terminology review	FMA; external review needed
FMA37745	first plantar interosseous of right foot	Первая подошвенная межкостная правый стопа	NEEDS_EXTERNAL_REVIEW		other: complex multiword anatomical concept requires external terminology review	FMA; external review needed
FMA37746	first plantar interosseous of left foot	Первая подошвенная межкостная левый стопа	NEEDS_EXTERNAL_REVIEW		other: complex multiword anatomical concept requires external terminology review	FMA; external review needed
FMA38453	pronator quadratus	Круглый пронатор квадратус	OK	Круглый пронатор квадратус	checked: no structural quality flags	FMA; pattern consistency
FMA38454	right pronator quadratus	Правый круглый пронатор квадратус	NEEDS_EXTERNAL_REVIEW		lost_information: English semantic markers require manual terminology verification	FMA; external review needed
FMA38455	left pronator quadratus	Левый круглый пронатор квадратус	NEEDS_EXTERNAL_REVIEW		lost_information: English semantic markers require manual terminology verification	FMA; external review needed
FMA38456	muscle of anterior compartment of forearm	Мышца передняя компартмент предплечье	NEEDS_EXTERNAL_REVIEW		lost_information: English semantic markers require manual terminology verification	FMA; external review needed
FMA38459	flexor carpi radialis	Лучевой сгибатель запястья	OK	Лучевой сгибатель запястья	checked: no structural quality flags	FMA; pattern consistency
FMA38460	right flexor carpi radialis	Правый лучевой сгибатель запястья	NEEDS_EXTERNAL_REVIEW		lost_information: English semantic markers require manual terminology verification	FMA; external review needed
FMA38461	left flexor carpi radialis	Левый лучевой сгибатель запястья	NEEDS_EXTERNAL_REVIEW		lost_information: English semantic markers require manual terminology verification	FMA; external review needed
FMA38462	palmaris longus	Палмарис длинная	OK	Палмарис длинная	checked: no structural quality flags	FMA; pattern consistency
FMA38463	right palmaris longus	Правый палмарис длинная	NEEDS_EXTERNAL_REVIEW		lost_information: English semantic markers require manual terminology verification	FMA; external review needed
FMA38464	left palmaris longus	Левый палмарис длинная	NEEDS_EXTERNAL_REVIEW		lost_information: English semantic markers require manual terminology verification	FMA; external review needed
FMA38469	flexor digitorum superficialis	Сгибатель пальцев супэрфикиалис	OK	Сгибатель пальцев супэрфикиалис	checked: no structural quality flags	FMA; pattern consistency
FMA38470	right flexor digitorum superficialis	Правый сгибатель пальцев супэрфикиалис	NEEDS_EXTERNAL_REVIEW		lost_information: English semantic markers require manual terminology verification	FMA; external review needed
FMA38471	left flexor digitorum superficialis	Левый сгибатель пальцев супэрфикиалис	NEEDS_EXTERNAL_REVIEW		lost_information: English semantic markers require manual terminology verification	FMA; external review needed
FMA38472	superficial muscle of anterior compartment of forearm	Поверхностная мышца передняя компартмент предплечье	NEEDS_EXTERNAL_REVIEW		lost_information: English semantic markers require manual terminology verification	FMA; external review needed
FMA38475	deep muscle of anterior compartment of forearm	Глубокая мышца передняя компартмент предплечье	NEEDS_EXTERNAL_REVIEW		lost_information: English semantic markers require manual terminology verification	FMA; external review needed
FMA38478	flexor digitorum profundus	Сгибатель пальцев профундус	OK	Сгибатель пальцев профундус	checked: no structural quality flags	FMA; pattern consistency
FMA38479	right flexor digitorum profundus	Правый сгибатель пальцев профундус	NEEDS_EXTERNAL_REVIEW		lost_information: English semantic markers require manual terminology verification	FMA; external review needed
FMA38480	left flexor digitorum profundus	Левый сгибатель пальцев профундус	NEEDS_EXTERNAL_REVIEW		lost_information: English semantic markers require manual terminology verification	FMA; external review needed
FMA38481	flexor pollicis longus	Сгибатель большого пальца кисти длинная	NEEDS_EXTERNAL_REVIEW		other: complex multiword anatomical concept requires external terminology review	FMA; external review needed
FMA38482	right flexor pollicis longus	Правый сгибатель большого пальца кисти длинная	NEEDS_EXTERNAL_REVIEW		lost_information: English semantic markers require manual terminology verification	FMA; external review needed
FMA38484	left flexor pollicis longus	Левый сгибатель большого пальца кисти длинная	NEEDS_EXTERNAL_REVIEW		lost_information: English semantic markers require manual terminology verification	FMA; external review needed
FMA38485	brachioradialis	Плечелучевая мышца	OK	Плечелучевая мышца	checked: no structural quality flags	FMA; pattern consistency
FMA38486	right brachioradialis	Правая плечелучевая мышца	NEEDS_EXTERNAL_REVIEW		lost_information: English semantic markers require manual terminology verification	FMA; external review needed
FMA38487	left brachioradialis	Левая плечелучевая мышца	NEEDS_EXTERNAL_REVIEW		lost_information: English semantic markers require manual terminology verification	FMA; external review needed
FMA38488	muscle of posterior compartment of forearm	Мышца задняя компартмент предплечье	NEEDS_EXTERNAL_REVIEW		lost_information: English semantic markers require manual terminology verification	FMA; external review needed
FMA38491	superficial muscle of posterior compartment of forearm	Поверхностная мышца задняя компартмент предплечье	NEEDS_EXTERNAL_REVIEW		lost_information: English semantic markers require manual terminology verification	FMA; external review needed
FMA38494	extensor carpi radialis longus	Длинная лучевая мышца, разгибающая запястье	NEEDS_EXTERNAL_REVIEW		other: complex multiword anatomical concept requires external terminology review	FMA; external review needed
FMA38495	right extensor carpi radialis longus	Правый длинная лучевая мышца, разгибающая запястье	NEEDS_EXTERNAL_REVIEW		lost_information: English semantic markers require manual terminology verification	FMA; external review needed
FMA38496	left extensor carpi radialis longus	Левый длинная лучевая мышца, разгибающая запястье	NEEDS_EXTERNAL_REVIEW		lost_information: English semantic markers require manual terminology verification	FMA; external review needed
FMA38497	extensor carpi radialis brevis	Короткая лучевая мышца, разгибающая запястье	NEEDS_EXTERNAL_REVIEW		other: complex multiword anatomical concept requires external terminology review	FMA; external review needed
FMA38498	right extensor carpi radialis brevis	Правый короткая лучевая мышца, разгибающая запястье	NEEDS_EXTERNAL_REVIEW		lost_information: English semantic markers require manual terminology verification	FMA; external review needed
FMA38499	left extensor carpi radialis brevis	Левый короткая лучевая мышца, разгибающая запястье	NEEDS_EXTERNAL_REVIEW		lost_information: English semantic markers require manual terminology verification	FMA; external review needed
FMA38500	extensor digitorum	Разгибатель пальцев	OK	Разгибатель пальцев	checked: no structural quality flags	FMA; pattern consistency
FMA38501	right extensor digitorum	Правый разгибатель пальцев	NEEDS_EXTERNAL_REVIEW		lost_information: English semantic markers require manual terminology verification	FMA; external review needed
FMA38502	left extensor digitorum	Левый разгибатель пальцев	NEEDS_EXTERNAL_REVIEW		lost_information: English semantic markers require manual terminology verification	FMA; external review needed
FMA38503	extensor digiti minimi	Разгибатель пальца мизинца	OK	Разгибатель пальца мизинца	checked: no structural quality flags	FMA; pattern consistency
FMA38504	right extensor digiti minimi	Правый разгибатель пальца мизинца	NEEDS_EXTERNAL_REVIEW		lost_information: English semantic markers require manual terminology verification	FMA; external review needed
FMA38505	left extensor digiti minimi	Левый разгибатель пальца мизинца	NEEDS_EXTERNAL_REVIEW		lost_information: English semantic markers require manual terminology verification	FMA; external review needed
FMA38506	extensor carpi ulnaris	Разгибатель кисти улнарис	OK	Разгибатель кисти улнарис	checked: no structural quality flags	FMA; pattern consistency
FMA38507	right extensor carpi ulnaris	Правый разгибатель кисти улнарис	NEEDS_EXTERNAL_REVIEW		lost_information: English semantic markers require manual terminology verification	FMA; external review needed
FMA38508	left extensor carpi ulnaris	Левый разгибатель кисти улнарис	NEEDS_EXTERNAL_REVIEW		lost_information: English semantic markers require manual terminology verification	FMA; external review needed
FMA38509	deep muscle of posterior compartment of forearm	Глубокая мышца задняя компартмент предплечье	NEEDS_EXTERNAL_REVIEW		lost_information: English semantic markers require manual terminology verification	FMA; external review needed
FMA38512	supinator	Супинатор	OK	Супинатор	checked: no structural quality flags	FMA; pattern consistency
FMA38513	right supinator	Правый супинатор	NEEDS_EXTERNAL_REVIEW		lost_information: English semantic markers require manual terminology verification	FMA; external review needed
FMA38514	left supinator	Левый супинатор	NEEDS_EXTERNAL_REVIEW		lost_information: English semantic markers require manual terminology verification	FMA; external review needed
FMA38515	abductor pollicis longus	Длинная мышца, отводящая большой палец кисти	NEEDS_EXTERNAL_REVIEW		other: complex multiword anatomical concept requires external terminology review	FMA; external review needed
FMA38516	right abductor pollicis longus	Правый отводящая мышца большого пальца кисти длинная	FIX	Правая отводящая мышца большого пальца кисти длинная	laterality; lost_information	FMA; pattern consistency
FMA38517	left abductor pollicis longus	Левый отводящая мышца большого пальца кисти длинная	FIX	Левая отводящая мышца большого пальца кисти длинная	laterality; lost_information	FMA; pattern consistency
FMA38518	extensor pollicis brevis	Разгибатель большого пальца кисти короткая	NEEDS_EXTERNAL_REVIEW		other: complex multiword anatomical concept requires external terminology review	FMA; external review needed
FMA38519	right extensor pollicis brevis	Правый разгибатель большого пальца кисти короткая	NEEDS_EXTERNAL_REVIEW		lost_information: English semantic markers require manual terminology verification	FMA; external review needed
FMA38520	left extensor pollicis brevis	Левый разгибатель большого пальца кисти короткая	NEEDS_EXTERNAL_REVIEW		lost_information: English semantic markers require manual terminology verification	FMA; external review needed
FMA38521	extensor pollicis longus	Разгибатель большого пальца кисти длинная	NEEDS_EXTERNAL_REVIEW		other: complex multiword anatomical concept requires external terminology review	FMA; external review needed
FMA38522	right extensor pollicis longus	Правый разгибатель большого пальца кисти длинная	NEEDS_EXTERNAL_REVIEW		lost_information: English semantic markers require manual terminology verification	FMA; external review needed
FMA38523	left extensor pollicis longus	Левый разгибатель большого пальца кисти длинная	NEEDS_EXTERNAL_REVIEW		lost_information: English semantic markers require manual terminology verification	FMA; external review needed
FMA38524	extensor indicis	Разгибатель индикис	OK	Разгибатель индикис	checked: no structural quality flags	FMA; pattern consistency
FMA38525	right extensor indicis	Правый разгибатель индикис	NEEDS_EXTERNAL_REVIEW		lost_information: English semantic markers require manual terminology verification	FMA; external review needed
FMA38526	left extensor indicis	Левый разгибатель индикис	NEEDS_EXTERNAL_REVIEW		lost_information: English semantic markers require manual terminology verification	FMA; external review needed
FMA38558	humeral head of pronator teres	Плечевая головка круглого пронатора	OK	Плечевая головка круглого пронатора	checked: no structural quality flags	FMA; pattern consistency
FMA38559	ulnar head of pronator teres	Локтевая головка круглого пронатора	OK	Локтевая головка круглого пронатора	checked: no structural quality flags	FMA; pattern consistency
FMA38560	humeral head of right pronator teres	Плечевая головка правого круглого пронатора	NEEDS_EXTERNAL_REVIEW		other: complex multiword anatomical concept requires external terminology review	FMA; external review needed
FMA38561	humeral head of left pronator teres	Плечевая головка левого круглого пронатора	NEEDS_EXTERNAL_REVIEW		other: complex multiword anatomical concept requires external terminology review	FMA; external review needed
FMA38562	ulnar head of right pronator teres	Локтевая головка правого круглого пронатора	NEEDS_EXTERNAL_REVIEW		other: complex multiword anatomical concept requires external terminology review	FMA; external review needed
FMA38563	ulnar head of left pronator teres	Локтевая головка левого круглого пронатора	NEEDS_EXTERNAL_REVIEW		other: complex multiword anatomical concept requires external terminology review	FMA; external review needed
FMA38615	humeral head of flexor carpi ulnaris	Плечевая головка локтевого сгибателя запястья	NEEDS_EXTERNAL_REVIEW		other: complex multiword anatomical concept requires external terminology review	FMA; external review needed
FMA38616	ulnar head of flexor carpi ulnaris	Локтевая головка сгибатель кисти улнарис	NEEDS_EXTERNAL_REVIEW		other: complex multiword anatomical concept requires external terminology review	FMA; external review needed
FMA38617	humeral head of right flexor carpi ulnaris	Плечевая головка правого локтевого сгибателя запястья	NEEDS_EXTERNAL_REVIEW		other: complex multiword anatomical concept requires external terminology review	FMA; external review needed
FMA38618	humeral head of left flexor carpi ulnaris	Плечевая головка левого локтевого сгибателя запястья	NEEDS_EXTERNAL_REVIEW		other: complex multiword anatomical concept requires external terminology review	FMA; external review needed
FMA38619	ulnar head of right flexor carpi ulnaris	Локтевая головка правый сгибатель кисти улнарис	NEEDS_EXTERNAL_REVIEW		other: complex multiword anatomical concept requires external terminology review	FMA; external review needed
FMA38620	ulnar head of left flexor carpi ulnaris	Локтевая головка левый сгибатель кисти улнарис	NEEDS_EXTERNAL_REVIEW		other: complex multiword anatomical concept requires external terminology review	FMA; external review needed
FMA38928	right rectus femoris	Правый прямая мышца бедра	FIX	Правая прямая мышца бедра	laterality; lost_information	FMA; pattern consistency
FMA38929	left rectus femoris	Левый прямая мышца бедра	FIX	Левая прямая мышца бедра	laterality; lost_information	FMA; pattern consistency
FMA38930	right vastus lateralis	Правый вастус латеральная	NEEDS_EXTERNAL_REVIEW		lost_information: English semantic markers require manual terminology verification	FMA; external review needed
FMA38931	left vastus lateralis	Левый вастус латеральная	NEEDS_EXTERNAL_REVIEW		lost_information: English semantic markers require manual terminology verification	FMA; external review needed
FMA38932	right vastus medialis	Правый вастус медиальная	NEEDS_EXTERNAL_REVIEW		lost_information: English semantic markers require manual terminology verification	FMA; external review needed
FMA38933	left vastus medialis	Левый вастус медиальная	NEEDS_EXTERNAL_REVIEW		lost_information: English semantic markers require manual terminology verification	FMA; external review needed
FMA38934	right vastus intermedius	Правый вастус интэрмэдиус	NEEDS_EXTERNAL_REVIEW		lost_information: English semantic markers require manual terminology verification	FMA; external review needed
FMA38935	left vastus intermedius	Левый вастус интэрмэдиус	NEEDS_EXTERNAL_REVIEW		lost_information: English semantic markers require manual terminology verification	FMA; external review needed
FMA39988	flexor retinaculum of wrist	Сгибатель удерживатель запястье	OK	Сгибатель удерживатель запястье	checked: no structural quality flags	FMA; pattern consistency
FMA40120	flexor retinaculum of right wrist	Сгибатель удерживатель правый запястье	OK	Сгибатель удерживатель правый запястье	checked: no structural quality flags	FMA; pattern consistency
FMA40121	flexor retinaculum of left wrist	Сгибатель удерживатель левый запястье	OK	Сгибатель удерживатель левый запястье	checked: no structural quality flags	FMA; pattern consistency
FMA42380	intrinsic muscle of hand	Собственная мышца кисти	OK	Собственная мышца кисти	checked: no structural quality flags	FMA; pattern consistency
FMA42398	set of lumbricals of right hand	Совокупность червеобразных мышц правой кисти	NEEDS_EXTERNAL_REVIEW		other: complex multiword anatomical concept requires external terminology review	FMA; external review needed
FMA42399	set of lumbricals of left hand	Совокупность червеобразных мышц левой кисти	NEEDS_EXTERNAL_REVIEW		other: complex multiword anatomical concept requires external terminology review	FMA; external review needed
FMA42402	set of palmar interossei of right hand	Совокупность ладонных межкостных мышц правой кисти	NEEDS_EXTERNAL_REVIEW		other: complex multiword anatomical concept requires external terminology review	FMA; external review needed
FMA42403	set of palmar interossei of left hand	Совокупность ладонных межкостных мышц левой кисти	NEEDS_EXTERNAL_REVIEW		other: complex multiword anatomical concept requires external terminology review	FMA; external review needed
FMA42404	set of dorsal interossei of right hand	Совокупность тыльных межкостных мышц правой кисти	NEEDS_EXTERNAL_REVIEW		other: complex multiword anatomical concept requires external terminology review	FMA; external review needed
FMA42405	set of dorsal interossei of left hand	Совокупность тыльных межкостных мышц левой кисти	NEEDS_EXTERNAL_REVIEW		other: complex multiword anatomical concept requires external terminology review	FMA; external review needed
FMA42603	organ component cluster	Орган компонент клустэр	OK	Орган компонент клустэр	checked: no structural quality flags	FMA; pattern consistency
FMA43252	proximal phalanx of big toe	Проксимальная фаланга биг палец стопы	NEEDS_EXTERNAL_REVIEW		lost_information: English semantic markers require manual terminology verification	FMA; external review needed
FMA43253	proximal phalanx of right big toe	Проксимальная фаланга правый биг палец стопы	NEEDS_EXTERNAL_REVIEW		lost_information: English semantic markers require manual terminology verification	FMA; external review needed
FMA43254	proximal phalanx of left big toe	Проксимальная фаланга левый биг палец стопы	NEEDS_EXTERNAL_REVIEW		lost_information: English semantic markers require manual terminology verification	FMA; external review needed
FMA43882	gracilis	Тонкая мышца	OK	Тонкая мышца	checked: no structural quality flags	FMA; pattern consistency
FMA43883	right gracilis	Правый тонкая мышца	FIX	Правая тонкая мышца	laterality; lost_information	FMA; pattern consistency
FMA43884	left gracilis	Левый тонкая мышца	FIX	Левая тонкая мышца	laterality; lost_information	FMA; pattern consistency
FMA43885	adductor minimus	Малая приводящая мышца	OK	Малая приводящая мышца	checked: no structural quality flags	FMA; pattern consistency
FMA43886	right adductor minimus	Правый приводящая мышца минимус	FIX	Правая приводящая мышца минимус	laterality; lost_information	FMA; pattern consistency
FMA43887	left adductor minimus	Левый приводящая мышца минимус	FIX	Левая приводящая мышца минимус	laterality; lost_information	FMA; pattern consistency
FMA43888	inferior lateral genicular artery	Нижняя латеральная коленная артерия	OK	Нижняя латеральная коленная артерия	checked: no structural quality flags	FMA; pattern consistency
FMA43889	inferior medial genicular artery	Нижняя медиальная коленная артерия	OK	Нижняя медиальная коленная артерия	checked: no structural quality flags	FMA; pattern consistency
FMA43890	right inferior medial genicular artery	Правый нижняя медиальная коленная артерия	FIX	Правая нижняя медиальная коленная артерия	laterality; lost_information	FMA; pattern consistency
FMA43891	left inferior medial genicular artery	Левый нижняя медиальная коленная артерия	FIX	Левая нижняя медиальная коленная артерия	laterality; lost_information	FMA; pattern consistency
FMA43892	right inferior lateral genicular artery	Правый нижняя латеральная коленная артерия	FIX	Правая нижняя латеральная коленная артерия	laterality; lost_information	FMA; pattern consistency
FMA43893	left inferior lateral genicular artery	Левый нижняя латеральная коленная артерия	FIX	Левая нижняя латеральная коленная артерия	laterality; lost_information	FMA; pattern consistency
FMA43894	anterior tibial artery	Передняя большеберцовая артерия	OK	Передняя большеберцовая артерия	checked: no structural quality flags	FMA; pattern consistency
FMA43895	posterior tibial artery	Задняя большеберцовая артерия	OK	Задняя большеберцовая артерия	checked: no structural quality flags	FMA; pattern consistency
FMA43896	right anterior tibial artery	Правый передняя большеберцовая артерия	FIX	Правая передняя большеберцовая артерия	laterality; lost_information	FMA; pattern consistency
FMA43897	left anterior tibial artery	Левый передняя большеберцовая артерия	FIX	Левая передняя большеберцовая артерия	laterality; lost_information	FMA; pattern consistency
FMA43898	right posterior tibial artery	Правый задняя большеберцовая артерия	FIX	Правая задняя большеберцовая артерия	laterality; lost_information	FMA; pattern consistency
FMA43899	left posterior tibial artery	Левый задняя большеберцовая артерия	FIX	Левая задняя большеберцовая артерия	laterality; lost_information	FMA; pattern consistency
FMA43901	subdivision of posterior tibial artery	Подразделение задняя большеберцовая артерия	OK	Подразделение задняя большеберцовая артерия	checked: no structural quality flags	FMA; pattern consistency
FMA43902	anterior tibial recurrent artery	Передняя возвратная большеберцовая артерия	OK	Передняя возвратная большеберцовая артерия	checked: no structural quality flags	FMA; pattern consistency
FMA43907	right anterior tibial recurrent artery	Правый передняя большеберцовая возвратная артерия	FIX	Правая передняя большеберцовая возвратная артерия	laterality; lost_information	FMA; pattern consistency
FMA43908	left anterior tibial recurrent artery	Левый передняя большеберцовая возвратная артерия	FIX	Левая передняя большеберцовая возвратная артерия	laterality; lost_information	FMA; pattern consistency
FMA43915	dorsalis pedis artery	Дорсалис пэдис артерия	OK	Дорсалис пэдис артерия	checked: no structural quality flags	FMA; pattern consistency
FMA43916	right dorsalis pedis artery	Правый дорсалис пэдис артерия	FIX	Правая дорсалис пэдис артерия	laterality; lost_information	FMA; pattern consistency
FMA43917	left dorsalis pedis artery	Левый дорсалис пэдис артерия	FIX	Левая дорсалис пэдис артерия	laterality; lost_information	FMA; pattern consistency
FMA43925	medial plantar artery	Медиальная подошвенная артерия	OK	Медиальная подошвенная артерия	checked: no structural quality flags	FMA; pattern consistency
FMA43926	lateral plantar artery	Латеральная подошвенная артерия	OK	Латеральная подошвенная артерия	checked: no structural quality flags	FMA; pattern consistency
FMA43929	right medial plantar artery	Правый медиальная подошвенная артерия	FIX	Правая медиальная подошвенная артерия	laterality; lost_information	FMA; pattern consistency
FMA43930	left medial plantar artery	Левый медиальная подошвенная артерия	FIX	Левая медиальная подошвенная артерия	laterality; lost_information	FMA; pattern consistency
FMA43931	right lateral plantar artery	Правый латеральная подошвенная артерия	FIX	Правая латеральная подошвенная артерия	laterality; lost_information	FMA; pattern consistency
FMA43932	left lateral plantar artery	Левый латеральная подошвенная артерия	FIX	Левая латеральная подошвенная артерия	laterality; lost_information	FMA; pattern consistency
FMA43933	superficial medial plantar artery	Поверхностная медиальная подошвенная артерия	OK	Поверхностная медиальная подошвенная артерия	checked: no structural quality flags	FMA; pattern consistency
FMA43937	right superficial medial plantar artery	Правый поверхностная медиальная подошвенная артерия	FIX	Правая поверхностная медиальная подошвенная артерия	laterality; lost_information	FMA; pattern consistency
FMA43938	left superficial medial plantar artery	Левый поверхностная медиальная подошвенная артерия	FIX	Левая поверхностная медиальная подошвенная артерия	laterality; lost_information	FMA; pattern consistency
FMA43940	branch of lateral plantar artery	Ветвь латеральной подошвенной артерии	NEEDS_EXTERNAL_REVIEW		lost_information: English semantic markers require manual terminology verification	FMA; external review needed
FMA43941	branch of medial plantar artery	Ветвь медиальной подошвенной артерии	NEEDS_EXTERNAL_REVIEW		lost_information: English semantic markers require manual terminology verification	FMA; external review needed
FMA43942	plantar arch	Подошвенная дуга	OK	Подошвенная дуга	checked: no structural quality flags	FMA; pattern consistency
FMA43943	right plantar arch	Правый подошвенная дуга	NEEDS_EXTERNAL_REVIEW		lost_information: English semantic markers require manual terminology verification	FMA; external review needed
FMA43944	left plantar arch	Левый подошвенная дуга	NEEDS_EXTERNAL_REVIEW		lost_information: English semantic markers require manual terminology verification	FMA; external review needed
FMA43956	plantar metatarsal artery	Подошвенная плюсневая кость артерия	OK	Подошвенная плюсневая кость артерия	checked: no structural quality flags	FMA; pattern consistency
FMA44197	tarsal ligament	Предплюсневая кость связка	OK	Предплюсневая кость связка	checked: no structural quality flags	FMA; pattern consistency
FMA44245	plantar tarsal ligament	Подошвенная предплюсневая кость связка	OK	Подошвенная предплюсневая кость связка	checked: no structural quality flags	FMA; pattern consistency
FMA44248	long plantar ligament	Длинная подошвенная связка	OK	Длинная подошвенная связка	checked: no structural quality flags	FMA; pattern consistency
FMA44249	right long plantar ligament	Правый длинная подошвенная связка	NEEDS_EXTERNAL_REVIEW		lost_information: English semantic markers require manual terminology verification	FMA; external review needed
FMA44250	left long plantar ligament	Левый длинная подошвенная связка	NEEDS_EXTERNAL_REVIEW		lost_information: English semantic markers require manual terminology verification	FMA; external review needed
FMA44318	superficial epigastric vein	Поверхностная надчревная вена	OK	Поверхностная надчревная вена	checked: no structural quality flags	FMA; pattern consistency
FMA44323	tributary of femoral vein	Приток бедренная вена	NEEDS_EXTERNAL_REVIEW		lost_information: English semantic markers require manual terminology verification	FMA; external review needed
FMA44324	tributary of deep femoral vein	Приток глубокая бедренная вена	NEEDS_EXTERNAL_REVIEW		lost_information: English semantic markers require manual terminology verification	FMA; external review needed
FMA44325	medial circumflex femoral vein	Медиальная огибающая бедренная вена	OK	Медиальная огибающая бедренная вена	checked: no structural quality flags	FMA; pattern consistency
FMA44326	lateral circumflex femoral vein	Латеральная огибающая бедренная вена	OK	Латеральная огибающая бедренная вена	checked: no structural quality flags	FMA; pattern consistency
FMA44327	popliteal vein	Подколенная вена	OK	Подколенная вена	checked: no structural quality flags	FMA; pattern consistency
FMA44328	right popliteal vein	Правый подколенная вена	FIX	Правая подколенная вена	laterality; lost_information	FMA; pattern consistency
FMA44329	left popliteal vein	Левый подколенная вена	FIX	Левая подколенная вена	laterality; lost_information	FMA; pattern consistency
FMA44330	tributary of popliteal vein	Приток подколенная вена	NEEDS_EXTERNAL_REVIEW		lost_information: English semantic markers require manual terminology verification	FMA; external review needed
FMA44331	anterior tibial vein	Передняя большеберцовая вена	OK	Передняя большеберцовая вена	checked: no structural quality flags	FMA; pattern consistency
FMA44332	posterior tibial vein	Задняя большеберцовая вена	OK	Задняя большеберцовая вена	checked: no structural quality flags	FMA; pattern consistency
FMA44333	small saphenous vein	Малая подкожная вена	OK	Малая подкожная вена	checked: no structural quality flags	FMA; pattern consistency
FMA44334	right small saphenous vein	Правый малая подкожная вена	FIX	Правая малая подкожная вена	laterality; lost_information	FMA; pattern consistency
FMA44335	left small saphenous vein	Левый малая подкожная вена	FIX	Левая малая подкожная вена	laterality; lost_information	FMA; pattern consistency
FMA44336	right anterior tibial vein	Правый передняя большеберцовая вена	FIX	Правая передняя большеберцовая вена	laterality; lost_information	FMA; pattern consistency
FMA44337	left anterior tibial vein	Левый передняя большеберцовая вена	FIX	Левая передняя большеберцовая вена	laterality; lost_information	FMA; pattern consistency
FMA44338	right posterior tibial vein	Правый задняя большеберцовая вена	FIX	Правая задняя большеберцовая вена	laterality; lost_information	FMA; pattern consistency
FMA44339	left posterior tibial vein	Левый задняя большеберцовая вена	FIX	Левая задняя большеберцовая вена	laterality; lost_information	FMA; pattern consistency
FMA44340	right superficial epigastric vein	Правый поверхностная надчревная вена	FIX	Правая поверхностная надчревная вена	laterality; lost_information	FMA; pattern consistency
FMA44341	left superficial epigastric vein	Левый поверхностная надчревная вена	FIX	Левая поверхностная надчревная вена	laterality; lost_information	FMA; pattern consistency
FMA44356	dorsal venous arch of foot	Тыльная венозная дуга стопа	OK	Тыльная венозная дуга стопа	checked: no structural quality flags	FMA; pattern consistency
FMA44489	plantar venous arch of foot	Подошвенная венозная дуга стопа	OK	Подошвенная венозная дуга стопа	checked: no structural quality flags	FMA; pattern consistency
FMA44499	tributary of plantar venous arch	Приток подошвенная венозная дуга	NEEDS_EXTERNAL_REVIEW		lost_information: English semantic markers require manual terminology verification	FMA; external review needed
FMA44504	plantar metatarsal vein	Подошвенная плюсневая кость вена	OK	Подошвенная плюсневая кость вена	checked: no structural quality flags	FMA; pattern consistency
FMA44558	fibular vein	Малоберцовая вена	OK	Малоберцовая вена	checked: no structural quality flags	FMA; pattern consistency
FMA44559	genicular vein	Коленная вена	OK	Коленная вена	checked: no structural quality flags	FMA; pattern consistency
FMA44594	arcuate artery	Дуговая артерия	OK	Дуговая артерия	checked: no structural quality flags	FMA; pattern consistency
FMA44595	lateral tarsal artery	Латеральная предплюсневая кость артерия	OK	Латеральная предплюсневая кость артерия	checked: no structural quality flags	FMA; pattern consistency
FMA44660	dorsal digital artery of foot	Тыльная пальцевая артерия стопа	OK	Тыльная пальцевая артерия стопа	checked: no structural quality flags	FMA; pattern consistency
FMA44881	dorsal venous arch of right foot	Тыльная венозная дуга правый стопа	NEEDS_EXTERNAL_REVIEW		other: complex multiword anatomical concept requires external terminology review	FMA; external review needed
FMA44882	dorsal venous arch of left foot	Тыльная венозная дуга левый стопа	NEEDS_EXTERNAL_REVIEW		other: complex multiword anatomical concept requires external terminology review	FMA; external review needed
FMA44883	plantar venous arch of right foot	Подошвенная венозная дуга правый стопа	NEEDS_EXTERNAL_REVIEW		other: complex multiword anatomical concept requires external terminology review	FMA; external review needed
FMA44884	plantar venous arch of left foot	Подошвенная венозная дуга левый стопа	NEEDS_EXTERNAL_REVIEW		other: complex multiword anatomical concept requires external terminology review	FMA; external review needed
FMA44885	right fibular vein	Правый малоберцовая вена	FIX	Правая малоберцовая вена	laterality; lost_information	FMA; pattern consistency
FMA44886	left fibular vein	Левый малоберцовая вена	FIX	Левая малоберцовая вена	laterality; lost_information	FMA; pattern consistency
FMA44887	right genicular vein	Правый коленная вена	FIX	Правая коленная вена	laterality; lost_information	FMA; pattern consistency
FMA44888	left genicular vein	Левый коленная вена	FIX	Левая коленная вена	laterality; lost_information	FMA; pattern consistency
FMA44918	right medial circumflex femoral vein	Правый медиальная огибающая бедренная вена	FIX	Правая медиальная огибающая бедренная вена	laterality; lost_information	FMA; pattern consistency
FMA44919	left medial circumflex femoral vein	Левый медиальная огибающая бедренная вена	FIX	Левая медиальная огибающая бедренная вена	laterality; lost_information	FMA; pattern consistency
FMA44920	right lateral circumflex femoral vein	Правый латеральная огибающая бедренная вена	FIX	Правая латеральная огибающая бедренная вена	laterality; lost_information	FMA; pattern consistency
FMA44922	left lateral circumflex femoral vein	Левый латеральная огибающая бедренная вена	FIX	Левая латеральная огибающая бедренная вена	laterality; lost_information	FMA; pattern consistency
FMA45096	sesamoid bone of foot	Сэсамоид кость стопа	OK	Сэсамоид кость стопа	checked: no structural quality flags	FMA; pattern consistency
FMA45097	sesamoid bone of right foot	Сэсамоид кость правый стопа	FIX	Сэсамоид кость Правая стопа	laterality	FMA; pattern consistency
FMA45098	sesamoid bone of left foot	Сэсамоид кость левый стопа	FIX	Сэсамоид кость Левая стопа	laterality	FMA; pattern consistency
FMA45638	subdivision of nervous system	Подразделение нервная система	OK	Подразделение нервная система	checked: no structural quality flags	FMA; pattern consistency
FMA45728	anatomical lobe	Анатомическая доля	OK	Анатомическая доля	checked: no structural quality flags	FMA; pattern consistency
FMA45729	head of organ	Головка орган	OK	Головка орган	checked: no structural quality flags	FMA; pattern consistency
FMA45732	parenchyma	Парэнчйма	OK	Парэнчйма	checked: no structural quality flags	FMA; pattern consistency
FMA45734	body of organ	Тело органа	OK	Тело органа	checked: no structural quality flags	FMA; pattern consistency
FMA45738	platysma	Платйсма	OK	Платйсма	checked: no structural quality flags	FMA; pattern consistency
FMA45739	right platysma	Правый платйсма	NEEDS_EXTERNAL_REVIEW		lost_information: English semantic markers require manual terminology verification	FMA; external review needed
FMA45740	left platysma	Левый платйсма	NEEDS_EXTERNAL_REVIEW		lost_information: English semantic markers require manual terminology verification	FMA; external review needed
FMA45826	right stylohyoid	Правый шилоподъязычная	NEEDS_EXTERNAL_REVIEW		lost_information: English semantic markers require manual terminology verification	FMA; external review needed
FMA45827	left stylohyoid	Левый шилоподъязычная	NEEDS_EXTERNAL_REVIEW		lost_information: English semantic markers require manual terminology verification	FMA; external review needed
FMA45854	right pubococcygeus	Правый пубококкйгэус	NEEDS_EXTERNAL_REVIEW		lost_information: English semantic markers require manual terminology verification	FMA; external review needed
FMA45855	left pubococcygeus	Левый пубококкйгэус	NEEDS_EXTERNAL_REVIEW		lost_information: English semantic markers require manual terminology verification	FMA; external review needed
FMA45856	right puborectalis	Правый пуборэкталис	NEEDS_EXTERNAL_REVIEW		lost_information: English semantic markers require manual terminology verification	FMA; external review needed
FMA45857	left puborectalis	Левый пуборэкталис	NEEDS_EXTERNAL_REVIEW		lost_information: English semantic markers require manual terminology verification	FMA; external review needed
FMA45858	right iliococcygeus	Правый илиококкйгэус	NEEDS_EXTERNAL_REVIEW		lost_information: English semantic markers require manual terminology verification	FMA; external review needed
FMA45859	left iliococcygeus	Левый илиококкйгэус	NEEDS_EXTERNAL_REVIEW		lost_information: English semantic markers require manual terminology verification	FMA; external review needed
FMA45874	abdominal part of right pectoralis major	Брюшная часть правой большой грудной мышцы	NEEDS_EXTERNAL_REVIEW		other: complex multiword anatomical concept requires external terminology review	FMA; external review needed
FMA45875	abdominal part of left pectoralis major	Брюшная часть левой большой грудной мышцы	NEEDS_EXTERNAL_REVIEW		other: complex multiword anatomical concept requires external terminology review	FMA; external review needed
FMA45881	head of biceps femoris	Головка двуглавая мышца бедра	OK	Головка двуглавая мышца бедра	checked: no structural quality flags	FMA; pattern consistency
FMA45887	long head of biceps femoris	Длинная головка двуглавая мышца бедра	NEEDS_EXTERNAL_REVIEW		other: complex multiword anatomical concept requires external terminology review	FMA; external review needed
FMA45888	long head of right biceps femoris	Длинная головка правый двуглавая мышца бедра	FIX	Длинная головка Правая двуглавая мышца бедра	laterality	FMA; pattern consistency
FMA45889	long head of left biceps femoris	Длинная головка левый двуглавая мышца бедра	FIX	Длинная головка Левая двуглавая мышца бедра	laterality	FMA; pattern consistency
FMA45890	short head of biceps femoris	Короткая головка двуглавая мышца бедра	NEEDS_EXTERNAL_REVIEW		other: complex multiword anatomical concept requires external terminology review	FMA; external review needed
FMA45891	short head of right biceps femoris	Короткая головка правый двуглавая мышца бедра	FIX	Короткая головка Правая двуглавая мышца бедра	laterality	FMA; pattern consistency
FMA45892	short head of left biceps femoris	Короткая головка левый двуглавая мышца бедра	FIX	Короткая головка Левая двуглавая мышца бедра	laterality	FMA; pattern consistency
FMA45950	head of gastrocnemius	Головка икроножная мышца	OK	Головка икроножная мышца	checked: no structural quality flags	FMA; pattern consistency
FMA45956	medial head of gastrocnemius	Медиальная головка икроножная мышца	OK	Медиальная головка икроножная мышца	checked: no structural quality flags	FMA; pattern consistency
FMA45957	medial head of right gastrocnemius	Медиальная головка правый икроножная мышца	FIX	Медиальная головка Правая икроножная мышца	laterality	FMA; pattern consistency
FMA45958	medial head of left gastrocnemius	Медиальная головка левый икроножная мышца	FIX	Медиальная головка Левая икроножная мышца	laterality	FMA; pattern consistency
FMA45959	lateral head of gastrocnemius	Латеральная головка икроножная мышца	OK	Латеральная головка икроножная мышца	checked: no structural quality flags	FMA; pattern consistency
FMA45960	lateral head of right gastrocnemius	Латеральная головка правый икроножная мышца	FIX	Латеральная головка Правая икроножная мышца	laterality	FMA; pattern consistency
FMA45961	lateral head of left gastrocnemius	Латеральная головка левый икроножная мышца	FIX	Латеральная головка Левая икроножная мышца	laterality	FMA; pattern consistency
FMA45963	head of flexor hallucis brevis	Головка сгибатель большого пальца стопы короткая	NEEDS_EXTERNAL_REVIEW		other: complex multiword anatomical concept requires external terminology review	FMA; external review needed
FMA45969	medial head of flexor hallucis brevis	Медиальная головка сгибатель большого пальца стопы короткая	NEEDS_EXTERNAL_REVIEW		other: complex multiword anatomical concept requires external terminology review	FMA; external review needed
FMA45970	lateral head of flexor hallucis brevis	Латеральная головка сгибатель большого пальца стопы короткая	NEEDS_EXTERNAL_REVIEW		other: complex multiword anatomical concept requires external terminology review	FMA; external review needed
FMA45971	medial head of right flexor hallucis brevis	Медиальная головка правый сгибатель большого пальца стопы короткая	NEEDS_EXTERNAL_REVIEW		other: complex multiword anatomical concept requires external terminology review	FMA; external review needed
FMA45972	medial head of left flexor hallucis brevis	Медиальная головка левый сгибатель большого пальца стопы короткая	NEEDS_EXTERNAL_REVIEW		other: complex multiword anatomical concept requires external terminology review	FMA; external review needed
FMA45973	lateral head of right flexor hallucis brevis	Латеральная головка правый сгибатель большого пальца стопы короткая	NEEDS_EXTERNAL_REVIEW		other: complex multiword anatomical concept requires external terminology review	FMA; external review needed
FMA45974	lateral head of left flexor hallucis brevis	Латеральная головка левый сгибатель большого пальца стопы короткая	NEEDS_EXTERNAL_REVIEW		other: complex multiword anatomical concept requires external terminology review	FMA; external review needed
FMA46012	head of adductor hallucis	Головка приводящая мышца большого пальца стопы	NEEDS_EXTERNAL_REVIEW		other: complex multiword anatomical concept requires external terminology review	FMA; external review needed
FMA46014	oblique head of adductor hallucis	Косая мышца головка приводящая мышца большого пальца стопы	NEEDS_EXTERNAL_REVIEW		other: complex multiword anatomical concept requires external terminology review	FMA; external review needed
FMA46015	transverse head of adductor hallucis	Поперечная головка приводящая мышца большого пальца стопы	NEEDS_EXTERNAL_REVIEW		other: complex multiword anatomical concept requires external terminology review	FMA; external review needed
FMA46018	oblique head of right adductor hallucis	Косая мышца головка правый приводящая мышца большого пальца стопы	FIX	Косая мышца головка Правая приводящая мышца большого пальца стопы	laterality	FMA; pattern consistency
FMA46019	oblique head of left adductor hallucis	Косая мышца головка левый приводящая мышца большого пальца стопы	FIX	Косая мышца головка Левая приводящая мышца большого пальца стопы	laterality	FMA; pattern consistency
FMA46020	transverse head of right adductor hallucis	Поперечная головка правый приводящая мышца большого пальца стопы	FIX	Поперечная головка Правая приводящая мышца большого пальца стопы	laterality	FMA; pattern consistency
FMA46021	transverse head of left adductor hallucis	Поперечная головка левый приводящая мышца большого пальца стопы	FIX	Поперечная головка Левая приводящая мышца большого пальца стопы	laterality	FMA; pattern consistency
FMA46104	superficial head of flexor pollicis brevis	Поверхностная головка сгибатель большого пальца кисти короткая	NEEDS_EXTERNAL_REVIEW		other: complex multiword anatomical concept requires external terminology review	FMA; external review needed
FMA46119	oblique head of adductor pollicis	Косая мышца головка приводящая мышца большого пальца кисти	NEEDS_EXTERNAL_REVIEW		other: complex multiword anatomical concept requires external terminology review	FMA; external review needed
FMA46120	transverse head of adductor pollicis	Поперечная головка приводящая мышца большого пальца кисти	NEEDS_EXTERNAL_REVIEW		other: complex multiword anatomical concept requires external terminology review	FMA; external review needed
FMA46121	oblique head of right adductor pollicis	Косая мышца головка правый приводящая мышца большого пальца кисти	FIX	Косая мышца головка Правая приводящая мышца большого пальца кисти	laterality	FMA; pattern consistency
FMA46122	oblique head of left adductor pollicis	Косая мышца головка левый приводящая мышца большого пальца кисти	FIX	Косая мышца головка Левая приводящая мышца большого пальца кисти	laterality	FMA; pattern consistency
FMA46123	transverse head of right adductor pollicis	Поперечная головка правый приводящая мышца большого пальца кисти	FIX	Поперечная головка Правая приводящая мышца большого пальца кисти	laterality	FMA; pattern consistency
FMA46124	transverse head of left adductor pollicis	Поперечная головка левый приводящая мышца большого пальца кисти	FIX	Поперечная головка Левая приводящая мышца большого пальца кисти	laterality	FMA; pattern consistency
FMA46279	zone of longus colli	Зона длинная колли	OK	Зона длинная колли	checked: no structural quality flags	FMA; pattern consistency
FMA46280	superior oblique part of longus colli	Верхняя косая мышца часть длинная колли	NEEDS_EXTERNAL_REVIEW		other: complex multiword anatomical concept requires external terminology review	FMA; external review needed
FMA46281	inferior oblique part of longus colli	Нижняя косая мышца часть длинная колли	NEEDS_EXTERNAL_REVIEW		other: complex multiword anatomical concept requires external terminology review	FMA; external review needed
FMA46282	vertical intermediate part of longus colli	Вертикальная промежуточная часть длинная колли	NEEDS_EXTERNAL_REVIEW		other: complex multiword anatomical concept requires external terminology review	FMA; external review needed
FMA46284	superior oblique part of left longus colli	Верхняя косая мышца часть левый длинная колли	FIX	Верхняя косая мышца часть Левая длинная колли	laterality	FMA; pattern consistency
FMA46286	vertical intermediate part of left longus colli	Вертикальная промежуточная часть левый длинная колли	FIX	Вертикальная промежуточная часть Левая длинная колли	laterality	FMA; pattern consistency
FMA46288	inferior oblique part of left longus colli	Нижняя косая мышца часть левый длинная колли	FIX	Нижняя косая мышца часть Левая длинная колли	laterality	FMA; pattern consistency
FMA46290	suprahyoid muscle	Супрахйоид мышца	OK	Супрахйоид мышца	checked: no structural quality flags	FMA; pattern consistency
FMA46291	digastric	Дигастрик	OK	Дигастрик	checked: no structural quality flags	FMA; pattern consistency
FMA46292	right digastric	Правый дигастрик	NEEDS_EXTERNAL_REVIEW		lost_information: English semantic markers require manual terminology verification	FMA; external review needed
FMA46293	left digastric	Левый дигастрик	NEEDS_EXTERNAL_REVIEW		lost_information: English semantic markers require manual terminology verification	FMA; external review needed
FMA46308	longus capitis	Длинная головки	OK	Длинная головки	checked: no structural quality flags	FMA; pattern consistency
FMA46309	right longus capitis	Правый длинная головки	NEEDS_EXTERNAL_REVIEW		lost_information: English semantic markers require manual terminology verification	FMA; external review needed
FMA46310	left longus capitis	Левый длинная головки	NEEDS_EXTERNAL_REVIEW		lost_information: English semantic markers require manual terminology verification	FMA; external review needed
FMA46312	rectus capitis anterior	Прямая мышца головки передняя	OK	Прямая мышца головки передняя	checked: no structural quality flags	FMA; pattern consistency
FMA46313	right rectus capitis anterior	Правый прямая мышца головки передняя	FIX	Правая прямая мышца головки передняя	laterality; lost_information	FMA; pattern consistency
FMA46314	left rectus capitis anterior	Левый прямая мышца головки передняя	FIX	Левая прямая мышца головки передняя	laterality; lost_information	FMA; pattern consistency
FMA46316	rectus capitis lateralis	Прямая мышца головки латеральная	OK	Прямая мышца головки латеральная	checked: no structural quality flags	FMA; pattern consistency
FMA46317	right rectus capitis lateralis	Правый прямая мышца головки латеральная	FIX	Правая прямая мышца головки латеральная	laterality; lost_information	FMA; pattern consistency
FMA46318	left rectus capitis lateralis	Левый прямая мышца головки латеральная	FIX	Левая прямая мышца головки латеральная	laterality; lost_information	FMA; pattern consistency
FMA46320	mylohyoid	Мйлохйоид	OK	Мйлохйоид	checked: no structural quality flags	FMA; pattern consistency
FMA46321	right mylohyoid	Правый мйлохйоид	NEEDS_EXTERNAL_REVIEW		lost_information: English semantic markers require manual terminology verification	FMA; external review needed
FMA46322	left mylohyoid	Левый мйлохйоид	NEEDS_EXTERNAL_REVIEW		lost_information: English semantic markers require manual terminology verification	FMA; external review needed
FMA46325	geniohyoid	Гэниохйоид	OK	Гэниохйоид	checked: no structural quality flags	FMA; pattern consistency
FMA46326	right geniohyoid	Правый гэниохйоид	NEEDS_EXTERNAL_REVIEW		lost_information: English semantic markers require manual terminology verification	FMA; external review needed
FMA46327	left geniohyoid	Левый гэниохйоид	NEEDS_EXTERNAL_REVIEW		lost_information: English semantic markers require manual terminology verification	FMA; external review needed
FMA46442	tendinous arch of levator ani	Сухожильная дуга мышца, поднимающая ани	NEEDS_EXTERNAL_REVIEW		other: complex multiword anatomical concept requires external terminology review	FMA; external review needed
FMA46443	right coccygeus	Правый коккйгэус	NEEDS_EXTERNAL_REVIEW		lost_information: English semantic markers require manual terminology verification	FMA; external review needed
FMA46444	left coccygeus	Левый коккйгэус	NEEDS_EXTERNAL_REVIEW		lost_information: English semantic markers require manual terminology verification	FMA; external review needed
FMA46490	subdivision of mouth	Подразделение полость рта	OK	Подразделение полость рта	checked: no structural quality flags	FMA; pattern consistency
FMA46562	muscle of larynx	Мышца гортань	NEEDS_EXTERNAL_REVIEW		lost_information: English semantic markers require manual terminology verification	FMA; external review needed
FMA46576	posterior crico-arytenoid	Задняя перстнечерпаловидная мышца	OK	Задняя перстнечерпаловидная мышца	checked: no structural quality flags	FMA; pattern consistency
FMA46577	right posterior crico-arytenoid	Правая задняя перстнечерпаловидная мышца	NEEDS_EXTERNAL_REVIEW		lost_information: English semantic markers require manual terminology verification	FMA; external review needed
FMA46578	left posterior crico-arytenoid	Левая задняя перстнечерпаловидная мышца	NEEDS_EXTERNAL_REVIEW		lost_information: English semantic markers require manual terminology verification	FMA; external review needed
FMA46579	lateral crico-arytenoid	Латеральная перстнечерпаловидная мышца	OK	Латеральная перстнечерпаловидная мышца	checked: no structural quality flags	FMA; pattern consistency
FMA46580	right lateral crico-arytenoid	Правая латеральная перстнечерпаловидная мышца	NEEDS_EXTERNAL_REVIEW		lost_information: English semantic markers require manual terminology verification	FMA; external review needed
FMA46581	left lateral crico-arytenoid	Левая латеральная перстнечерпаловидная мышца	NEEDS_EXTERNAL_REVIEW		lost_information: English semantic markers require manual terminology verification	FMA; external review needed
FMA46582	transverse arytenoid	Поперечная черпаловидная мышца	OK	Поперечная черпаловидная мышца	checked: no structural quality flags	FMA; pattern consistency
FMA46583	oblique arytenoid	Косая черпаловидная мышца	OK	Косая черпаловидная мышца	checked: no structural quality flags	FMA; pattern consistency
FMA46584	right oblique arytenoid	Правая косая черпаловидная мышца	NEEDS_EXTERNAL_REVIEW		lost_information: English semantic markers require manual terminology verification	FMA; external review needed
FMA46585	left oblique arytenoid	Левая косая черпаловидная мышца	NEEDS_EXTERNAL_REVIEW		lost_information: English semantic markers require manual terminology verification	FMA; external review needed
FMA46588	thyro-arytenoid	Щиточерпаловидная мышца	OK	Щиточерпаловидная мышца	checked: no structural quality flags	FMA; pattern consistency
FMA46589	right thyro-arytenoid	Правая щиточерпаловидная мышца	NEEDS_EXTERNAL_REVIEW		lost_information: English semantic markers require manual terminology verification	FMA; external review needed
FMA46590	left thyro-arytenoid	Левая щиточерпаловидная мышца	NEEDS_EXTERNAL_REVIEW		lost_information: English semantic markers require manual terminology verification	FMA; external review needed
FMA46591	vocalis	Вокалис	OK	Вокалис	checked: no structural quality flags	FMA; pattern consistency
FMA46592	right vocalis	Правый вокалис	NEEDS_EXTERNAL_REVIEW		lost_information: English semantic markers require manual terminology verification	FMA; external review needed
FMA46593	left vocalis	Левый вокалис	NEEDS_EXTERNAL_REVIEW		lost_information: English semantic markers require manual terminology verification	FMA; external review needed
FMA46601	zone of oblique arytenoid	Зона косой черпаловидной мышцы	OK	Зона косой черпаловидной мышцы	checked: no structural quality flags	FMA; pattern consistency
FMA46602	aryepiglotticus	Черпалонадгортанная мышца	OK	Черпалонадгортанная мышца	checked: no structural quality flags	FMA; pattern consistency
FMA46604	right aryepiglotticus	Правый арйэпиглоттикус	NEEDS_EXTERNAL_REVIEW		lost_information: English semantic markers require manual terminology verification	FMA; external review needed
FMA46605	left aryepiglotticus	Левый арйэпиглоттикус	NEEDS_EXTERNAL_REVIEW		lost_information: English semantic markers require manual terminology verification	FMA; external review needed
FMA46608	zone of cricothyroid	Зона перстнещитовидной мышцы	OK	Зона перстнещитовидной мышцы	checked: no structural quality flags	FMA; pattern consistency
FMA46609	straight part of cricothyroid	Прямая часть перстнещитовидной мышцы	OK	Прямая часть перстнещитовидной мышцы	checked: no structural quality flags	FMA; pattern consistency
FMA46610	oblique part of cricothyroid	Косая часть перстнещитовидной мышцы	OK	Косая часть перстнещитовидной мышцы	checked: no structural quality flags	FMA; pattern consistency
FMA46611	straight part of right cricothyroid	Прямая часть правого перстнещитовидной мышцы	NEEDS_EXTERNAL_REVIEW		other: complex multiword anatomical concept requires external terminology review	FMA; external review needed
FMA46612	straight part of left cricothyroid	Прямая часть левого перстнещитовидной мышцы	NEEDS_EXTERNAL_REVIEW		other: complex multiword anatomical concept requires external terminology review	FMA; external review needed
FMA46613	oblique part of right cricothyroid	Косая часть правого перстнещитовидной мышцы	NEEDS_EXTERNAL_REVIEW		other: complex multiword anatomical concept requires external terminology review	FMA; external review needed
FMA46614	oblique part of left cricothyroid	Косая часть левого перстнещитовидной мышцы	NEEDS_EXTERNAL_REVIEW		other: complex multiword anatomical concept requires external terminology review	FMA; external review needed
FMA46619	muscle of pharynx	Мышца глотка	NEEDS_EXTERNAL_REVIEW		lost_information: English semantic markers require manual terminology verification	FMA; external review needed
FMA46620	constrictor muscle of pharynx	Сжиматель мышца глотка	OK	Сжиматель мышца глотка	checked: no structural quality flags	FMA; pattern consistency
FMA46621	superior pharyngeal constrictor	Верхняя глоточная сжиматель	OK	Верхняя глоточная сжиматель	checked: no structural quality flags	FMA; pattern consistency
FMA46622	middle pharyngeal constrictor	Средняя глоточная сжиматель	OK	Средняя глоточная сжиматель	checked: no structural quality flags	FMA; pattern consistency
FMA46623	inferior pharyngeal constrictor	Нижняя глоточная сжиматель	OK	Нижняя глоточная сжиматель	checked: no structural quality flags	FMA; pattern consistency
FMA46631	right superior pharyngeal constrictor	Правый верхняя глоточная сжиматель	NEEDS_EXTERNAL_REVIEW		lost_information: English semantic markers require manual terminology verification	FMA; external review needed
FMA46632	left superior pharyngeal constrictor	Левый верхняя глоточная сжиматель	NEEDS_EXTERNAL_REVIEW		lost_information: English semantic markers require manual terminology verification	FMA; external review needed
FMA46633	right middle pharyngeal constrictor	Правый средняя глоточная сжиматель	NEEDS_EXTERNAL_REVIEW		lost_information: English semantic markers require manual terminology verification	FMA; external review needed
FMA46634	left middle pharyngeal constrictor	Левый средняя глоточная сжиматель	NEEDS_EXTERNAL_REVIEW		lost_information: English semantic markers require manual terminology verification	FMA; external review needed
FMA46635	right inferior pharyngeal constrictor	Правый нижняя глоточная сжиматель	NEEDS_EXTERNAL_REVIEW		lost_information: English semantic markers require manual terminology verification	FMA; external review needed
FMA46636	left inferior pharyngeal constrictor	Левый нижняя глоточная сжиматель	NEEDS_EXTERNAL_REVIEW		lost_information: English semantic markers require manual terminology verification	FMA; external review needed
FMA46664	stylopharyngeus	Стйлофарйнгэус	OK	Стйлофарйнгэус	checked: no structural quality flags	FMA; pattern consistency
FMA46665	salpingopharyngeus	Салпингофарйнгэус	OK	Салпингофарйнгэус	checked: no structural quality flags	FMA; pattern consistency
FMA46666	palatopharyngeus	Палатофарйнгэус	OK	Палатофарйнгэус	checked: no structural quality flags	FMA; pattern consistency
FMA46667	right stylopharyngeus	Правый стйлофарйнгэус	NEEDS_EXTERNAL_REVIEW		lost_information: English semantic markers require manual terminology verification	FMA; external review needed
FMA46668	left stylopharyngeus	Левый стйлофарйнгэус	NEEDS_EXTERNAL_REVIEW		lost_information: English semantic markers require manual terminology verification	FMA; external review needed
FMA46669	right salpingopharyngeus	Правый салпингофарйнгэус	NEEDS_EXTERNAL_REVIEW		lost_information: English semantic markers require manual terminology verification	FMA; external review needed
FMA46670	left salpingopharyngeus	Левый салпингофарйнгэус	NEEDS_EXTERNAL_REVIEW		lost_information: English semantic markers require manual terminology verification	FMA; external review needed
FMA46671	right palatopharyngeus	Правый палатофарйнгэус	NEEDS_EXTERNAL_REVIEW		lost_information: English semantic markers require manual terminology verification	FMA; external review needed
FMA46672	left palatopharyngeus	Левый палатофарйнгэус	NEEDS_EXTERNAL_REVIEW		lost_information: English semantic markers require manual terminology verification	FMA; external review needed
FMA46689	muscle of tongue	Мышца язык	NEEDS_EXTERNAL_REVIEW		lost_information: English semantic markers require manual terminology verification	FMA; external review needed
FMA46690	genioglossus	Гэниоглоссус	OK	Гэниоглоссус	checked: no structural quality flags	FMA; pattern consistency
FMA46691	hyoglossus	Хйоглоссус	OK	Хйоглоссус	checked: no structural quality flags	FMA; pattern consistency
FMA46698	right genioglossus	Правый гэниоглоссус	NEEDS_EXTERNAL_REVIEW		lost_information: English semantic markers require manual terminology verification	FMA; external review needed
FMA46699	extrinsic muscle of tongue	Экстринсик мышца язык	OK	Экстринсик мышца язык	checked: no structural quality flags	FMA; pattern consistency
FMA46702	left genioglossus	Левый гэниоглоссус	NEEDS_EXTERNAL_REVIEW		lost_information: English semantic markers require manual terminology verification	FMA; external review needed
FMA46703	right hyoglossus	Правый хйоглоссус	NEEDS_EXTERNAL_REVIEW		lost_information: English semantic markers require manual terminology verification	FMA; external review needed
FMA46704	left hyoglossus	Левый хйоглоссус	NEEDS_EXTERNAL_REVIEW		lost_information: English semantic markers require manual terminology verification	FMA; external review needed
FMA46726	muscle of palate	Мышца нёбо	NEEDS_EXTERNAL_REVIEW		lost_information: English semantic markers require manual terminology verification	FMA; external review needed
FMA46727	levator veli palatini	Мышца, поднимающая вэли палатини	OK	Мышца, поднимающая вэли палатини	checked: no structural quality flags	FMA; pattern consistency
FMA46728	right levator veli palatini	Правый мышца, поднимающая вэли палатини	NEEDS_EXTERNAL_REVIEW		lost_information: English semantic markers require manual terminology verification	FMA; external review needed
FMA46729	left levator veli palatini	Левый мышца, поднимающая вэли палатини	NEEDS_EXTERNAL_REVIEW		lost_information: English semantic markers require manual terminology verification	FMA; external review needed
FMA46730	tensor veli palatini	Напрягатель вэли палатини	OK	Напрягатель вэли палатини	checked: no structural quality flags	FMA; pattern consistency
FMA46731	right tensor veli palatini	Правый напрягатель вэли палатини	NEEDS_EXTERNAL_REVIEW		lost_information: English semantic markers require manual terminology verification	FMA; external review needed
FMA46732	left tensor veli palatini	Левый напрягатель вэли палатини	NEEDS_EXTERNAL_REVIEW		lost_information: English semantic markers require manual terminology verification	FMA; external review needed
FMA46733	uvular muscle	Увулар мышца	OK	Увулар мышца	checked: no structural quality flags	FMA; pattern consistency
FMA46751	muscle of face	Мышца лицо	NEEDS_EXTERNAL_REVIEW		lost_information: English semantic markers require manual terminology verification	FMA; external review needed
FMA49033	extra-ocular muscle	Экстра-окулар мышца	OK	Экстра-окулар мышца	checked: no structural quality flags	FMA; pattern consistency
FMA49035	superior rectus	Верхняя прямая мышца	OK	Верхняя прямая мышца	checked: no structural quality flags	FMA; pattern consistency
FMA49036	inferior rectus	Нижняя прямая мышца	OK	Нижняя прямая мышца	checked: no structural quality flags	FMA; pattern consistency
FMA49037	medial rectus	Медиальная прямая мышца	OK	Медиальная прямая мышца	checked: no structural quality flags	FMA; pattern consistency
FMA49038	lateral rectus	Латеральная прямая мышца	OK	Латеральная прямая мышца	checked: no structural quality flags	FMA; pattern consistency
FMA49039	superior oblique	Верхняя косая мышца	OK	Верхняя косая мышца	checked: no structural quality flags	FMA; pattern consistency
FMA49040	inferior oblique	Нижняя косая мышца	OK	Нижняя косая мышца	checked: no structural quality flags	FMA; pattern consistency
FMA49041	levator palpebrae superioris	Мышца, поднимающая век супэриорис	OK	Мышца, поднимающая век супэриорис	checked: no structural quality flags	FMA; pattern consistency
FMA49044	right superior rectus	Правый верхняя прямая мышца	FIX	Правая верхняя прямая мышца	laterality; lost_information	FMA; pattern consistency
FMA49045	left superior rectus	Левый верхняя прямая мышца	FIX	Левая верхняя прямая мышца	laterality; lost_information	FMA; pattern consistency
FMA49046	right inferior rectus	Правый нижняя прямая мышца	FIX	Правая нижняя прямая мышца	laterality; lost_information	FMA; pattern consistency
FMA49047	left inferior rectus	Левый нижняя прямая мышца	FIX	Левая нижняя прямая мышца	laterality; lost_information	FMA; pattern consistency
FMA49048	right levator palpebrae superioris	Правый мышца, поднимающая век супэриорис	NEEDS_EXTERNAL_REVIEW		lost_information: English semantic markers require manual terminology verification	FMA; external review needed
FMA49049	left levator palpebrae superioris	Левый мышца, поднимающая век супэриорис	NEEDS_EXTERNAL_REVIEW		lost_information: English semantic markers require manual terminology verification	FMA; external review needed
FMA49050	right inferior oblique	Правый нижняя косая мышца	FIX	Правая нижняя косая мышца	laterality; lost_information	FMA; pattern consistency
FMA49051	left inferior oblique	Левый нижняя косая мышца	FIX	Левая нижняя косая мышца	laterality; lost_information	FMA; pattern consistency
FMA49052	right superior oblique	Правый верхняя косая мышца	FIX	Правая верхняя косая мышца	laterality; lost_information	FMA; pattern consistency
FMA49053	left superior oblique	Левый верхняя косая мышца	FIX	Левая верхняя косая мышца	laterality; lost_information	FMA; pattern consistency
FMA49054	right lateral rectus	Правый латеральная прямая мышца	FIX	Правая латеральная прямая мышца	laterality; lost_information	FMA; pattern consistency
FMA49055	left lateral rectus	Левый латеральная прямая мышца	FIX	Левая латеральная прямая мышца	laterality; lost_information	FMA; pattern consistency
FMA49056	right medial rectus	Правый медиальная прямая мышца	FIX	Правая медиальная прямая мышца	laterality; lost_information	FMA; pattern consistency
FMA49057	left medial rectus	Левый медиальная прямая мышца	FIX	Левая медиальная прямая мышца	laterality; lost_information	FMA; pattern consistency
FMA49065	trochlea of superior oblique	Трочлэа верхняя косая мышца	OK	Трочлэа верхняя косая мышца	checked: no structural quality flags	FMA; pattern consistency
FMA49067	trochlea of right superior oblique	Трочлэа правый верхняя косая мышца	FIX	Трочлэа Правая верхняя косая мышца	laterality	FMA; pattern consistency
FMA49068	trochlea of left superior oblique	Трочлэа левый верхняя косая мышца	FIX	Трочлэа Левая верхняя косая мышца	laterality	FMA; pattern consistency
FMA49071	common tendinous ring	Общая сухожильная кольцо	OK	Общая сухожильная кольцо	checked: no structural quality flags	FMA; pattern consistency
FMA49072	right common tendinous ring	Правый общая сухожильная кольцо	NEEDS_EXTERNAL_REVIEW		lost_information: English semantic markers require manual terminology verification	FMA; external review needed
FMA49073	left common tendinous ring	Левый общая сухожильная кольцо	NEEDS_EXTERNAL_REVIEW		lost_information: English semantic markers require manual terminology verification	FMA; external review needed
FMA49143	check ligament of lateral rectus	Чэкк связка латеральная прямая мышца	NEEDS_EXTERNAL_REVIEW		other: complex multiword anatomical concept requires external terminology review	FMA; external review needed
FMA49144	check ligament of right lateral rectus	Чэкк связка правый латеральная прямая мышца	FIX	Чэкк связка Правая латеральная прямая мышца	laterality	FMA; pattern consistency
FMA49145	check ligament of left lateral rectus	Чэкк связка левый латеральная прямая мышца	FIX	Чэкк связка Левая латеральная прямая мышца	laterality	FMA; pattern consistency
FMA49146	check ligament of medial rectus	Чэкк связка медиальная прямая мышца	NEEDS_EXTERNAL_REVIEW		other: complex multiword anatomical concept requires external terminology review	FMA; external review needed
FMA49147	check ligament of right medial rectus	Чэкк связка правый медиальная прямая мышца	FIX	Чэкк связка Правая медиальная прямая мышца	laterality	FMA; pattern consistency
FMA49148	check ligament of left medial rectus	Чэкк связка левый медиальная прямая мышца	FIX	Чэкк связка Левая медиальная прямая мышца	laterality	FMA; pattern consistency
FMA49443	anatomical cluster	Анатомический кластер	OK	Анатомический кластер	checked: no structural quality flags	FMA; pattern consistency
FMA49868	ophthalmic artery	Офталмик артерия	OK	Офталмик артерия	checked: no structural quality flags	FMA; pattern consistency
FMA49869	right ophthalmic artery	Правый офталмик артерия	FIX	Правая офталмик артерия	laterality; lost_information	FMA; pattern consistency
FMA49870	left ophthalmic artery	Левый офталмик артерия	FIX	Левая офталмик артерия	laterality; lost_information	FMA; pattern consistency
FMA49893	coronary artery	Коронарная артерия	OK	Коронарная артерия	checked: no structural quality flags	FMA; pattern consistency
FMA49907	pulmonary venous tree organ	Лёгочный венозная дерево орган	OK	Лёгочный венозная дерево орган	checked: no structural quality flags	FMA; pattern consistency
FMA49908	superior pulmonary vein	Верхняя лёгочный вена	OK	Верхняя лёгочный вена	checked: no structural quality flags	FMA; pattern consistency
FMA49910	inferior pulmonary vein	Нижняя лёгочный вена	OK	Нижняя лёгочный вена	checked: no structural quality flags	FMA; pattern consistency
FMA49911	right inferior pulmonary vein	Правый нижняя лёгочный вена	FIX	Правая нижняя лёгочный вена	laterality; lost_information	FMA; pattern consistency
FMA49913	left inferior pulmonary vein	Левый нижняя лёгочный вена	FIX	Левая нижняя лёгочный вена	laterality; lost_information	FMA; pattern consistency
FMA49914	right superior pulmonary vein	Правый верхняя лёгочный вена	FIX	Правая верхняя лёгочный вена	laterality; lost_information	FMA; pattern consistency
FMA49916	left superior pulmonary vein	Левый верхняя лёгочный вена	FIX	Левая верхняя лёгочный вена	laterality; lost_information	FMA; pattern consistency
FMA49918	systemic arterial trunk	Системная артериальная туловище	OK	Системная артериальная туловище	checked: no structural quality flags	FMA; pattern consistency
FMA50028	anterior cerebral artery	Передняя мозговая артерия	OK	Передняя мозговая артерия	checked: no structural quality flags	FMA; pattern consistency
FMA50029	right anterior cerebral artery	Правый передняя мозговая артерия	FIX	Правая передняя мозговая артерия	laterality; lost_information	FMA; pattern consistency
FMA50030	left anterior cerebral artery	Левый передняя мозговая артерия	FIX	Левая передняя мозговая артерия	laterality; lost_information	FMA; pattern consistency
FMA50031	branch of anterior cerebral artery	Ветвь передней мозговой артерии	NEEDS_EXTERNAL_REVIEW		lost_information: English semantic markers require manual terminology verification	FMA; external review needed
FMA50080	zone of middle cerebral artery	Зона средняя мозговая артерия	OK	Зона средняя мозговая артерия	checked: no structural quality flags	FMA; pattern consistency
FMA50081	branch of middle cerebral artery	Ветвь средней мозговой артерии	NEEDS_EXTERNAL_REVIEW		lost_information: English semantic markers require manual terminology verification	FMA; external review needed
FMA50084	posterior communicating artery	Задняя соединительная артерия	OK	Задняя соединительная артерия	checked: no structural quality flags	FMA; pattern consistency
FMA50085	right posterior communicating artery	Правый задняя соединительная артерия	FIX	Правая задняя соединительная артерия	laterality; lost_information	FMA; pattern consistency
FMA50086	left posterior communicating artery	Левый задняя соединительная артерия	FIX	Левая задняя соединительная артерия	laterality; lost_information	FMA; pattern consistency
FMA50087	anterior choroidal artery	Передняя ворсинчатая артерия	OK	Передняя ворсинчатая артерия	checked: no structural quality flags	FMA; pattern consistency
FMA50088	right anterior choroidal artery	Правая передняя ворсинчатая артерия	NEEDS_EXTERNAL_REVIEW		lost_information: English semantic markers require manual terminology verification	FMA; external review needed
FMA50089	left anterior choroidal artery	Левая передняя ворсинчатая артерия	NEEDS_EXTERNAL_REVIEW		lost_information: English semantic markers require manual terminology verification	FMA; external review needed
FMA50112	branch of anterior choroidal artery	Ветвь передней ворсинчатой артерии	NEEDS_EXTERNAL_REVIEW		lost_information: English semantic markers require manual terminology verification	FMA; external review needed
FMA50119	branch of anterior choroidal artery to posterior limb of internal capsule	Ветвь передней ворсинчатой артерии к задней ножке внутренней капсулы	NEEDS_EXTERNAL_REVIEW		lost_information: English semantic markers require manual terminology verification	FMA; external review needed
FMA50146	branch of right anterior choroidal artery to posterior limb of right internal capsule	Ветвь правой передней ворсинчатой артерии к задней ножке правой внутренней капсулы	NEEDS_EXTERNAL_REVIEW		lost_information: English semantic markers require manual terminology verification	FMA; external review needed
FMA50147	branch of left anterior choroidal artery to posterior limb of left internal capsule	Ветвь левой передней ворсинчатой артерии к задней ножке левой внутренней капсулы	NEEDS_EXTERNAL_REVIEW		lost_information: English semantic markers require manual terminology verification	FMA; external review needed
FMA50168	branch of posterior communicating artery	Ветвь задней соединительной артерии	NEEDS_EXTERNAL_REVIEW		lost_information: English semantic markers require manual terminology verification	FMA; external review needed
FMA50169	anterior communicating artery	Передняя соединительная артерия	OK	Передняя соединительная артерия	checked: no structural quality flags	FMA; pattern consistency
FMA50185	musculature of subdivision of trunk	Мускулатура подразделение туловище	OK	Мускулатура подразделение туловище	checked: no structural quality flags	FMA; pattern consistency
FMA50200	musculature of subdivision of upper limb	Мускулатура подразделение верхняя конечность	OK	Мускулатура подразделение верхняя конечность	checked: no structural quality flags	FMA; pattern consistency
FMA50328	medial frontobasal artery	Медиальная фронтобасал артерия	OK	Медиальная фронтобасал артерия	checked: no structural quality flags	FMA; pattern consistency
FMA50330	callosomarginal artery	Мозолисто-краевая артерия	OK	Мозолисто-краевая артерия	checked: no structural quality flags	FMA; pattern consistency
FMA50331	branch of callosomarginal artery	Ветвь мозолисто-краевой артерии	NEEDS_EXTERNAL_REVIEW		lost_information: English semantic markers require manual terminology verification	FMA; external review needed
FMA50333	intermediomedial branch of callosomarginal artery	Промежуточно-медиальная ветвь мозолисто-краевой артерии	OK	Промежуточно-медиальная ветвь мозолисто-краевой артерии	checked: no structural quality flags	FMA; pattern consistency
FMA50334	posteromedial branch of callosomarginal artery	Заднемедиальная ветвь мозолисто-краевой артерии	OK	Заднемедиальная ветвь мозолисто-краевой артерии	checked: no structural quality flags	FMA; pattern consistency
FMA50336	paracentral branch of callosomarginal artery	Парацентральная ветвь мозолисто-краевой артерии	OK	Парацентральная ветвь мозолисто-краевой артерии	checked: no structural quality flags	FMA; pattern consistency
FMA50337	pericallosal artery	Пэрикаллосал артерия	OK	Пэрикаллосал артерия	checked: no structural quality flags	FMA; pattern consistency
FMA50338	branch of pericallosal artery	Ветвь околомозолистой артерии	NEEDS_EXTERNAL_REVIEW		lost_information: English semantic markers require manual terminology verification	FMA; external review needed
FMA50339	precuneal branch of pericallosal artery	Прэкунэал ветвь пэрикаллосал артерия	OK	Прэкунэал ветвь пэрикаллосал артерия	checked: no structural quality flags	FMA; pattern consistency
FMA50343	right medial frontobasal artery	Правый медиальная фронтобасал артерия	FIX	Правая медиальная фронтобасал артерия	laterality; lost_information	FMA; pattern consistency
FMA50344	left medial frontobasal artery	Левый медиальная фронтобасал артерия	FIX	Левая медиальная фронтобасал артерия	laterality; lost_information	FMA; pattern consistency
FMA50347	right callosomarginal artery	Правая мозолисто-краевая артерия	NEEDS_EXTERNAL_REVIEW		lost_information: English semantic markers require manual terminology verification	FMA; external review needed
FMA50348	left callosomarginal artery	Левая мозолисто-краевая артерия	NEEDS_EXTERNAL_REVIEW		lost_information: English semantic markers require manual terminology verification	FMA; external review needed
FMA50351	intermediomedial branch of right callosomarginal artery	Промежуточно-медиальная ветвь правой мозолисто-краевой артерии	NEEDS_EXTERNAL_REVIEW		other: complex multiword anatomical concept requires external terminology review	FMA; external review needed
FMA50352	intermediomedial branch of left callosomarginal artery	Промежуточно-медиальная ветвь левой мозолисто-краевой артерии	NEEDS_EXTERNAL_REVIEW		other: complex multiword anatomical concept requires external terminology review	FMA; external review needed
FMA50353	posteromedial branch of right callosomarginal artery	Заднемедиальная ветвь правой мозолисто-краевой артерии	NEEDS_EXTERNAL_REVIEW		other: complex multiword anatomical concept requires external terminology review	FMA; external review needed
FMA50354	posteromedial branch of left callosomarginal artery	Заднемедиальная ветвь левой мозолисто-краевой артерии	NEEDS_EXTERNAL_REVIEW		other: complex multiword anatomical concept requires external terminology review	FMA; external review needed
FMA50357	paracentral branch of right callosomarginal artery	Парацентральная ветвь правой мозолисто-краевой артерии	NEEDS_EXTERNAL_REVIEW		other: complex multiword anatomical concept requires external terminology review	FMA; external review needed
FMA50358	paracentral branch of left callosomarginal artery	Парацентральная ветвь левой мозолисто-краевой артерии	NEEDS_EXTERNAL_REVIEW		other: complex multiword anatomical concept requires external terminology review	FMA; external review needed
FMA50359	right pericallosal artery	Правый пэрикаллосал артерия	FIX	Правая пэрикаллосал артерия	laterality; lost_information	FMA; pattern consistency
FMA50360	left pericallosal artery	Левый пэрикаллосал артерия	FIX	Левая пэрикаллосал артерия	laterality; lost_information	FMA; pattern consistency
FMA50361	precuneal branch of right pericallosal artery	Прэкунэал ветвь правый пэрикаллосал артерия	FIX	Прэкунэал ветвь Правая пэрикаллосал артерия	laterality	FMA; pattern consistency
FMA50362	precuneal branch of left pericallosal artery	Прэкунэал ветвь левый пэрикаллосал артерия	FIX	Прэкунэал ветвь Левая пэрикаллосал артерия	laterality	FMA; pattern consistency
FMA50365	sphenoid part of middle cerebral artery	Сфэноид часть средняя мозговая артерия	NEEDS_EXTERNAL_REVIEW		other: complex multiword anatomical concept requires external terminology review	FMA; external review needed
FMA50366	sphenoid part of right middle cerebral artery	Сфэноид часть правый средняя мозговая артерия	FIX	Сфэноид часть Правая средняя мозговая артерия	laterality	FMA; pattern consistency
FMA50367	sphenoid part of left middle cerebral artery	Сфэноид часть левый средняя мозговая артерия	FIX	Сфэноид часть Левая средняя мозговая артерия	laterality	FMA; pattern consistency
FMA50368	insular part of middle cerebral artery	Инсулар часть средняя мозговая артерия	NEEDS_EXTERNAL_REVIEW		other: complex multiword anatomical concept requires external terminology review	FMA; external review needed
FMA50369	insular part of right middle cerebral artery	Инсулар часть правый средняя мозговая артерия	FIX	Инсулар часть Правая средняя мозговая артерия	laterality	FMA; pattern consistency
FMA50370	insular part of left middle cerebral artery	Инсулар часть левый средняя мозговая артерия	FIX	Инсулар часть Левая средняя мозговая артерия	laterality	FMA; pattern consistency
FMA50376	anterolateral central branch of middle cerebral artery	Переднелатеральная центральная ветвь средней мозговой артерии	NEEDS_EXTERNAL_REVIEW		other: complex multiword anatomical concept requires external terminology review	FMA; external review needed
FMA50377	anterolateral central branch of right middle cerebral artery	Переднелатеральная центральная ветвь правой средней мозговой артерии	NEEDS_EXTERNAL_REVIEW		other: complex multiword anatomical concept requires external terminology review	FMA; external review needed
FMA50378	anterolateral central branch of left middle cerebral artery	Переднелатеральная центральная ветвь левой средней мозговой артерии	NEEDS_EXTERNAL_REVIEW		other: complex multiword anatomical concept requires external terminology review	FMA; external review needed
FMA50379	polar temporal artery	Полярная височная артерия	OK	Полярная височная артерия	checked: no structural quality flags	FMA; pattern consistency
FMA50380	right polar temporal artery	Правый полярная височная артерия	FIX	Правая полярная височная артерия	laterality; lost_information	FMA; pattern consistency
FMA50381	left polar temporal artery	Левый полярная височная артерия	FIX	Левая полярная височная артерия	laterality; lost_information	FMA; pattern consistency
FMA50382	anterior temporal artery	Передняя височная артерия	OK	Передняя височная артерия	checked: no structural quality flags	FMA; pattern consistency
FMA50383	right anterior temporal artery	Правый передняя височная артерия	FIX	Правая передняя височная артерия	laterality; lost_information	FMA; pattern consistency
FMA50384	left anterior temporal artery	Левый передняя височная артерия	FIX	Левая передняя височная артерия	laterality; lost_information	FMA; pattern consistency
FMA50391	musculature of subdivision of free upper limb	Мускулатура подразделение свободная верхняя конечность	NEEDS_EXTERNAL_REVIEW		other: complex multiword anatomical concept requires external terminology review	FMA; external review needed
FMA50427	hypothalamic branch of posterior communicating artery	Хйпоталамик ветвь задняя соединительная артерия	NEEDS_EXTERNAL_REVIEW		other: complex multiword anatomical concept requires external terminology review	FMA; external review needed
FMA50428	hypothalamic branch of right posterior communicating artery	Хйпоталамик ветвь правый задняя соединительная артерия	FIX	Хйпоталамик ветвь Правая задняя соединительная артерия	laterality	FMA; pattern consistency
FMA50429	hypothalamic branch of left posterior communicating artery	Хйпоталамик ветвь левый задняя соединительная артерия	FIX	Хйпоталамик ветвь Левая задняя соединительная артерия	laterality	FMA; pattern consistency
FMA50436	superior terminal branch of middle cerebral artery	Верхняя концевая ветвь средняя мозговая артерия	NEEDS_EXTERNAL_REVIEW		other: complex multiword anatomical concept requires external terminology review	FMA; external review needed
FMA50437	prefrontal artery	Префронтальная артерия	OK	Префронтальная артерия	checked: no structural quality flags	FMA; pattern consistency
FMA50438	temporal artery	Височная артерия	OK	Височная артерия	checked: no structural quality flags	FMA; pattern consistency
FMA50439	inferior terminal branch of middle cerebral artery	Нижняя концевая ветвь средняя мозговая артерия	NEEDS_EXTERNAL_REVIEW		other: complex multiword anatomical concept requires external terminology review	FMA; external review needed
FMA50442	lateral frontobasal artery	Латеральная фронтобасал артерия	OK	Латеральная фронтобасал артерия	checked: no structural quality flags	FMA; pattern consistency
FMA50443	right lateral frontobasal artery	Правый латеральная фронтобасал артерия	FIX	Правая латеральная фронтобасал артерия	laterality; lost_information	FMA; pattern consistency
FMA50444	left lateral frontobasal artery	Левый латеральная фронтобасал артерия	FIX	Левая латеральная фронтобасал артерия	laterality; lost_information	FMA; pattern consistency
FMA50445	right prefrontal artery	Правый префронтальная артерия	FIX	Правая префронтальная артерия	laterality; lost_information	FMA; pattern consistency
FMA50466	middle temporal branch of middle cerebral artery	Средняя височная ветвь средняя мозговая артерия	NEEDS_EXTERNAL_REVIEW		other: complex multiword anatomical concept requires external terminology review	FMA; external review needed
FMA50467	middle temporal branch of right middle cerebral artery	Средняя височная ветвь правый средняя мозговая артерия	FIX	Средняя височная ветвь Правая средняя мозговая артерия	laterality	FMA; pattern consistency
FMA50468	middle temporal branch of left middle cerebral artery	Средняя височная ветвь левый средняя мозговая артерия	FIX	Средняя височная ветвь Левая средняя мозговая артерия	laterality	FMA; pattern consistency
FMA50469	posterior temporal branch of middle cerebral artery	Задняя височная ветвь средняя мозговая артерия	NEEDS_EXTERNAL_REVIEW		other: complex multiword anatomical concept requires external terminology review	FMA; external review needed
FMA50470	posterior temporal branch of right middle cerebral artery	Задняя височная ветвь правый средняя мозговая артерия	FIX	Задняя височная ветвь Правая средняя мозговая артерия	laterality	FMA; pattern consistency
FMA50471	posterior temporal branch of left middle cerebral artery	Задняя височная ветвь левый средняя мозговая артерия	FIX	Задняя височная ветвь Левая средняя мозговая артерия	laterality	FMA; pattern consistency
FMA50472	temporo-occipital branch of middle cerebral artery	Тэмпоро-оккипитал ветвь средняя мозговая артерия	NEEDS_EXTERNAL_REVIEW		other: complex multiword anatomical concept requires external terminology review	FMA; external review needed
FMA50473	temporo-occipital branch of right middle cerebral artery	Тэмпоро-оккипитал ветвь правый средняя мозговая артерия	FIX	Тэмпоро-оккипитал ветвь Правая средняя мозговая артерия	laterality	FMA; pattern consistency
FMA50474	temporo-occipital branch of left middle cerebral artery	Тэмпоро-оккипитал ветвь левый средняя мозговая артерия	FIX	Тэмпоро-оккипитал ветвь Левая средняя мозговая артерия	laterality	FMA; pattern consistency
FMA50475	branch of middle cerebral artery to angular gyrus	Ветвь средней мозговой артерии к угловой извилине	NEEDS_EXTERNAL_REVIEW		lost_information: English semantic markers require manual terminology verification	FMA; external review needed
FMA50476	branch of right middle cerebral artery to right angular gyrus	Ветвь правой средней мозговой артерии к правой угловой извилине	NEEDS_EXTERNAL_REVIEW		lost_information: English semantic markers require manual terminology verification	FMA; external review needed
FMA50477	branch of left middle cerebral artery to left angular gyrus	Ветвь левой средней мозговой артерии к левой угловой извилине	NEEDS_EXTERNAL_REVIEW		lost_information: English semantic markers require manual terminology verification	FMA; external review needed
FMA50478	left prefrontal artery	Левый префронтальная артерия	FIX	Левая префронтальная артерия	laterality; lost_information	FMA; pattern consistency
FMA50479	artery of precentral sulcus	Артерия прецентральной борозды	NEEDS_EXTERNAL_REVIEW		lost_information: English semantic markers require manual terminology verification	FMA; external review needed
FMA50480	artery of right precentral sulcus	Артерия правой прецентральной борозды	NEEDS_EXTERNAL_REVIEW		lost_information: English semantic markers require manual terminology verification	FMA; external review needed
FMA50481	artery of left precentral sulcus	Артерия левой прецентральной борозды	NEEDS_EXTERNAL_REVIEW		lost_information: English semantic markers require manual terminology verification	FMA; external review needed
FMA50482	artery of postcentral sulcus	Артерия постцентральной борозды	NEEDS_EXTERNAL_REVIEW		lost_information: English semantic markers require manual terminology verification	FMA; external review needed
FMA50483	artery of right postcentral sulcus	Артерия правой постцентральной борозды	NEEDS_EXTERNAL_REVIEW		lost_information: English semantic markers require manual terminology verification	FMA; external review needed
FMA50484	artery of left postcentral sulcus	Артерия левой постцентральной борозды	NEEDS_EXTERNAL_REVIEW		lost_information: English semantic markers require manual terminology verification	FMA; external review needed
FMA50485	anterior parietal artery	Передняя теменная артерия	OK	Передняя теменная артерия	checked: no structural quality flags	FMA; pattern consistency
FMA50486	right anterior parietal artery	Правый передняя теменная артерия	FIX	Правая передняя теменная артерия	laterality; lost_information	FMA; pattern consistency
FMA50487	left anterior parietal artery	Левый передняя теменная артерия	FIX	Левая передняя теменная артерия	laterality; lost_information	FMA; pattern consistency
FMA50488	posterior parietal artery	Задняя теменная артерия	OK	Задняя теменная артерия	checked: no structural quality flags	FMA; pattern consistency
FMA50489	right posterior parietal artery	Правый задняя теменная артерия	FIX	Правая задняя теменная артерия	laterality; lost_information	FMA; pattern consistency
FMA50490	left posterior parietal artery	Левый задняя теменная артерия	FIX	Левая задняя теменная артерия	laterality; lost_information	FMA; pattern consistency
FMA50518	posterior inferior cerebellar artery	Задняя нижняя мозжечковая артерия	OK	Задняя нижняя мозжечковая артерия	checked: no structural quality flags	FMA; pattern consistency
FMA50519	right posterior inferior cerebellar artery	Правый задняя нижняя мозжечковая артерия	FIX	Правая задняя нижняя мозжечковая артерия	laterality; lost_information	FMA; pattern consistency
FMA50520	left posterior inferior cerebellar artery	Левый задняя нижняя мозжечковая артерия	FIX	Левая задняя нижняя мозжечковая артерия	laterality; lost_information	FMA; pattern consistency
FMA50531	anterior spinal artery	Передняя спинномозговая артерия	OK	Передняя спинномозговая артерия	checked: no structural quality flags	FMA; pattern consistency
FMA50532	right anterior spinal artery	Правый передняя спинномозговая артерия	FIX	Правая передняя спинномозговая артерия	laterality; lost_information	FMA; pattern consistency
FMA50533	left anterior spinal artery	Левый передняя спинномозговая артерия	FIX	Левая передняя спинномозговая артерия	laterality; lost_information	FMA; pattern consistency
FMA50542	basilar artery	Базилярная артерия	OK	Базилярная артерия	checked: no structural quality flags	FMA; pattern consistency
FMA50544	anterior inferior cerebellar artery	Передняя нижняя мозжечковая артерия	OK	Передняя нижняя мозжечковая артерия	checked: no structural quality flags	FMA; pattern consistency
FMA50563	branch of pontine artery	Ветвь мостовой артерии	NEEDS_EXTERNAL_REVIEW		lost_information: English semantic markers require manual terminology verification	FMA; external review needed
FMA50564	medial branch of pontine artery	Медиальная ветвь мостовая артерия	OK	Медиальная ветвь мостовая артерия	checked: no structural quality flags	FMA; pattern consistency
FMA50565	lateral branch of pontine artery	Латеральная ветвь мостовая артерия	OK	Латеральная ветвь мостовая артерия	checked: no structural quality flags	FMA; pattern consistency
FMA50566	medial branch of right pontine artery	Медиальная ветвь правый мостовая артерия	FIX	Медиальная ветвь Правая мостовая артерия	laterality	FMA; pattern consistency
FMA50567	medial branch of left pontine artery	Медиальная ветвь левый мостовая артерия	FIX	Медиальная ветвь Левая мостовая артерия	laterality	FMA; pattern consistency
FMA50568	lateral branch of right pontine artery	Латеральная ветвь правый мостовая артерия	FIX	Латеральная ветвь Правая мостовая артерия	laterality	FMA; pattern consistency
FMA50569	lateral branch of left pontine artery	Латеральная ветвь левый мостовая артерия	FIX	Латеральная ветвь Левая мостовая артерия	laterality	FMA; pattern consistency
FMA50573	superior cerebellar artery	Верхняя мозжечковая артерия	OK	Верхняя мозжечковая артерия	checked: no structural quality flags	FMA; pattern consistency
FMA50574	right superior cerebellar artery	Правый верхняя мозжечковая артерия	FIX	Правая верхняя мозжечковая артерия	laterality; lost_information	FMA; pattern consistency
FMA50575	left superior cerebellar artery	Левый верхняя мозжечковая артерия	FIX	Левая верхняя мозжечковая артерия	laterality; lost_information	FMA; pattern consistency
FMA50576	branch of superior cerebellar artery	Ветвь верхняя мозжечковая артерия	NEEDS_EXTERNAL_REVIEW		lost_information: English semantic markers require manual terminology verification	FMA; external review needed
FMA50577	lateral superior cerebellar artery	Латеральная верхняя мозжечковая артерия	OK	Латеральная верхняя мозжечковая артерия	checked: no structural quality flags	FMA; pattern consistency
FMA50578	lateral branch of right superior cerebellar artery	Латеральная ветвь правый верхняя мозжечковая артерия	FIX	Латеральная ветвь Правая верхняя мозжечковая артерия	laterality	FMA; pattern consistency
FMA50579	lateral branch of left superior cerebellar artery	Латеральная ветвь левый верхняя мозжечковая артерия	FIX	Латеральная ветвь Левая верхняя мозжечковая артерия	laterality	FMA; pattern consistency
FMA50580	medial branch of superior cerebellar artery	Медиальная ветвь верхняя мозжечковая артерия	NEEDS_EXTERNAL_REVIEW		other: complex multiword anatomical concept requires external terminology review	FMA; external review needed
FMA50581	medial branch of right superior cerebellar artery	Медиальная ветвь правый верхняя мозжечковая артерия	FIX	Медиальная ветвь Правая верхняя мозжечковая артерия	laterality	FMA; pattern consistency
FMA50582	medial branch of left superior cerebellar artery	Медиальная ветвь левый верхняя мозжечковая артерия	FIX	Медиальная ветвь Левая верхняя мозжечковая артерия	laterality	FMA; pattern consistency
FMA50586	branch of posterior cerebral artery	Ветвь задней мозговой артерии	NEEDS_EXTERNAL_REVIEW		lost_information: English semantic markers require manual terminology verification	FMA; external review needed
FMA50587	posteromedial central branch of posterior cerebral artery	Постэромэдиал центральная ветвь задняя мозговая артерия	NEEDS_EXTERNAL_REVIEW		other: complex multiword anatomical concept requires external terminology review	FMA; external review needed
FMA50589	zone of posterior cerebral artery	Зона задняя мозговая артерия	OK	Зона задняя мозговая артерия	checked: no structural quality flags	FMA; pattern consistency
FMA50590	precommunicating part of posterior cerebral artery	Прэкоммуникатинг часть задняя мозговая артерия	NEEDS_EXTERNAL_REVIEW		other: complex multiword anatomical concept requires external terminology review	FMA; external review needed
FMA50591	postcommunicating part of posterior cerebral artery	Посткоммуникатинг часть задняя мозговая артерия	NEEDS_EXTERNAL_REVIEW		other: complex multiword anatomical concept requires external terminology review	FMA; external review needed
FMA50624	thalamoperforating artery	Таламопэрфоратинг артерия	OK	Таламопэрфоратинг артерия	checked: no structural quality flags	FMA; pattern consistency
FMA50629	thalamogeniculate artery	Таламогэникулатэ артерия	OK	Таламогэникулатэ артерия	checked: no structural quality flags	FMA; pattern consistency
FMA50630	posterior medial choroidal artery	Задняя медиальная ворсинчатая артерия	OK	Задняя медиальная ворсинчатая артерия	checked: no structural quality flags	FMA; pattern consistency
FMA50633	lateral occipital artery	Латеральная затылочная артерия	OK	Латеральная затылочная артерия	checked: no structural quality flags	FMA; pattern consistency
FMA50638	medial occipital artery	Медиальная затылочная артерия	OK	Медиальная затылочная артерия	checked: no structural quality flags	FMA; pattern consistency
FMA50639	precommunicating part of right posterior cerebral artery	Прэкоммуникатинг часть правый задняя мозговая артерия	FIX	Прэкоммуникатинг часть Правая задняя мозговая артерия	laterality	FMA; pattern consistency
FMA50640	precommunicating part of left posterior cerebral artery	Прэкоммуникатинг часть левый задняя мозговая артерия	FIX	Прэкоммуникатинг часть Левая задняя мозговая артерия	laterality	FMA; pattern consistency
FMA50641	postcommunicating part of right posterior cerebral artery	Посткоммуникатинг часть правый задняя мозговая артерия	FIX	Посткоммуникатинг часть Правая задняя мозговая артерия	laterality	FMA; pattern consistency
FMA50642	postcommunicating part of left posterior cerebral artery	Посткоммуникатинг часть левый задняя мозговая артерия	FIX	Посткоммуникатинг часть Левая задняя мозговая артерия	laterality	FMA; pattern consistency
FMA50643	right lateral occipital artery	Правый латеральная затылочная артерия	FIX	Правая латеральная затылочная артерия	laterality; lost_information	FMA; pattern consistency
FMA50644	left lateral occipital artery	Левый латеральная затылочная артерия	FIX	Левая латеральная затылочная артерия	laterality; lost_information	FMA; pattern consistency
FMA50645	right medial occipital artery	Правый медиальная затылочная артерия	FIX	Правая медиальная затылочная артерия	laterality; lost_information	FMA; pattern consistency
FMA50646	left medial occipital artery	Левый медиальная затылочная артерия	FIX	Левая медиальная затылочная артерия	laterality; lost_information	FMA; pattern consistency
FMA50647	branch of lateral occipital artery	Ветвь латеральной затылочной артерии	NEEDS_EXTERNAL_REVIEW		lost_information: English semantic markers require manual terminology verification	FMA; external review needed
FMA50648	anterior temporal branch of lateral occipital artery	Передняя височная ветвь латеральной затылочной артерии	NEEDS_EXTERNAL_REVIEW		other: complex multiword anatomical concept requires external terminology review	FMA; external review needed
FMA50649	middle temporal branch of lateral occipital artery	Средняя височная ветвь латеральная затылочная артерия	NEEDS_EXTERNAL_REVIEW		other: complex multiword anatomical concept requires external terminology review	FMA; external review needed
FMA50651	branch of medial occipital artery	Ветвь медиальной затылочной артерии	NEEDS_EXTERNAL_REVIEW		lost_information: English semantic markers require manual terminology verification	FMA; external review needed
FMA50652	splenial artery	Сплэниал артерия	OK	Сплэниал артерия	checked: no structural quality flags	FMA; pattern consistency
FMA50660	posteromedial central branch of right posterior cerebral artery	Постэромэдиал центральная ветвь правый задняя мозговая артерия	FIX	Постэромэдиал центральная ветвь Правая задняя мозговая артерия	laterality	FMA; pattern consistency
FMA50661	posteromedial central branch of left posterior cerebral artery	Постэромэдиал центральная ветвь левый задняя мозговая артерия	FIX	Постэромэдиал центральная ветвь Левая задняя мозговая артерия	laterality	FMA; pattern consistency
FMA50664	right thalamoperforating artery	Правый таламопэрфоратинг артерия	FIX	Правая таламопэрфоратинг артерия	laterality; lost_information	FMA; pattern consistency
FMA50665	left thalamoperforating artery	Левый таламопэрфоратинг артерия	FIX	Левая таламопэрфоратинг артерия	laterality; lost_information	FMA; pattern consistency
FMA50670	right thalamogeniculate artery	Правый таламогэникулатэ артерия	FIX	Правая таламогэникулатэ артерия	laterality; lost_information	FMA; pattern consistency
FMA50671	left thalamogeniculate artery	Левый таламогэникулатэ артерия	FIX	Левая таламогэникулатэ артерия	laterality; lost_information	FMA; pattern consistency
FMA50672	right posterior medial choroidal artery	Правая задняя медиальная ворсинчатая артерия	NEEDS_EXTERNAL_REVIEW		lost_information: English semantic markers require manual terminology verification	FMA; external review needed
FMA50673	left posterior medial choroidal artery	Левая задняя медиальная ворсинчатая артерия	NEEDS_EXTERNAL_REVIEW		lost_information: English semantic markers require manual terminology verification	FMA; external review needed
FMA50678	anterior temporal branch of right lateral occipital artery	Передняя височная ветвь правой латеральной затылочной артерии	NEEDS_EXTERNAL_REVIEW		other: complex multiword anatomical concept requires external terminology review	FMA; external review needed
FMA50679	anterior temporal branch of left lateral occipital artery	Передняя височная ветвь левой латеральной затылочной артерии	NEEDS_EXTERNAL_REVIEW		other: complex multiword anatomical concept requires external terminology review	FMA; external review needed
FMA50680	middle temporal branch of right lateral occipital artery	Средняя височная ветвь правый латеральная затылочная артерия	FIX	Средняя височная ветвь Правая латеральная затылочная артерия	laterality	FMA; pattern consistency
FMA50681	middle temporal branch of left lateral occipital artery	Средняя височная ветвь левый латеральная затылочная артерия	FIX	Средняя височная ветвь Левая латеральная затылочная артерия	laterality	FMA; pattern consistency
FMA50684	right splenial artery	Правый сплэниал артерия	FIX	Правая сплэниал артерия	laterality; lost_information	FMA; pattern consistency
FMA50685	left splenial artery	Левый сплэниал артерия	FIX	Левая сплэниал артерия	laterality; lost_information	FMA; pattern consistency
FMA50694	branch of medial branch of superior cerebellar artery	Ветвь медиальной ветви верхней мозжечковой артерии	NEEDS_EXTERNAL_REVIEW		other: complex multiword anatomical concept requires external terminology review	FMA; external review needed
FMA50695	superior vermian branch of medial branch of superior cerebellar artery	Верхняя червячная ветвь медиальной ветви верхней мозжечковой артерии	NEEDS_EXTERNAL_REVIEW		other: complex multiword anatomical concept requires external terminology review	FMA; external review needed
FMA50696	superior vermian branch of medial branch of right superior cerebellar artery	Верхняя червячная ветвь медиальной ветви правой верхней мозжечковой артерии	NEEDS_EXTERNAL_REVIEW		other: complex multiword anatomical concept requires external terminology review	FMA; external review needed
FMA50697	superior vermian branch of medial branch of left superior cerebellar artery	Верхняя червячная ветвь медиальной ветви левой верхней мозжечковой артерии	NEEDS_EXTERNAL_REVIEW		other: complex multiword anatomical concept requires external terminology review	FMA; external review needed
FMA50705	anatomical boundary entity	Анатомическая граничная сущность	OK	Анатомическая граничная сущность	checked: no structural quality flags	FMA; pattern consistency
FMA50720	artery	Артерия	NEEDS_EXTERNAL_REVIEW		lost_information: English semantic markers require manual terminology verification	FMA; external review needed
FMA50722	region of vascular tree organ	Область сосудистое дерево орган	OK	Область сосудистое дерево орган	checked: no structural quality flags	FMA; pattern consistency
FMA50723	vein	Вена	NEEDS_EXTERNAL_REVIEW		lost_information: English semantic markers require manual terminology verification	FMA; external review needed
FMA50735	hepatic portal vein	Печёночная воротная вена	OK	Печёночная воротная вена	checked: no structural quality flags	FMA; pattern consistency
FMA50736	subdivision of pre-hepatic portal vein	Подразделение прэ-хэпатик воротная вена	OK	Подразделение прэ-хэпатик воротная вена	checked: no structural quality flags	FMA; pattern consistency
FMA50737	celiac artery	Чревная артерия	OK	Чревная артерия	checked: no structural quality flags	FMA; pattern consistency
FMA50859	right suprascapular vein	Правая надлопаточная вена	NEEDS_EXTERNAL_REVIEW		lost_information: English semantic markers require manual terminology verification	FMA; external review needed
FMA50860	left suprascapular vein	Левая надлопаточная вена	NEEDS_EXTERNAL_REVIEW		lost_information: English semantic markers require manual terminology verification	FMA; external review needed
FMA50863	optic nerve	Зрительный нерв	OK	Зрительный нерв	checked: no structural quality flags	FMA; pattern consistency
FMA50865	trochlear nerve	Трочлэар нерв	OK	Трочлэар нерв	checked: no structural quality flags	FMA; pattern consistency
FMA50872	right pulmonary artery	Правый лёгочный артерия	FIX	Правая лёгочный артерия	laterality; lost_information	FMA; pattern consistency
FMA50873	left pulmonary artery	Левый лёгочный артерия	FIX	Левая лёгочный артерия	laterality; lost_information	FMA; pattern consistency
FMA50875	right optic nerve	Правый зрительный нерв	NEEDS_EXTERNAL_REVIEW		lost_information: English semantic markers require manual terminology verification	FMA; external review needed
FMA50878	left optic nerve	Левый зрительный нерв	NEEDS_EXTERNAL_REVIEW		lost_information: English semantic markers require manual terminology verification	FMA; external review needed
FMA50881	right trochlear nerve	Правый трочлэар нерв	NEEDS_EXTERNAL_REVIEW		lost_information: English semantic markers require manual terminology verification	FMA; external review needed
FMA50882	left trochlear nerve	Левый трочлэар нерв	NEEDS_EXTERNAL_REVIEW		lost_information: English semantic markers require manual terminology verification	FMA; external review needed
FMA51041	deep femoral vein	Глубокая бедренная вена	OK	Глубокая бедренная вена	checked: no structural quality flags	FMA; pattern consistency
FMA51042	right deep femoral vein	Правый глубокая бедренная вена	FIX	Правая глубокая бедренная вена	laterality; lost_information	FMA; pattern consistency
FMA51043	left deep femoral vein	Левый глубокая бедренная вена	FIX	Левая глубокая бедренная вена	laterality; lost_information	FMA; pattern consistency
FMA51048	iliotibial tract	Илиотибиал проводящий путь	OK	Илиотибиал проводящий путь	checked: no structural quality flags	FMA; pattern consistency
FMA51061	calcaneal tendon	Пяточное сухожилие	OK	Пяточное сухожилие	checked: no structural quality flags	FMA; pattern consistency
FMA51071	flexor digitorum longus	Сгибатель пальцев длинная	OK	Сгибатель пальцев длинная	checked: no structural quality flags	FMA; pattern consistency
FMA51099	tibialis posterior	Тибиалис задняя	OK	Тибиалис задняя	checked: no structural quality flags	FMA; pattern consistency
FMA51141	extensor hallucis brevis	Разгибатель большого пальца стопы короткая	NEEDS_EXTERNAL_REVIEW		other: complex multiword anatomical concept requires external terminology review	FMA; external review needed
FMA51144	right extensor hallucis brevis	Правый разгибатель большого пальца стопы короткая	NEEDS_EXTERNAL_REVIEW		lost_information: English semantic markers require manual terminology verification	FMA; external review needed
FMA51145	left extensor hallucis brevis	Левый разгибатель большого пальца стопы короткая	NEEDS_EXTERNAL_REVIEW		lost_information: English semantic markers require manual terminology verification	FMA; external review needed
FMA51886	branch of cerebral arterial circle	Ветвь артериального круга большого мозга	NEEDS_EXTERNAL_REVIEW		lost_information: English semantic markers require manual terminology verification	FMA; external review needed
FMA52570	branch of cranial nerve	Ветвь черепного нерва	NEEDS_EXTERNAL_REVIEW		lost_information: English semantic markers require manual terminology verification	FMA; external review needed
FMA52571	branch of oculomotor nerve	Ветвь глазодвигательного нерва	NEEDS_EXTERNAL_REVIEW		lost_information: English semantic markers require manual terminology verification	FMA; external review needed
FMA52572	superior branch of oculomotor nerve	Верхняя ветвь окуломотор нерв	OK	Верхняя ветвь окуломотор нерв	checked: no structural quality flags	FMA; pattern consistency
FMA52573	inferior branch of oculomotor nerve	Нижняя ветвь окуломотор нерв	OK	Нижняя ветвь окуломотор нерв	checked: no structural quality flags	FMA; pattern consistency
FMA52574	superior branch of right oculomotor nerve	Верхняя ветвь правый окуломотор нерв	NEEDS_EXTERNAL_REVIEW		other: complex multiword anatomical concept requires external terminology review	FMA; external review needed
FMA52575	superior branch of left oculomotor nerve	Верхняя ветвь левый окуломотор нерв	NEEDS_EXTERNAL_REVIEW		other: complex multiword anatomical concept requires external terminology review	FMA; external review needed
FMA52576	inferior branch of right oculomotor nerve	Нижняя ветвь правый окуломотор нерв	NEEDS_EXTERNAL_REVIEW		other: complex multiword anatomical concept requires external terminology review	FMA; external review needed
FMA52577	inferior branch of left oculomotor nerve	Нижняя ветвь левый окуломотор нерв	NEEDS_EXTERNAL_REVIEW		other: complex multiword anatomical concept requires external terminology review	FMA; external review needed
FMA52607	branch of trigeminal nerve	Ветвь тригэминал нерв	NEEDS_EXTERNAL_REVIEW		lost_information: English semantic markers require manual terminology verification	FMA; external review needed
FMA52621	ophthalmic nerve	Офталмик нерв	OK	Офталмик нерв	checked: no structural quality flags	FMA; pattern consistency
FMA52622	right ophthalmic nerve	Правый офталмик нерв	NEEDS_EXTERNAL_REVIEW		lost_information: English semantic markers require manual terminology verification	FMA; external review needed
FMA52623	left ophthalmic nerve	Левый офталмик нерв	NEEDS_EXTERNAL_REVIEW		lost_information: English semantic markers require manual terminology verification	FMA; external review needed
FMA52624	branch of ophthalmic nerve	Ветвь глазного нерва	NEEDS_EXTERNAL_REVIEW		lost_information: English semantic markers require manual terminology verification	FMA; external review needed
FMA52628	lacrimal nerve	Слёзная нерв	OK	Слёзная нерв	checked: no structural quality flags	FMA; pattern consistency
FMA52629	right lacrimal nerve	Правый слёзная нерв	NEEDS_EXTERNAL_REVIEW		lost_information: English semantic markers require manual terminology verification	FMA; external review needed
FMA52630	left lacrimal nerve	Левый слёзная нерв	NEEDS_EXTERNAL_REVIEW		lost_information: English semantic markers require manual terminology verification	FMA; external review needed
FMA52638	frontal nerve	Лобная нерв	OK	Лобная нерв	checked: no structural quality flags	FMA; pattern consistency
FMA52639	right frontal nerve	Правый лобная нерв	NEEDS_EXTERNAL_REVIEW		lost_information: English semantic markers require manual terminology verification	FMA; external review needed
FMA52640	left frontal nerve	Левый лобная нерв	NEEDS_EXTERNAL_REVIEW		lost_information: English semantic markers require manual terminology verification	FMA; external review needed
FMA52641	branch of frontal nerve	Ветвь лобного нерва	NEEDS_EXTERNAL_REVIEW		lost_information: English semantic markers require manual terminology verification	FMA; external review needed
FMA52642	supratrochlear nerve	надблоковый нерв	OK	надблоковый нерв	checked: no structural quality flags	FMA; pattern consistency
FMA52643	right supratrochlear nerve	Правый надблоковый нерв	NEEDS_EXTERNAL_REVIEW		lost_information: English semantic markers require manual terminology verification	FMA; external review needed
FMA52644	left supratrochlear nerve	Левый надблоковый нерв	NEEDS_EXTERNAL_REVIEW		lost_information: English semantic markers require manual terminology verification	FMA; external review needed
FMA52655	supra-orbital nerve	Супра-орбитал нерв	OK	Супра-орбитал нерв	checked: no structural quality flags	FMA; pattern consistency
FMA52656	right supra-orbital nerve	Правый супра-орбитал нерв	NEEDS_EXTERNAL_REVIEW		lost_information: English semantic markers require manual terminology verification	FMA; external review needed
FMA52657	left supra-orbital nerve	Левый супра-орбитал нерв	NEEDS_EXTERNAL_REVIEW		lost_information: English semantic markers require manual terminology verification	FMA; external review needed
FMA52668	nasociliary nerve	Насокилиарй нерв	OK	Насокилиарй нерв	checked: no structural quality flags	FMA; pattern consistency
FMA52669	right nasociliary nerve	Правый насокилиарй нерв	NEEDS_EXTERNAL_REVIEW		lost_information: English semantic markers require manual terminology verification	FMA; external review needed
FMA52670	left nasociliary nerve	Левый насокилиарй нерв	NEEDS_EXTERNAL_REVIEW		lost_information: English semantic markers require manual terminology verification	FMA; external review needed
FMA52671	branch of nasociliary nerve	Ветвь носоресничного нерва	NEEDS_EXTERNAL_REVIEW		lost_information: English semantic markers require manual terminology verification	FMA; external review needed
FMA52672	communicating branch of nasociliary nerve with ciliary ganglion	Соединительная ветвь насокилиарй нерв вит ресничная ганглий	NEEDS_EXTERNAL_REVIEW		other: complex multiword anatomical concept requires external terminology review	FMA; external review needed
FMA52673	communicating branch of right nasociliary nerve with right ciliary ganglion	Ветвь правого носоресничного нерва к правому ресничному узлу	NEEDS_EXTERNAL_REVIEW		lost_information: English semantic markers require manual terminology verification	FMA; external review needed
FMA52674	communicating branch of left nasociliary nerve with left ciliary ganglion	Ветвь левого носоресничного нерва к левому ресничному узлу	NEEDS_EXTERNAL_REVIEW		lost_information: English semantic markers require manual terminology verification	FMA; external review needed
FMA52675	anterior ethmoidal nerve	Передний решётчатый нерв	OK	Передний решётчатый нерв	checked: no structural quality flags	FMA; pattern consistency
FMA52676	right anterior ethmoidal nerve	Правый передняя этмоидал нерв	NEEDS_EXTERNAL_REVIEW		lost_information: English semantic markers require manual terminology verification	FMA; external review needed
FMA52677	left anterior ethmoidal nerve	Левый передняя этмоидал нерв	NEEDS_EXTERNAL_REVIEW		lost_information: English semantic markers require manual terminology verification	FMA; external review needed
FMA52691	long ciliary nerve	Длинная ресничная нерв	OK	Длинная ресничная нерв	checked: no structural quality flags	FMA; pattern consistency
FMA52693	infratrochlear nerve	Инфратрочлэар нерв	OK	Инфратрочлэар нерв	checked: no structural quality flags	FMA; pattern consistency
FMA52698	right infratrochlear nerve	Правый инфратрочлэар нерв	NEEDS_EXTERNAL_REVIEW		lost_information: English semantic markers require manual terminology verification	FMA; external review needed
FMA52699	left infratrochlear nerve	Левый инфратрочлэар нерв	NEEDS_EXTERNAL_REVIEW		lost_information: English semantic markers require manual terminology verification	FMA; external review needed
FMA52714	posterior ethmoidal nerve	Задняя этмоидал нерв	OK	Задняя этмоидал нерв	checked: no structural quality flags	FMA; pattern consistency
FMA52715	right posterior ethmoidal nerve	Правый задняя этмоидал нерв	NEEDS_EXTERNAL_REVIEW		lost_information: English semantic markers require manual terminology verification	FMA; external review needed
FMA52716	left posterior ethmoidal nerve	Левый задняя этмоидал нерв	NEEDS_EXTERNAL_REVIEW		lost_information: English semantic markers require manual terminology verification	FMA; external review needed
FMA52734	frontal bone	Лобная кость	OK	Лобная кость	checked: no structural quality flags	FMA; pattern consistency
FMA52735	occipital bone	Затылочная кость	OK	Затылочная кость	checked: no structural quality flags	FMA; pattern consistency
FMA52736	sphenoid bone	Сфэноид кость	OK	Сфэноид кость	checked: no structural quality flags	FMA; pattern consistency
FMA52737	temporal bone	Височная кость	OK	Височная кость	checked: no structural quality flags	FMA; pattern consistency
FMA52738	right temporal bone	Правый височная кость	FIX	Правая височная кость	laterality; lost_information	FMA; pattern consistency
FMA52739	left temporal bone	Левый височная кость	FIX	Левая височная кость	laterality; lost_information	FMA; pattern consistency
FMA52740	ethmoid	Этмоид	OK	Этмоид	checked: no structural quality flags	FMA; pattern consistency
FMA52741	lacrimal bone	Слёзная кость	OK	Слёзная кость	checked: no structural quality flags	FMA; pattern consistency
FMA52745	nasal bone	Носовая кость	OK	Носовая кость	checked: no structural quality flags	FMA; pattern consistency
FMA52746	palatine bone	Палатинэ кость	OK	Палатинэ кость	checked: no structural quality flags	FMA; pattern consistency
FMA52747	zygomatic bone	Зйгоматик кость	OK	Зйгоматик кость	checked: no structural quality flags	FMA; pattern consistency
FMA52748	mandible	Нижняя челюсть	OK	Нижняя челюсть	checked: no structural quality flags	FMA; pattern consistency
FMA52749	hyoid bone	Подъязычная кость кость	OK	Подъязычная кость кость	checked: no structural quality flags	FMA; pattern consistency
FMA52781	external ear	Наружная эар	OK	Наружная эар	checked: no structural quality flags	FMA; pattern consistency
FMA52788	right parietal bone	Правый теменная кость	FIX	Правая теменная кость	laterality; lost_information	FMA; pattern consistency
FMA52789	left parietal bone	Левый теменная кость	FIX	Левая теменная кость	laterality; lost_information	FMA; pattern consistency
FMA52892	right zygomatic bone	Правый зйгоматик кость	FIX	Правая зйгоматик кость	laterality; lost_information	FMA; pattern consistency
FMA52893	left zygomatic bone	Левый зйгоматик кость	FIX	Левая зйгоматик кость	laterality; lost_information	FMA; pattern consistency
FMA53549	right ciliary ganglion	Правый ресничная ганглий	NEEDS_EXTERNAL_REVIEW		lost_information: English semantic markers require manual terminology verification	FMA; external review needed
FMA53550	left ciliary ganglion	Левый ресничная ганглий	NEEDS_EXTERNAL_REVIEW		lost_information: English semantic markers require manual terminology verification	FMA; external review needed
FMA53645	right lacrimal bone	Правый слёзная кость	FIX	Правая слёзная кость	laterality; lost_information	FMA; pattern consistency
FMA53646	left lacrimal bone	Левый слёзная кость	FIX	Левая слёзная кость	laterality; lost_information	FMA; pattern consistency
FMA53647	right nasal bone	Правый носовая кость	FIX	Правая носовая кость	laterality; lost_information	FMA; pattern consistency
FMA53648	left nasal bone	Левый носовая кость	FIX	Левая носовая кость	laterality; lost_information	FMA; pattern consistency
FMA53649	right maxilla	Правый верхняя челюсть	NEEDS_EXTERNAL_REVIEW		lost_information: English semantic markers require manual terminology verification	FMA; external review needed
FMA53650	left maxilla	Левый верхняя челюсть	NEEDS_EXTERNAL_REVIEW		lost_information: English semantic markers require manual terminology verification	FMA; external review needed
FMA53655	right palatine bone	Правый палатинэ кость	FIX	Правая палатинэ кость	laterality; lost_information	FMA; pattern consistency
FMA53656	left palatine bone	Левый палатинэ кость	FIX	Левая палатинэ кость	laterality; lost_information	FMA; pattern consistency
FMA53667	hair	Волос	OK	Волос	checked: no structural quality flags	FMA; pattern consistency
FMA54158	tendon of levator palpebrae superioris	Сухожилие мышца, поднимающая век супэриорис	NEEDS_EXTERNAL_REVIEW		other: complex multiword anatomical concept requires external terminology review	FMA; external review needed
FMA54159	tendon of right levator palpebrae superioris	Сухожилие правый мышца, поднимающая век супэриорис	NEEDS_EXTERNAL_REVIEW		other: complex multiword anatomical concept requires external terminology review	FMA; external review needed
FMA54237	eyebrow	Эйэбров	OK	Эйэбров	checked: no structural quality flags	FMA; pattern consistency
FMA54241	hair of head	Волос головка	OK	Волос головка	checked: no structural quality flags	FMA; pattern consistency
FMA54250	hair of trunk	Волос туловище	OK	Волос туловище	checked: no structural quality flags	FMA; pattern consistency
FMA54319	pubic hair	Пубик волос	OK	Пубик волос	checked: no structural quality flags	FMA; pattern consistency
FMA54393	subdivision of face	Подразделение лицо	OK	Подразделение лицо	checked: no structural quality flags	FMA; pattern consistency
FMA54640	tongue	Язык	OK	Язык	checked: no structural quality flags	FMA; pattern consistency
FMA54736	inferior nasal concha	Нижняя носовая конча	OK	Нижняя носовая конча	checked: no structural quality flags	FMA; pattern consistency
FMA54737	right inferior nasal concha	Правый нижняя носовая конча	NEEDS_EXTERNAL_REVIEW		lost_information: English semantic markers require manual terminology verification	FMA; external review needed
FMA54738	left inferior nasal concha	Левый нижняя носовая конча	NEEDS_EXTERNAL_REVIEW		lost_information: English semantic markers require manual terminology verification	FMA; external review needed
FMA54839	interosseous membrane	Межкостная оболочка	OK	Межкостная оболочка	checked: no structural quality flags	FMA; pattern consistency
FMA54877	subdivision of pharynx	Подразделение глотка	OK	Подразделение глотка	checked: no structural quality flags	FMA; pattern consistency
FMA54921	extrinsic ligament of larynx	Экстринсик связка гортань	OK	Экстринсик связка гортань	checked: no structural quality flags	FMA; pattern consistency
FMA55053	subdivision of laryngopharynx	Подразделение ларйнгофарйнкс	OK	Подразделение ларйнгофарйнкс	checked: no structural quality flags	FMA; pattern consistency
FMA55077	pharyngeal raphe	Глоточная шов	OK	Глоточная шов	checked: no structural quality flags	FMA; pattern consistency
FMA55093	submandibular gland	Субмандибулар железа	OK	Субмандибулар железа	checked: no structural quality flags	FMA; pattern consistency
FMA55099	thyroid cartilage	Щитовидная железа хрящ	OK	Щитовидная железа хрящ	checked: no structural quality flags	FMA; pattern consistency
FMA55107	cartilage organ	Хрящ орган	NEEDS_EXTERNAL_REVIEW		lost_information: English semantic markers require manual terminology verification	FMA; external review needed
FMA55108	laryngeal cartilage	Гортанная хрящ	OK	Гортанная хрящ	checked: no structural quality flags	FMA; pattern consistency
FMA55109	arytenoid cartilage	Черпаловидный хрящ	OK	Черпаловидный хрящ	checked: no structural quality flags	FMA; pattern consistency
FMA55110	corniculate cartilage	Корникулатэ хрящ	OK	Корникулатэ хрящ	checked: no structural quality flags	FMA; pattern consistency
FMA55111	cuneiform cartilage	Клиновидный хрящ	OK	Клиновидный хрящ	checked: no structural quality flags	FMA; pattern consistency
FMA55113	right arytenoid cartilage	Правый черпаловидный хрящ	NEEDS_EXTERNAL_REVIEW		lost_information: English semantic markers require manual terminology verification	FMA; external review needed
FMA55114	left arytenoid cartilage	Левый черпаловидный хрящ	NEEDS_EXTERNAL_REVIEW		lost_information: English semantic markers require manual terminology verification	FMA; external review needed
FMA55115	right corniculate cartilage	Правый корникулатэ хрящ	NEEDS_EXTERNAL_REVIEW		lost_information: English semantic markers require manual terminology verification	FMA; external review needed
FMA55116	left corniculate cartilage	Левый корникулатэ хрящ	NEEDS_EXTERNAL_REVIEW		lost_information: English semantic markers require manual terminology verification	FMA; external review needed
FMA55117	right cuneiform cartilage	Правый клиновидный хрящ	NEEDS_EXTERNAL_REVIEW		lost_information: English semantic markers require manual terminology verification	FMA; external review needed
FMA55118	left cuneiform cartilage	Левый клиновидный хрящ	NEEDS_EXTERNAL_REVIEW		lost_information: English semantic markers require manual terminology verification	FMA; external review needed
FMA55130	epiglottis	Эпиглоттис	OK	Эпиглоттис	checked: no structural quality flags	FMA; pattern consistency
FMA55131	ligament of larynx	Связка гортань	OK	Связка гортань	checked: no structural quality flags	FMA; pattern consistency
FMA55132	thyrohyoid membrane	Щито-подъязычная мышца оболочка	OK	Щито-подъязычная мышца оболочка	checked: no structural quality flags	FMA; pattern consistency
FMA55133	right thyrohyoid membrane	Правый щито-подъязычная мышца оболочка	FIX	Правая щито-подъязычная мышца оболочка	laterality; lost_information	FMA; pattern consistency
FMA55134	left thyrohyoid membrane	Левый щито-подъязычная мышца оболочка	FIX	Левая щито-подъязычная мышца оболочка	laterality; lost_information	FMA; pattern consistency
FMA55135	thyrohyoid ligament	Щито-подъязычная мышца связка	OK	Щито-подъязычная мышца связка	checked: no structural quality flags	FMA; pattern consistency
FMA55138	median thyrohyoid ligament	Мэдиан щито-подъязычная мышца связка	OK	Мэдиан щито-подъязычная мышца связка	checked: no structural quality flags	FMA; pattern consistency
FMA55139	lateral thyrohyoid ligament	Латеральная щито-подъязычная мышца связка	OK	Латеральная щито-подъязычная мышца связка	checked: no structural quality flags	FMA; pattern consistency
FMA55140	right lateral thyrohyoid ligament	Правый латеральная щито-подъязычная мышца связка	FIX	Правая латеральная щито-подъязычная мышца связка	laterality; lost_information	FMA; pattern consistency
FMA55141	left lateral thyrohyoid ligament	Левый латеральная щито-подъязычная мышца связка	FIX	Левая латеральная щито-подъязычная мышца связка	laterality; lost_information	FMA; pattern consistency
FMA55226	intrinsic muscle of larynx	Собственная мышца гортани	OK	Собственная мышца гортани	checked: no structural quality flags	FMA; pattern consistency
FMA55227	hyo-epiglottic ligament	Хйо-эпиглоттик связка	OK	Хйо-эпиглоттик связка	checked: no structural quality flags	FMA; pattern consistency
FMA55230	thyro-epiglottic ligament	Тйро-эпиглоттик связка	OK	Тйро-эпиглоттик связка	checked: no structural quality flags	FMA; pattern consistency
FMA55233	cricothyroid ligament	Перстнещитовидная связка	OK	Перстнещитовидная связка	checked: no structural quality flags	FMA; pattern consistency
FMA55237	median cricothyroid ligament	Срединная перстнещитовидная связка	OK	Срединная перстнещитовидная связка	checked: no structural quality flags	FMA; pattern consistency
FMA55244	vocal ligament	Вокал связка	OK	Вокал связка	checked: no structural quality flags	FMA; pattern consistency
FMA55245	right vocal ligament	Правый вокал связка	NEEDS_EXTERNAL_REVIEW		lost_information: English semantic markers require manual terminology verification	FMA; external review needed
FMA55246	left vocal ligament	Левый вокал связка	NEEDS_EXTERNAL_REVIEW		lost_information: English semantic markers require manual terminology verification	FMA; external review needed
FMA55250	conus elasticus	Конус эластический	OK	Конус эластический	checked: no structural quality flags	FMA; pattern consistency
FMA55251	right conus elasticus	Правый конус эластический	NEEDS_EXTERNAL_REVIEW		lost_information: English semantic markers require manual terminology verification	FMA; external review needed
FMA55252	left conus elasticus	Левый конус эластический	NEEDS_EXTERNAL_REVIEW		lost_information: English semantic markers require manual terminology verification	FMA; external review needed
FMA55268	organ zone	Орган зона	OK	Орган зона	checked: no structural quality flags	FMA; pattern consistency
FMA55618	pterygomandibular raphe	Птэрйгомандибулар шов	OK	Птэрйгомандибулар шов	checked: no structural quality flags	FMA; pattern consistency
FMA55619	right pterygomandibular raphe	Правый птэрйгомандибулар шов	NEEDS_EXTERNAL_REVIEW		lost_information: English semantic markers require manual terminology verification	FMA; external review needed
FMA55620	left pterygomandibular raphe	Левый птэрйгомандибулар шов	NEEDS_EXTERNAL_REVIEW		lost_information: English semantic markers require manual terminology verification	FMA; external review needed
FMA55636	canine tooth	Клык зуб	OK	Клык зуб	checked: no structural quality flags	FMA; pattern consistency
FMA55637	premolar tooth	Премоляр зуб	OK	Премоляр зуб	checked: no structural quality flags	FMA; pattern consistency
FMA55638	molar tooth	Моляр зуб	OK	Моляр зуб	checked: no structural quality flags	FMA; pattern consistency
FMA55652	anatomical set	Анатомическое множество	OK	Анатомическое множество	checked: no structural quality flags	FMA; pattern consistency
FMA55661	parenchymatous organ	Парэнчйматоус орган	OK	Парэнчйматоус орган	checked: no structural quality flags	FMA; pattern consistency
FMA55662	lobular organ	Лобулар орган	OK	Лобулар орган	checked: no structural quality flags	FMA; pattern consistency
FMA55663	corticomedullary organ	Кортикомедуллярный орган	OK	Кортикомедуллярный орган	checked: no structural quality flags	FMA; pattern consistency
FMA55665	nonparenchymatous organ	Нонпарэнчйматоус орган	OK	Нонпарэнчйматоус орган	checked: no structural quality flags	FMA; pattern consistency
FMA55670	solid organ	Полый орган	OK	Полый орган	checked: no structural quality flags	FMA; pattern consistency
FMA55671	cavitated organ	Кавитатэд орган	OK	Кавитатэд орган	checked: no structural quality flags	FMA; pattern consistency
FMA55672	organ with organ cavity	Орган вит орган полость	OK	Орган вит орган полость	checked: no structural quality flags	FMA; pattern consistency
FMA55673	organ with cavitated organ parts	Орган вит кавитатэд орган части	NEEDS_EXTERNAL_REVIEW		other: complex multiword anatomical concept requires external terminology review	FMA; external review needed
FMA55676	segment of brain	Сегмент головной мозг	NEEDS_EXTERNAL_REVIEW		lost_information: English semantic markers require manual terminology verification	FMA; external review needed
FMA55677	hollow tree organ	Полый дерево орган	OK	Полый дерево орган	checked: no structural quality flags	FMA; pattern consistency
FMA55680	right upper lateral secondary incisor tooth	Правый верхняя латеральная вторичная резец зуб	NEEDS_EXTERNAL_REVIEW		lost_information: English semantic markers require manual terminology verification	FMA; external review needed
FMA55681	right upper central secondary incisor tooth	Правый верхняя центральная вторичная резец зуб	NEEDS_EXTERNAL_REVIEW		lost_information: English semantic markers require manual terminology verification	FMA; external review needed
FMA55682	left upper central secondary incisor tooth	Левый верхняя центральная вторичная резец зуб	NEEDS_EXTERNAL_REVIEW		lost_information: English semantic markers require manual terminology verification	FMA; external review needed
FMA55683	left upper lateral secondary incisor tooth	Левый верхняя латеральная вторичная резец зуб	NEEDS_EXTERNAL_REVIEW		lost_information: English semantic markers require manual terminology verification	FMA; external review needed
FMA55686	right lower secondary canine tooth	Правый нижняя вторичная клык зуб	NEEDS_EXTERNAL_REVIEW		lost_information: English semantic markers require manual terminology verification	FMA; external review needed
FMA55687	left lower secondary canine tooth	Левый нижняя вторичная клык зуб	NEEDS_EXTERNAL_REVIEW		lost_information: English semantic markers require manual terminology verification	FMA; external review needed
FMA55688	right upper second secondary premolar tooth	Правый верхняя вторая вторичная премоляр зуб	NEEDS_EXTERNAL_REVIEW		lost_information: English semantic markers require manual terminology verification	FMA; external review needed
FMA55689	right upper first secondary premolar tooth	Правый верхняя первая вторичная премоляр зуб	NEEDS_EXTERNAL_REVIEW		lost_information: English semantic markers require manual terminology verification	FMA; external review needed
FMA55690	left upper first secondary premolar tooth	Левый верхняя первая вторичная премоляр зуб	NEEDS_EXTERNAL_REVIEW		lost_information: English semantic markers require manual terminology verification	FMA; external review needed
FMA55691	left upper second secondary premolar tooth	Левый верхняя вторая вторичная премоляр зуб	NEEDS_EXTERNAL_REVIEW		lost_information: English semantic markers require manual terminology verification	FMA; external review needed
FMA55692	left lower second secondary premolar tooth	Левый нижняя вторая вторичная премоляр зуб	NEEDS_EXTERNAL_REVIEW		lost_information: English semantic markers require manual terminology verification	FMA; external review needed
FMA55693	left lower first secondary premolar tooth	Левый нижняя первая вторичная премоляр зуб	NEEDS_EXTERNAL_REVIEW		lost_information: English semantic markers require manual terminology verification	FMA; external review needed
FMA55694	right lower first secondary premolar tooth	Правый нижняя первая вторичная премоляр зуб	NEEDS_EXTERNAL_REVIEW		lost_information: English semantic markers require manual terminology verification	FMA; external review needed
FMA55695	right lower second secondary premolar tooth	Правый нижняя вторая вторичная премоляр зуб	NEEDS_EXTERNAL_REVIEW		lost_information: English semantic markers require manual terminology verification	FMA; external review needed
FMA55697	right upper second secondary molar tooth	Правый верхняя вторая вторичная моляр зуб	NEEDS_EXTERNAL_REVIEW		lost_information: English semantic markers require manual terminology verification	FMA; external review needed
FMA55698	right upper first secondary molar tooth	Правый верхняя первая вторичная моляр зуб	NEEDS_EXTERNAL_REVIEW		lost_information: English semantic markers require manual terminology verification	FMA; external review needed
FMA55699	left upper first secondary molar tooth	Левый верхняя первая вторичная моляр зуб	NEEDS_EXTERNAL_REVIEW		lost_information: English semantic markers require manual terminology verification	FMA; external review needed
FMA55700	left upper second secondary molar tooth	Левый верхняя вторая вторичная моляр зуб	NEEDS_EXTERNAL_REVIEW		lost_information: English semantic markers require manual terminology verification	FMA; external review needed
FMA55703	left lower second secondary molar tooth	Левый нижняя вторая вторичная моляр зуб	NEEDS_EXTERNAL_REVIEW		lost_information: English semantic markers require manual terminology verification	FMA; external review needed
FMA55704	left lower first secondary molar tooth	Левый нижняя первая вторичная моляр зуб	NEEDS_EXTERNAL_REVIEW		lost_information: English semantic markers require manual terminology verification	FMA; external review needed
FMA55705	right lower first secondary molar tooth	Правый нижняя первая вторичная моляр зуб	NEEDS_EXTERNAL_REVIEW		lost_information: English semantic markers require manual terminology verification	FMA; external review needed
FMA55706	right lower second secondary molar tooth	Правый нижняя вторая вторичная моляр зуб	NEEDS_EXTERNAL_REVIEW		lost_information: English semantic markers require manual terminology verification	FMA; external review needed
FMA55712	upper secondary incisor tooth	Верхняя вторичная резец зуб	OK	Верхняя вторичная резец зуб	checked: no structural quality flags	FMA; pattern consistency
FMA55713	lower secondary incisor tooth	Нижняя вторичная резец зуб	OK	Нижняя вторичная резец зуб	checked: no structural quality flags	FMA; pattern consistency
FMA55714	upper secondary canine tooth	Верхняя вторичная клык зуб	OK	Верхняя вторичная клык зуб	checked: no structural quality flags	FMA; pattern consistency
FMA55715	lower secondary canine tooth	Нижняя вторичная клык зуб	OK	Нижняя вторичная клык зуб	checked: no structural quality flags	FMA; pattern consistency
FMA55716	upper secondary premolar tooth	Верхняя вторичная премоляр зуб	OK	Верхняя вторичная премоляр зуб	checked: no structural quality flags	FMA; pattern consistency
FMA55717	lower secondary premolar tooth	Нижняя вторичная премоляр зуб	OK	Нижняя вторичная премоляр зуб	checked: no structural quality flags	FMA; pattern consistency
FMA55720	upper secondary molar tooth	Верхняя вторичная моляр зуб	OK	Верхняя вторичная моляр зуб	checked: no structural quality flags	FMA; pattern consistency
FMA55721	lower secondary molar tooth	Нижняя вторичная моляр зуб	OK	Нижняя вторичная моляр зуб	checked: no structural quality flags	FMA; pattern consistency
FMA55722	upper central secondary incisor tooth	Верхняя центральная вторичная резец зуб	NEEDS_EXTERNAL_REVIEW		other: complex multiword anatomical concept requires external terminology review	FMA; external review needed
FMA55723	lower central secondary incisor tooth	Нижняя центральная вторичная резец зуб	NEEDS_EXTERNAL_REVIEW		other: complex multiword anatomical concept requires external terminology review	FMA; external review needed
FMA55724	upper lateral secondary incisor tooth	Верхняя латеральная вторичная резец зуб	NEEDS_EXTERNAL_REVIEW		other: complex multiword anatomical concept requires external terminology review	FMA; external review needed
FMA55725	lower lateral secondary incisor tooth	Нижняя латеральная вторичная резец зуб	NEEDS_EXTERNAL_REVIEW		other: complex multiword anatomical concept requires external terminology review	FMA; external review needed
FMA55798	right upper secondary canine tooth	Правый верхняя вторичная клык зуб	NEEDS_EXTERNAL_REVIEW		lost_information: English semantic markers require manual terminology verification	FMA; external review needed
FMA55799	left upper secondary canine tooth	Левый верхняя вторичная клык зуб	NEEDS_EXTERNAL_REVIEW		lost_information: English semantic markers require manual terminology verification	FMA; external review needed
FMA55801	upper first secondary premolar tooth	Верхняя первая вторичная премоляр зуб	NEEDS_EXTERNAL_REVIEW		other: complex multiword anatomical concept requires external terminology review	FMA; external review needed
FMA55802	upper second secondary premolar tooth	Верхняя вторая вторичная премоляр зуб	NEEDS_EXTERNAL_REVIEW		other: complex multiword anatomical concept requires external terminology review	FMA; external review needed
FMA55803	lower first secondary premolar tooth	Нижняя первая вторичная премоляр зуб	NEEDS_EXTERNAL_REVIEW		other: complex multiword anatomical concept requires external terminology review	FMA; external review needed
FMA55804	lower second secondary premolar tooth	Нижняя вторая вторичная премоляр зуб	NEEDS_EXTERNAL_REVIEW		other: complex multiword anatomical concept requires external terminology review	FMA; external review needed
FMA55811	upper first secondary molar tooth	Верхняя первая вторичная моляр зуб	NEEDS_EXTERNAL_REVIEW		other: complex multiword anatomical concept requires external terminology review	FMA; external review needed
FMA55812	upper second secondary molar tooth	Верхняя вторая вторичная моляр зуб	NEEDS_EXTERNAL_REVIEW		other: complex multiword anatomical concept requires external terminology review	FMA; external review needed
FMA55814	lower first secondary molar tooth	Нижняя первая вторичная моляр зуб	NEEDS_EXTERNAL_REVIEW		other: complex multiword anatomical concept requires external terminology review	FMA; external review needed
FMA55815	lower second secondary molar tooth	Нижняя вторая вторичная моляр зуб	NEEDS_EXTERNAL_REVIEW		other: complex multiword anatomical concept requires external terminology review	FMA; external review needed
FMA57140	right lower lateral secondary incisor tooth	Правый нижняя латеральная вторичная резец зуб	NEEDS_EXTERNAL_REVIEW		lost_information: English semantic markers require manual terminology verification	FMA; external review needed
FMA57141	left lower lateral secondary incisor tooth	Левый нижняя латеральная вторичная резец зуб	NEEDS_EXTERNAL_REVIEW		lost_information: English semantic markers require manual terminology verification	FMA; external review needed
FMA57142	right lower central secondary incisor tooth	Правый нижняя центральная вторичная резец зуб	NEEDS_EXTERNAL_REVIEW		lost_information: English semantic markers require manual terminology verification	FMA; external review needed
FMA57143	left lower central secondary incisor tooth	Левый нижняя центральная вторичная резец зуб	NEEDS_EXTERNAL_REVIEW		lost_information: English semantic markers require manual terminology verification	FMA; external review needed
FMA57965	zone of investing fascia	Зона покрывающей фасции	OK	Зона покрывающей фасции	checked: no structural quality flags	FMA; pattern consistency
FMA58071	chamber of eyeball	Камера глазное яблоко	OK	Камера глазное яблоко	checked: no structural quality flags	FMA; pattern consistency
FMA58078	anterior chamber of eyeball	Передняя камера глазного яблока	OK	Передняя камера глазного яблока	checked: no structural quality flags	FMA; pattern consistency
FMA58081	anterior chamber of right eyeball	Передняя камера правого глазного яблока	NEEDS_EXTERNAL_REVIEW		other: complex multiword anatomical concept requires external terminology review	FMA; external review needed
FMA58082	anterior chamber of left eyeball	Передняя камера левого глазного яблока	NEEDS_EXTERNAL_REVIEW		other: complex multiword anatomical concept requires external terminology review	FMA; external review needed
FMA58101	layer of wall of eyeball	Слой стенка глазное яблоко	OK	Слой стенка глазное яблоко	checked: no structural quality flags	FMA; pattern consistency
FMA58102	fibrous layer of eyeball	Фиброзная слой глазное яблоко	OK	Фиброзная слой глазное яблоко	checked: no structural quality flags	FMA; pattern consistency
FMA58235	iris	Радужка	OK	Радужка	checked: no structural quality flags	FMA; pattern consistency
FMA58236	right iris	Правый радужка	NEEDS_EXTERNAL_REVIEW		lost_information: English semantic markers require manual terminology verification	FMA; external review needed
FMA58237	left iris	Левый радужка	NEEDS_EXTERNAL_REVIEW		lost_information: English semantic markers require manual terminology verification	FMA; external review needed
FMA58238	cornea	Роговица	OK	Роговица	checked: no structural quality flags	FMA; pattern consistency
FMA58239	right cornea	Правый роговица	NEEDS_EXTERNAL_REVIEW		lost_information: English semantic markers require manual terminology verification	FMA; external review needed
FMA58240	left cornea	Левый роговица	NEEDS_EXTERNAL_REVIEW		lost_information: English semantic markers require manual terminology verification	FMA; external review needed
FMA58241	lens	Хрусталик	OK	Хрусталик	checked: no structural quality flags	FMA; pattern consistency
FMA58242	right lens	Правый хрусталик	NEEDS_EXTERNAL_REVIEW		lost_information: English semantic markers require manual terminology verification	FMA; external review needed
FMA58243	left lens	Левый хрусталик	NEEDS_EXTERNAL_REVIEW		lost_information: English semantic markers require manual terminology verification	FMA; external review needed
FMA58245	lacrimal canaliculus	Слёзная каналикулус	OK	Слёзная каналикулус	checked: no structural quality flags	FMA; pattern consistency
FMA58269	sclera	Склера	OK	Склера	checked: no structural quality flags	FMA; pattern consistency
FMA58271	right sclera	Правый склера	NEEDS_EXTERNAL_REVIEW		lost_information: English semantic markers require manual terminology verification	FMA; external review needed
FMA58272	left sclera	Левый склера	NEEDS_EXTERNAL_REVIEW		lost_information: English semantic markers require manual terminology verification	FMA; external review needed
FMA58274	muscle of trunk	Мышца туловище	NEEDS_EXTERNAL_REVIEW		lost_information: English semantic markers require manual terminology verification	FMA; external review needed
FMA58298	choroid	Сосудистая оболочка	OK	Сосудистая оболочка	checked: no structural quality flags	FMA; pattern consistency
FMA58299	right choroid	Правый сосудистая оболочка	NEEDS_EXTERNAL_REVIEW		lost_information: English semantic markers require manual terminology verification	FMA; external review needed
FMA58300	left choroid	Левый сосудистая оболочка	NEEDS_EXTERNAL_REVIEW		lost_information: English semantic markers require manual terminology verification	FMA; external review needed
FMA58420	zone of investing fascia of free lower limb	Зона покрывающей фасции свободной нижней конечности	NEEDS_EXTERNAL_REVIEW		other: complex multiword anatomical concept requires external terminology review	FMA; external review needed
FMA58421	zone of investing fascia of lower limb	Зона покрывающей фасции нижней конечности	NEEDS_EXTERNAL_REVIEW		other: complex multiword anatomical concept requires external terminology review	FMA; external review needed
FMA58431	corona ciliaris	Венец килиарис	OK	Венец килиарис	checked: no structural quality flags	FMA; pattern consistency
FMA58479	region of ciliary body	Область ресничная тело	OK	Область ресничная тело	checked: no structural quality flags	FMA; pattern consistency
FMA58483	right corona ciliaris	Правый венец килиарис	NEEDS_EXTERNAL_REVIEW		lost_information: English semantic markers require manual terminology verification	FMA; external review needed
FMA58484	left corona ciliaris	Левый венец килиарис	NEEDS_EXTERNAL_REVIEW		lost_information: English semantic markers require manual terminology verification	FMA; external review needed
FMA58599	region of retina	Область сетчатка	OK	Область сетчатка	checked: no structural quality flags	FMA; pattern consistency
FMA58604	optic part of retina	Зрительный часть сетчатка	OK	Зрительный часть сетчатка	checked: no structural quality flags	FMA; pattern consistency
FMA58607	optic part of right retina	Зрительный часть правый сетчатка	FIX	Зрительный часть Правая сетчатка	laterality	FMA; pattern consistency
FMA58608	optic part of left retina	Зрительный часть левый сетчатка	FIX	Зрительный часть Левая сетчатка	laterality	FMA; pattern consistency
FMA58741	zone of investing fascia of thigh	Зона покрывающей фасции бедра	OK	Зона покрывающей фасции бедра	checked: no structural quality flags	FMA; pattern consistency
FMA58775	zone of fascia lata	Зона фасция лата	OK	Зона фасция лата	checked: no structural quality flags	FMA; pattern consistency
FMA58776	right iliotibial tract	Правый илиотибиал проводящий путь	NEEDS_EXTERNAL_REVIEW		lost_information: English semantic markers require manual terminology verification	FMA; external review needed
FMA58777	left iliotibial tract	Левый илиотибиал проводящий путь	NEEDS_EXTERNAL_REVIEW		lost_information: English semantic markers require manual terminology verification	FMA; external review needed
FMA58817	subdivision of head proper	Подразделение головка собственно	OK	Подразделение головка собственно	checked: no structural quality flags	FMA; pattern consistency
FMA58827	vitreous body	Витрэоус тело	OK	Витрэоус тело	checked: no structural quality flags	FMA; pattern consistency
FMA58828	right vitreous body	Правый витрэоус тело	FIX	Правое витрэоус тело	laterality; lost_information	FMA; pattern consistency
FMA58829	left vitreous body	Левый витрэоус тело	FIX	Левое витрэоус тело	laterality; lost_information	FMA; pattern consistency
FMA58838	suspensory ligament of lens	Суспэнсорй связка хрусталик	OK	Суспэнсорй связка хрусталик	checked: no structural quality flags	FMA; pattern consistency
FMA58839	suspensory ligament of right lens	Суспэнсорй связка правый хрусталик	OK	Суспэнсорй связка правый хрусталик	checked: no structural quality flags	FMA; pattern consistency
FMA58840	suspensory ligament of left lens	Суспэнсорй связка левый хрусталик	OK	Суспэнсорй связка левый хрусталик	checked: no structural quality flags	FMA; pattern consistency
FMA59086	tarsal plate of eyelid	Предплюсневая кость пластинка веко	OK	Предплюсневая кость пластинка веко	checked: no structural quality flags	FMA; pattern consistency
FMA59087	tarsal plate of upper eyelid	Предплюсневая кость пластинка верхняя веко	NEEDS_EXTERNAL_REVIEW		other: complex multiword anatomical concept requires external terminology review	FMA; external review needed
FMA59088	tarsal plate of lower eyelid	Предплюсневая кость пластинка нижняя веко	NEEDS_EXTERNAL_REVIEW		other: complex multiword anatomical concept requires external terminology review	FMA; external review needed
FMA59089	tarsal plate of right lower eyelid	Предплюсневая кость пластинка правый нижняя веко	FIX	Предплюсневая кость пластинка Правая нижняя веко	laterality	FMA; pattern consistency
FMA59090	tarsal plate of left lower eyelid	Предплюсневая кость пластинка левый нижняя веко	FIX	Предплюсневая кость пластинка Левая нижняя веко	laterality	FMA; pattern consistency
FMA59091	tarsal plate of right upper eyelid	Предплюсневая кость пластинка правый верхняя веко	FIX	Предплюсневая кость пластинка Правая верхняя веко	laterality	FMA; pattern consistency
FMA59092	tarsal plate of left upper eyelid	Предплюсневая кость пластинка левый верхняя веко	FIX	Предплюсневая кость пластинка Левая верхняя веко	laterality	FMA; pattern consistency
FMA59101	lacrimal gland	Слёзная железа	OK	Слёзная железа	checked: no structural quality flags	FMA; pattern consistency
FMA59102	right lacrimal gland	Правый слёзная железа	NEEDS_EXTERNAL_REVIEW		lost_information: English semantic markers require manual terminology verification	FMA; external review needed
FMA59103	left lacrimal gland	Левый слёзная железа	NEEDS_EXTERNAL_REVIEW		lost_information: English semantic markers require manual terminology verification	FMA; external review needed
FMA59402	lacrimal lake	Слёзная озеро	OK	Слёзная озеро	checked: no structural quality flags	FMA; pattern consistency
FMA59502	nasal cartilage	Носовая хрящ	OK	Носовая хрящ	checked: no structural quality flags	FMA; pattern consistency
FMA59503	septal nasal cartilage	Перегородочная носовая хрящ	OK	Перегородочная носовая хрящ	checked: no structural quality flags	FMA; pattern consistency
FMA59504	major alar cartilage	Большая алар хрящ	OK	Большая алар хрящ	checked: no structural quality flags	FMA; pattern consistency
FMA59505	right major alar cartilage	Правый большая алар хрящ	NEEDS_EXTERNAL_REVIEW		lost_information: English semantic markers require manual terminology verification	FMA; external review needed
FMA59506	left major alar cartilage	Левый большая алар хрящ	NEEDS_EXTERNAL_REVIEW		lost_information: English semantic markers require manual terminology verification	FMA; external review needed
FMA59511	lateral nasal cartilage	Латеральная носовая хрящ	OK	Латеральная носовая хрящ	checked: no structural quality flags	FMA; pattern consistency
FMA59512	right lateral nasal cartilage	Правый латеральная носовая хрящ	NEEDS_EXTERNAL_REVIEW		lost_information: English semantic markers require manual terminology verification	FMA; external review needed
FMA59513	left lateral nasal cartilage	Левый латеральная носовая хрящ	NEEDS_EXTERNAL_REVIEW		lost_information: English semantic markers require manual terminology verification	FMA; external review needed
FMA59541	right lacrimal lake	Правый слёзная озеро	NEEDS_EXTERNAL_REVIEW		lost_information: English semantic markers require manual terminology verification	FMA; external review needed
FMA59542	left lacrimal lake	Левый слёзная озеро	NEEDS_EXTERNAL_REVIEW		lost_information: English semantic markers require manual terminology verification	FMA; external review needed
FMA59545	right lacrimal sac	Правый слёзная сак	NEEDS_EXTERNAL_REVIEW		lost_information: English semantic markers require manual terminology verification	FMA; external review needed
FMA59546	left lacrimal sac	Левый слёзная сак	NEEDS_EXTERNAL_REVIEW		lost_information: English semantic markers require manual terminology verification	FMA; external review needed
FMA59555	right nasolacrimal duct	Правый носослёзный проток	NEEDS_EXTERNAL_REVIEW		lost_information: English semantic markers require manual terminology verification	FMA; external review needed
FMA59556	left nasolacrimal duct	Левый носослёзный проток	NEEDS_EXTERNAL_REVIEW		lost_information: English semantic markers require manual terminology verification	FMA; external review needed
FMA59582	right lacrimal canaliculus	Правый слёзная каналикулус	NEEDS_EXTERNAL_REVIEW		lost_information: English semantic markers require manual terminology verification	FMA; external review needed
FMA59583	left lacrimal canaliculus	Левый слёзная каналикулус	NEEDS_EXTERNAL_REVIEW		lost_information: English semantic markers require manual terminology verification	FMA; external review needed
FMA59762	gingiva	Гингива	OK	Гингива	checked: no structural quality flags	FMA; pattern consistency
FMA59763	gingiva of upper jaw	Гингива верхняя челюсть	OK	Гингива верхняя челюсть	checked: no structural quality flags	FMA; pattern consistency
FMA59764	gingiva of lower jaw	Гингива нижняя челюсть	OK	Гингива нижняя челюсть	checked: no structural quality flags	FMA; pattern consistency
FMA59788	major salivary gland	Большая слюнная железа	OK	Большая слюнная железа	checked: no structural quality flags	FMA; pattern consistency
FMA59791	sublingual gland	Сублингуал железа	OK	Сублингуал железа	checked: no structural quality flags	FMA; pattern consistency
FMA59802	right submandibular gland	Правый субмандибулар железа	NEEDS_EXTERNAL_REVIEW		lost_information: English semantic markers require manual terminology verification	FMA; external review needed
FMA59803	left submandibular gland	Левый субмандибулар железа	NEEDS_EXTERNAL_REVIEW		lost_information: English semantic markers require manual terminology verification	FMA; external review needed
FMA59804	right sublingual gland	Правый сублингуал железа	NEEDS_EXTERNAL_REVIEW		lost_information: English semantic markers require manual terminology verification	FMA; external review needed
FMA59805	left sublingual gland	Левый сублингуал железа	NEEDS_EXTERNAL_REVIEW		lost_information: English semantic markers require manual terminology verification	FMA; external review needed
FMA59816	lip	Лип	OK	Лип	checked: no structural quality flags	FMA; pattern consistency
FMA61284	neural tree organ	Нервная дерево орган	OK	Нервная дерево орган	checked: no structural quality flags	FMA; pattern consistency
FMA61708	subdivision of auriculotemporal part of head	Подразделение ушно-височной части головы	OK	Подразделение ушно-височной части головы	checked: no structural quality flags	FMA; pattern consistency
FMA61775	physical anatomical entity	Физическая анатомическая образование	OK	Физическая анатомическая образование	checked: no structural quality flags	FMA; pattern consistency
FMA61815	cardinal segment of brain	Кардинал сегмент головной мозг	OK	Кардинал сегмент головной мозг	checked: no structural quality flags	FMA; pattern consistency
FMA61820	segment of cerebral hemisphere	Сегмент мозговая полушарие	NEEDS_EXTERNAL_REVIEW		lost_information: English semantic markers require manual terminology verification	FMA; external review needed
FMA61823	lobe of cerebral hemisphere	Доля мозговая полушарие	OK	Доля мозговая полушарие	checked: no structural quality flags	FMA; pattern consistency
FMA61833	caudate nucleus	Хвостатая ядро	OK	Хвостатая ядро	checked: no structural quality flags	FMA; pattern consistency
FMA61834	putamen	Путамэн	OK	Путамэн	checked: no structural quality flags	FMA; pattern consistency
FMA61835	globus pallidus	Глобус паллидус	OK	Глобус паллидус	checked: no structural quality flags	FMA; pattern consistency
FMA61841	amygdala	Миндалевидное тело	OK	Миндалевидное тело	checked: no structural quality flags	FMA; pattern consistency
FMA61842	septum of telencephalon	Перегородка тэлэнкэфалон	OK	Перегородка тэлэнкэфалон	checked: no structural quality flags	FMA; pattern consistency
FMA61857	superior frontal gyrus	Верхняя лобная извилина	OK	Верхняя лобная извилина	checked: no structural quality flags	FMA; pattern consistency
FMA61859	middle frontal gyrus	Средняя лобная извилина	OK	Средняя лобная извилина	checked: no structural quality flags	FMA; pattern consistency
FMA61860	inferior frontal gyrus	Нижняя лобная извилина	OK	Нижняя лобная извилина	checked: no structural quality flags	FMA; pattern consistency
FMA61894	precentral gyrus	Прэкэнтрал извилина	OK	Прэкэнтрал извилина	checked: no structural quality flags	FMA; pattern consistency
FMA61896	postcentral gyrus	Посткэнтрал извилина	OK	Посткэнтрал извилина	checked: no structural quality flags	FMA; pattern consistency
FMA61897	supramarginal gyrus	Супрамаргинал извилина	OK	Супрамаргинал извилина	checked: no structural quality flags	FMA; pattern consistency
FMA61898	angular gyrus	Угловая извилина	OK	Угловая извилина	checked: no structural quality flags	FMA; pattern consistency
FMA61899	superior parietal lobule	Верхняя теменная лобулэ	OK	Верхняя теменная лобулэ	checked: no structural quality flags	FMA; pattern consistency
FMA61906	middle temporal gyrus	Средняя височная извилина	OK	Средняя височная извилина	checked: no structural quality flags	FMA; pattern consistency
FMA61907	inferior temporal gyrus	Нижняя височная извилина	OK	Нижняя височная извилина	checked: no structural quality flags	FMA; pattern consistency
FMA61908	fusiform gyrus	Фусиформ извилина	OK	Фусиформ извилина	checked: no structural quality flags	FMA; pattern consistency
FMA61918	parahippocampal gyrus	Парахиппокампал извилина	OK	Парахиппокампал извилина	checked: no structural quality flags	FMA; pattern consistency
FMA61934	choroid plexus of cerebral hemisphere	Сосудистая оболочка плэксус мозговая полушарие	NEEDS_EXTERNAL_REVIEW		other: complex multiword anatomical concept requires external terminology review	FMA; external review needed
FMA61950	internal capsule	Внутренняя капсула	OK	Внутренняя капсула	checked: no structural quality flags	FMA; pattern consistency
FMA61961	anterior commissure	Передняя спайка	OK	Передняя спайка	checked: no structural quality flags	FMA; pattern consistency
FMA61965	fornix of forebrain	Свод передний мозг	OK	Свод передний мозг	checked: no structural quality flags	FMA; pattern consistency
FMA61970	commissure of fornix of forebrain	Комиссура свод передний мозг	OK	Комиссура свод передний мозг	checked: no structural quality flags	FMA; pattern consistency
FMA61974	stria terminalis	Стриа тэрминалис	OK	Стриа тэрминалис	checked: no structural quality flags	FMA; pattern consistency
FMA61975	lamina terminalis	Пластинка тэрминалис	OK	Пластинка тэрминалис	checked: no structural quality flags	FMA; pattern consistency
FMA61993	midbrain	Средний мозг	OK	Средний мозг	checked: no structural quality flags	FMA; pattern consistency
FMA61996	segment of forebrain	Сегмент передний мозг	NEEDS_EXTERNAL_REVIEW		lost_information: English semantic markers require manual terminology verification	FMA; external review needed
FMA61997	segment of midbrain	Сегмент средний мозг	NEEDS_EXTERNAL_REVIEW		lost_information: English semantic markers require manual terminology verification	FMA; external review needed
FMA61998	segment of hindbrain	Сегмент задний мозг	NEEDS_EXTERNAL_REVIEW		lost_information: English semantic markers require manual terminology verification	FMA; external review needed
FMA62004	medulla oblongata	Продолговатый мозг облонгата	OK	Продолговатый мозг облонгата	checked: no structural quality flags	FMA; pattern consistency
FMA62007	thalamus	Таламус	OK	Таламус	checked: no structural quality flags	FMA; pattern consistency
FMA62008	hypothalamus	Гипоталамус	OK	Гипоталамус	checked: no structural quality flags	FMA; pattern consistency
FMA62032	habenula	Хабэнула	OK	Хабэнула	checked: no structural quality flags	FMA; pattern consistency
FMA62033	pineal body	Шишковидное тело	OK	Шишковидное тело	checked: no structural quality flags	FMA; pattern consistency
FMA62045	optic chiasm	Зрительный хиазма	OK	Зрительный хиазма	checked: no structural quality flags	FMA; pattern consistency
FMA62046	optic tract	Зрительный проводящий путь	OK	Зрительный проводящий путь	checked: no structural quality flags	FMA; pattern consistency
FMA62072	posterior commissure	Задняя комиссура	OK	Задняя комиссура	checked: no structural quality flags	FMA; pattern consistency
FMA62080	stria medullaris of thalamus	Стриа мэдулларис таламус	OK	Стриа мэдулларис таламус	checked: no structural quality flags	FMA; pattern consistency
FMA62209	lateral geniculate body	Латеральная гэникулатэ тело	OK	Латеральная гэникулатэ тело	checked: no structural quality flags	FMA; pattern consistency
FMA62211	medial geniculate body	Медиальная гэникулатэ тело	OK	Медиальная гэникулатэ тело	checked: no structural quality flags	FMA; pattern consistency
FMA62327	tuber cinereum	Тубэр кинэрэум	OK	Тубэр кинэрэум	checked: no structural quality flags	FMA; pattern consistency
FMA62374	segment of telencephalon	Сегмент тэлэнкэфалон	NEEDS_EXTERNAL_REVIEW		lost_information: English semantic markers require manual terminology verification	FMA; external review needed
FMA62382	right optic tract	Правый зрительный проводящий путь	NEEDS_EXTERNAL_REVIEW		lost_information: English semantic markers require manual terminology verification	FMA; external review needed
FMA62394	peduncle of midbrain	Пэдунклэ средний мозг	OK	Пэдунклэ средний мозг	checked: no structural quality flags	FMA; pattern consistency
FMA62398	segment of midbrain tectum	Сегмент средний мозг покрышка	NEEDS_EXTERNAL_REVIEW		lost_information: English semantic markers require manual terminology verification	FMA; external review needed
FMA62403	superior colliculus	Верхняя колликулус	OK	Верхняя колликулус	checked: no structural quality flags	FMA; pattern consistency
FMA62404	inferior colliculus	Нижняя колликулус	OK	Нижняя колликулус	checked: no structural quality flags	FMA; pattern consistency
FMA62434	cingulate gyrus	Кингулатэ извилина	OK	Кингулатэ извилина	checked: no structural quality flags	FMA; pattern consistency
FMA62445	commissure of diencephalon	Комиссура диэнкэфалон	OK	Комиссура диэнкэфалон	checked: no structural quality flags	FMA; pattern consistency
FMA62466	capsule of cerebral hemisphere	Капсула мозговая полушарие	OK	Капсула мозговая полушарие	checked: no structural quality flags	FMA; pattern consistency
FMA62493	hippocampus	Гиппокамп	OK	Гиппокамп	checked: no structural quality flags	FMA; pattern consistency
FMA62504	tributary of deep palmar venous arch	Приток глубокая ладонная венозная дуга	NEEDS_EXTERNAL_REVIEW		lost_information: English semantic markers require manual terminology verification	FMA; external review needed
FMA62506	dorsal venous network of right hand	Тыльная венозная нэтворк правый кисть	NEEDS_EXTERNAL_REVIEW		other: complex multiword anatomical concept requires external terminology review	FMA; external review needed
FMA62507	dorsal venous network of left hand	Тыльная венозная нэтворк левый кисть	NEEDS_EXTERNAL_REVIEW		other: complex multiword anatomical concept requires external terminology review	FMA; external review needed
FMA62512	trunk of systemic vein	Туловище системная вена	OK	Туловище системная вена	checked: no structural quality flags	FMA; pattern consistency
FMA62514	basal ganglion of telencephalon	Базальный ганглий конечного мозга	OK	Базальный ганглий конечного мозга	checked: no structural quality flags	FMA; pattern consistency
FMA62955	anatomical entity	Анатомическая сущность	OK	Анатомическая сущность	checked: no structural quality flags	FMA; pattern consistency
FMA63103	pancreatic duct tree	Поджелудочная проток дерево	OK	Поджелудочная проток дерево	checked: no structural quality flags	FMA; pattern consistency
FMA63120	parenchyma of pancreas	Парэнчйма поджелудочная железа	OK	Парэнчйма поджелудочная железа	checked: no structural quality flags	FMA; pattern consistency
FMA63812	set of arteries	Совокупность артерии	OK	Совокупность артерии	checked: no structural quality flags	FMA; pattern consistency
FMA63814	set of veins	Совокупность вены	OK	Совокупность вены	checked: no structural quality flags	FMA; pattern consistency
FMA63822	posterior intercostal arteries	Задняя межрёберная артерии	OK	Задняя межрёберная артерии	checked: no structural quality flags	FMA; pattern consistency
FMA64796	region of serous membrane	Область серозная оболочка	OK	Область серозная оболочка	checked: no structural quality flags	FMA; pattern consistency
FMA64822	superficial muscle of neck	Поверхностная мышца шейка	OK	Поверхностная мышца шейка	checked: no structural quality flags	FMA; pattern consistency
FMA64829	scalene muscle	Лестничная мышца мышца	OK	Лестничная мышца мышца	checked: no structural quality flags	FMA; pattern consistency
FMA64875	anterior suboccipital muscle	Передняя подзатылочная мышца	OK	Передняя подзатылочная мышца	checked: no structural quality flags	FMA; pattern consistency
FMA64916	thenar muscle	Тенар мышца	OK	Тенар мышца	checked: no structural quality flags	FMA; pattern consistency
FMA64917	hypothenar muscle	Гипотенар мышца	OK	Гипотенар мышца	checked: no structural quality flags	FMA; pattern consistency
FMA64922	gluteal muscle	Ягодичная мышца	OK	Ягодичная мышца	checked: no structural quality flags	FMA; pattern consistency
FMA64989	heterogeneous cluster	Хэтэрогэнэоус клустэр	OK	Хэтэрогэнэоус клустэр	checked: no structural quality flags	FMA; pattern consistency
FMA64990	organ part cluster	Орган часть клустэр	OK	Орган часть клустэр	checked: no structural quality flags	FMA; pattern consistency
FMA65004	superficial muscle of posterior compartment of leg	Поверхностная мышца задняя компартмент голень	NEEDS_EXTERNAL_REVIEW		lost_information: English semantic markers require manual terminology verification	FMA; external review needed
FMA65008	deep muscle of posterior compartment of leg	Глубокая мышца задняя компартмент голень	NEEDS_EXTERNAL_REVIEW		lost_information: English semantic markers require manual terminology verification	FMA; external review needed
FMA65014	right flexor hallucis longus	Правый сгибатель большого пальца стопы длинная	NEEDS_EXTERNAL_REVIEW		lost_information: English semantic markers require manual terminology verification	FMA; external review needed
FMA65015	left flexor hallucis longus	Левый сгибатель большого пальца стопы длинная	NEEDS_EXTERNAL_REVIEW		lost_information: English semantic markers require manual terminology verification	FMA; external review needed
FMA65016	right flexor digitorum longus	Правый сгибатель пальцев длинная	NEEDS_EXTERNAL_REVIEW		lost_information: English semantic markers require manual terminology verification	FMA; external review needed
FMA65017	left flexor digitorum longus	Левый сгибатель пальцев длинная	NEEDS_EXTERNAL_REVIEW		lost_information: English semantic markers require manual terminology verification	FMA; external review needed
FMA65018	right tibialis posterior	Правый тибиалис задняя	NEEDS_EXTERNAL_REVIEW		lost_information: English semantic markers require manual terminology verification	FMA; external review needed
FMA65019	left tibialis posterior	Левый тибиалис задняя	NEEDS_EXTERNAL_REVIEW		lost_information: English semantic markers require manual terminology verification	FMA; external review needed
FMA65020	intrinsic muscle of foot	Собственная мышца стопы	OK	Собственная мышца стопы	checked: no structural quality flags	FMA; pattern consistency
FMA65045	intrinsic muscle of dorsum of foot	Собственная мышца тыла стопы	OK	Собственная мышца тыла стопы	checked: no structural quality flags	FMA; pattern consistency
FMA65046	intrinsic muscle of plantar part of foot	Собственная мышца подошвенной части стопы	NEEDS_EXTERNAL_REVIEW		other: complex multiword anatomical concept requires external terminology review	FMA; external review needed
FMA65132	nerve	Нерв	NEEDS_EXTERNAL_REVIEW		lost_information: English semantic markers require manual terminology verification	FMA; external review needed
FMA65198	superficial head of right flexor pollicis brevis	Поверхностная головка правый сгибатель большого пальца кисти короткая	NEEDS_EXTERNAL_REVIEW		other: complex multiword anatomical concept requires external terminology review	FMA; external review needed
FMA65199	superficial head of left flexor pollicis brevis	Поверхностная головка левый сгибатель большого пальца кисти короткая	NEEDS_EXTERNAL_REVIEW		other: complex multiword anatomical concept requires external terminology review	FMA; external review needed
FMA65410	intermediate tendon	Промежуточная сухожилие	OK	Промежуточная сухожилие	checked: no structural quality flags	FMA; pattern consistency
FMA65470	proximal phalanx of left thumb	Проксимальная фаланга левый тумб	FIX	Проксимальная фаланга Левая тумб	laterality	FMA; pattern consistency
FMA65539	subdivision of parasympathetic nervous system	Подразделение парасимпатическая нервная система	OK	Подразделение парасимпатическая нервная система	checked: no structural quality flags	FMA; pattern consistency
FMA65551	subdivisionof autonomic nervous system	Субдивисионоф вегетативная нервная система	OK	Субдивисионоф вегетативная нервная система	checked: no structural quality flags	FMA; pattern consistency
FMA66241	first posterior intercostal artery	Первая задняя межрёберная артерия	OK	Первая задняя межрёберная артерия	checked: no structural quality flags	FMA; pattern consistency
FMA66242	right first posterior intercostal artery	Правый первая задняя межрёберная артерия	FIX	Правая первая задняя межрёберная артерия	laterality; lost_information	FMA; pattern consistency
FMA66243	left first posterior intercostal artery	Левый первая задняя межрёберная артерия	FIX	Левая первая задняя межрёберная артерия	laterality; lost_information	FMA; pattern consistency
FMA66267	variant systemic artery	Вариантная системная артерия	OK	Вариантная системная артерия	checked: no structural quality flags	FMA; pattern consistency
FMA66320	thoracodorsal artery	Торакодорсал артерия	OK	Торакодорсал артерия	checked: no structural quality flags	FMA; pattern consistency
FMA66321	right thoracodorsal artery	Правый торакодорсал артерия	FIX	Правая торакодорсал артерия	laterality; lost_information	FMA; pattern consistency
FMA66322	left thoracodorsal artery	Левый торакодорсал артерия	FIX	Левая торакодорсал артерия	laterality; lost_information	FMA; pattern consistency
FMA66326	pulmonary artery	Лёгочный артерия	OK	Лёгочный артерия	checked: no structural quality flags	FMA; pattern consistency
FMA66327	branch of right coronary artery	Ветвь правой коронарной артерии	NEEDS_EXTERNAL_REVIEW		lost_information: English semantic markers require manual terminology verification	FMA; external review needed
FMA66328	branch of left coronary artery	Ветвь левой коронарной артерии	NEEDS_EXTERNAL_REVIEW		lost_information: English semantic markers require manual terminology verification	FMA; external review needed
FMA66332	zone of artery	Зона артерия	OK	Зона артерия	checked: no structural quality flags	FMA; pattern consistency
FMA66358	trunk of superior mesenteric artery	Туловище верхняя брыжеечная артерия	OK	Туловище верхняя брыжеечная артерия	checked: no structural quality flags	FMA; pattern consistency
FMA66362	trunk of renal artery	Туловище почечная артерия	OK	Туловище почечная артерия	checked: no structural quality flags	FMA; pattern consistency
FMA66363	trunk of right renal artery	Туловище правый почечная артерия	FIX	Туловище Правое почечная артерия	laterality	FMA; pattern consistency
FMA66364	trunk of left renal artery	Туловище левый почечная артерия	FIX	Туловище Левое почечная артерия	laterality	FMA; pattern consistency
FMA66403	anterior interventricular vein	Передняя межжелудочковая вена	OK	Передняя межжелудочковая вена	checked: no structural quality flags	FMA; pattern consistency
FMA66464	systemic artery	Системная артерия	OK	Системная артерия	checked: no structural quality flags	FMA; pattern consistency
FMA66562	trunk of thoraco-acromial artery	Ствол грудоакромиальной артерии	OK	Ствол грудоакромиальной артерии	checked: no structural quality flags	FMA; pattern consistency
FMA66563	trunk of right thoraco-acromial artery	Ствол правой грудоакромиальной артерии	OK	Ствол правой грудоакромиальной артерии	checked: no structural quality flags	FMA; pattern consistency
FMA66564	trunk of left thoraco-acromial artery	Ствол левой грудоакромиальной артерии	OK	Ствол левой грудоакромиальной артерии	checked: no structural quality flags	FMA; pattern consistency
FMA66643	pulmonary vein	Лёгочный вена	OK	Лёгочный вена	checked: no structural quality flags	FMA; pattern consistency
FMA66644	systemic vein	Системная вена	OK	Системная вена	checked: no structural quality flags	FMA; pattern consistency
FMA66645	portal vein	Воротная вена	OK	Воротная вена	checked: no structural quality flags	FMA; pattern consistency
FMA66791	proximal phalanx of left little finger	Проксимальная фаланга левый мизинца палец	FIX	Проксимальная фаланга левого мизинца	word_order	FMA; pattern consistency
FMA67112	immaterial anatomical entity	Нематериальная анатомическая сущность	OK	Нематериальная анатомическая сущность	checked: no structural quality flags	FMA; pattern consistency
FMA67135	anatomical structure	Анатомическая структура	OK	Анатомическая структура	checked: no structural quality flags	FMA; pattern consistency
FMA67165	material anatomical entity	Материал анатомическая образование	OK	Материал анатомическая образование	checked: no structural quality flags	FMA; pattern consistency
FMA67242	gray matter of neuraxis	Серое вещество нервной оси	OK	Серое вещество нервной оси	checked: no structural quality flags	FMA; pattern consistency
FMA67325	occipital lobe	Затылочная доля	OK	Затылочная доля	checked: no structural quality flags	FMA; pattern consistency
FMA67329	insula	Инсула	OK	Инсула	checked: no structural quality flags	FMA; pattern consistency
FMA67396	articular disk of symphysis	Суставной диск симфиза	OK	Суставной диск симфиза	checked: no structural quality flags	FMA; pattern consistency
FMA67498	organ	Орган	OK	Орган	checked: no structural quality flags	FMA; pattern consistency
FMA67504	subdivision of cardinal body part	Подразделение кардинал тело часть	OK	Подразделение кардинал тело часть	checked: no structural quality flags	FMA; pattern consistency
FMA67536	cardinal tissue part	Кардинал ткань часть	OK	Кардинал ткань часть	checked: no structural quality flags	FMA; pattern consistency
FMA67538	subdivision of epithelium	Подразделение эпитэлиум	OK	Подразделение эпитэлиум	checked: no structural quality flags	FMA; pattern consistency
FMA67552	anatomical cavity	Анатомическая полость	OK	Анатомическая полость	checked: no structural quality flags	FMA; pattern consistency
FMA67598	leaf of cardiac valve	Створка сердечного клапана	OK	Створка сердечного клапана	checked: no structural quality flags	FMA; pattern consistency
FMA67601	process of organ	Отросток орган	OK	Отросток орган	checked: no structural quality flags	FMA; pattern consistency
FMA67619	organ region	Орган область	OK	Орган область	checked: no structural quality flags	FMA; pattern consistency
FMA67936	left optic tract	Левый зрительный проводящий путь	NEEDS_EXTERNAL_REVIEW		lost_information: English semantic markers require manual terminology verification	FMA; external review needed
FMA67942	segment of metencephalon	Сегмент мэтэнкэфалон	NEEDS_EXTERNAL_REVIEW		lost_information: English semantic markers require manual terminology verification	FMA; external review needed
FMA67943	pons	Мост	OK	Мост	checked: no structural quality flags	FMA; pattern consistency
FMA67944	cerebellum	Мозжечок	OK	Мозжечок	checked: no structural quality flags	FMA; pattern consistency
FMA67950	stria of telencephalon	Стриа тэлэнкэфалон	OK	Стриа тэлэнкэфалон	checked: no structural quality flags	FMA; pattern consistency
FMA67951	lamina of cerebral hemisphere	Пластинка мозговая полушарие	OK	Пластинка мозговая полушарие	checked: no structural quality flags	FMA; pattern consistency
FMA67957	segment of gyrus of cerebral hemisphere	Сегмент извилина мозговая полушарие	NEEDS_EXTERNAL_REVIEW		lost_information: English semantic markers require manual terminology verification	FMA; external review needed
FMA67977	dorsal venous network of hand	Тыльная венозная нэтворк кисть	OK	Тыльная венозная нэтворк кисть	checked: no structural quality flags	FMA; pattern consistency
FMA68045	segment of thoracic aorta	Сегмент грудная аорта	NEEDS_EXTERNAL_REVIEW		lost_information: English semantic markers require manual terminology verification	FMA; external review needed
FMA68068	inferior phrenic vein	Нижняя диафрагмальная вена	OK	Нижняя диафрагмальная вена	checked: no structural quality flags	FMA; pattern consistency
FMA68109	bronchial artery	Бронхиальная артерия	OK	Бронхиальная артерия	checked: no structural quality flags	FMA; pattern consistency
FMA68192	lobar artery	Долевой артерия	OK	Долевой артерия	checked: no structural quality flags	FMA; pattern consistency
FMA68197	right upper lobar artery	Правый верхняя долевой артерия	FIX	Правая верхняя долевой артерия	laterality; lost_information	FMA; pattern consistency
FMA68208	pulmonary segment of bronchial tree	Лёгочный сегмент бронхиальная дерево	OK	Лёгочный сегмент бронхиальная дерево	checked: no structural quality flags	FMA; pattern consistency
FMA68211	right apical segmental bronchial tree	Правый верхушечная сегментарный бронхиальная дерево	NEEDS_EXTERNAL_REVIEW		lost_information: English semantic markers require manual terminology verification	FMA; external review needed
FMA68212	right anterior segmental bronchial tree	Правый передняя сегментарный бронхиальная дерево	NEEDS_EXTERNAL_REVIEW		lost_information: English semantic markers require manual terminology verification	FMA; external review needed
FMA68213	right posterior segmental bronchial tree	Правый задняя сегментарный бронхиальная дерево	NEEDS_EXTERNAL_REVIEW		lost_information: English semantic markers require manual terminology verification	FMA; external review needed
FMA68214	medial segmental bronchial tree	Медиальная сегментарный бронхиальная дерево	OK	Медиальная сегментарный бронхиальная дерево	checked: no structural quality flags	FMA; pattern consistency
FMA68215	lateral segmental bronchial tree	Латеральная сегментарный бронхиальная дерево	OK	Латеральная сегментарный бронхиальная дерево	checked: no structural quality flags	FMA; pattern consistency
FMA68216	right superior segmental bronchial tree	Правый верхняя сегментарный бронхиальная дерево	NEEDS_EXTERNAL_REVIEW		lost_information: English semantic markers require manual terminology verification	FMA; external review needed
FMA68218	right medial basal segmental bronchial tree	Правый медиальная базальная сегментарный бронхиальная дерево	NEEDS_EXTERNAL_REVIEW		lost_information: English semantic markers require manual terminology verification	FMA; external review needed
FMA68219	anterior basal segmental bronchial tree	Переднее базальное сегментарное бронхиальное дерево	NEEDS_EXTERNAL_REVIEW		other: complex multiword anatomical concept requires external terminology review	FMA; external review needed
FMA68220	right lateral basal segmental bronchial tree	Правый латеральная базальная сегментарный бронхиальная дерево	NEEDS_EXTERNAL_REVIEW		lost_information: English semantic markers require manual terminology verification	FMA; external review needed
FMA68221	right posterior basal segmental bronchial tree	Правый задняя базальная сегментарный бронхиальная дерево	NEEDS_EXTERNAL_REVIEW		lost_information: English semantic markers require manual terminology verification	FMA; external review needed
FMA68222	left anterior segmental bronchial tree	Левый передняя сегментарный бронхиальная дерево	NEEDS_EXTERNAL_REVIEW		lost_information: English semantic markers require manual terminology verification	FMA; external review needed
FMA68223	left apical segmental bronchial tree	Левый верхушечная сегментарный бронхиальная дерево	NEEDS_EXTERNAL_REVIEW		lost_information: English semantic markers require manual terminology verification	FMA; external review needed
FMA68225	left posterior segmental bronchial tree	Левый задняя сегментарный бронхиальная дерево	NEEDS_EXTERNAL_REVIEW		lost_information: English semantic markers require manual terminology verification	FMA; external review needed
FMA68226	superior lingular bronchial tree	Верхняя язычковая бронхиальная дерево	OK	Верхняя язычковая бронхиальная дерево	checked: no structural quality flags	FMA; pattern consistency
FMA68227	inferior lingular bronchial tree	Нижняя язычковая бронхиальная дерево	OK	Нижняя язычковая бронхиальная дерево	checked: no structural quality flags	FMA; pattern consistency
FMA68228	left superior segmental bronchial tree	Левый верхняя сегментарный бронхиальная дерево	NEEDS_EXTERNAL_REVIEW		lost_information: English semantic markers require manual terminology verification	FMA; external review needed
FMA68229	posterior basal segmental bronchial tree	Задняя базальная сегментарный бронхиальная дерево	NEEDS_EXTERNAL_REVIEW		other: complex multiword anatomical concept requires external terminology review	FMA; external review needed
FMA68230	left medial basal segmental bronchial tree	Левый медиальная базальная сегментарный бронхиальная дерево	NEEDS_EXTERNAL_REVIEW		lost_information: English semantic markers require manual terminology verification	FMA; external review needed
FMA68231	left anterior basal segmental bronchial tree	Левый передняя базальная сегментарный бронхиальная дерево	NEEDS_EXTERNAL_REVIEW		lost_information: English semantic markers require manual terminology verification	FMA; external review needed
FMA68232	left lateral basal segmental bronchial tree	Левый латеральная базальная сегментарный бронхиальная дерево	NEEDS_EXTERNAL_REVIEW		lost_information: English semantic markers require manual terminology verification	FMA; external review needed
FMA68233	left posterior basal segmental bronchial tree	Левый задняя базальная сегментарный бронхиальная дерево	NEEDS_EXTERNAL_REVIEW		lost_information: English semantic markers require manual terminology verification	FMA; external review needed
FMA68234	apical segmental bronchial tree	Верхушечное сегментарное бронхиальное дерево	OK	Верхушечное сегментарное бронхиальное дерево	checked: no structural quality flags	FMA; pattern consistency
FMA68235	anterior segmental bronchial tree	Переднее сегментарное бронхиальное дерево	OK	Переднее сегментарное бронхиальное дерево	checked: no structural quality flags	FMA; pattern consistency
FMA68236	posterior segmental bronchial tree	Задняя сегментарный бронхиальная дерево	OK	Задняя сегментарный бронхиальная дерево	checked: no structural quality flags	FMA; pattern consistency
FMA68237	superior segmental bronchial tree	Верхняя сегментарный бронхиальная дерево	OK	Верхняя сегментарный бронхиальная дерево	checked: no structural quality flags	FMA; pattern consistency
FMA68238	basal segmental bronchial tree	Базальное сегментарное бронхиальное дерево	OK	Базальное сегментарное бронхиальное дерево	checked: no structural quality flags	FMA; pattern consistency
FMA68320	medial basal segmental bronchial tree	Медиальная базальная сегментарный бронхиальная дерево	NEEDS_EXTERNAL_REVIEW		other: complex multiword anatomical concept requires external terminology review	FMA; external review needed
FMA68321	right anterior basal segmental bronchial tree	Правый передняя базальная сегментарный бронхиальная дерево	NEEDS_EXTERNAL_REVIEW		lost_information: English semantic markers require manual terminology verification	FMA; external review needed
FMA68322	lateral basal segmental bronchial tree	Латеральная базальная сегментарный бронхиальная дерево	NEEDS_EXTERNAL_REVIEW		other: complex multiword anatomical concept requires external terminology review	FMA; external review needed
FMA68418	right main bronchus proper	Правый главный бронх собственно	NEEDS_EXTERNAL_REVIEW		lost_information: English semantic markers require manual terminology verification	FMA; external review needed
FMA68661	apical part of apical segmental artery	Верхушечная часть верхушечной сегментарной артерии	NEEDS_EXTERNAL_REVIEW		other: complex multiword anatomical concept requires external terminology review	FMA; external review needed
FMA68662	apical part of right apical segmental artery	Верхушечная часть правой верхушечной сегментарной артерии	NEEDS_EXTERNAL_REVIEW		other: complex multiword anatomical concept requires external terminology review	FMA; external review needed
FMA68664	anterior part of apical segmental artery	Передняя часть верхушечной сегментарной артерии	NEEDS_EXTERNAL_REVIEW		other: complex multiword anatomical concept requires external terminology review	FMA; external review needed
FMA68665	anterior part of right apical segmental artery	Передняя часть правой верхушечной сегментарной артерии	NEEDS_EXTERNAL_REVIEW		other: complex multiword anatomical concept requires external terminology review	FMA; external review needed
FMA68667	subsegmental part of apical segmental artery	Субсегментарный часть верхушечная сегментарный артерия	NEEDS_EXTERNAL_REVIEW		other: complex multiword anatomical concept requires external terminology review	FMA; external review needed
FMA68668	subsegmental part of posterior segmental artery	Субсегментарный часть задняя сегментарный артерия	NEEDS_EXTERNAL_REVIEW		other: complex multiword anatomical concept requires external terminology review	FMA; external review needed
FMA68669	apical part of posterior segmental artery	Верхушечная часть задней сегментарной артерии	NEEDS_EXTERNAL_REVIEW		other: complex multiword anatomical concept requires external terminology review	FMA; external review needed
FMA68670	apical part of right posterior segmental artery	Верхушечная часть правой задней сегментарной артерии	NEEDS_EXTERNAL_REVIEW		other: complex multiword anatomical concept requires external terminology review	FMA; external review needed
FMA68672	posterior part of posterior segmental artery	Задняя часть задняя сегментарный артерия	NEEDS_EXTERNAL_REVIEW		other: complex multiword anatomical concept requires external terminology review	FMA; external review needed
FMA68673	posterior part of right posterior segmental artery	Задняя часть правый задняя сегментарный артерия	FIX	Задняя часть Правая задняя сегментарный артерия	laterality	FMA; pattern consistency
FMA68675	subsegmental part of anterior segmental artery	Субсегментарный часть передняя сегментарный артерия	NEEDS_EXTERNAL_REVIEW		other: complex multiword anatomical concept requires external terminology review	FMA; external review needed
FMA68676	posterior part of anterior segmental artery	Задняя часть передняя сегментарный артерия	NEEDS_EXTERNAL_REVIEW		other: complex multiword anatomical concept requires external terminology review	FMA; external review needed
FMA68677	posterior branch of right anterior segmental artery	Задняя ветвь правый передняя сегментарный артерия	FIX	Задняя ветвь Правая передняя сегментарный артерия	laterality	FMA; pattern consistency
FMA68682	anterior branch of anterior segmental artery	Передняя ветвь передней сегментарной артерии	NEEDS_EXTERNAL_REVIEW		other: complex multiword anatomical concept requires external terminology review	FMA; external review needed
FMA68683	anterior branch of right anterior segmental artery	Передняя ветвь правой передней сегментарной артерии	NEEDS_EXTERNAL_REVIEW		other: complex multiword anatomical concept requires external terminology review	FMA; external review needed
FMA68689	subsegmental part of lateral segmental artery	Субсегментарный часть латеральная сегментарный артерия	NEEDS_EXTERNAL_REVIEW		other: complex multiword anatomical concept requires external terminology review	FMA; external review needed
FMA68690	posterior branch of lateral segmental artery	Задняя ветвь латеральная сегментарный артерия	NEEDS_EXTERNAL_REVIEW		other: complex multiword anatomical concept requires external terminology review	FMA; external review needed
FMA68691	anterior branch of lateral segmental artery	Передняя ветвь латеральной сегментарной артерии	NEEDS_EXTERNAL_REVIEW		other: complex multiword anatomical concept requires external terminology review	FMA; external review needed
FMA68692	subsegmental part of medial segmental artery	Субсегментарный часть медиальная сегментарный артерия	NEEDS_EXTERNAL_REVIEW		other: complex multiword anatomical concept requires external terminology review	FMA; external review needed
FMA68693	superior branch of medial segmental artery	Верхняя ветвь медиальная сегментарный артерия	NEEDS_EXTERNAL_REVIEW		other: complex multiword anatomical concept requires external terminology review	FMA; external review needed
FMA68694	inferior branch of medial segmental artery	Нижняя ветвь медиальная сегментарный артерия	NEEDS_EXTERNAL_REVIEW		other: complex multiword anatomical concept requires external terminology review	FMA; external review needed
FMA68704	medial branch of superior segmental artery	Медиальная ветвь верхняя сегментарный артерия	NEEDS_EXTERNAL_REVIEW		other: complex multiword anatomical concept requires external terminology review	FMA; external review needed
FMA68705	subsegmental part of superior segmental artery	Субсегментарный часть верхняя сегментарный артерия	NEEDS_EXTERNAL_REVIEW		other: complex multiword anatomical concept requires external terminology review	FMA; external review needed
FMA68706	medial branch of right superior segmental artery	Медиальная ветвь правый верхняя сегментарный артерия	FIX	Медиальная ветвь Правая верхняя сегментарный артерия	laterality	FMA; pattern consistency
FMA68708	superior branch of superior segmental artery	Верхняя ветвь верхняя сегментарный артерия	NEEDS_EXTERNAL_REVIEW		other: complex multiword anatomical concept requires external terminology review	FMA; external review needed
FMA68709	superior branch of right superior segmental artery	Верхняя ветвь правый верхняя сегментарный артерия	FIX	Верхняя ветвь Правая верхняя сегментарный артерия	laterality	FMA; pattern consistency
FMA68711	lateral branch of superior segmental artery	Латеральная ветвь верхняя сегментарный артерия	NEEDS_EXTERNAL_REVIEW		other: complex multiword anatomical concept requires external terminology review	FMA; external review needed
FMA68712	lateral branch of right superior segmental artery	Латеральная ветвь правый верхняя сегментарный артерия	FIX	Латеральная ветвь Правая верхняя сегментарный артерия	laterality	FMA; pattern consistency
FMA68720	subsegmental part of anterior basal segmental artery	Субсегментарный часть передняя базальная сегментарный артерия	NEEDS_EXTERNAL_REVIEW		other: complex multiword anatomical concept requires external terminology review	FMA; external review needed
FMA68721	lateral branch of anterior basal segmental artery	Латеральная ветвь передняя базальная сегментарный артерия	NEEDS_EXTERNAL_REVIEW		other: complex multiword anatomical concept requires external terminology review	FMA; external review needed
FMA68722	basal branch of anterior basal segmental artery	Базальная ветвь передней базальной сегментарной артерии	NEEDS_EXTERNAL_REVIEW		other: complex multiword anatomical concept requires external terminology review	FMA; external review needed
FMA68723	basal branch of right anterior basal segmental artery	Базальная ветвь правой передней базальной сегментарной артерии	NEEDS_EXTERNAL_REVIEW		other: complex multiword anatomical concept requires external terminology review	FMA; external review needed
FMA68725	lateral branch of right anterior basal segmental artery	Латеральная ветвь правый передняя базальная сегментарный артерия	FIX	Латеральная ветвь Правая передняя базальная сегментарный артерия	laterality	FMA; pattern consistency
FMA68727	subsegmental part of lateral basal segmental artery	Субсегментарный часть латеральная базальная сегментарный артерия	NEEDS_EXTERNAL_REVIEW		other: complex multiword anatomical concept requires external terminology review	FMA; external review needed
FMA68728	lateral branch of right lateral basal segmental artery	Латеральная ветвь правый латеральная базальная сегментарный артерия	FIX	Латеральная ветвь Правая латеральная базальная сегментарный артерия	laterality	FMA; pattern consistency
FMA68733	subsegmental part of posterior basal segmental artery	Субсегментарный часть задняя базальная сегментарный артерия	NEEDS_EXTERNAL_REVIEW		other: complex multiword anatomical concept requires external terminology review	FMA; external review needed
FMA68734	accessory subsuperior branch of posterior basal segmental artery	Добавочная подсупериорная ветвь задней базальной сегментарной артерии	NEEDS_EXTERNAL_REVIEW		other: complex multiword anatomical concept requires external terminology review	FMA; external review needed
FMA68735	accessory subsuperior branch of right posterior basal segmental artery	Добавочная подсупериорная ветвь правой задней базальной сегментарной артерии	NEEDS_EXTERNAL_REVIEW		other: complex multiword anatomical concept requires external terminology review	FMA; external review needed
FMA68737	laterobasal branch of posterior basal segmental artery	Латэробасал ветвь задняя базальная сегментарный артерия	NEEDS_EXTERNAL_REVIEW		other: complex multiword anatomical concept requires external terminology review	FMA; external review needed
FMA68738	laterobasal branch of right posterior basal segmental artery	Латэробасал ветвь правый задняя базальная сегментарный артерия	FIX	Латэробасал ветвь Правая задняя базальная сегментарный артерия	laterality	FMA; pattern consistency
FMA68740	mediobasal branch of posterior basal segmental artery	Мэдиобасал ветвь задняя базальная сегментарный артерия	NEEDS_EXTERNAL_REVIEW		other: complex multiword anatomical concept requires external terminology review	FMA; external review needed
FMA68741	mediobasal branch of right posterior basal segmental artery	Мэдиобасал ветвь правый задняя базальная сегментарный артерия	FIX	Мэдиобасал ветвь Правая задняя базальная сегментарный артерия	laterality	FMA; pattern consistency
FMA68878	trunk of segmental pulmonary vein	Туловище сегментарный лёгочный вена	OK	Туловище сегментарный лёгочный вена	checked: no structural quality flags	FMA; pattern consistency
FMA68879	trunk of apical segmental vein	Туловище верхушечная сегментарный вена	OK	Туловище верхушечная сегментарный вена	checked: no structural quality flags	FMA; pattern consistency
FMA68880	trunk of right apical segmental vein	Туловище правый верхушечная сегментарный вена	FIX	Туловище Правое верхушечная сегментарный вена	laterality	FMA; pattern consistency
FMA68919	apical part of apical segmental vein	Верхушечная часть верхушечной сегментарной вены	NEEDS_EXTERNAL_REVIEW		other: complex multiword anatomical concept requires external terminology review	FMA; external review needed
FMA68920	anterior part of apical segmental vein	Передняя часть верхушечной сегментарной вены	NEEDS_EXTERNAL_REVIEW		other: complex multiword anatomical concept requires external terminology review	FMA; external review needed
FMA68921	anterior part of right apical segmental vein	Передняя часть правой верхушечной сегментарной вены	NEEDS_EXTERNAL_REVIEW		other: complex multiword anatomical concept requires external terminology review	FMA; external review needed
FMA68926	superior part of right anterior segmental vein	Верхняя часть правый передняя сегментарный вена	FIX	Верхняя часть Правая передняя сегментарный вена	laterality	FMA; pattern consistency
FMA68928	inferior part of right anterior segmental vein	Нижняя часть правый передняя сегментарный вена	FIX	Нижняя часть Правая передняя сегментарный вена	laterality	FMA; pattern consistency
FMA68944	posterior part of lateral segmental vein	Задняя часть латеральная сегментарный вена	NEEDS_EXTERNAL_REVIEW		other: complex multiword anatomical concept requires external terminology review	FMA; external review needed
FMA68945	anterior part of lateral segmental vein	Передняя часть латеральной сегментарной вены	NEEDS_EXTERNAL_REVIEW		other: complex multiword anatomical concept requires external terminology review	FMA; external review needed
FMA68982	superior part of medial segmental vein	Верхняя часть медиальная сегментарный вена	NEEDS_EXTERNAL_REVIEW		other: complex multiword anatomical concept requires external terminology review	FMA; external review needed
FMA68983	inferior part of medial segmental vein	Нижняя часть медиальная сегментарный вена	NEEDS_EXTERNAL_REVIEW		other: complex multiword anatomical concept requires external terminology review	FMA; external review needed
FMA69264	inferior suprarenal artery	Нижняя надпочечниковая артерия	OK	Нижняя надпочечниковая артерия	checked: no structural quality flags	FMA; pattern consistency
FMA69265	right inferior suprarenal artery	Правый нижняя надпочечниковая артерия	FIX	Правая нижняя надпочечниковая артерия	laterality; lost_information	FMA; pattern consistency
FMA69266	left inferior suprarenal artery	Левый нижняя надпочечниковая артерия	FIX	Левая нижняя надпочечниковая артерия	laterality; lost_information	FMA; pattern consistency
FMA69418	trunk of branch of popliteal artery	Туловище ветвь подколенная артерия	OK	Туловище ветвь подколенная артерия	checked: no structural quality flags	FMA; pattern consistency
FMA69458	subdivision of external iliac artery	Подразделение наружная подвздошная артерия	OK	Подразделение наружная подвздошная артерия	checked: no structural quality flags	FMA; pattern consistency
FMA69459	subdivision of deep femoral artery	Подразделение глубокая бедренная артерия	OK	Подразделение глубокая бедренная артерия	checked: no structural quality flags	FMA; pattern consistency
FMA69476	subdivision of anterior tibial artery	Подразделение передняя большеберцовая артерия	OK	Подразделение передняя большеберцовая артерия	checked: no structural quality flags	FMA; pattern consistency
FMA69490	right lateral tarsal artery	Правый латеральная предплюсневая кость артерия	FIX	Правая латеральная предплюсневая кость артерия	laterality; lost_information	FMA; pattern consistency
FMA69491	left lateral tarsal artery	Левый латеральная предплюсневая кость артерия	FIX	Левая латеральная предплюсневая кость артерия	laterality; lost_information	FMA; pattern consistency
FMA69494	right arcuate artery	Правый аркуатэ артерия	FIX	Правая аркуатэ артерия	laterality; lost_information	FMA; pattern consistency
FMA69495	left arcuate artery	Левый аркуатэ артерия	FIX	Левая аркуатэ артерия	laterality; lost_information	FMA; pattern consistency
FMA69513	deep plantar artery	Глубокая подошвенная артерия	OK	Глубокая подошвенная артерия	checked: no structural quality flags	FMA; pattern consistency
FMA69514	right deep plantar artery	Правый глубокая подошвенная артерия	FIX	Правая глубокая подошвенная артерия	laterality; lost_information	FMA; pattern consistency
FMA69515	left deep plantar artery	Левый глубокая подошвенная артерия	FIX	Левая глубокая подошвенная артерия	laterality; lost_information	FMA; pattern consistency
FMA69517	distal perforating artery	Дистальная прободная артерия	OK	Дистальная прободная артерия	checked: no structural quality flags	FMA; pattern consistency
FMA69559	zone of trunk of lateral plantar artery	Зона туловище латеральная подошвенная артерия	NEEDS_EXTERNAL_REVIEW		other: complex multiword anatomical concept requires external terminology review	FMA; external review needed
FMA69713	digital artery of foot	пальцевая артерия стопа	OK	пальцевая артерия стопа	checked: no structural quality flags	FMA; pattern consistency
FMA69784	branch of posterior tibial artery	Ветвь задней большеберцовой артерии	NEEDS_EXTERNAL_REVIEW		lost_information: English semantic markers require manual terminology verification	FMA; external review needed
FMA69796	subdivision of internal iliac artery	Подразделение внутренняя подвздошная артерия	OK	Подразделение внутренняя подвздошная артерия	checked: no structural quality flags	FMA; pattern consistency
FMA69803	subdivision of anterior division of internal iliac artery	Подразделение передней ветви внутренней подвздошной артерии	NEEDS_EXTERNAL_REVIEW		other: complex multiword anatomical concept requires external terminology review	FMA; external review needed
FMA69805	subdivision of internal pudendal artery	Подразделение внутренняя пудендальная артерия	OK	Подразделение внутренняя пудендальная артерия	checked: no structural quality flags	FMA; pattern consistency
FMA70247	subdivision of external iliac artery proper	Подразделение наружная подвздошная артерия собственно	NEEDS_EXTERNAL_REVIEW		other: complex multiword anatomical concept requires external terminology review	FMA; external review needed
FMA70248	femoral artery	Бедренная артерия	OK	Бедренная артерия	checked: no structural quality flags	FMA; pattern consistency
FMA70249	right femoral artery	Правый бедренная артерия	FIX	Правая бедренная артерия	laterality; lost_information	FMA; pattern consistency
FMA70250	left femoral artery	Левый бедренная артерия	FIX	Левая бедренная артерия	laterality; lost_information	FMA; pattern consistency
FMA70251	subdivision of femoral artery	Подразделение бедренная артерия	OK	Подразделение бедренная артерия	checked: no structural quality flags	FMA; pattern consistency
FMA70345	subdivision of subclavian artery	Подразделение подключичная артерия	OK	Подразделение подключичная артерия	checked: no structural quality flags	FMA; pattern consistency
FMA70353	subdivision of thyrocervical artery	Подразделение щитовидно-шейный артерия	OK	Подразделение щитовидно-шейный артерия	checked: no structural quality flags	FMA; pattern consistency
FMA70358	subdivision of internal thoracic artery	Подразделение внутренняя грудная артерия	OK	Подразделение внутренняя грудная артерия	checked: no structural quality flags	FMA; pattern consistency
FMA70399	subdivision of costocervical artery	Подразделение рёберно-шейный артерия	OK	Подразделение рёберно-шейный артерия	checked: no structural quality flags	FMA; pattern consistency
FMA70408	subdivision of thoraco-acromial artery	Подразделение грудоакромиальной артерии	OK	Подразделение грудоакромиальной артерии	checked: no structural quality flags	FMA; pattern consistency
FMA70422	subdivision of subscapular artery	Подразделение субскапулар артерия	OK	Подразделение субскапулар артерия	checked: no structural quality flags	FMA; pattern consistency
FMA70429	subdivision of celiac artery	Подразделение чревная артерия	OK	Подразделение чревная артерия	checked: no structural quality flags	FMA; pattern consistency
FMA70433	subdivision of common hepatic artery	Подразделение общая печёночная артерия	OK	Подразделение общая печёночная артерия	checked: no structural quality flags	FMA; pattern consistency
FMA70436	subdivision of gastroduodenal artery	Подразделение гастродуодэнал артерия	OK	Подразделение гастродуодэнал артерия	checked: no structural quality flags	FMA; pattern consistency
FMA70437	superior pancreaticoduodenal artery	Верхняя поджелудочно-двенадцатиперстная артерия	OK	Верхняя поджелудочно-двенадцатиперстная артерия	checked: no structural quality flags	FMA; pattern consistency
FMA70439	subdivision of right hepatic artery	Подразделение правый печёночная артерия	FIX	Подразделение Правая печёночная артерия	laterality	FMA; pattern consistency
FMA70440	subdivision of left hepatic artery	Подразделение левый печёночная артерия	FIX	Подразделение Левая печёночная артерия	laterality	FMA; pattern consistency
FMA70442	anterior superior segmental hepatic artery	Передняя верхняя сегментарная печёночная артерия	NEEDS_EXTERNAL_REVIEW		other: complex multiword anatomical concept requires external terminology review	FMA; external review needed
FMA70443	anterior inferior segmental hepatic artery	Передняя нижняя сегментарная печёночная артерия	NEEDS_EXTERNAL_REVIEW		other: complex multiword anatomical concept requires external terminology review	FMA; external review needed
FMA70445	posterior superior segmental hepatic artery	Задняя верхняя сегментарный печёночная артерия	NEEDS_EXTERNAL_REVIEW		other: complex multiword anatomical concept requires external terminology review	FMA; external review needed
FMA70446	posterior inferior segmental hepatic artery	Задняя нижняя сегментарный печёночная артерия	NEEDS_EXTERNAL_REVIEW		other: complex multiword anatomical concept requires external terminology review	FMA; external review needed
FMA70447	caudate lobe branch of right hepatic artery	Хвостатая доля ветвь правый печёночная артерия	FIX	Хвостатая доля ветвь Правая печёночная артерия	laterality	FMA; pattern consistency
FMA70449	medial superior segmental hepatic artery	Медиальная верхняя сегментарный печёночная артерия	NEEDS_EXTERNAL_REVIEW		other: complex multiword anatomical concept requires external terminology review	FMA; external review needed
FMA70450	medial inferior segmental hepatic artery	Медиальная нижняя сегментарный печёночная артерия	NEEDS_EXTERNAL_REVIEW		other: complex multiword anatomical concept requires external terminology review	FMA; external review needed
FMA70452	lateral superior segmental hepatic artery	Латеральная верхняя сегментарный печёночная артерия	NEEDS_EXTERNAL_REVIEW		other: complex multiword anatomical concept requires external terminology review	FMA; external review needed
FMA70453	lateral inferior segmental hepatic artery	Латеральная нижняя сегментарный печёночная артерия	NEEDS_EXTERNAL_REVIEW		other: complex multiword anatomical concept requires external terminology review	FMA; external review needed
FMA70455	caudate lobe branch of left hepatic artery	Хвостатая доля ветвь левый печёночная артерия	FIX	Хвостатая доля ветвь Левая печёночная артерия	laterality	FMA; pattern consistency
FMA70456	trunk of right hepatic artery	Туловище правый печёночная артерия	FIX	Туловище Правое печёночная артерия	laterality	FMA; pattern consistency
FMA70457	trunk of left hepatic artery	Туловище левый печёночная артерия	FIX	Туловище Левое печёночная артерия	laterality	FMA; pattern consistency
FMA70470	subdivision of splenic artery	Подразделение селезёночная артерия	OK	Подразделение селезёночная артерия	checked: no structural quality flags	FMA; pattern consistency
FMA70471	pancreatic artery	Поджелудочная артерия	OK	Поджелудочная артерия	checked: no structural quality flags	FMA; pattern consistency
FMA70478	subdivision of superior mesenteric artery	Подразделение верхняя брыжеечная артерия	OK	Подразделение верхняя брыжеечная артерия	checked: no structural quality flags	FMA; pattern consistency
FMA70479	anterior inferior pancreaticoduodenal artery	Передняя нижняя панкреатодуоденальная артерия	OK	Передняя нижняя панкреатодуоденальная артерия	checked: no structural quality flags	FMA; pattern consistency
FMA70480	posterior inferior pancreaticoduodenal artery	Задняя нижняя поджелудочно-двенадцатиперстная артерия	OK	Задняя нижняя поджелудочно-двенадцатиперстная артерия	checked: no structural quality flags	FMA; pattern consistency
FMA70481	subdivision of inferior pancreaticoduodenal artery	Подразделение нижняя поджелудочно-двенадцатиперстная артерия	OK	Подразделение нижняя поджелудочно-двенадцатиперстная артерия	checked: no structural quality flags	FMA; pattern consistency
FMA70483	subdivision of inferior mesenteric artery	Подразделение нижняя брыжеечная артерия	OK	Подразделение нижняя брыжеечная артерия	checked: no structural quality flags	FMA; pattern consistency
FMA70484	segment of renal artery	Сегмент почечная артерия	NEEDS_EXTERNAL_REVIEW		lost_information: English semantic markers require manual terminology verification	FMA; external review needed
FMA70485	anterior division of renal artery	Передняя ветвь почечной артерии	OK	Передняя ветвь почечной артерии	checked: no structural quality flags	FMA; pattern consistency
FMA70486	anterior division of right renal artery	Передняя ветвь правой почечной артерии	NEEDS_EXTERNAL_REVIEW		other: complex multiword anatomical concept requires external terminology review	FMA; external review needed
FMA70487	anterior division of left renal artery	Передняя ветвь левой почечной артерии	NEEDS_EXTERNAL_REVIEW		other: complex multiword anatomical concept requires external terminology review	FMA; external review needed
FMA70488	posterior division of renal artery	Задняя дивисион почечная артерия	OK	Задняя дивисион почечная артерия	checked: no structural quality flags	FMA; pattern consistency
FMA70489	posterior division of right renal artery	Задняя дивисион правый почечная артерия	FIX	Задняя дивисион Правая почечная артерия	laterality	FMA; pattern consistency
FMA70490	posterior division of left renal artery	Задняя дивисион левый почечная артерия	FIX	Задняя дивисион Левая почечная артерия	laterality	FMA; pattern consistency
FMA70491	ureteric segment of renal artery	Урэтэрик сегмент почечная артерия	OK	Урэтэрик сегмент почечная артерия	checked: no structural quality flags	FMA; pattern consistency
FMA70492	ureteric segment of right renal artery	Урэтэрик сегмент правый почечная артерия	NEEDS_EXTERNAL_REVIEW		other: complex multiword anatomical concept requires external terminology review	FMA; external review needed
FMA70493	ureteric segment of left renal artery	Урэтэрик сегмент левый почечная артерия	NEEDS_EXTERNAL_REVIEW		other: complex multiword anatomical concept requires external terminology review	FMA; external review needed
FMA70494	segmental renal artery	Сегментарный почечная артерия	NEEDS_EXTERNAL_REVIEW		lost_information: English semantic markers require manual terminology verification	FMA; external review needed
FMA70499	superior segmental renal artery	Верхняя сегментарный почечная артерия	OK	Верхняя сегментарный почечная артерия	checked: no structural quality flags	FMA; pattern consistency
FMA70502	inferior segmental renal artery	Нижняя сегментарный почечная артерия	OK	Нижняя сегментарный почечная артерия	checked: no structural quality flags	FMA; pattern consistency
FMA70503	posterior segmental renal artery	Задняя сегментарный почечная артерия	OK	Задняя сегментарный почечная артерия	checked: no structural quality flags	FMA; pattern consistency
FMA70504	subdivision of common carotid artery	Подразделение общая сонная артерия	OK	Подразделение общая сонная артерия	checked: no structural quality flags	FMA; pattern consistency
FMA70506	subdivision of internal carotid artery	Подразделение внутренняя сонная артерия	OK	Подразделение внутренняя сонная артерия	checked: no structural quality flags	FMA; pattern consistency
FMA70523	subdivision of cerebral part of internal carotid artery	Подразделение мозговая часть внутренняя сонная артерия	NEEDS_EXTERNAL_REVIEW		other: complex multiword anatomical concept requires external terminology review	FMA; external review needed
FMA70593	subdivision of epidermis	Подразделение эпидэрмис	OK	Подразделение эпидэрмис	checked: no structural quality flags	FMA; pattern consistency
FMA70676	subdivision of superior temporal gyrus	Подразделение верхняя височная извилина	OK	Подразделение верхняя височная извилина	checked: no structural quality flags	FMA; pattern consistency
FMA70701	anterior part of superior temporal gyrus	Передняя часть верхней височной извилины	NEEDS_EXTERNAL_REVIEW		other: complex multiword anatomical concept requires external terminology review	FMA; external review needed
FMA70703	posterior part of superior temporal gyrus	Задняя часть верхняя височная извилина	NEEDS_EXTERNAL_REVIEW		other: complex multiword anatomical concept requires external terminology review	FMA; external review needed
FMA70741	set of facial hairs	Совокупность лицевая хаирс	OK	Совокупность лицевая хаирс	checked: no structural quality flags	FMA; pattern consistency
FMA70752	set of hairs	Совокупность хаирс	OK	Совокупность хаирс	checked: no structural quality flags	FMA; pattern consistency
FMA70779	set of organs	Совокупность органы	OK	Совокупность органы	checked: no structural quality flags	FMA; pattern consistency
FMA70800	set of dorsal metacarpal arteries	Совокупность тыльная пястная кость артерии	NEEDS_EXTERNAL_REVIEW		other: complex multiword anatomical concept requires external terminology review	FMA; external review needed
FMA70801	set of dorsal digital arteries	Совокупность тыльная пальцевая артерии	OK	Совокупность тыльная пальцевая артерии	checked: no structural quality flags	FMA; pattern consistency
FMA70815	set of perforating arteries	Совокупность прободная артерии	OK	Совокупность прободная артерии	checked: no structural quality flags	FMA; pattern consistency
FMA70821	set of common plantar digital arteries	Совокупность общая подошвенная пальцевая артерии	NEEDS_EXTERNAL_REVIEW		other: complex multiword anatomical concept requires external terminology review	FMA; external review needed
FMA70839	set of anterior intercostal veins	Совокупность передняя межрёберная вены	OK	Совокупность передняя межрёберная вены	checked: no structural quality flags	FMA; pattern consistency
FMA70917	set of dorsal digital veins	Совокупность тыльная пальцевая вены	OK	Совокупность тыльная пальцевая вены	checked: no structural quality flags	FMA; pattern consistency
FMA70919	set of plantar digital veins	Совокупность подошвенная пальцевая вены	OK	Совокупность подошвенная пальцевая вены	checked: no structural quality flags	FMA; pattern consistency
FMA70922	set of perforating veins	Совокупность прободная вены	OK	Совокупность прободная вены	checked: no structural quality flags	FMA; pattern consistency
FMA71012	skin appendage	Кожа аппэндагэ	OK	Кожа аппэндагэ	checked: no structural quality flags	FMA; pattern consistency
FMA71114	brachium of inferior colliculus	Ручка нижнего холмика	OK	Ручка нижнего холмика	checked: no structural quality flags	FMA; pattern consistency
FMA71193	lobe of thymus	Доля тимуса	OK	Доля тимуса	checked: no structural quality flags	FMA; pattern consistency
FMA71194	right lobe of thymus	Правая доля тимуса	NEEDS_EXTERNAL_REVIEW		lost_information: English semantic markers require manual terminology verification	FMA; external review needed
FMA71195	left lobe of thymus	Левая доля тимуса	NEEDS_EXTERNAL_REVIEW		lost_information: English semantic markers require manual terminology verification	FMA; external review needed
FMA71209	tributary of axillary vein	Приток подмышечная вена	NEEDS_EXTERNAL_REVIEW		lost_information: English semantic markers require manual terminology verification	FMA; external review needed
FMA71210	lateral thoracic vein	Латеральная грудная вена	OK	Латеральная грудная вена	checked: no structural quality flags	FMA; pattern consistency
FMA71211	right lateral thoracic vein	Правый латеральная грудная вена	FIX	Правая латеральная грудная вена	laterality; lost_information	FMA; pattern consistency
FMA71212	left lateral thoracic vein	Левый латеральная грудная вена	FIX	Левая латеральная грудная вена	laterality; lost_information	FMA; pattern consistency
FMA71213	thoracodorsal vein	Торакодорсал вена	OK	Торакодорсал вена	checked: no structural quality flags	FMA; pattern consistency
FMA71214	right thoracodorsal vein	Правый торакодорсал вена	FIX	Правая торакодорсал вена	laterality; lost_information	FMA; pattern consistency
FMA71215	left thoracodorsal vein	Левый торакодорсал вена	FIX	Левая торакодорсал вена	laterality; lost_information	FMA; pattern consistency
FMA71235	region of dura mater	Область дура матэр	OK	Область дура матэр	checked: no structural quality flags	FMA; pattern consistency
FMA71307	set of interspinales lumborum	Совокупность интэрспиналэс лумборум	OK	Совокупность интэрспиналэс лумборум	checked: no structural quality flags	FMA; pattern consistency
FMA71309	set of interspinales cervicis	Совокупность межостистых мышц шеи	OK	Совокупность межостистых мышц шеи	checked: no structural quality flags	FMA; pattern consistency
FMA71313	set of levatores costarum longi	Совокупность лэваторэс костарум лонги	OK	Совокупность лэваторэс костарум лонги	checked: no structural quality flags	FMA; pattern consistency
FMA71314	set of levatores costarum breves	Совокупность лэваторэс костарум брэвэс	OK	Совокупность лэваторэс костарум брэвэс	checked: no structural quality flags	FMA; pattern consistency
FMA71318	set of lumbricals of hand	Совокупность червеобразных мышц кисти	OK	Совокупность червеобразных мышц кисти	checked: no structural quality flags	FMA; pattern consistency
FMA71319	set of dorsal interossei of hand	Совокупность тыльных межкостных мышц кисти	NEEDS_EXTERNAL_REVIEW		other: complex multiword anatomical concept requires external terminology review	FMA; external review needed
FMA71320	set of palmar interossei of hand	Совокупность ладонных межкостных мышц кисти	NEEDS_EXTERNAL_REVIEW		other: complex multiword anatomical concept requires external terminology review	FMA; external review needed
FMA71442	set of anterior cervical intertransversarii	Совокупность передняя шейная интэртрансвэрсарии	OK	Совокупность передняя шейная интэртрансвэрсарии	checked: no structural quality flags	FMA; pattern consistency
FMA71443	set of posterior cervical intertransversarii	Совокупность задняя шейная интэртрансвэрсарии	OK	Совокупность задняя шейная интэртрансвэрсарии	checked: no structural quality flags	FMA; pattern consistency
FMA71502	set of posterior temporal branches of lateral occipital artery	Совокупность задняя височная ветви латеральная затылочная артерия	NEEDS_EXTERNAL_REVIEW		other: complex multiword anatomical concept requires external terminology review	FMA; external review needed
FMA71537	set of oesophageal branches of thoracic aorta	Совокупность пищеводная ветви грудная аорта	NEEDS_EXTERNAL_REVIEW		other: complex multiword anatomical concept requires external terminology review	FMA; external review needed
FMA71562	set of calcaneal branches of posterior tibial artery	Совокупность пяточное ветви задняя большеберцовая артерия	NEEDS_EXTERNAL_REVIEW		other: complex multiword anatomical concept requires external terminology review	FMA; external review needed
FMA71564	set of plantar digital arteries proper	Совокупность подошвенная пальцевая артерии собственно	NEEDS_EXTERNAL_REVIEW		other: complex multiword anatomical concept requires external terminology review	FMA; external review needed
FMA71708	right lobe branch of right hepatic artery	Правый доля ветвь правый печёночная артерия	FIX	Правая доля ветвь Правая печёночная артерия	laterality	FMA; pattern consistency
FMA71709	subdivision of right lobe branch of right hepatic artery	Подразделение правый доля ветвь правый печёночная артерия	FIX	Подразделение Правая доля ветвь Правая печёночная артерия	laterality	FMA; pattern consistency
FMA71710	left lobe branch of left hepatic artery	Левый доля ветвь левый печёночная артерия	FIX	Левая доля ветвь Левая печёночная артерия	laterality	FMA; pattern consistency
FMA71736	subdivision of left lobe branch of left hepatic artery	Подразделение левый доля ветвь левый печёночная артерия	FIX	Подразделение Левая доля ветвь Левая печёночная артерия	laterality	FMA; pattern consistency
FMA71856	segment of biliary tree	Сегмент желчная дерево	NEEDS_EXTERNAL_REVIEW		lost_information: English semantic markers require manual terminology verification	FMA; external review needed
FMA71859	segment of right hepatic biliary tree	Сегмент правый печёночная желчная дерево	NEEDS_EXTERNAL_REVIEW		lost_information: English semantic markers require manual terminology verification	FMA; external review needed
FMA71860	segment of left hepatic biliary tree	Сегмент левый печёночная желчная дерево	NEEDS_EXTERNAL_REVIEW		lost_information: English semantic markers require manual terminology verification	FMA; external review needed
FMA71865	segmental tributary of right hepatic biliary tree	Сегментарный приток правый печёночная желчная дерево	NEEDS_EXTERNAL_REVIEW		lost_information: English semantic markers require manual terminology verification	FMA; external review needed
FMA71866	segmental tributary of left hepatic biliary tree	Сегментарный приток левый печёночная желчная дерево	NEEDS_EXTERNAL_REVIEW		lost_information: English semantic markers require manual terminology verification	FMA; external review needed
FMA71867	anterior superior tributary of right hepatic biliary tree	Передний верхний приток правого печёночного желчного дерева	NEEDS_EXTERNAL_REVIEW		lost_information: English semantic markers require manual terminology verification	FMA; external review needed
FMA71868	anterior inferior tributary of right hepatic biliary tree	Передний нижний приток правого печёночного желчного дерева	NEEDS_EXTERNAL_REVIEW		lost_information: English semantic markers require manual terminology verification	FMA; external review needed
FMA71869	posterior superior tributary of right hepatic biliary tree	Задняя верхняя приток правый печёночная желчная дерево	NEEDS_EXTERNAL_REVIEW		lost_information: English semantic markers require manual terminology verification	FMA; external review needed
FMA71870	posterior inferior tributary of right hepatic biliary tree	Задняя нижняя приток правый печёночная желчная дерево	NEEDS_EXTERNAL_REVIEW		lost_information: English semantic markers require manual terminology verification	FMA; external review needed
FMA71885	medial superior tributary of left hepatic biliary tree	Медиальная верхняя приток левый печёночная желчная дерево	NEEDS_EXTERNAL_REVIEW		lost_information: English semantic markers require manual terminology verification	FMA; external review needed
FMA71886	medial inferior tributary of left hepatic biliary tree	Медиальная нижняя приток левый печёночная желчная дерево	NEEDS_EXTERNAL_REVIEW		lost_information: English semantic markers require manual terminology verification	FMA; external review needed
FMA71887	lateral superior tributary of left hepatic biliary tree	Латеральная верхняя приток левый печёночная желчная дерево	NEEDS_EXTERNAL_REVIEW		lost_information: English semantic markers require manual terminology verification	FMA; external review needed
FMA71888	lateral inferior tributary of left hepatic biliary tree	Латеральная нижняя приток левый печёночная желчная дерево	NEEDS_EXTERNAL_REVIEW		lost_information: English semantic markers require manual terminology verification	FMA; external review needed
FMA71889	caudate lobe tributary of left hepatic biliary tree	Хвостатая доля приток левый печёночная желчная дерево	NEEDS_EXTERNAL_REVIEW		lost_information: English semantic markers require manual terminology verification	FMA; external review needed
FMA71903	subdivision of hepatic portal vein	Подразделение печёночная воротная вена	OK	Подразделение печёночная воротная вена	checked: no structural quality flags	FMA; pattern consistency
FMA71904	pre-hepatic portal vein	Прэ-хэпатик воротная вена	OK	Прэ-хэпатик воротная вена	checked: no structural quality flags	FMA; pattern consistency
FMA71905	subdivision of right hepatic portal vein	Подразделение правый печёночная воротная вена	FIX	Подразделение Правая печёночная воротная вена	laterality	FMA; pattern consistency
FMA71906	subdivision of left hepatic portal vein	Подразделение левый печёночная воротная вена	FIX	Подразделение Левая печёночная воротная вена	laterality	FMA; pattern consistency
FMA71907	trunk of branch of hepatic portal vein	Туловище ветвь печёночная воротная вена	NEEDS_EXTERNAL_REVIEW		other: complex multiword anatomical concept requires external terminology review	FMA; external review needed
FMA71908	proximal phalanx of left middle finger	Проксимальная фаланга левый средняя палец	FIX	Проксимальная фаланга левого среднего пальца	word_order	FMA; pattern consistency
FMA71915	proximal phalanx of left index finger	Проксимальная фаланга левый указательного палец	FIX	Проксимальная фаланга левого указательного пальца	word_order	FMA; pattern consistency
FMA71916	proximal phalanx of left ring finger	Проксимальная фаланга левый кольцо палец	FIX	Проксимальная фаланга левого безымянного пальца	word_order; lost_information	FMA; pattern consistency
FMA72058	intrinsic ligament of larynx	Внутренняя связка гортани	OK	Внутренняя связка гортани	checked: no structural quality flags	FMA; pattern consistency
FMA72308	stylohyoid ligament	Шилоподъязычная связка	OK	Шилоподъязычная связка	checked: no structural quality flags	FMA; pattern consistency
FMA72309	right stylohyoid ligament	Правый шилоподъязычная связка	NEEDS_EXTERNAL_REVIEW		lost_information: English semantic markers require manual terminology verification	FMA; external review needed
FMA72311	left stylohyoid ligament	Левый шилоподъязычная связка	NEEDS_EXTERNAL_REVIEW		lost_information: English semantic markers require manual terminology verification	FMA; external review needed
FMA72417	brachium of superior colliculus	Ручка верхнего холмика	OK	Ручка верхнего холмика	checked: no structural quality flags	FMA; pattern consistency
FMA72653	right superior frontal gyrus	Правый верхняя лобная извилина	NEEDS_EXTERNAL_REVIEW		lost_information: English semantic markers require manual terminology verification	FMA; external review needed
FMA72654	left superior frontal gyrus	Левый верхняя лобная извилина	NEEDS_EXTERNAL_REVIEW		lost_information: English semantic markers require manual terminology verification	FMA; external review needed
FMA72655	right middle frontal gyrus	Правый средняя лобная извилина	NEEDS_EXTERNAL_REVIEW		lost_information: English semantic markers require manual terminology verification	FMA; external review needed
FMA72656	left middle frontal gyrus	Левый средняя лобная извилина	NEEDS_EXTERNAL_REVIEW		lost_information: English semantic markers require manual terminology verification	FMA; external review needed
FMA72657	right inferior frontal gyrus	Правый нижняя лобная извилина	NEEDS_EXTERNAL_REVIEW		lost_information: English semantic markers require manual terminology verification	FMA; external review needed
FMA72658	left inferior frontal gyrus	Левый нижняя лобная извилина	NEEDS_EXTERNAL_REVIEW		lost_information: English semantic markers require manual terminology verification	FMA; external review needed
FMA72661	right precentral gyrus	Правый прэкэнтрал извилина	NEEDS_EXTERNAL_REVIEW		lost_information: English semantic markers require manual terminology verification	FMA; external review needed
FMA72662	left precentral gyrus	Левый прэкэнтрал извилина	NEEDS_EXTERNAL_REVIEW		lost_information: English semantic markers require manual terminology verification	FMA; external review needed
FMA72665	right postcentral gyrus	Правый посткэнтрал извилина	NEEDS_EXTERNAL_REVIEW		lost_information: English semantic markers require manual terminology verification	FMA; external review needed
FMA72666	left postcentral gyrus	Левый посткэнтрал извилина	NEEDS_EXTERNAL_REVIEW		lost_information: English semantic markers require manual terminology verification	FMA; external review needed
FMA72667	right supramarginal gyrus	Правый супрамаргинал извилина	NEEDS_EXTERNAL_REVIEW		lost_information: English semantic markers require manual terminology verification	FMA; external review needed
FMA72668	left supramarginal gyrus	Левый супрамаргинал извилина	NEEDS_EXTERNAL_REVIEW		lost_information: English semantic markers require manual terminology verification	FMA; external review needed
FMA72669	right angular gyrus	Правый ангулар извилина	NEEDS_EXTERNAL_REVIEW		lost_information: English semantic markers require manual terminology verification	FMA; external review needed
FMA72670	left angular gyrus	Левый ангулар извилина	NEEDS_EXTERNAL_REVIEW		lost_information: English semantic markers require manual terminology verification	FMA; external review needed
FMA72671	right superior parietal lobule	Правый верхняя теменная лобулэ	NEEDS_EXTERNAL_REVIEW		lost_information: English semantic markers require manual terminology verification	FMA; external review needed
FMA72672	left superior parietal lobule	Левый верхняя теменная лобулэ	NEEDS_EXTERNAL_REVIEW		lost_information: English semantic markers require manual terminology verification	FMA; external review needed
FMA72685	right middle temporal gyrus	Правый средняя височная извилина	NEEDS_EXTERNAL_REVIEW		lost_information: English semantic markers require manual terminology verification	FMA; external review needed
FMA72686	left middle temporal gyrus	Левый средняя височная извилина	NEEDS_EXTERNAL_REVIEW		lost_information: English semantic markers require manual terminology verification	FMA; external review needed
FMA72687	right inferior temporal gyrus	Правый нижняя височная извилина	NEEDS_EXTERNAL_REVIEW		lost_information: English semantic markers require manual terminology verification	FMA; external review needed
FMA72688	left inferior temporal gyrus	Левый нижняя височная извилина	NEEDS_EXTERNAL_REVIEW		lost_information: English semantic markers require manual terminology verification	FMA; external review needed
FMA72689	right fusiform gyrus	Правый фусиформ извилина	NEEDS_EXTERNAL_REVIEW		lost_information: English semantic markers require manual terminology verification	FMA; external review needed
FMA72690	left fusiform gyrus	Левый фусиформ извилина	NEEDS_EXTERNAL_REVIEW		lost_information: English semantic markers require manual terminology verification	FMA; external review needed
FMA72705	right parahippocampal gyrus	Правый парахиппокампал извилина	NEEDS_EXTERNAL_REVIEW		lost_information: English semantic markers require manual terminology verification	FMA; external review needed
FMA72706	left parahippocampal gyrus	Левый парахиппокампал извилина	NEEDS_EXTERNAL_REVIEW		lost_information: English semantic markers require manual terminology verification	FMA; external review needed
FMA72713	right hippocampus	Правый гиппокамп	NEEDS_EXTERNAL_REVIEW		lost_information: English semantic markers require manual terminology verification	FMA; external review needed
FMA72714	left hippocampus	Левый гиппокамп	NEEDS_EXTERNAL_REVIEW		lost_information: English semantic markers require manual terminology verification	FMA; external review needed
FMA72717	right cingulate gyrus	Правый кингулатэ извилина	NEEDS_EXTERNAL_REVIEW		lost_information: English semantic markers require manual terminology verification	FMA; external review needed
FMA72718	left cingulate gyrus	Левый кингулатэ извилина	NEEDS_EXTERNAL_REVIEW		lost_information: English semantic markers require manual terminology verification	FMA; external review needed
FMA72800	anterior part of right superior temporal gyrus	Передняя часть правой верхней височной извилины	NEEDS_EXTERNAL_REVIEW		other: complex multiword anatomical concept requires external terminology review	FMA; external review needed
FMA72801	anterior part of left superior temporal gyrus	Передняя часть левой верхней височной извилины	NEEDS_EXTERNAL_REVIEW		other: complex multiword anatomical concept requires external terminology review	FMA; external review needed
FMA72804	posterior part of right superior temporal gyrus	Задняя часть правый верхняя височная извилина	FIX	Задняя часть Правая верхняя височная извилина	laterality	FMA; pattern consistency
FMA72805	posterior part of left superior temporal gyrus	Задняя часть левый верхняя височная извилина	FIX	Задняя часть Левая верхняя височная извилина	laterality	FMA; pattern consistency
FMA72826	right caudate nucleus	Правый хвостатая ядро	NEEDS_EXTERNAL_REVIEW		lost_information: English semantic markers require manual terminology verification	FMA; external review needed
FMA72827	left caudate nucleus	Левый хвостатая ядро	NEEDS_EXTERNAL_REVIEW		lost_information: English semantic markers require manual terminology verification	FMA; external review needed
FMA72828	right putamen	Правый путамэн	NEEDS_EXTERNAL_REVIEW		lost_information: English semantic markers require manual terminology verification	FMA; external review needed
FMA72829	left putamen	Левый путамэн	NEEDS_EXTERNAL_REVIEW		lost_information: English semantic markers require manual terminology verification	FMA; external review needed
FMA72830	right globus pallidus	Правый глобус паллидус	NEEDS_EXTERNAL_REVIEW		lost_information: English semantic markers require manual terminology verification	FMA; external review needed
FMA72831	left globus pallidus	Левый глобус паллидус	NEEDS_EXTERNAL_REVIEW		lost_information: English semantic markers require manual terminology verification	FMA; external review needed
FMA72832	right amygdala	Правый миндалевидное тело	FIX	Правое миндалевидное тело	laterality; lost_information	FMA; pattern consistency
FMA72833	left amygdala	Левый миндалевидное тело	FIX	Левое миндалевидное тело	laterality	FMA; pattern consistency
FMA72906	right internal capsule	Правый внутренняя капсула	NEEDS_EXTERNAL_REVIEW		lost_information: English semantic markers require manual terminology verification	FMA; external review needed
FMA72907	left internal capsule	Левый внутренняя капсула	NEEDS_EXTERNAL_REVIEW		lost_information: English semantic markers require manual terminology verification	FMA; external review needed
FMA72924	right fornix of forebrain	Правый свод передний мозг	NEEDS_EXTERNAL_REVIEW		lost_information: English semantic markers require manual terminology verification	FMA; external review needed
FMA72925	left fornix of forebrain	Левый свод передний мозг	NEEDS_EXTERNAL_REVIEW		lost_information: English semantic markers require manual terminology verification	FMA; external review needed
FMA72940	left stria terminalis	Левый стриа тэрминалис	NEEDS_EXTERNAL_REVIEW		lost_information: English semantic markers require manual terminology verification	FMA; external review needed
FMA72975	right occipital lobe	Правый затылочная доля	NEEDS_EXTERNAL_REVIEW		lost_information: English semantic markers require manual terminology verification	FMA; external review needed
FMA72976	left occipital lobe	Левый затылочная доля	NEEDS_EXTERNAL_REVIEW		lost_information: English semantic markers require manual terminology verification	FMA; external review needed
FMA72977	right insula	Правый инсула	NEEDS_EXTERNAL_REVIEW		lost_information: English semantic markers require manual terminology verification	FMA; external review needed
FMA72978	left insula	Левый инсула	NEEDS_EXTERNAL_REVIEW		lost_information: English semantic markers require manual terminology verification	FMA; external review needed
FMA73203	trunk of subdivision of axillary artery	Туловище подразделение подмышечная артерия	OK	Туловище подразделение подмышечная артерия	checked: no structural quality flags	FMA; pattern consistency
FMA73204	trunk of branch of common iliac artery	Туловище ветвь общая подвздошная артерия	NEEDS_EXTERNAL_REVIEW		other: complex multiword anatomical concept requires external terminology review	FMA; external review needed
FMA73303	right lateral geniculate body	Правый латеральная гэникулатэ тело	FIX	Правое латеральная гэникулатэ тело	laterality; lost_information	FMA; pattern consistency
FMA73304	left lateral geniculate body	Левый латеральная гэникулатэ тело	FIX	Левое латеральная гэникулатэ тело	laterality; lost_information	FMA; pattern consistency
FMA73309	right medial geniculate body	Правый медиальная гэникулатэ тело	FIX	Правое медиальная гэникулатэ тело	laterality; lost_information	FMA; pattern consistency
FMA73310	left medial geniculate body	Левый медиальная гэникулатэ тело	FIX	Левое медиальная гэникулатэ тело	laterality; lost_information	FMA; pattern consistency
FMA73413	right stria medullaris of thalamus	Правый стриа мэдулларис таламус	NEEDS_EXTERNAL_REVIEW		lost_information: English semantic markers require manual terminology verification	FMA; external review needed
FMA73414	left stria medullaris of thalamus	Левый стриа мэдулларис таламус	NEEDS_EXTERNAL_REVIEW		lost_information: English semantic markers require manual terminology verification	FMA; external review needed
FMA73422	right superior colliculus	Правый верхняя колликулус	NEEDS_EXTERNAL_REVIEW		lost_information: English semantic markers require manual terminology verification	FMA; external review needed
FMA73423	left superior colliculus	Левый верхняя колликулус	NEEDS_EXTERNAL_REVIEW		lost_information: English semantic markers require manual terminology verification	FMA; external review needed
FMA73434	right inferior colliculus	Правый нижняя колликулус	NEEDS_EXTERNAL_REVIEW		lost_information: English semantic markers require manual terminology verification	FMA; external review needed
FMA73435	left inferior colliculus	Левый нижняя колликулус	NEEDS_EXTERNAL_REVIEW		lost_information: English semantic markers require manual terminology verification	FMA; external review needed
FMA73461	brachium of right superior colliculus	Ручка правого верхнего холмика	OK	Ручка правого верхнего холмика	checked: no structural quality flags	FMA; pattern consistency
FMA73462	brachium of left superior colliculus	Ручка левого верхнего холмика	OK	Ручка левого верхнего холмика	checked: no structural quality flags	FMA; pattern consistency
FMA73463	brachium of right inferior colliculus	Ручка правого нижнего холмика	OK	Ручка правого нижнего холмика	checked: no structural quality flags	FMA; pattern consistency
FMA73464	brachium of left inferior colliculus	Ручка левого нижнего холмика	OK	Ручка левого нижнего холмика	checked: no structural quality flags	FMA; pattern consistency
FMA74075	set of right levatores costarum longi	Совокупность правый лэваторэс костарум лонги	NEEDS_EXTERNAL_REVIEW		other: complex multiword anatomical concept requires external terminology review	FMA; external review needed
FMA74076	set of left levatores costarum longi	Совокупность левый лэваторэс костарум лонги	NEEDS_EXTERNAL_REVIEW		other: complex multiword anatomical concept requires external terminology review	FMA; external review needed
FMA74077	set of right levatores costarum breves	Совокупность правый лэваторэс костарум брэвэс	NEEDS_EXTERNAL_REVIEW		other: complex multiword anatomical concept requires external terminology review	FMA; external review needed
FMA74078	set of left levatores costarum breves	Совокупность левый лэваторэс костарум брэвэс	NEEDS_EXTERNAL_REVIEW		other: complex multiword anatomical concept requires external terminology review	FMA; external review needed
FMA74779	musculature of chest	Мускулатура грудь	OK	Мускулатура грудь	checked: no structural quality flags	FMA; pattern consistency
FMA74866	zone of diencephalon	Зона диэнкэфалон	OK	Зона диэнкэфалон	checked: no structural quality flags	FMA; pattern consistency
FMA74877	mammillary body	Маммилларй тело	OK	Маммилларй тело	checked: no structural quality flags	FMA; pattern consistency
FMA74912	trunk of anterior interventricular branch of left coronary artery	Туловище передняя межжелудочковая ветвь левый коронарная артерия	FIX	Туловище передняя межжелудочковая ветвь Левое коронарная артерия	laterality	FMA; pattern consistency
FMA75351	interventricular foramen	Межжелудочковое отверстие	OK	Межжелудочковое отверстие	checked: no structural quality flags	FMA; pattern consistency
FMA75445	membrane organ component	Оболочка орган компонент	OK	Оболочка орган компонент	checked: no structural quality flags	FMA; pattern consistency
FMA75865	trunk of branch of internal carotid artery	Туловище ветвь внутренняя сонная артерия	NEEDS_EXTERNAL_REVIEW		other: complex multiword anatomical concept requires external terminology review	FMA; external review needed
FMA76107	trunk of branch of middle cerebral artery	Туловище ветвь средняя мозговая артерия	NEEDS_EXTERNAL_REVIEW		other: complex multiword anatomical concept requires external terminology review	FMA; external review needed
FMA76127	trunk of inferior terminal branch of middle cerebral artery	Туловище нижняя концевая ветвь средняя мозговая артерия	NEEDS_EXTERNAL_REVIEW		other: complex multiword anatomical concept requires external terminology review	FMA; external review needed
FMA76128	trunk of inferior terminal branch of right middle cerebral artery	Туловище нижняя концевая ветвь правый средняя мозговая артерия	FIX	Туловище нижняя концевая ветвь Правое средняя мозговая артерия	laterality	FMA; pattern consistency
FMA76129	trunk of inferior terminal branch of left middle cerebral artery	Туловище нижняя концевая ветвь левый средняя мозговая артерия	FIX	Туловище нижняя концевая ветвь Левое средняя мозговая артерия	laterality	FMA; pattern consistency
FMA76259	branch of vertebral artery	Ветвь позвоночная артерия	NEEDS_EXTERNAL_REVIEW		lost_information: English semantic markers require manual terminology verification	FMA; external review needed
FMA76264	intracranial branch of vertebral artery	Интракраниал ветвь позвоночная артерия	OK	Интракраниал ветвь позвоночная артерия	checked: no structural quality flags	FMA; pattern consistency
FMA76269	branch of basilar artery	Ветвь базилярной артерии	NEEDS_EXTERNAL_REVIEW		lost_information: English semantic markers require manual terminology verification	FMA; external review needed
FMA76301	trunk of branch of subclavian artery	Туловище ветвь подключичная артерия	OK	Туловище ветвь подключичная артерия	checked: no structural quality flags	FMA; pattern consistency
FMA76547	trunk of branch of common hepatic artery	Туловище ветвь общая печёночная артерия	NEEDS_EXTERNAL_REVIEW		other: complex multiword anatomical concept requires external terminology review	FMA; external review needed
FMA76574	trunk of gastroduodenal artery	Туловище гастродуодэнал артерия	OK	Туловище гастродуодэнал артерия	checked: no structural quality flags	FMA; pattern consistency
FMA76582	trunk of hepatic artery	Туловище печёночная артерия	OK	Туловище печёночная артерия	checked: no structural quality flags	FMA; pattern consistency
FMA76767	anterior cardiac vein	Передняя сердечная вена	OK	Передняя сердечная вена	checked: no structural quality flags	FMA; pattern consistency
FMA76903	left duct of caudate lobe of liver	Левый проток хвостатая доля печень	NEEDS_EXTERNAL_REVIEW		lost_information: English semantic markers require manual terminology verification	FMA; external review needed
FMA76998	supreme intercostal artery	Супрэмэ межрёберная артерия	OK	Супрэмэ межрёберная артерия	checked: no structural quality flags	FMA; pattern consistency
FMA77140	ulnar recurrent artery	Локтевая возвратная артерия	OK	Локтевая возвратная артерия	checked: no structural quality flags	FMA; pattern consistency
FMA77144	recurrent interosseous artery	Возвратная межкостная артерия	OK	Возвратная межкостная артерия	checked: no structural quality flags	FMA; pattern consistency
FMA77155	popliteal artery	Подколенная артерия	OK	Подколенная артерия	checked: no structural quality flags	FMA; pattern consistency
FMA77168	median sacral vein	Мэдиан крестцовая вена	OK	Мэдиан крестцовая вена	checked: no structural quality flags	FMA; pattern consistency
FMA77177	iliocostalis	Илиокосталис	OK	Илиокосталис	checked: no structural quality flags	FMA; pattern consistency
FMA77178	longissimus	Лонгиссимус	OK	Лонгиссимус	checked: no structural quality flags	FMA; pattern consistency
FMA77179	spinalis	Спиналис	OK	Спиналис	checked: no structural quality flags	FMA; pattern consistency
FMA77180	splenius	Сплэниус	OK	Сплэниус	checked: no structural quality flags	FMA; pattern consistency
FMA77380	right popliteal artery	Правый подколенная артерия	FIX	Правая подколенная артерия	laterality; lost_information	FMA; pattern consistency
FMA77381	left popliteal artery	Левый подколенная артерия	FIX	Левая подколенная артерия	laterality; lost_information	FMA; pattern consistency
FMA77439	artery of central sulcus	Артерия центральной борозды	NEEDS_EXTERNAL_REVIEW		lost_information: English semantic markers require manual terminology verification	FMA; external review needed
FMA77498	circumflex scapular vein	Огибающая лопаточная вена	OK	Огибающая лопаточная вена	checked: no structural quality flags	FMA; pattern consistency
FMA77499	anterior circumflex humeral vein	Передняя вена, огибающая плечевую кость	NEEDS_EXTERNAL_REVIEW		other: complex multiword anatomical concept requires external terminology review	FMA; external review needed
FMA77883	subdivision of brachiocephalic vein	Подразделение плечеголовная вена	OK	Подразделение плечеголовная вена	checked: no structural quality flags	FMA; pattern consistency
FMA77884	subdivision of subclavian vein	Подразделение подключичная вена	OK	Подразделение подключичная вена	checked: no structural quality flags	FMA; pattern consistency
FMA77949	right circumflex scapular vein	Правый огибающая лопаточная вена	FIX	Правая огибающая лопаточная вена	laterality; lost_information	FMA; pattern consistency
FMA77950	left circumflex scapular vein	Левый огибающая лопаточная вена	FIX	Левая огибающая лопаточная вена	laterality; lost_information	FMA; pattern consistency
FMA77954	right anterior circumflex humeral vein	Правая передняя вена, огибающая плечевую кость	NEEDS_EXTERNAL_REVIEW		lost_information: English semantic markers require manual terminology verification	FMA; external review needed
FMA77955	left anterior circumflex humeral vein	Левая передняя вена, огибающая плечевую кость	NEEDS_EXTERNAL_REVIEW		lost_information: English semantic markers require manual terminology verification	FMA; external review needed
FMA78021	medial brachial vein	Медиальная плечевая вена	OK	Медиальная плечевая вена	checked: no structural quality flags	FMA; pattern consistency
FMA78048	subdivision of superior vena caval tree	Подразделение верхняя вена кавал дерево	NEEDS_EXTERNAL_REVIEW		other: complex multiword anatomical concept requires external terminology review	FMA; external review needed
FMA78049	subdivision of inferior vena caval tree	Подразделение нижняя вена кавал дерево	NEEDS_EXTERNAL_REVIEW		other: complex multiword anatomical concept requires external terminology review	FMA; external review needed
FMA78121	superior phrenic vein	Верхняя диафрагмальная вена	OK	Верхняя диафрагмальная вена	checked: no structural quality flags	FMA; pattern consistency
FMA78204	subdivision of external iliac vein	Подразделение наружная подвздошная вена	OK	Подразделение наружная подвздошная вена	checked: no structural quality flags	FMA; pattern consistency
FMA78207	tributary of basilic vein	Приток медиальная подкожная вена	NEEDS_EXTERNAL_REVIEW		lost_information: English semantic markers require manual terminology verification	FMA; external review needed
FMA78447	region of ventricular system of brain	Область желудочковой системы головного мозга	NEEDS_EXTERNAL_REVIEW		other: complex multiword anatomical concept requires external terminology review	FMA; external review needed
FMA78448	lateral ventricle	Боковой желудочек	OK	Боковой желудочек	checked: no structural quality flags	FMA; pattern consistency
FMA78449	right lateral ventricle	Правый боковой желудочек	NEEDS_EXTERNAL_REVIEW		lost_information: English semantic markers require manual terminology verification	FMA; external review needed
FMA78450	left lateral ventricle	Левый боковой желудочек	NEEDS_EXTERNAL_REVIEW		lost_information: English semantic markers require manual terminology verification	FMA; external review needed
FMA78454	third ventricle	Третий желудочек	OK	Третий желудочек	checked: no structural quality flags	FMA; pattern consistency
FMA78467	cerebral aqueduct	Мозговая аквэдукт	OK	Мозговая аквэдукт	checked: no structural quality flags	FMA; pattern consistency
FMA78469	fourth ventricle	Четвёртый желудочек	OK	Четвёртый желудочек	checked: no structural quality flags	FMA; pattern consistency
FMA78497	central canal of spinal cord	Центральная канал спинномозговая канатик	OK	Центральная канал спинномозговая канатик	checked: no structural quality flags	FMA; pattern consistency
FMA78562	set of organ regions	Совокупность орган области	OK	Совокупность орган области	checked: no structural quality flags	FMA; pattern consistency
FMA78590	set of heterogeneous clusters	Совокупность хэтэрогэнэоус клустэрс	OK	Совокупность хэтэрогэнэоус клустэрс	checked: no structural quality flags	FMA; pattern consistency
FMA79615	branch of postcommunicating part of anterior cerebral artery	Ветвь посткоммуникационной части передней мозговой артерии	NEEDS_EXTERNAL_REVIEW		lost_information: English semantic markers require manual terminology verification	FMA; external review needed
FMA79631	branch of sphenoid part of middle cerebral artery	Ветвь клиновидной части средней мозговой артерии	NEEDS_EXTERNAL_REVIEW		lost_information: English semantic markers require manual terminology verification	FMA; external review needed
FMA79658	dorsal scapular artery	Тыльная лопаточная артерия	OK	Тыльная лопаточная артерия	checked: no structural quality flags	FMA; pattern consistency
FMA79979	sternocostal part of right pectoralis major	Стэрнокостал часть правый грудная мышца большая	FIX	Стэрнокостал часть Правая грудная мышца большая	laterality	FMA; pattern consistency
FMA79980	sternocostal part of left pectoralis major	Стэрнокостал часть левый грудная мышца большая	FIX	Стэрнокостал часть Левая грудная мышца большая	laterality	FMA; pattern consistency
FMA81150	lobule of cerebral hemisphere	Лобулэ мозговая полушарие	OK	Лобулэ мозговая полушарие	checked: no structural quality flags	FMA; pattern consistency
FMA81752	right cervical rotator	Правый шейная вращатель	NEEDS_EXTERNAL_REVIEW		lost_information: English semantic markers require manual terminology verification	FMA; external review needed
FMA81753	left cervical rotator	Левый шейная вращатель	NEEDS_EXTERNAL_REVIEW		lost_information: English semantic markers require manual terminology verification	FMA; external review needed
FMA82472	cardinal organ part	Кардинал орган часть	OK	Кардинал орган часть	checked: no structural quality flags	FMA; pattern consistency
FMA82478	lobular organ component	Дольковый компонент органа	OK	Дольковый компонент органа	checked: no structural quality flags	FMA; pattern consistency
FMA82481	organ chamber	Орган камера	OK	Орган камера	checked: no structural quality flags	FMA; pattern consistency
FMA82485	organ component layer	Орган компонент слой	OK	Орган компонент слой	checked: no structural quality flags	FMA; pattern consistency
FMA82494	lobular segment	Лобулар сегмент	OK	Лобулар сегмент	checked: no structural quality flags	FMA; pattern consistency
FMA82500	membranous layer	Перепончатая слой	OK	Перепончатая слой	checked: no structural quality flags	FMA; pattern consistency
FMA82594	segment of subclavian artery	Сегмент подключичная артерия	NEEDS_EXTERNAL_REVIEW		lost_information: English semantic markers require manual terminology verification	FMA; external review needed
FMA82695	trunk of right portal vein	Туловище правый воротная вена	FIX	Туловище Правое воротная вена	laterality	FMA; pattern consistency
FMA82697	trunk of left portal vein	Туловище левый воротная вена	FIX	Туловище Левое воротная вена	laterality	FMA; pattern consistency
FMA82706	caudate lobe branch of right portal vein	Хвостатая доля ветвь правый воротная вена	FIX	Хвостатая доля ветвь Правая воротная вена	laterality	FMA; pattern consistency
FMA82734	right long ciliary nerve	Правый длинная ресничная нерв	NEEDS_EXTERNAL_REVIEW		lost_information: English semantic markers require manual terminology verification	FMA; external review needed
FMA82735	left long ciliary nerve	Левый длинная ресничная нерв	NEEDS_EXTERNAL_REVIEW		lost_information: English semantic markers require manual terminology verification	FMA; external review needed
FMA83115	cell part cluster	Кэлл часть клустэр	OK	Кэлл часть клустэр	checked: no structural quality flags	FMA; pattern consistency
FMA83143	cell part cluster of neuraxis	Кластер частей клеток нервной оси	NEEDS_EXTERNAL_REVIEW		other: complex multiword anatomical concept requires external terminology review	FMA; external review needed
FMA83153	organ component of neuraxis	Компонент органа нервной оси	OK	Компонент органа нервной оси	checked: no structural quality flags	FMA; pattern consistency
FMA83465	segment of white matter of neuraxis	Сегмент белого вещества нервной оси	NEEDS_EXTERNAL_REVIEW		lost_information: English semantic markers require manual terminology verification	FMA; external review needed
FMA83563	subdivision of muscle layer	Подразделение мышца слой	OK	Подразделение мышца слой	checked: no structural quality flags	FMA; pattern consistency
FMA83686	nucleus of neuraxis	Ядро нервной оси	OK	Ядро нервной оси	checked: no structural quality flags	FMA; pattern consistency
FMA83738	subarachnoid incisure	Подпаутинное инкисурэ	OK	Подпаутинное инкисурэ	checked: no structural quality flags	FMA; pattern consistency
FMA83740	interpeduncular fossa	Интэрпэдункулар ямка	OK	Интэрпэдункулар ямка	checked: no structural quality flags	FMA; pattern consistency
FMA83840	nucleus of brain	Ядро головной мозг	OK	Ядро головной мозг	checked: no structural quality flags	FMA; pattern consistency
FMA83854	stria of neuraxis	Полоска нервной оси	OK	Полоска нервной оси	checked: no structural quality flags	FMA; pattern consistency
FMA83856	lamina of neuraxis	Пластинка нервной оси	OK	Пластинка нервной оси	checked: no structural quality flags	FMA; pattern consistency
FMA83857	brachium of neuraxis	Ручка нервной оси	OK	Ручка нервной оси	checked: no structural quality flags	FMA; pattern consistency
FMA83860	peduncle of neuraxis	Ножка нервной оси	OK	Ножка нервной оси	checked: no structural quality flags	FMA; pattern consistency
FMA83865	fornix of neuraxis	Свод нервной оси	OK	Свод нервной оси	checked: no structural quality flags	FMA; pattern consistency
FMA83874	gyrus of neuraxis	Извилина нервной оси	OK	Извилина нервной оси	checked: no structural quality flags	FMA; pattern consistency
FMA83904	septum of neuraxis	Перегородка нервной оси	OK	Перегородка нервной оси	checked: no structural quality flags	FMA; pattern consistency
FMA83906	commissure of neuraxis	Спайка нервной оси	OK	Спайка нервной оси	checked: no structural quality flags	FMA; pattern consistency
FMA83912	gray matter of diencephalon	Серое вещество диэнкэфалон	OK	Серое вещество диэнкэфалон	checked: no structural quality flags	FMA; pattern consistency
FMA83915	gray matter of hypothalamus	Серое вещество гипоталамус	OK	Серое вещество гипоталамус	checked: no structural quality flags	FMA; pattern consistency
FMA83929	white matter of neuraxis	Белое вещество нервной оси	OK	Белое вещество нервной оси	checked: no structural quality flags	FMA; pattern consistency
FMA83930	white matter of telencephalon	Белое вещество тэлэнкэфалон	OK	Белое вещество тэлэнкэфалон	checked: no structural quality flags	FMA; pattern consistency
FMA83966	tentorium cerebelli	Тэнториум кэрэбэлли	OK	Тэнториум кэрэбэлли	checked: no structural quality flags	FMA; pattern consistency
FMA84054	zone of neuraxis	Зона нервной оси	OK	Зона нервной оси	checked: no structural quality flags	FMA; pattern consistency
FMA84059	nuclear complex of neuraxis	Ядерный комплекс нервной оси	OK	Ядерный комплекс нервной оси	checked: no structural quality flags	FMA; pattern consistency
FMA84081	circumventricular organ of neuraxis	Околожелудочковый орган нервной оси	OK	Околожелудочковый орган нервной оси	checked: no structural quality flags	FMA; pattern consistency
FMA84201	secondary incisor tooth	вторичная резец зуб	OK	вторичная резец зуб	checked: no structural quality flags	FMA; pattern consistency
FMA84203	secondary canine tooth	вторичная клык зуб	OK	вторичная клык зуб	checked: no structural quality flags	FMA; pattern consistency
FMA84207	secondary molar tooth	вторичная моляр зуб	OK	вторичная моляр зуб	checked: no structural quality flags	FMA; pattern consistency
FMA84881	subdivision of subarachnoid space	Подразделение подпаутинное пространство	OK	Подразделение подпаутинное пространство	checked: no structural quality flags	FMA; pattern consistency
FMA84926	anatomical compartment space	Пространство анатомического компартмента	NEEDS_EXTERNAL_REVIEW		lost_information: English semantic markers require manual terminology verification	FMA; external review needed
FMA84953	space of compartment of head	Пространство компартмент головка	NEEDS_EXTERNAL_REVIEW		lost_information: English semantic markers require manual terminology verification	FMA; external review needed
FMA85095	proper palmar digital vein of little finger	Собственно ладонная пальцевая вена мизинца палец	FIX	Собственно ладонная пальцевая вена мизинца	word_order	FMA; pattern consistency
FMA85096	proper palmar digital vein of right index finger	Собственно ладонная пальцевая вена правый указательного палец	FIX	Собственно ладонная пальцевая вена правого указательного пальца	word_order	FMA; pattern consistency
FMA85097	proper palmar digital vein of left index finger	Собственно ладонная пальцевая вена левый указательного палец	FIX	Собственно ладонная пальцевая вена левого указательного пальца	word_order	FMA; pattern consistency
FMA85098	proper palmar digital vein of right middle finger	Собственно ладонная пальцевая вена правый средняя палец	FIX	Собственно ладонная пальцевая вена правого среднего пальца	word_order	FMA; pattern consistency
FMA85099	proper palmar digital vein of left middle finger	Собственно ладонная пальцевая вена левый средняя палец	FIX	Собственно ладонная пальцевая вена левого среднего пальца	word_order	FMA; pattern consistency
FMA85100	proper palmar digital vein of right ring finger	Собственно ладонная пальцевая вена правый кольцо палец	FIX	Собственно ладонная пальцевая вена правого безымянного пальца	word_order	FMA; pattern consistency
FMA85101	proper palmar digital vein of left ring finger	Собственно ладонная пальцевая вена левый кольцо палец	FIX	Собственно ладонная пальцевая вена левого безымянного пальца	word_order	FMA; pattern consistency
FMA85102	proper palmar digital vein of right little finger	Собственно ладонная пальцевая вена правый мизинца палец	FIX	Собственно ладонная пальцевая вена правого мизинца	word_order	FMA; pattern consistency
FMA85103	proper palmar digital vein of left little finger	Собственно ладонная пальцевая вена левый мизинца палец	FIX	Собственно ладонная пальцевая вена левого мизинца	word_order	FMA; pattern consistency
FMA85107	third common palmar digital artery	третья общая ладонная пальцевая артерия	NEEDS_EXTERNAL_REVIEW		other: complex multiword anatomical concept requires external terminology review	FMA; external review needed
FMA85108	fourth common palmar digital artery	четвёртая общая ладонная пальцевая артерия	NEEDS_EXTERNAL_REVIEW		other: complex multiword anatomical concept requires external terminology review	FMA; external review needed
FMA85109	branch of first common palmar digital artery	Ветвь первой общей ладонной пальцевой артерии	NEEDS_EXTERNAL_REVIEW		lost_information: English semantic markers require manual terminology verification	FMA; external review needed
FMA85110	branch of second common palmar digital artery	вторая общая ладонная пальцевая артерия	NEEDS_EXTERNAL_REVIEW		lost_information: English semantic markers require manual terminology verification	FMA; external review needed
FMA85111	medial proper palmar digital artery of middle finger	Медиальная собственно ладонная пальцевая артерия средняя палец	FIX	Медиальная собственно ладонная пальцевая артерия среднего пальца	word_order	FMA; pattern consistency
FMA85112	medial proper palmar digital artery of right middle finger	Правая медиальная собственная ладонная пальцевая артерия среднего пальца	NEEDS_EXTERNAL_REVIEW		lost_information: English semantic markers require manual terminology verification	FMA; external review needed
FMA85114	lateral proper palmar digital artery of ring finger	Латеральная собственно ладонная пальцевая артерия кольцо палец	FIX	Латеральная собственно ладонная пальцевая артерия безымянного пальца	word_order	FMA; pattern consistency
FMA85115	lateral proper palmar digital artery of right ring finger	Правая латеральная собственная ладонная пальцевая артерия безымянного пальца	NEEDS_EXTERNAL_REVIEW		lost_information: English semantic markers require manual terminology verification	FMA; external review needed
FMA85116	lateral proper palmar digital artery of left ring finger	Левая латеральная собственная ладонная пальцевая артерия безымянного пальца	NEEDS_EXTERNAL_REVIEW		lost_information: English semantic markers require manual terminology verification	FMA; external review needed
FMA85117	branch of third common palmar digital artery	третья общая ладонная пальцевая артерия	NEEDS_EXTERNAL_REVIEW		lost_information: English semantic markers require manual terminology verification	FMA; external review needed
FMA85118	left first common palmar digital artery	первая общая ладонная пальцевая артерия	NEEDS_EXTERNAL_REVIEW		lost_information: English semantic markers require manual terminology verification	FMA; external review needed
FMA85119	right second common palmar digital artery	вторая общая ладонная пальцевая артерия	NEEDS_EXTERNAL_REVIEW		lost_information: English semantic markers require manual terminology verification	FMA; external review needed
FMA85120	left second common palmar digital artery	вторая общая ладонная пальцевая артерия	NEEDS_EXTERNAL_REVIEW		lost_information: English semantic markers require manual terminology verification	FMA; external review needed
FMA85121	right third common palmar digital artery	третья общая ладонная пальцевая артерия	NEEDS_EXTERNAL_REVIEW		lost_information: English semantic markers require manual terminology verification	FMA; external review needed
FMA85122	left third common palmar digital artery	третья общая ладонная пальцевая артерия	NEEDS_EXTERNAL_REVIEW		lost_information: English semantic markers require manual terminology verification	FMA; external review needed
FMA85123	right fourth common palmar digital artery	четвёртая общая ладонная пальцевая артерия	NEEDS_EXTERNAL_REVIEW		lost_information: English semantic markers require manual terminology verification	FMA; external review needed
FMA85124	left fourth common palmar digital artery	четвёртая общая ладонная пальцевая артерия	NEEDS_EXTERNAL_REVIEW		lost_information: English semantic markers require manual terminology verification	FMA; external review needed
FMA85453	head of muscle organ	Головка мышца орган	OK	Головка мышца орган	checked: no structural quality flags	FMA; pattern consistency
FMA86020	subdivision of transverse cervical artery	Подразделение поперечная шейная артерия	OK	Подразделение поперечная шейная артерия	checked: no structural quality flags	FMA; pattern consistency
FMA86033	opponens digiti minimi of foot	Мышца, противопоставляющая мизинец стопы	OK	Мышца, противопоставляющая мизинец стопы	checked: no structural quality flags	FMA; pattern consistency
FMA86034	opponens digiti minimi of right foot	Правая мышца, противопоставляющая мизинец стопы	NEEDS_EXTERNAL_REVIEW		lost_information: English semantic markers require manual terminology verification	FMA; external review needed
FMA86035	opponens digiti minimi of left foot	Левая мышца, противопоставляющая мизинец стопы	NEEDS_EXTERNAL_REVIEW		lost_information: English semantic markers require manual terminology verification	FMA; external review needed
FMA86103	region of organ component	Область орган компонент	OK	Область орган компонент	checked: no structural quality flags	FMA; pattern consistency
FMA86127	branch of posterior choroidal artery	Ветвь задней ворсинчатой артерии	NEEDS_EXTERNAL_REVIEW		lost_information: English semantic markers require manual terminology verification	FMA; external review needed
FMA86140	organ segment	Орган сегмент	OK	Орган сегмент	checked: no structural quality flags	FMA; pattern consistency
FMA86187	segment of arterial tree organ	Сегмент артериальная дерево орган	NEEDS_EXTERNAL_REVIEW		lost_information: English semantic markers require manual terminology verification	FMA; external review needed
FMA86188	segment of venous tree organ	Сегмент венозная дерево орган	NEEDS_EXTERNAL_REVIEW		lost_information: English semantic markers require manual terminology verification	FMA; external review needed
FMA86195	segment of lacrimal duct	Сегмент слёзная проток	NEEDS_EXTERNAL_REVIEW		lost_information: English semantic markers require manual terminology verification	FMA; external review needed
FMA86212	region of wall of heart	Область стенки сердца	OK	Область стенки сердца	checked: no structural quality flags	FMA; pattern consistency
FMA86254	segment of systemic artery	Сегмент системная артерия	NEEDS_EXTERNAL_REVIEW		lost_information: English semantic markers require manual terminology verification	FMA; external review needed
FMA86256	segment of arterial trunk	Сегмент артериальная туловище	NEEDS_EXTERNAL_REVIEW		lost_information: English semantic markers require manual terminology verification	FMA; external review needed
FMA86340	superior segmental branch of right renal artery	Верхняя сегментарный ветвь правый почечная артерия	FIX	Верхняя сегментарный ветвь Правая почечная артерия	laterality	FMA; pattern consistency
FMA86341	superior segmental branch of left renal artery	Верхняя сегментарный ветвь левый почечная артерия	FIX	Верхняя сегментарный ветвь Левая почечная артерия	laterality	FMA; pattern consistency
FMA86346	inferior segmental branch of right renal artery	Нижняя сегментарный ветвь правый почечная артерия	FIX	Нижняя сегментарный ветвь Правая почечная артерия	laterality	FMA; pattern consistency
FMA86347	inferior segmental branch of left renal artery	Нижняя сегментарный ветвь левый почечная артерия	FIX	Нижняя сегментарный ветвь Левая почечная артерия	laterality	FMA; pattern consistency
FMA86348	posterior segmental branch of right renal artery	Задняя сегментарный ветвь правый почечная артерия	FIX	Задняя сегментарный ветвь Правая почечная артерия	laterality	FMA; pattern consistency
FMA86349	posterior segmental branch of left renal artery	Задняя сегментарный ветвь левый почечная артерия	FIX	Задняя сегментарный ветвь Левая почечная артерия	laterality	FMA; pattern consistency
FMA86375	ligament organ component	Связка орган компонент	OK	Связка орган компонент	checked: no structural quality flags	FMA; pattern consistency
FMA86464	corpus callosum	Корпус каллосум	OK	Корпус каллосум	checked: no structural quality flags	FMA; pattern consistency
FMA86565	region of papillary muscle of left ventricle	Область сосочковая мышца левый желудочек	NEEDS_EXTERNAL_REVIEW		other: complex multiword anatomical concept requires external terminology review	FMA; external review needed
FMA86566	region of lateral papillary muscle of left ventricle	Область латеральная сосочковая мышца левый желудочек	NEEDS_EXTERNAL_REVIEW		other: complex multiword anatomical concept requires external terminology review	FMA; external review needed
FMA87217	descending thoracic aorta	Нисходящая грудная аорта	OK	Нисходящая грудная аорта	checked: no structural quality flags	FMA; pattern consistency
FMA87218	trunk of coronary artery	Туловище коронарная артерия	OK	Туловище коронарная артерия	checked: no structural quality flags	FMA; pattern consistency
FMA222905	segment of colon	Сегмент ободочная кишка	NEEDS_EXTERNAL_REVIEW		lost_information: English semantic markers require manual terminology verification	FMA; external review needed
FMA223151	internal gray matter component	Внутренняя серое вещество компонент	OK	Внутренняя серое вещество компонент	checked: no structural quality flags	FMA; pattern consistency
FMA225818	region of layer of wall of eyeball	Область слой стенка глазное яблоко	NEEDS_EXTERNAL_REVIEW		other: complex multiword anatomical concept requires external terminology review	FMA; external review needed
FMA228667	set of organ parts	Совокупность орган части	OK	Совокупность орган части	checked: no structural quality flags	FMA; pattern consistency
FMA230984	middle phalanx of little toe	Средняя фаланга мизинца палец стопы	FIX	Средняя фаланга мизинца стопы	word_order	FMA; pattern consistency
FMA230986	middle phalanx of right little toe	Средняя фаланга правый мизинца палец стопы	FIX	Средняя фаланга правого мизинца стопы	word_order	FMA; pattern consistency
FMA230988	middle phalanx of left little toe	Средняя фаланга левый мизинца палец стопы	FIX	Средняя фаланга левого мизинца стопы	word_order	FMA; pattern consistency
FMA241998	cerebral white matter	Мозговая белое вещество	OK	Мозговая белое вещество	checked: no structural quality flags	FMA; pattern consistency
FMA242193	region of cerebral cortex	Область мозговая кора	OK	Область мозговая кора	checked: no structural quality flags	FMA; pattern consistency
FMA242770	region of wall of ventricular system of neuraxis	Область стенки желудочковой системы нервной оси	NEEDS_EXTERNAL_REVIEW		other: complex multiword anatomical concept requires external terminology review	FMA; external review needed
FMA242789	region of ventricular system of neuraxis	Область желудочковой системы нервной оси	NEEDS_EXTERNAL_REVIEW		other: complex multiword anatomical concept requires external terminology review	FMA; external review needed
FMA256174	region of cerebral white matter	Область мозговая белое вещество	OK	Область мозговая белое вещество	checked: no structural quality flags	FMA; pattern consistency
FMA256194	orbital gyrus	Глазничная извилина	OK	Глазничная извилина	checked: no structural quality flags	FMA; pattern consistency
FMA256237	segment of neuraxis	Сегмент нервной оси	NEEDS_EXTERNAL_REVIEW		lost_information: English semantic markers require manual terminology verification	FMA; external review needed
FMA256693	nucleus of thalamus	Ядро таламус	OK	Ядро таламус	checked: no structural quality flags	FMA; pattern consistency
FMA258714	right thalamus	Правый таламус	NEEDS_EXTERNAL_REVIEW		lost_information: English semantic markers require manual terminology verification	FMA; external review needed
FMA258716	left thalamus	Левый таламус	NEEDS_EXTERNAL_REVIEW		lost_information: English semantic markers require manual terminology verification	FMA; external review needed
FMA258847	right calcaneal tendon	Правый пяточное сухожилие	NEEDS_EXTERNAL_REVIEW		lost_information: English semantic markers require manual terminology verification	FMA; external review needed
FMA258850	right intermediate tendon	Правый промежуточная сухожилие	NEEDS_EXTERNAL_REVIEW		lost_information: English semantic markers require manual terminology verification	FMA; external review needed
FMA260791	white matter of right cerebral hemisphere	Белое вещество правый мозговая полушарие	NEEDS_EXTERNAL_REVIEW		other: complex multiword anatomical concept requires external terminology review	FMA; external review needed
FMA260794	white matter of left cerebral hemisphere	Белое вещество левый мозговая полушарие	NEEDS_EXTERNAL_REVIEW		other: complex multiword anatomical concept requires external terminology review	FMA; external review needed
FMA264844	left calcaneal tendon	Левый пяточное сухожилие	NEEDS_EXTERNAL_REVIEW		lost_information: English semantic markers require manual terminology verification	FMA; external review needed
FMA265178	ligament of lower limb	Связка нижняя конечность	OK	Связка нижняя конечность	checked: no structural quality flags	FMA; pattern consistency
FMA265180	ligament of limb	Связка конечность	OK	Связка конечность	checked: no structural quality flags	FMA; pattern consistency
FMA265400	region of vascular layer of eyeball	Область сосудистое слой глазное яблоко	NEEDS_EXTERNAL_REVIEW		other: complex multiword anatomical concept requires external terminology review	FMA; external review needed
FMA266054	subdivision of cranial dura mater	Подразделение черепной дура матэр	OK	Подразделение черепной дура матэр	checked: no structural quality flags	FMA; pattern consistency
FMA268667	right recurrent interosseous artery	Правый возвратная межкостная артерия	FIX	Правая возвратная межкостная артерия	laterality; lost_information	FMA; pattern consistency
FMA268669	left recurrent interosseous artery	Левый возвратная межкостная артерия	FIX	Левая возвратная межкостная артерия	laterality; lost_information	FMA; pattern consistency
FMA268712	segment of anterior tibial artery	Сегмент передняя большеберцовая артерия	NEEDS_EXTERNAL_REVIEW		lost_information: English semantic markers require manual terminology verification	FMA; external review needed
FMA268955	region of papillary muscle	Область сосочковая мышца	OK	Область сосочковая мышца	checked: no structural quality flags	FMA; pattern consistency
FMA3734	aorta	Аорта	OK	Аорта	checked: no structural quality flags	FMA; pattern consistency
FMA3862	anterior interventricular branch of left coronary artery	Передняя межжелудочковая ветвь левой коронарной артерии	NEEDS_EXTERNAL_REVIEW		other: complex multiword anatomical concept requires external terminology review	FMA; external review needed
FMA4717	anterior cardiac venous tree	Переднее сердечное венозное дерево	OK	Переднее сердечное венозное дерево	checked: no structural quality flags	FMA; pattern consistency
FMA7088	heart	Сердце	OK	Сердце	checked: no structural quality flags	FMA; pattern consistency
FMA7096	right atrium	Правое предсердие	NEEDS_EXTERNAL_REVIEW		lost_information: English semantic markers require manual terminology verification	FMA; external review needed
FMA7097	left atrium	Левое предсердие	NEEDS_EXTERNAL_REVIEW		lost_information: English semantic markers require manual terminology verification	FMA; external review needed
FMA7098	right ventricle	Правый желудочек	NEEDS_EXTERNAL_REVIEW		lost_information: English semantic markers require manual terminology verification	FMA; external review needed
FMA7101	left ventricle	Левый желудочек	NEEDS_EXTERNAL_REVIEW		lost_information: English semantic markers require manual terminology verification	FMA; external review needed
FMA7152	alimentary system	Пищеварительная система	OK	Пищеварительная система	checked: no structural quality flags	FMA; pattern consistency
FMA7154	head	Головка	OK	Головка	checked: no structural quality flags	FMA; pattern consistency
FMA7155	neck	Шейка	OK	Шейка	checked: no structural quality flags	FMA; pattern consistency
FMA7157	nervous system	Нервная система	OK	Нервная система	checked: no structural quality flags	FMA; pattern consistency
FMA7158	respiratory system	Дыхательный система	OK	Дыхательный система	checked: no structural quality flags	FMA; pattern consistency
FMA7159	urinary system	Мочевая система	OK	Мочевая система	checked: no structural quality flags	FMA; pattern consistency
FMA7160	genital system	Половая система	OK	Половая система	checked: no structural quality flags	FMA; pattern consistency
FMA7161	cardiovascular system	Кардиоваскулар система	OK	Кардиоваскулар система	checked: no structural quality flags	FMA; pattern consistency
FMA7165	right side of heart	Правый сидэ сердце	FIX	Правое сидэ сердце	laterality; lost_information	FMA; pattern consistency
FMA7166	left side of heart	Левый сидэ сердце	FIX	Левое сидэ сердце	laterality; lost_information	FMA; pattern consistency
FMA7181	trunk	Туловище	OK	Туловище	checked: no structural quality flags	FMA; pattern consistency
FMA7184	lower limb	Нижняя конечность	OK	Нижняя конечность	checked: no structural quality flags	FMA; pattern consistency
FMA7185	right upper limb	Правый верхняя конечность	NEEDS_EXTERNAL_REVIEW		lost_information: English semantic markers require manual terminology verification	FMA; external review needed
FMA7186	left upper limb	Левый верхняя конечность	NEEDS_EXTERNAL_REVIEW		lost_information: English semantic markers require manual terminology verification	FMA; external review needed
FMA7187	right lower limb	Правый нижняя конечность	NEEDS_EXTERNAL_REVIEW		lost_information: English semantic markers require manual terminology verification	FMA; external review needed
FMA7188	left lower limb	Левый нижняя конечность	NEEDS_EXTERNAL_REVIEW		lost_information: English semantic markers require manual terminology verification	FMA; external review needed
FMA7197	liver	Печень	OK	Печень	checked: no structural quality flags	FMA; pattern consistency
FMA7200	small intestine	Малая кишка	OK	Малая кишка	checked: no structural quality flags	FMA; pattern consistency
FMA7201	large intestine	Большая кишка	OK	Большая кишка	checked: no structural quality flags	FMA; pattern consistency
FMA7207	jejunum	Тощая кишка	OK	Тощая кишка	checked: no structural quality flags	FMA; pattern consistency
FMA7208	ileum	Подвздошная кишка	OK	Подвздошная кишка	checked: no structural quality flags	FMA; pattern consistency
FMA7216	outflow part of right ventricle	Выносящая часть правого желудочка	OK	Выносящая часть правого желудочка	checked: no structural quality flags	FMA; pattern consistency
FMA7234	tricuspid valve	Трёхстворчатый клапан	OK	Трёхстворчатый клапан	checked: no structural quality flags	FMA; pattern consistency
FMA7235	mitral valve	Митральный клапан	OK	Митральный клапан	checked: no structural quality flags	FMA; pattern consistency
FMA7236	aortic valve	Аортальный клапан	OK	Аортальный клапан	checked: no structural quality flags	FMA; pattern consistency
FMA7246	pulmonary valve	Клапан лёгочного ствола	OK	Клапан лёгочного ствола	checked: no structural quality flags	FMA; pattern consistency
FMA7259	papillary muscle of right ventricle	Сосочковая мышца правый желудочек	OK	Сосочковая мышца правый желудочек	checked: no structural quality flags	FMA; pattern consistency
FMA7309	right lung	Правый лёгкое	NEEDS_EXTERNAL_REVIEW		lost_information: English semantic markers require manual terminology verification	FMA; external review needed
FMA7310	left lung	Левый лёгкое	NEEDS_EXTERNAL_REVIEW		lost_information: English semantic markers require manual terminology verification	FMA; external review needed
FMA7333	upper lobe of right lung	Верхняя доля правый лёгкое	OK	Верхняя доля правый лёгкое	checked: no structural quality flags	FMA; pattern consistency
FMA7337	lower lobe of right lung	Нижняя доля правый лёгкое	OK	Нижняя доля правый лёгкое	checked: no structural quality flags	FMA; pattern consistency
FMA7338	right apical bronchopulmonary segment	Правый верхушечная бронхолёгочный сегмент	NEEDS_EXTERNAL_REVIEW		lost_information: English semantic markers require manual terminology verification	FMA; external review needed
FMA7339	right posterior bronchopulmonary segment	Правый задняя бронхолёгочный сегмент	NEEDS_EXTERNAL_REVIEW		lost_information: English semantic markers require manual terminology verification	FMA; external review needed
FMA7359	right anterior bronchopulmonary segment	Правый передняя бронхолёгочный сегмент	NEEDS_EXTERNAL_REVIEW		lost_information: English semantic markers require manual terminology verification	FMA; external review needed
FMA7360	medial bronchopulmonary segment	Медиальная бронхолёгочный сегмент	OK	Медиальная бронхолёгочный сегмент	checked: no structural quality flags	FMA; pattern consistency
FMA7361	lateral bronchopulmonary segment	Латеральная бронхолёгочный сегмент	OK	Латеральная бронхолёгочный сегмент	checked: no structural quality flags	FMA; pattern consistency
FMA7362	right posterior basal bronchopulmonary segment	Правый задняя базальная бронхолёгочный сегмент	NEEDS_EXTERNAL_REVIEW		lost_information: English semantic markers require manual terminology verification	FMA; external review needed
FMA7363	right lateral basal bronchopulmonary segment	Правый латеральная базальная бронхолёгочный сегмент	NEEDS_EXTERNAL_REVIEW		lost_information: English semantic markers require manual terminology verification	FMA; external review needed
FMA7364	right anterior basal bronchopulmonary segment	Правый передняя базальная бронхолёгочный сегмент	NEEDS_EXTERNAL_REVIEW		lost_information: English semantic markers require manual terminology verification	FMA; external review needed
FMA7365	right medial basal bronchopulmonary segment	Правый медиальная базальная бронхолёгочный сегмент	NEEDS_EXTERNAL_REVIEW		lost_information: English semantic markers require manual terminology verification	FMA; external review needed
FMA7366	right superior bronchopulmonary segment	Правый верхняя бронхолёгочный сегмент	NEEDS_EXTERNAL_REVIEW		lost_information: English semantic markers require manual terminology verification	FMA; external review needed
FMA7370	upper lobe of left lung	Верхняя доля левый лёгкое	OK	Верхняя доля левый лёгкое	checked: no structural quality flags	FMA; pattern consistency
FMA7371	lower lobe of left lung	Нижняя доля левый лёгкое	OK	Нижняя доля левый лёгкое	checked: no structural quality flags	FMA; pattern consistency
FMA7372	apicoposterior bronchopulmonary segment	Верхушечно-задний бронхолёгочный сегмент	OK	Верхушечно-задний бронхолёгочный сегмент	checked: no structural quality flags	FMA; pattern consistency
FMA7373	left anterior bronchopulmonary segment	Левый передняя бронхолёгочный сегмент	NEEDS_EXTERNAL_REVIEW		lost_information: English semantic markers require manual terminology verification	FMA; external review needed
FMA7374	superior lingular bronchopulmonary segment	Верхняя язычковая бронхолёгочный сегмент	OK	Верхняя язычковая бронхолёгочный сегмент	checked: no structural quality flags	FMA; pattern consistency
FMA7375	inferior lingular bronchopulmonary segment	Нижняя язычковая бронхолёгочный сегмент	OK	Нижняя язычковая бронхолёгочный сегмент	checked: no structural quality flags	FMA; pattern consistency
FMA7376	left superior bronchopulmonary segment	Левый верхняя бронхолёгочный сегмент	NEEDS_EXTERNAL_REVIEW		lost_information: English semantic markers require manual terminology verification	FMA; external review needed
FMA7377	left medial basal bronchopulmonary segment	Левый медиальная базальная бронхолёгочный сегмент	NEEDS_EXTERNAL_REVIEW		lost_information: English semantic markers require manual terminology verification	FMA; external review needed
FMA7378	left anterior basal bronchopulmonary segment	Левый передняя базальная бронхолёгочный сегмент	NEEDS_EXTERNAL_REVIEW		lost_information: English semantic markers require manual terminology verification	FMA; external review needed
FMA7379	left lateral basal bronchopulmonary segment	Левый латеральная базальная бронхолёгочный сегмент	NEEDS_EXTERNAL_REVIEW		lost_information: English semantic markers require manual terminology verification	FMA; external review needed
FMA7380	left posterior basal bronchopulmonary segment	Левый задняя базальная бронхолёгочный сегмент	NEEDS_EXTERNAL_REVIEW		lost_information: English semantic markers require manual terminology verification	FMA; external review needed
FMA7383	middle lobe of lung	Средняя доля лёгкое	OK	Средняя доля лёгкое	checked: no structural quality flags	FMA; pattern consistency
FMA7385	left apical bronchopulmonary segment	Левый верхушечная бронхолёгочный сегмент	NEEDS_EXTERNAL_REVIEW		lost_information: English semantic markers require manual terminology verification	FMA; external review needed
FMA7386	left posterior bronchopulmonary segment	Левый задняя бронхолёгочный сегмент	NEEDS_EXTERNAL_REVIEW		lost_information: English semantic markers require manual terminology verification	FMA; external review needed
FMA7393	tracheobronchial tree	Трахеобронхиальный дерево	OK	Трахеобронхиальный дерево	checked: no structural quality flags	FMA; pattern consistency
FMA7395	right main bronchus	Правый главный бронх	NEEDS_EXTERNAL_REVIEW		lost_information: English semantic markers require manual terminology verification	FMA; external review needed
FMA7480	rib cage	Ребро кагэ	NEEDS_EXTERNAL_REVIEW		lost_information: English semantic markers require manual terminology verification	FMA; external review needed
FMA7481	skeletal system of thorax	Скелетный система грудная клетка	OK	Скелетный система грудная клетка	checked: no structural quality flags	FMA; pattern consistency
FMA7482	musculoskeletal system	Мускулоскэлэтал система	OK	Мускулоскэлэтал система	checked: no structural quality flags	FMA; pattern consistency
FMA7483	axial skeletal system	Осевая скелетная система	OK	Осевая скелетная система	checked: no structural quality flags	FMA; pattern consistency
FMA7485	sternum	Грудина	NEEDS_EXTERNAL_REVIEW		lost_information: English semantic markers require manual terminology verification	FMA; external review needed
FMA7563	body compartment	Компартмент тела	NEEDS_EXTERNAL_REVIEW		lost_information: English semantic markers require manual terminology verification	FMA; external review needed
FMA7647	spinal cord	Спинномозговая канатик	OK	Спинномозговая канатик	checked: no structural quality flags	FMA; pattern consistency
FMA8617	right apical segmental artery	Правый верхушечная сегментарный артерия	FIX	Правая верхушечная сегментарный артерия	laterality; lost_information	FMA; pattern consistency
FMA8619	right posterior segmental artery	Правый задняя сегментарный артерия	FIX	Правая задняя сегментарный артерия	laterality; lost_information	FMA; pattern consistency
FMA8627	right superior segmental artery	Правый верхняя сегментарный артерия	FIX	Правая верхняя сегментарный артерия	laterality; lost_information	FMA; pattern consistency
FMA8630	right anterior basal segmental artery	Правый передняя базальная сегментарный артерия	FIX	Правая передняя базальная сегментарный артерия	laterality; lost_information	FMA; pattern consistency
FMA8631	right lateral basal segmental artery	Правый латеральная базальная сегментарный артерия	FIX	Правая латеральная базальная сегментарный артерия	laterality; lost_information	FMA; pattern consistency
FMA8632	right posterior basal segmental artery	Правый задняя базальная сегментарный артерия	FIX	Правая задняя базальная сегментарный артерия	laterality; lost_information	FMA; pattern consistency
FMA8655	right upper lobar vein	Правый верхняя долевой вена	FIX	Правая верхняя долевой вена	laterality; lost_information	FMA; pattern consistency
FMA8656	middle lobar vein	Средняя долевой вена	OK	Средняя долевой вена	checked: no structural quality flags	FMA; pattern consistency
FMA8657	left upper lobar vein	Левый верхняя долевой вена	FIX	Левая верхняя долевой вена	laterality	FMA; pattern consistency
FMA8658	lingular vein	Язычковая вена	OK	Язычковая вена	checked: no structural quality flags	FMA; pattern consistency
FMA8661	right apical segmental vein	Правый верхушечная сегментарный вена	FIX	Правая верхушечная сегментарный вена	laterality; lost_information	FMA; pattern consistency
FMA8664	lateral segmental vein	Латеральная сегментарный вена	OK	Латеральная сегментарный вена	checked: no structural quality flags	FMA; pattern consistency
FMA8665	medial segmental vein	Медиальная сегментарный вена	OK	Медиальная сегментарный вена	checked: no structural quality flags	FMA; pattern consistency
FMA8666	apicoposterior segmental vein	Верхушечно-задняя сегментарная вена	OK	Верхушечно-задняя сегментарная вена	checked: no structural quality flags	FMA; pattern consistency
FMA8671	right common basal vein	Правый общая базальная вена	FIX	Правая общая базальная вена	laterality; lost_information	FMA; pattern consistency
FMA8672	right superior basal vein	Правый верхняя базальная вена	FIX	Правая верхняя базальная вена	laterality; lost_information	FMA; pattern consistency
FMA8674	right inferior basal vein	Правый нижняя базальная вена	FIX	Правая нижняя базальная вена	laterality; lost_information	FMA; pattern consistency
FMA8676	left common basal vein	Левый общая базальная вена	FIX	Левая общая базальная вена	laterality; lost_information	FMA; pattern consistency
FMA8677	left superior basal vein	Левый верхняя базальная вена	FIX	Левая верхняя базальная вена	laterality; lost_information	FMA; pattern consistency
FMA8679	left inferior basal vein	Левый нижняя базальная вена	FIX	Левая нижняя базальная вена	laterality; lost_information	FMA; pattern consistency
FMA9140	thoracic vertebral column	Грудная позвоночная столб	OK	Грудная позвоночная столб	checked: no structural quality flags	FMA; pattern consistency
FMA9348	subaortic curtain of left ventricle	Субаортальная занавеска левого желудочка	OK	Субаортальная занавеска левого желудочка	checked: no structural quality flags	FMA; pattern consistency
FMA9352	papillary muscle of left ventricle	Сосочковая мышца левый желудочек	OK	Сосочковая мышца левый желудочек	checked: no structural quality flags	FMA; pattern consistency
FMA9473	outflow part of left ventricle	Выносящая часть левого желудочка	OK	Выносящая часть левого желудочка	checked: no structural quality flags	FMA; pattern consistency
FMA9496	fibrous skeleton of heart	Фиброзный скелет сердца	OK	Фиброзный скелет сердца	checked: no structural quality flags	FMA; pattern consistency
FMA9498	fibrous ring of mitral valve	Фиброзное кольцо митрального клапана	OK	Фиброзное кольцо митрального клапана	checked: no structural quality flags	FMA; pattern consistency
FMA9533	wall of right ventricle	Стенка правый желудочек	NEEDS_EXTERNAL_REVIEW		lost_information: English semantic markers require manual terminology verification	FMA; external review needed
FMA9535	myocardium of right ventricle	Миокард правый желудочек	OK	Миокард правый желудочек	checked: no structural quality flags	FMA; pattern consistency
FMA9550	outflow part of right atrium	Выносящая часть правого предсердия	OK	Выносящая часть правого предсердия	checked: no structural quality flags	FMA; pattern consistency
FMA9551	outflow part of left atrium	Выносящая часть левого предсердия	OK	Выносящая часть левого предсердия	checked: no structural quality flags	FMA; pattern consistency
FMA9552	inflow part of right ventricle	Приток часть правый желудочек	OK	Приток часть правый желудочек	checked: no structural quality flags	FMA; pattern consistency
FMA9553	anterior wall of right ventricle	Передняя стенка правого желудочка	OK	Передняя стенка правого желудочка	checked: no structural quality flags	FMA; pattern consistency
FMA9555	inferior wall of right ventricle	Нижняя стенка правый желудочек	OK	Нижняя стенка правый желудочек	checked: no structural quality flags	FMA; pattern consistency
FMA9556	wall of left ventricle	Стенка левый желудочек	NEEDS_EXTERNAL_REVIEW		lost_information: English semantic markers require manual terminology verification	FMA; external review needed
FMA9558	myocardium of left ventricle	Миокард левый желудочек	OK	Миокард левый желудочек	checked: no structural quality flags	FMA; pattern consistency
FMA9560	anterior wall of left ventricle	Передняя стенка левого желудочка	OK	Передняя стенка левого желудочка	checked: no structural quality flags	FMA; pattern consistency
FMA9561	inferior wall of left ventricle	Нижняя стенка левого желудочка	OK	Нижняя стенка левого желудочка	checked: no structural quality flags	FMA; pattern consistency
FMA9563	lateral wall of left ventricle	Латеральная стенка левый желудочек	OK	Латеральная стенка левый желудочек	checked: no structural quality flags	FMA; pattern consistency
FMA9564	inflow part of left ventricle	Приточная часть левого желудочка	OK	Приточная часть левого желудочка	checked: no structural quality flags	FMA; pattern consistency
FMA9576	thorax	Грудная клетка	OK	Грудная клетка	checked: no structural quality flags	FMA; pattern consistency
FMA9577	abdomen	Живот	OK	Живот	checked: no structural quality flags	FMA; pattern consistency
FMA9578	pelvis	Таз	OK	Таз	checked: no structural quality flags	FMA; pattern consistency
FMA9579	perineum	Промежность	OK	Промежность	checked: no structural quality flags	FMA; pattern consistency
FMA9584	peritoneum	Брюшина	OK	Брюшина	checked: no structural quality flags	FMA; pattern consistency
FMA9607	thymus	Тимус	OK	Тимус	checked: no structural quality flags	FMA; pattern consistency
FMA9668	endocrine system	Эндокринэ система	OK	Эндокринэ система	checked: no structural quality flags	FMA; pattern consistency
FMA9713	right hand	Правый кисть	NEEDS_EXTERNAL_REVIEW		lost_information: English semantic markers require manual terminology verification	FMA; external review needed
FMA9714	left hand	Левый кисть	NEEDS_EXTERNAL_REVIEW		lost_information: English semantic markers require manual terminology verification	FMA; external review needed
FMA9826	mediastinum	Средостение	OK	Средостение	checked: no structural quality flags	FMA; pattern consistency
FMA9827	superior mediastinum	Верхнее средостение	OK	Верхнее средостение	checked: no structural quality flags	FMA; pattern consistency
FMA9828	inferior mediastinum	Нижнее средостение	OK	Нижнее средостение	checked: no structural quality flags	FMA; pattern consistency
FMA9838	anterior mediastinum	Переднее средостение	OK	Переднее средостение	checked: no structural quality flags	FMA; pattern consistency
FMA9839	middle mediastinum	Среднее средостение	OK	Среднее средостение	checked: no structural quality flags	FMA; pattern consistency
FMA9840	posterior mediastinum	Заднее средостение	OK	Заднее средостение	checked: no structural quality flags	FMA; pattern consistency
FMA9908	peritoneal sac	Пэритонэал сак	OK	Пэритонэал сак	checked: no structural quality flags	FMA; pattern consistency
FMA10427	body wall	Стенка тела	NEEDS_EXTERNAL_REVIEW		lost_information: English semantic markers require manual terminology verification	FMA; external review needed
FMA10428	thoracic wall	Грудная стенка	OK	Грудная стенка	checked: no structural quality flags	FMA; pattern consistency
FMA10429	wall of abdomen proper	Стенка живот собственно	NEEDS_EXTERNAL_REVIEW		lost_information: English semantic markers require manual terminology verification	FMA; external review needed
FMA10430	pelvic wall	Пэлвик стенка	OK	Пэлвик стенка	checked: no structural quality flags	FMA; pattern consistency
FMA11343	right foot	Правый стопа	NEEDS_EXTERNAL_REVIEW		lost_information: English semantic markers require manual terminology verification	FMA; external review needed
FMA11344	left foot	Левый стопа	NEEDS_EXTERNAL_REVIEW		lost_information: English semantic markers require manual terminology verification	FMA; external review needed
FMA11345	right forearm	Правый предплечье	NEEDS_EXTERNAL_REVIEW		lost_information: English semantic markers require manual terminology verification	FMA; external review needed
FMA11346	left forearm	Левый предплечье	NEEDS_EXTERNAL_REVIEW		lost_information: English semantic markers require manual terminology verification	FMA; external review needed
FMA12514	right eyeball	Правый глазное яблоко	NEEDS_EXTERNAL_REVIEW		lost_information: English semantic markers require manual terminology verification	FMA; external review needed
FMA12515	left eyeball	Левый глазное яблоко	NEEDS_EXTERNAL_REVIEW		lost_information: English semantic markers require manual terminology verification	FMA; external review needed
FMA13362	right lobe of liver	Правый доля печень	NEEDS_EXTERNAL_REVIEW		lost_information: English semantic markers require manual terminology verification	FMA; external review needed
FMA13363	left lobe of liver	Левый доля печень	NEEDS_EXTERNAL_REVIEW		lost_information: English semantic markers require manual terminology verification	FMA; external review needed
FMA13373	right pectoralis major	Правый грудная мышца большая	FIX	Правая грудная мышца большая	laterality; lost_information	FMA; pattern consistency
FMA13374	left pectoralis major	Левый грудная мышца большая	FIX	Левая грудная мышца большая	laterality; lost_information	FMA; pattern consistency
FMA13478	vertebral column	Позвоночная столб	OK	Позвоночная столб	checked: no structural quality flags	FMA; pattern consistency
FMA14541	cecum	Кэкум	OK	Кэкум	checked: no structural quality flags	FMA; pattern consistency
FMA14615	wall of small intestine	Стенка малая кишка	NEEDS_EXTERNAL_REVIEW		lost_information: English semantic markers require manual terminology verification	FMA; external review needed
FMA14618	wall of ileum	Стенка подвздошная кишка	NEEDS_EXTERNAL_REVIEW		lost_information: English semantic markers require manual terminology verification	FMA; external review needed
FMA14619	wall of large intestine	Стенка большая кишка	NEEDS_EXTERNAL_REVIEW		lost_information: English semantic markers require manual terminology verification	FMA; external review needed
FMA14627	anterior abdominal wall	Передняя брюшная стенка	OK	Передняя брюшная стенка	checked: no structural quality flags	FMA; pattern consistency
FMA14628	posterior abdominal wall	Задняя абдоминал стенка	OK	Задняя абдоминал стенка	checked: no structural quality flags	FMA; pattern consistency
FMA14665	biliary tree	Желчное дерево	OK	Желчное дерево	checked: no structural quality flags	FMA; pattern consistency
FMA14703	visceral peritoneum	Висцеральная брюшина	OK	Висцеральная брюшина	checked: no structural quality flags	FMA; pattern consistency
FMA14775	gastroduodenal artery	Гастродуодэнал артерия	OK	Гастродуодэнал артерия	checked: no structural quality flags	FMA; pattern consistency
FMA14778	right hepatic artery	Правый печёночная артерия	FIX	Правая печёночная артерия	laterality; lost_information	FMA; pattern consistency
FMA14779	left hepatic artery	Левый печёночная артерия	FIX	Левая печёночная артерия	laterality; lost_information	FMA; pattern consistency
FMA14823	inferior branch of ileocolic artery	Нижняя ветвь подвздошно-ободочная артерия	OK	Нижняя ветвь подвздошно-ободочная артерия	checked: no structural quality flags	FMA; pattern consistency
FMA14971	muscle layer of large intestine	Мышца слой большая кишка	NEEDS_EXTERNAL_REVIEW		lost_information: English semantic markers require manual terminology verification	FMA; external review needed
FMA15419	anterior branch of right portal vein	Передняя ветвь правой воротной вены	NEEDS_EXTERNAL_REVIEW		other: complex multiword anatomical concept requires external terminology review	FMA; external review needed
FMA15422	posterior branch of right portal vein	Задняя ветвь правый воротная вена	FIX	Задняя ветвь Правая воротная вена	laterality	FMA; pattern consistency
FMA15427	medial branch of left portal vein	Медиальная ветвь левый воротная вена	FIX	Медиальная ветвь Левая воротная вена	laterality	FMA; pattern consistency
FMA15430	lateral branch of left portal vein	Латеральная ветвь левый воротная вена	FIX	Латеральная ветвь Левая воротная вена	laterality	FMA; pattern consistency
FMA15748	anterior sector of right liver	Передний сектор правой доли печени	NEEDS_EXTERNAL_REVIEW		other: complex multiword anatomical concept requires external terminology review	FMA; external review needed
FMA15749	posterior sector of right liver	Задняя сектор правый печень	OK	Задняя сектор правый печень	checked: no structural quality flags	FMA; pattern consistency
FMA15750	anterior sector of left liver	Передний сектор левой доли печени	NEEDS_EXTERNAL_REVIEW		other: complex multiword anatomical concept requires external terminology review	FMA; external review needed
FMA15751	posterior sector of left liver	Задняя сектор левый печень	OK	Задняя сектор левый печень	checked: no structural quality flags	FMA; pattern consistency
FMA15809	right hemiliver	Правый хэмиливэр	NEEDS_EXTERNAL_REVIEW		lost_information: English semantic markers require manual terminology verification	FMA; external review needed
FMA15810	left hemiliver	Левый хэмиливэр	NEEDS_EXTERNAL_REVIEW		lost_information: English semantic markers require manual terminology verification	FMA; external review needed
FMA16203	lumbar vertebral column	Поясничная позвоночная столб	OK	Поясничная позвоночная столб	checked: no structural quality flags	FMA; pattern consistency
FMA16580	bony pelvis	Костный таз	OK	Костный таз	checked: no structural quality flags	FMA; pattern consistency
FMA16581	pelvic girdle	Пэлвик пояс	OK	Пэлвик пояс	checked: no structural quality flags	FMA; pattern consistency
FMA16582	right pelvic girdle	Правый пэлвик пояс	NEEDS_EXTERNAL_REVIEW		lost_information: English semantic markers require manual terminology verification	FMA; external review needed
FMA16583	left pelvic girdle	Левый пэлвик пояс	NEEDS_EXTERNAL_REVIEW		lost_information: English semantic markers require manual terminology verification	FMA; external review needed
FMA17181	wall of distal part of ileum	Стенка дистальная часть подвздошная кишка	NEEDS_EXTERNAL_REVIEW		lost_information: English semantic markers require manual terminology verification	FMA; external review needed
FMA20218	mons pubis	Монс пубис	OK	Монс пубис	checked: no structural quality flags	FMA; pattern consistency
FMA20224	right side of rib cage	Правый сидэ ребро кагэ	FIX	Правое сидэ ребро кагэ	laterality; lost_information	FMA; pattern consistency
FMA20225	left side of rib cage	Левый сидэ ребро кагэ	FIX	Левое сидэ ребро кагэ	laterality; lost_information	FMA; pattern consistency
FMA20226	right side of bony pelvis	Правый сидэ костный таз	NEEDS_EXTERNAL_REVIEW		lost_information: English semantic markers require manual terminology verification	FMA; external review needed
FMA20227	left side of bony pelvis	Левый сидэ костный таз	NEEDS_EXTERNAL_REVIEW		lost_information: English semantic markers require manual terminology verification	FMA; external review needed
FMA20347	anal part of perineum	Анальная часть промежности	OK	Анальная часть промежности	checked: no structural quality flags	FMA; pattern consistency
FMA20394	human body	Человеческая тело	OK	Человеческая тело	checked: no structural quality flags	FMA; pattern consistency
FMA20796	right deep femoral artery	Правый глубокая бедренная артерия	FIX	Правая глубокая бедренная артерия	laterality; lost_information	FMA; pattern consistency
FMA20797	left deep femoral artery	Левый глубокая бедренная артерия	FIX	Левая глубокая бедренная артерия	laterality; lost_information	FMA; pattern consistency
FMA22672	right thoraco-acromial artery	Правая грудоакромиальная артерия	NEEDS_EXTERNAL_REVIEW		lost_information: English semantic markers require manual terminology verification	FMA; external review needed
FMA22673	left thoraco-acromial artery	Левая грудоакромиальная артерия	NEEDS_EXTERNAL_REVIEW		lost_information: English semantic markers require manual terminology verification	FMA; external review needed
FMA23218	right pectoral girdle	Правый плечевой пояс	NEEDS_EXTERNAL_REVIEW		lost_information: English semantic markers require manual terminology verification	FMA; external review needed
FMA23219	left pectoral girdle	Левый плечевой пояс	NEEDS_EXTERNAL_REVIEW		lost_information: English semantic markers require manual terminology verification	FMA; external review needed
FMA23876	skeleton (in vivo)	Скелет (прижизненно)	NEEDS_EXTERNAL_REVIEW		other: complex multiword anatomical concept requires external terminology review	FMA; external review needed
FMA23881	skeletal system	Скелетный система	OK	Скелетный система	checked: no structural quality flags	FMA; pattern consistency
FMA24138	cervical vertebral column	Шейная позвоночная столб	OK	Шейная позвоночная столб	checked: no structural quality flags	FMA; pattern consistency
FMA24163	skeleton of right pectoral girdle	скелет правый плечевой пояс	OK	скелет правый плечевой пояс	checked: no structural quality flags	FMA; pattern consistency
FMA24164	skeleton of left pectoral girdle	скелет левый плечевой пояс	OK	скелет левый плечевой пояс	checked: no structural quality flags	FMA; pattern consistency
FMA24189	back of neck	Задняя область шеи	OK	Задняя область шеи	checked: no structural quality flags	FMA; pattern consistency
FMA24217	back of thorax	Задняя область грудной клетки	OK	Задняя область грудной клетки	checked: no structural quality flags	FMA; pattern consistency
FMA24228	posterior part of pelvis	Задняя часть таз	OK	Задняя часть таз	checked: no structural quality flags	FMA; pattern consistency
FMA24728	face	Лицо	OK	Лицо	checked: no structural quality flags	FMA; pattern consistency
FMA24816	anterior chest	Передняя область грудной клетки	OK	Передняя область грудной клетки	checked: no structural quality flags	FMA; pattern consistency
FMA24866	sternal part of chest	Стэрнал часть грудь	OK	Стэрнал часть грудь	checked: no structural quality flags	FMA; pattern consistency
FMA24880	right free upper limb	Правый свободная верхняя конечность	NEEDS_EXTERNAL_REVIEW		lost_information: English semantic markers require manual terminology verification	FMA; external review needed
FMA24881	left free upper limb	Левый свободная верхняя конечность	NEEDS_EXTERNAL_REVIEW		lost_information: English semantic markers require manual terminology verification	FMA; external review needed
FMA24882	right free lower limb	Правый свободная нижняя конечность	NEEDS_EXTERNAL_REVIEW		lost_information: English semantic markers require manual terminology verification	FMA; external review needed
FMA24883	left free lower limb	Левый свободная нижняя конечность	NEEDS_EXTERNAL_REVIEW		lost_information: English semantic markers require manual terminology verification	FMA; external review needed
FMA24895	right arm	Правый плечо	NEEDS_EXTERNAL_REVIEW		lost_information: English semantic markers require manual terminology verification	FMA; external review needed
FMA24896	left arm	Левый плечо	NEEDS_EXTERNAL_REVIEW		lost_information: English semantic markers require manual terminology verification	FMA; external review needed
FMA24940	right wrist	Правый запястье	NEEDS_EXTERNAL_REVIEW		lost_information: English semantic markers require manual terminology verification	FMA; external review needed
FMA24941	left wrist	Левый запястье	NEEDS_EXTERNAL_REVIEW		lost_information: English semantic markers require manual terminology verification	FMA; external review needed
FMA24965	right hip	Правый тазобедренная область	NEEDS_EXTERNAL_REVIEW		lost_information: English semantic markers require manual terminology verification	FMA; external review needed
FMA24966	left hip	Левый тазобедренная область	NEEDS_EXTERNAL_REVIEW		lost_information: English semantic markers require manual terminology verification	FMA; external review needed
FMA24968	right thigh	Правый бедро	NEEDS_EXTERNAL_REVIEW		lost_information: English semantic markers require manual terminology verification	FMA; external review needed
FMA24969	left thigh	Левый бедро	NEEDS_EXTERNAL_REVIEW		lost_information: English semantic markers require manual terminology verification	FMA; external review needed
FMA24977	right knee	Правый кнээ	NEEDS_EXTERNAL_REVIEW		lost_information: English semantic markers require manual terminology verification	FMA; external review needed
FMA24978	left knee	Левый кнээ	NEEDS_EXTERNAL_REVIEW		lost_information: English semantic markers require manual terminology verification	FMA; external review needed
FMA24980	right leg	Правый голень	NEEDS_EXTERNAL_REVIEW		lost_information: English semantic markers require manual terminology verification	FMA; external review needed
FMA24981	left leg	Левый голень	NEEDS_EXTERNAL_REVIEW		lost_information: English semantic markers require manual terminology verification	FMA; external review needed
FMA25511	intervertebral symphysis	Межпозвоночное соединение	OK	Межпозвоночное соединение	checked: no structural quality flags	FMA; pattern consistency
FMA25558	right lateral chest wall	Правый латеральная грудь стенка	FIX	Правая латеральная грудь стенка	laterality; lost_information	FMA; pattern consistency
FMA25559	left lateral chest wall	Левый латеральная грудь стенка	FIX	Левая латеральная грудь стенка	laterality; lost_information	FMA; pattern consistency
FMA25571	intervertebral symphysis of axis	Межпозвоночное соединение атлантоаксиальное	OK	Межпозвоночное соединение атлантоаксиальное	checked: no structural quality flags	FMA; pattern consistency
FMA25572	right bony pectoral girdle	Правый костный плечевой пояс	NEEDS_EXTERNAL_REVIEW		lost_information: English semantic markers require manual terminology verification	FMA; external review needed
FMA25573	left bony pectoral girdle	Левый костный плечевой пояс	NEEDS_EXTERNAL_REVIEW		lost_information: English semantic markers require manual terminology verification	FMA; external review needed
FMA26078	third cervical intervertebral symphysis	Третья шейная межпозвоночное соединение	OK	Третья шейная межпозвоночное соединение	checked: no structural quality flags	FMA; pattern consistency
FMA26083	fourth cervical intervertebral symphysis	Четвёртая шейная межпозвоночное соединение	OK	Четвёртая шейная межпозвоночное соединение	checked: no structural quality flags	FMA; pattern consistency
FMA26084	fifth cervical intervertebral symphysis	Пятая шейная межпозвоночное соединение	OK	Пятая шейная межпозвоночное соединение	checked: no structural quality flags	FMA; pattern consistency
FMA26085	sixth cervical intervertebral symphysis	Шестая шейная межпозвоночное соединение	OK	Шестая шейная межпозвоночное соединение	checked: no structural quality flags	FMA; pattern consistency
FMA26086	seventh cervical intervertebral symphysis	Седьмая шейная межпозвоночное соединение	OK	Седьмая шейная межпозвоночное соединение	checked: no structural quality flags	FMA; pattern consistency
FMA26089	first thoracic intervertebral symphysis	Первая грудная межпозвоночное соединение	OK	Первая грудная межпозвоночное соединение	checked: no structural quality flags	FMA; pattern consistency
FMA26094	second thoracic intervertebral symphysis	Вторая грудная межпозвоночное соединение	OK	Вторая грудная межпозвоночное соединение	checked: no structural quality flags	FMA; pattern consistency
FMA26095	third thoracic intervertebral symphysis	Третья грудная межпозвоночное соединение	OK	Третья грудная межпозвоночное соединение	checked: no structural quality flags	FMA; pattern consistency
FMA26096	fourth thoracic intervertebral symphysis	Четвёртая грудная межпозвоночное соединение	OK	Четвёртая грудная межпозвоночное соединение	checked: no structural quality flags	FMA; pattern consistency
FMA26097	fifth thoracic intervertebral symphysis	Пятая грудная межпозвоночное соединение	OK	Пятая грудная межпозвоночное соединение	checked: no structural quality flags	FMA; pattern consistency
FMA26098	sixth thoracic intervertebral symphysis	Шестая грудная межпозвоночное соединение	OK	Шестая грудная межпозвоночное соединение	checked: no structural quality flags	FMA; pattern consistency
FMA26099	seventh thoracic intervertebral symphysis	Седьмая грудная межпозвоночное соединение	OK	Седьмая грудная межпозвоночное соединение	checked: no structural quality flags	FMA; pattern consistency
FMA26100	eighth thoracic intervertebral symphysis	Восьмая грудная межпозвоночное соединение	OK	Восьмая грудная межпозвоночное соединение	checked: no structural quality flags	FMA; pattern consistency
FMA26101	ninth thoracic intervertebral symphysis	Девятая грудная межпозвоночное соединение	OK	Девятая грудная межпозвоночное соединение	checked: no structural quality flags	FMA; pattern consistency
FMA26102	tenth thoracic intervertebral symphysis	Десятая грудная межпозвоночное соединение	OK	Десятая грудная межпозвоночное соединение	checked: no structural quality flags	FMA; pattern consistency
FMA26103	eleventh thoracic intervertebral symphysis	Одиннадцатая грудная межпозвоночное соединение	OK	Одиннадцатая грудная межпозвоночное соединение	checked: no structural quality flags	FMA; pattern consistency
FMA26105	first lumbar intervertebral symphysis	Первая поясничная межпозвоночное соединение	OK	Первая поясничная межпозвоночное соединение	checked: no structural quality flags	FMA; pattern consistency
FMA26106	second lumbar intervertebral symphysis	Вторая поясничная межпозвоночное соединение	OK	Вторая поясничная межпозвоночное соединение	checked: no structural quality flags	FMA; pattern consistency
FMA26107	third lumbar intervertebral symphysis	Третья поясничная межпозвоночное соединение	OK	Третья поясничная межпозвоночное соединение	checked: no structural quality flags	FMA; pattern consistency
FMA26108	fourth lumbar intervertebral symphysis	Четвёртая поясничная межпозвоночное соединение	OK	Четвёртая поясничная межпозвоночное соединение	checked: no structural quality flags	FMA; pattern consistency
FMA26109	fifth lumbar intervertebral symphysis	Пятая поясничная межпозвоночное соединение	OK	Пятая поясничная межпозвоночное соединение	checked: no structural quality flags	FMA; pattern consistency
FMA26572	thoracic part of tracheobronchial tree	Грудная часть трахеобронхиальный дерево	OK	Грудная часть трахеобронхиальный дерево	checked: no structural quality flags	FMA; pattern consistency
FMA26661	right bronchial tree	Правый бронхиальная дерево	NEEDS_EXTERNAL_REVIEW		lost_information: English semantic markers require manual terminology verification	FMA; external review needed
FMA26662	left bronchial tree	Левый бронхиальная дерево	NEEDS_EXTERNAL_REVIEW		lost_information: English semantic markers require manual terminology verification	FMA; external review needed
FMA31741	middle lobe part of right bronchial tree	Средняя доля часть правый бронхиальная дерево	FIX	Средняя доля часть Правая бронхиальная дерево	laterality	FMA; pattern consistency
FMA31744	upper lobe part of right bronchial tree	Верхняя доля часть правый бронхиальная дерево	FIX	Верхняя доля часть Правая бронхиальная дерево	laterality	FMA; pattern consistency
FMA31746	upper lobe part of left bronchial tree	Верхняя доля часть левый бронхиальная дерево	FIX	Верхняя доля часть Левая бронхиальная дерево	laterality	FMA; pattern consistency
FMA31747	lower lobe part of right bronchial tree	Нижняя доля часть правый бронхиальная дерево	FIX	Нижняя доля часть Правая бронхиальная дерево	laterality	FMA; pattern consistency
FMA31748	lower lobe part of left bronchial tree	Нижняя доля часть левый бронхиальная дерево	FIX	Нижняя доля часть Левая бронхиальная дерево	laterality	FMA; pattern consistency
FMA33642	right shoulder	Правый плечо	NEEDS_EXTERNAL_REVIEW		lost_information: English semantic markers require manual terminology verification	FMA; external review needed
FMA33644	pectoral part of right pectoral girdle	Плечевой часть правый плечевой пояс	FIX	Плечевой часть Правая плечевой пояс	laterality	FMA; pattern consistency
FMA33645	pectoral part of left pectoral girdle	Плечевой часть левый плечевой пояс	FIX	Плечевой часть Левая плечевой пояс	laterality	FMA; pattern consistency
FMA33646	scapular part of right pectoral girdle	Лопаточная часть правый плечевой пояс	FIX	Лопаточная часть Правая плечевой пояс	laterality	FMA; pattern consistency
FMA33647	scapular part of left pectoral girdle	Лопаточная часть левый плечевой пояс	FIX	Лопаточная часть Левая плечевой пояс	laterality	FMA; pattern consistency
FMA45621	pulmonary vascular system	Лёгочный сосудистое система	OK	Лёгочный сосудистое система	checked: no structural quality flags	FMA; pattern consistency
FMA45623	systemic arterial system	Системная артериальная система	OK	Системная артериальная система	checked: no structural quality flags	FMA; pattern consistency
FMA45626	systemic venous system	Системная венозная система	OK	Системная венозная система	checked: no structural quality flags	FMA; pattern consistency
FMA45628	portal venous system	Воротная венозная система	OK	Воротная венозная система	checked: no structural quality flags	FMA; pattern consistency
FMA45659	lower urinary tract	Нижние мочевые пути	OK	Нижние мочевые пути	checked: no structural quality flags	FMA; pattern consistency
FMA45662	lower respiratory tract	Нижняя дыхательный проводящий путь	OK	Нижняя дыхательный проводящий путь	checked: no structural quality flags	FMA; pattern consistency
FMA45842	pulmonary arterial tree	Лёгочный артериальная дерево	OK	Лёгочный артериальная дерево	checked: no structural quality flags	FMA; pattern consistency
FMA45847	portal venous tree	Воротная венозная дерево	OK	Воротная венозная дерево	checked: no structural quality flags	FMA; pattern consistency
FMA46448	frontal part of head	Лобная часть головка	OK	Лобная часть головка	checked: no structural quality flags	FMA; pattern consistency
FMA46472	nose	Нос	OK	Нос	checked: no structural quality flags	FMA; pattern consistency
FMA46565	skull	Череп	OK	Череп	checked: no structural quality flags	FMA; pattern consistency
FMA49177	upper gastrointestinal tract	Верхняя желудочно-кишечный проводящий путь	OK	Верхняя желудочно-кишечный проводящий путь	checked: no structural quality flags	FMA; pattern consistency
FMA49179	lower gastrointestinal tract	Нижняя желудочно-кишечный проводящий путь	OK	Нижняя желудочно-кишечный проводящий путь	checked: no structural quality flags	FMA; pattern consistency
FMA49184	mouth	Полость рта	OK	Полость рта	checked: no structural quality flags	FMA; pattern consistency
FMA49187	occipital part of head	Затылочная часть головка	OK	Затылочная часть головка	checked: no structural quality flags	FMA; pattern consistency
FMA49207	wall of inflow part of right ventricle	Стенка приток часть правый желудочек	NEEDS_EXTERNAL_REVIEW		lost_information: English semantic markers require manual terminology verification	FMA; external review needed
FMA49214	wall of inflow part of left ventricle	Стенка приток часть левый желудочек	NEEDS_EXTERNAL_REVIEW		lost_information: English semantic markers require manual terminology verification	FMA; external review needed
FMA49894	systemic arterial tree	Системная артериальная дерево	OK	Системная артериальная дерево	checked: no structural quality flags	FMA; pattern consistency
FMA50039	right coronary artery	Правый коронарная артерия	FIX	Правая коронарная артерия	laterality; lost_information	FMA; pattern consistency
FMA50040	left coronary artery	Левый коронарная артерия	FIX	Левая коронарная артерия	laterality; lost_information	FMA; pattern consistency
FMA50060	chest wall	Грудь стенка	OK	Грудь стенка	checked: no structural quality flags	FMA; pattern consistency
FMA50061	superficial chest wall	Поверхностная грудь стенка	OK	Поверхностная грудь стенка	checked: no structural quality flags	FMA; pattern consistency
FMA50063	anterior superficial chest wall	Передняя поверхностная стенка грудной клетки	NEEDS_EXTERNAL_REVIEW		other: complex multiword anatomical concept requires external terminology review	FMA; external review needed
FMA50071	right lateral superficial chest wall	Правый латеральная поверхностная грудь стенка	FIX	Правая латеральная поверхностная грудь стенка	laterality; lost_information	FMA; pattern consistency
FMA50072	left lateral superficial chest wall	Левый латеральная поверхностная грудь стенка	FIX	Левая латеральная поверхностная грудь стенка	laterality; lost_information	FMA; pattern consistency
FMA50082	right middle cerebral artery	Правый средняя мозговая артерия	FIX	Правая средняя мозговая артерия	laterality; lost_information	FMA; pattern consistency
FMA50308	coronary sinus tree	Коронарная синус дерево	OK	Коронарная синус дерево	checked: no structural quality flags	FMA; pattern consistency
FMA50454	cerebral arterial circle	Мозговая артериальная кирклэ	OK	Мозговая артериальная кирклэ	checked: no structural quality flags	FMA; pattern consistency
FMA50561	right pontine artery	Правый мостовая артерия	FIX	Правая мостовая артерия	laterality; lost_information	FMA; pattern consistency
FMA50562	left pontine artery	Левый мостовая артерия	FIX	Левая мостовая артерия	laterality; lost_information	FMA; pattern consistency
FMA50584	right posterior cerebral artery	Правый задняя мозговая артерия	FIX	Правая задняя мозговая артерия	laterality; lost_information	FMA; pattern consistency
FMA50585	left posterior cerebral artery	Левый задняя мозговая артерия	FIX	Левая задняя мозговая артерия	laterality; lost_information	FMA; pattern consistency
FMA50658	right posterior choroidal artery	Правая задняя ворсинчатая артерия	NEEDS_EXTERNAL_REVIEW		lost_information: English semantic markers require manual terminology verification	FMA; external review needed
FMA50659	left posterior choroidal artery	Левая задняя ворсинчатая артерия	NEEDS_EXTERNAL_REVIEW		lost_information: English semantic markers require manual terminology verification	FMA; external review needed
FMA50801	brain	Головной мозг	OK	Головной мозг	checked: no structural quality flags	FMA; pattern consistency
FMA51044	fascia lata of right thigh	Фасция лата правый бедро	FIX	Фасция лата Правая бедро	laterality	FMA; pattern consistency
FMA51045	fascia lata of left thigh	Фасция лата левый бедро	FIX	Фасция лата Левая бедро	laterality	FMA; pattern consistency
FMA52801	basicranium	Основание черепа	OK	Основание черепа	checked: no structural quality flags	FMA; pattern consistency
FMA53082	right orbit	Правый орбит	NEEDS_EXTERNAL_REVIEW		lost_information: English semantic markers require manual terminology verification	FMA; external review needed
FMA53083	left orbit	Левый орбит	NEEDS_EXTERNAL_REVIEW		lost_information: English semantic markers require manual terminology verification	FMA; external review needed
FMA53637	right cheek	Правый чээк	NEEDS_EXTERNAL_REVIEW		lost_information: English semantic markers require manual terminology verification	FMA; external review needed
FMA53638	left cheek	Левый чээк	NEEDS_EXTERNAL_REVIEW		lost_information: English semantic markers require manual terminology verification	FMA; external review needed
FMA53672	neurocranium	Нэурокраниум	OK	Нэурокраниум	checked: no structural quality flags	FMA; pattern consistency
FMA53673	viscerocranium	Вискэрокраниум	OK	Вискэрокраниум	checked: no structural quality flags	FMA; pattern consistency
FMA54375	nasal septum	Носовая перегородка	OK	Носовая перегородка	checked: no structural quality flags	FMA; pattern consistency
FMA54397	upper jaw	Верхняя челюсть	OK	Верхняя челюсть	checked: no structural quality flags	FMA; pattern consistency
FMA54398	lower jaw	Нижняя челюсть	OK	Нижняя челюсть	checked: no structural quality flags	FMA; pattern consistency
FMA54440	right upper eyelid	Правый верхняя веко	NEEDS_EXTERNAL_REVIEW		lost_information: English semantic markers require manual terminology verification	FMA; external review needed
FMA54441	left upper eyelid	Левый верхняя веко	NEEDS_EXTERNAL_REVIEW		lost_information: English semantic markers require manual terminology verification	FMA; external review needed
FMA54443	right lower eyelid	Правый нижняя веко	NEEDS_EXTERNAL_REVIEW		lost_information: English semantic markers require manual terminology verification	FMA; external review needed
FMA54444	left lower eyelid	Левый нижняя веко	NEEDS_EXTERNAL_REVIEW		lost_information: English semantic markers require manual terminology verification	FMA; external review needed
FMA54449	right eye	Правый глаз	NEEDS_EXTERNAL_REVIEW		lost_information: English semantic markers require manual terminology verification	FMA; external review needed
FMA54450	left eye	Левый глаз	NEEDS_EXTERNAL_REVIEW		lost_information: English semantic markers require manual terminology verification	FMA; external review needed
FMA54545	head proper	Головка собственно	OK	Головка собственно	checked: no structural quality flags	FMA; pattern consistency
FMA54667	right orbital compartment	Правый глазничная компартмент	NEEDS_EXTERNAL_REVIEW		lost_information: English semantic markers require manual terminology verification	FMA; external review needed
FMA54668	left orbital compartment	Левый глазничная компартмент	NEEDS_EXTERNAL_REVIEW		lost_information: English semantic markers require manual terminology verification	FMA; external review needed
FMA55021	soft palate	Мягкая нёбо	OK	Мягкая нёбо	checked: no structural quality flags	FMA; pattern consistency
FMA55022	uvula	Увула	OK	Увула	checked: no structural quality flags	FMA; pattern consistency
FMA55675	neuraxis	Нейроось	OK	Нейроось	checked: no structural quality flags	FMA; pattern consistency
FMA58099	wall of right eyeball	Стенка правый глазное яблоко	FIX	Стенка Правая глазное яблоко	laterality; lost_information	FMA; pattern consistency
FMA58100	wall of left eyeball	Стенка левый глазное яблоко	FIX	Стенка Левая глазное яблоко	laterality; lost_information	FMA; pattern consistency
FMA58105	fibrous layer of right eyeball	Фиброзная слой правый глазное яблоко	NEEDS_EXTERNAL_REVIEW		other: complex multiword anatomical concept requires external terminology review	FMA; external review needed
FMA58106	fibrous layer of left eyeball	Фиброзная слой левый глазное яблоко	NEEDS_EXTERNAL_REVIEW		other: complex multiword anatomical concept requires external terminology review	FMA; external review needed
FMA58107	vascular layer of right eyeball	Сосудистое слой правый глазное яблоко	NEEDS_EXTERNAL_REVIEW		other: complex multiword anatomical concept requires external terminology review	FMA; external review needed
FMA58108	vascular layer of left eyeball	Сосудистое слой левый глазное яблоко	NEEDS_EXTERNAL_REVIEW		other: complex multiword anatomical concept requires external terminology review	FMA; external review needed
FMA58401	investing fascia of right upper limb	Покрывающая фасция правой верхней конечности	NEEDS_EXTERNAL_REVIEW		other: complex multiword anatomical concept requires external terminology review	FMA; external review needed
FMA58405	investing fascia of right free upper limb	Покрывающая фасция правой свободной верхней конечности	NEEDS_EXTERNAL_REVIEW		other: complex multiword anatomical concept requires external terminology review	FMA; external review needed
FMA58406	investing fascia of left free upper limb	Покрывающая фасция левой свободной верхней конечности	NEEDS_EXTERNAL_REVIEW		other: complex multiword anatomical concept requires external terminology review	FMA; external review needed
FMA58418	investing fascia of right lower limb	Покрывающая фасция правой нижней конечности	NEEDS_EXTERNAL_REVIEW		other: complex multiword anatomical concept requires external terminology review	FMA; external review needed
FMA58419	investing fascia of left lower limb	Покрывающая фасция левой нижней конечности	NEEDS_EXTERNAL_REVIEW		other: complex multiword anatomical concept requires external terminology review	FMA; external review needed
FMA58429	investing fascia of right free lower limb	Покрывающая фасция правой свободной нижней конечности	NEEDS_EXTERNAL_REVIEW		other: complex multiword anatomical concept requires external terminology review	FMA; external review needed
FMA58430	investing fascia of left free lower limb	Покрывающая фасция левой свободной нижней конечности	NEEDS_EXTERNAL_REVIEW		other: complex multiword anatomical concept requires external terminology review	FMA; external review needed
FMA58448	investing fascia of right wrist	Покрывающая фасция правого запястья	OK	Покрывающая фасция правого запястья	checked: no structural quality flags	FMA; pattern consistency
FMA58449	investing fascia of left wrist	Покрывающая фасция левого запястья	OK	Покрывающая фасция левого запястья	checked: no structural quality flags	FMA; pattern consistency
FMA58575	investing fascia of right forearm	Покрывающая фасция правого предплечья	OK	Покрывающая фасция правого предплечья	checked: no structural quality flags	FMA; pattern consistency
FMA58576	investing fascia of left forearm	Покрывающая фасция левого предплечья	OK	Покрывающая фасция левого предплечья	checked: no structural quality flags	FMA; pattern consistency
FMA58742	investing fascia of right thigh	Покрывающая фасция правого бедра	OK	Покрывающая фасция правого бедра	checked: no structural quality flags	FMA; pattern consistency
FMA58743	investing fascia of left thigh	Покрывающая фасция левого бедра	OK	Покрывающая фасция левого бедра	checked: no structural quality flags	FMA; pattern consistency
FMA59368	right lacrimal apparatus	Правый слёзная аппарат	NEEDS_EXTERNAL_REVIEW		lost_information: English semantic markers require manual terminology verification	FMA; external review needed
FMA59369	left lacrimal apparatus	Левый слёзная аппарат	NEEDS_EXTERNAL_REVIEW		lost_information: English semantic markers require manual terminology verification	FMA; external review needed
FMA59398	mandibular part of mouth	Мандибулар часть полость рта	OK	Мандибулар часть полость рта	checked: no structural quality flags	FMA; pattern consistency
FMA59399	maxillary part of mouth	Максилларй часть полость рта	OK	Максилларй часть полость рта	checked: no structural quality flags	FMA; pattern consistency
FMA59515	external nose	Наружная нос	OK	Наружная нос	checked: no structural quality flags	FMA; pattern consistency
FMA59516	root of nose	Корень нос	OK	Корень нос	checked: no structural quality flags	FMA; pattern consistency
FMA59517	dorsum of nose	Дорсум нос	OK	Дорсум нос	checked: no structural quality flags	FMA; pattern consistency
FMA59538	cartilaginous skeleton of nose	Картилагиноус скелет нос	OK	Картилагиноус скелет нос	checked: no structural quality flags	FMA; pattern consistency
FMA59637	internal nose	Внутренняя нос	OK	Внутренняя нос	checked: no structural quality flags	FMA; pattern consistency
FMA59654	osseous skeleton of nose	Костная скелет нос	OK	Костная скелет нос	checked: no structural quality flags	FMA; pattern consistency
FMA59655	osseous skeleton of external nose	Костная скелет наружная нос	OK	Костная скелет наружная нос	checked: no structural quality flags	FMA; pattern consistency
FMA59656	osseous skeleton of internal nose	Костная скелет внутренняя нос	OK	Костная скелет внутренняя нос	checked: no structural quality flags	FMA; pattern consistency
FMA59665	septum of internal nose	Перегородка внутренняя нос	OK	Перегородка внутренняя нос	checked: no structural quality flags	FMA; pattern consistency
FMA59668	wall of internal nose	Стенка внутренняя нос	NEEDS_EXTERNAL_REVIEW		lost_information: English semantic markers require manual terminology verification	FMA; external review needed
FMA59671	right lateral wall of internal nose	Правый латеральная стенка внутренняя нос	FIX	Правая латеральная стенка внутренняя нос	laterality; lost_information	FMA; pattern consistency
FMA59672	left lateral wall of internal nose	Левый латеральная стенка внутренняя нос	FIX	Левая латеральная стенка внутренняя нос	laterality; lost_information	FMA; pattern consistency
FMA59748	right side of internal nose	Правый сидэ внутренняя нос	NEEDS_EXTERNAL_REVIEW		lost_information: English semantic markers require manual terminology verification	FMA; external review needed
FMA59749	left side of internal nose	Левый сидэ внутренняя нос	NEEDS_EXTERNAL_REVIEW		lost_information: English semantic markers require manual terminology verification	FMA; external review needed
FMA59754	wall of right side of internal nose	Стенка правой стороны внутреннего носа	NEEDS_EXTERNAL_REVIEW		lost_information: English semantic markers require manual terminology verification	FMA; external review needed
FMA59755	wall of left side of internal nose	Стенка левой стороны внутреннего носа	NEEDS_EXTERNAL_REVIEW		lost_information: English semantic markers require manual terminology verification	FMA; external review needed
FMA59836	cartilaginous skeleton of external nose	Картилагиноус скелет наружная нос	OK	Картилагиноус скелет наружная нос	checked: no structural quality flags	FMA; pattern consistency
FMA59837	bony part of nasal septum	Костная часть перегородки носа	OK	Костная часть перегородки носа	checked: no structural quality flags	FMA; pattern consistency
FMA59838	cartilaginous part of nasal septum	Картилагиноус часть носовая перегородка	OK	Картилагиноус часть носовая перегородка	checked: no structural quality flags	FMA; pattern consistency
FMA59992	faucial part of mouth	Фаукиал часть полость рта	OK	Фаукиал часть полость рта	checked: no structural quality flags	FMA; pattern consistency
FMA60116	nasal skeleton	Носовая скелет	OK	Носовая скелет	checked: no structural quality flags	FMA; pattern consistency
FMA60118	skeleton of nasal septum	скелет носовая перегородка	OK	скелет носовая перегородка	checked: no structural quality flags	FMA; pattern consistency
FMA60325	right thumb	Правый тумб	NEEDS_EXTERNAL_REVIEW		lost_information: English semantic markers require manual terminology verification	FMA; external review needed
FMA60326	left thumb	Левый тумб	NEEDS_EXTERNAL_REVIEW		lost_information: English semantic markers require manual terminology verification	FMA; external review needed
FMA60327	right little finger	Правый мизинца палец	FIX	правого мизинца	word_order; lost_information	FMA; pattern consistency
FMA60328	left little finger	Левый мизинца палец	FIX	левого мизинца	word_order; lost_information	FMA; pattern consistency
FMA60329	right ring finger	Правый кольцо палец	FIX	правого безымянного пальца	word_order; lost_information	FMA; pattern consistency
FMA60330	left ring finger	Левый кольцо палец	FIX	левого безымянного пальца	word_order; lost_information	FMA; pattern consistency
FMA60331	right middle finger	Правый средняя палец	FIX	правого среднего пальца	word_order; lost_information	FMA; pattern consistency
FMA60332	left middle finger	Левый средняя палец	FIX	левого среднего пальца	word_order; lost_information	FMA; pattern consistency
FMA60333	right index finger	Правый указательного палец	FIX	правого указательного пальца	word_order; lost_information	FMA; pattern consistency
FMA60334	left index finger	Левый указательного палец	FIX	левого указательного пальца	word_order; lost_information	FMA; pattern consistency
FMA60335	right big toe	Правый биг палец стопы	NEEDS_EXTERNAL_REVIEW		lost_information: English semantic markers require manual terminology verification	FMA; external review needed
FMA60336	left big toe	Левый биг палец стопы	NEEDS_EXTERNAL_REVIEW		lost_information: English semantic markers require manual terminology verification	FMA; external review needed
FMA60337	right second toe	Правый вторая палец стопы	NEEDS_EXTERNAL_REVIEW		lost_information: English semantic markers require manual terminology verification	FMA; external review needed
FMA60338	left second toe	Левый вторая палец стопы	NEEDS_EXTERNAL_REVIEW		lost_information: English semantic markers require manual terminology verification	FMA; external review needed
FMA60339	right third toe	Правый третья палец стопы	NEEDS_EXTERNAL_REVIEW		lost_information: English semantic markers require manual terminology verification	FMA; external review needed
FMA60340	left third toe	Левый третья палец стопы	NEEDS_EXTERNAL_REVIEW		lost_information: English semantic markers require manual terminology verification	FMA; external review needed
FMA60341	right fourth toe	Правый четвёртая палец стопы	NEEDS_EXTERNAL_REVIEW		lost_information: English semantic markers require manual terminology verification	FMA; external review needed
FMA60342	left fourth toe	Левый четвёртая палец стопы	NEEDS_EXTERNAL_REVIEW		lost_information: English semantic markers require manual terminology verification	FMA; external review needed
FMA60343	right little toe	Правый мизинца палец стопы	FIX	правого мизинца стопы	word_order; lost_information	FMA; pattern consistency
FMA60344	left little toe	Левый мизинца палец стопы	FIX	левого мизинца стопы	word_order; lost_information	FMA; pattern consistency
FMA61064	right lacrimal duct	Правый слёзная проток	NEEDS_EXTERNAL_REVIEW		lost_information: English semantic markers require manual terminology verification	FMA; external review needed
FMA61065	left lacrimal duct	Левый слёзная проток	NEEDS_EXTERNAL_REVIEW		lost_information: English semantic markers require manual terminology verification	FMA; external review needed
FMA61068	right hand proper	Правый кисть собственно	NEEDS_EXTERNAL_REVIEW		lost_information: English semantic markers require manual terminology verification	FMA; external review needed
FMA61069	left hand proper	Левый кисть собственно	NEEDS_EXTERNAL_REVIEW		lost_information: English semantic markers require manual terminology verification	FMA; external review needed
FMA61472	right pectoral part of chest	Правый плечевой часть грудь	FIX	Правая плечевой часть грудь	laterality; lost_information	FMA; pattern consistency
FMA61473	left pectoral part of chest	Левый плечевой часть грудь	FIX	Левая плечевой часть грудь	laterality; lost_information	FMA; pattern consistency
FMA61670	skeleton of mouth	скелет полость рта	OK	скелет полость рта	checked: no structural quality flags	FMA; pattern consistency
FMA61680	abdomen proper	Собственно живот	OK	Собственно живот	checked: no structural quality flags	FMA; pattern consistency
FMA61681	back of abdomen	Задняя область живота	OK	Задняя область живота	checked: no structural quality flags	FMA; pattern consistency
FMA61732	right parietal part of head	Правый теменная часть головка	FIX	Правая теменная часть головка	laterality; lost_information	FMA; pattern consistency
FMA61733	left parietal part of head	Левый теменная часть головка	FIX	Левая теменная часть головка	laterality; lost_information	FMA; pattern consistency
FMA61819	left cerebral hemisphere	Левый мозговая полушарие	NEEDS_EXTERNAL_REVIEW		lost_information: English semantic markers require manual terminology verification	FMA; external review needed
FMA61991	trunk of right middle cerebral artery	Туловище правый средняя мозговая артерия	FIX	Туловище Правое средняя мозговая артерия	laterality	FMA; pattern consistency
FMA61992	forebrain	Передний мозг	OK	Передний мозг	checked: no structural quality flags	FMA; pattern consistency
FMA62000	telencephalon	Тэлэнкэфалон	OK	Тэлэнкэфалон	checked: no structural quality flags	FMA; pattern consistency
FMA62001	diencephalon	Диэнкэфалон	OK	Диэнкэфалон	checked: no structural quality flags	FMA; pattern consistency
FMA62003	metencephalon	Мэтэнкэфалон	OK	Мэтэнкэфалон	checked: no structural quality flags	FMA; pattern consistency
FMA62009	epithalamus	Эпиталамус	OK	Эпиталамус	checked: no structural quality flags	FMA; pattern consistency
FMA62028	intermediate hypothalamic region	Промежуточная хйпоталамик область	OK	Промежуточная хйпоталамик область	checked: no structural quality flags	FMA; pattern consistency
FMA67292	right cerebral hemisphere	Правый мозговая полушарие	NEEDS_EXTERNAL_REVIEW		lost_information: English semantic markers require manual terminology verification	FMA; external review needed
FMA67687	hindbrain	Задний мозг	OK	Задний мозг	checked: no structural quality flags	FMA; pattern consistency
FMA67994	intrapulmonary part of right pulmonary artery	Интрапулмонарй часть правый лёгочный артерия	FIX	Интрапулмонарй часть Правая лёгочный артерия	laterality	FMA; pattern consistency
FMA67995	intrapulmonary part of left pulmonary artery	Интрапулмонарй часть левый лёгочный артерия	FIX	Интрапулмонарй часть Левая лёгочный артерия	laterality	FMA; pattern consistency
FMA68002	intrapulmonary part of right superior pulmonary vein	Интрапулмонарй часть правый верхняя лёгочный вена	FIX	Интрапулмонарй часть Правая верхняя лёгочный вена	laterality	FMA; pattern consistency
FMA68003	intrapulmonary part of right inferior pulmonary vein	Интрапулмонарй часть правый нижняя лёгочный вена	FIX	Интрапулмонарй часть Правая нижняя лёгочный вена	laterality	FMA; pattern consistency
FMA68004	intrapulmonary part of left superior pulmonary vein	Интрапулмонарй часть левый верхняя лёгочный вена	FIX	Интрапулмонарй часть Левая верхняя лёгочный вена	laterality	FMA; pattern consistency
FMA68005	intrapulmonary part of left inferior pulmonary vein	Интрапулмонарй часть левый нижняя лёгочный вена	FIX	Интрапулмонарй часть Левая нижняя лёгочный вена	laterality	FMA; pattern consistency
FMA68016	intrahepatic biliary tree	Интрахэпатик желчная дерево	OK	Интрахэпатик желчная дерево	checked: no structural quality flags	FMA; pattern consistency
FMA68193	medial segmental artery	Медиальная сегментарный артерия	OK	Медиальная сегментарный артерия	checked: no structural quality flags	FMA; pattern consistency
FMA68194	lateral segmental artery	Латеральная сегментарный артерия	OK	Латеральная сегментарный артерия	checked: no structural quality flags	FMA; pattern consistency
FMA68196	middle lobar artery	Средняя долевой артерия	OK	Средняя долевой артерия	checked: no structural quality flags	FMA; pattern consistency
FMA68198	left upper lobar artery	Левый верхняя долевой артерия	FIX	Левая верхняя долевой артерия	laterality	FMA; pattern consistency
FMA68200	right lower lobar artery	Правый нижняя долевой артерия	FIX	Правая нижняя долевой артерия	laterality; lost_information	FMA; pattern consistency
FMA68201	left lower lobar artery	Левый нижняя долевой артерия	FIX	Левая нижняя долевой артерия	laterality	FMA; pattern consistency
FMA68317	superior division of upper lobe part of left bronchial tree	Верхний отдел верхнедолевой части левого бронхиального дерева	NEEDS_EXTERNAL_REVIEW		other: complex multiword anatomical concept requires external terminology review	FMA; external review needed
FMA68318	inferior division of upper lobe part of left bronchial tree	Нижний отдел верхнедолевой части левого бронхиального дерева	NEEDS_EXTERNAL_REVIEW		other: complex multiword anatomical concept requires external terminology review	FMA; external review needed
FMA68319	inferomedial part of right bronchial tree	Инфэромэдиал часть правый бронхиальная дерево	FIX	Инфэромэдиал часть Правая бронхиальная дерево	laterality	FMA; pattern consistency
FMA68658	inferomedial branch of right pulmonary artery	Инфэромэдиал ветвь правый лёгочный артерия	FIX	Инфэромэдиал ветвь Правая лёгочный артерия	laterality	FMA; pattern consistency
FMA68659	apicoposterior division of right upper lobar artery	Верхушечно-задняя ветвь правой верхнедолевой артерии	NEEDS_EXTERNAL_REVIEW		other: complex multiword anatomical concept requires external terminology review	FMA; external review needed
FMA68843	antero-medial basal segmental artery	Переднемедиальная базальная сегментарная артерия	OK	Переднемедиальная базальная сегментарная артерия	checked: no structural quality flags	FMA; pattern consistency
FMA68845	right basal segmental artery	Правый базальная сегментарный артерия	FIX	Правая базальная сегментарный артерия	laterality; lost_information	FMA; pattern consistency
FMA68846	left basal segmental artery	Левый базальная сегментарный артерия	FIX	Левая базальная сегментарный артерия	laterality; lost_information	FMA; pattern consistency
FMA69566	trunk of right lateral plantar artery	Туловище правый латеральная подошвенная артерия	FIX	Туловище Правое латеральная подошвенная артерия	laterality	FMA; pattern consistency
FMA69567	trunk of left lateral plantar artery	Туловище левый латеральная подошвенная артерия	FIX	Туловище Левое латеральная подошвенная артерия	laterality	FMA; pattern consistency
FMA70347	right thyrocervical artery	Правый щитовидно-шейный артерия	FIX	Правая щитовидно-шейный артерия	laterality; lost_information	FMA; pattern consistency
FMA70348	left thyrocervical artery	Левый щитовидно-шейный артерия	FIX	Левая щитовидно-шейный артерия	laterality; lost_information	FMA; pattern consistency
FMA70351	right costocervical artery	Правый рёберно-шейный артерия	FIX	Правая рёберно-шейный артерия	laterality; lost_information	FMA; pattern consistency
FMA70352	left costocervical artery	Левый рёберно-шейный артерия	FIX	Левая рёберно-шейный артерия	laterality; lost_information	FMA; pattern consistency
FMA70441	anterior segmental hepatic artery	Передняя сегментарная печёночная артерия	OK	Передняя сегментарная печёночная артерия	checked: no structural quality flags	FMA; pattern consistency
FMA70444	posterior segmental hepatic artery	Задняя сегментарный печёночная артерия	OK	Задняя сегментарный печёночная артерия	checked: no structural quality flags	FMA; pattern consistency
FMA70448	medial segmental hepatic artery	Медиальная сегментарный печёночная артерия	OK	Медиальная сегментарный печёночная артерия	checked: no structural quality flags	FMA; pattern consistency
FMA70451	lateral segmental hepatic artery	Латеральная сегментарный печёночная артерия	OK	Латеральная сегментарный печёночная артерия	checked: no structural quality flags	FMA; pattern consistency
FMA71102	right upper urinary tract	Правые верхние мочевые пути	NEEDS_EXTERNAL_REVIEW		lost_information: English semantic markers require manual terminology verification	FMA; external review needed
FMA71103	left upper urinary tract	Левые верхние мочевые пути	NEEDS_EXTERNAL_REVIEW		lost_information: English semantic markers require manual terminology verification	FMA; external review needed
FMA71132	gastrointestinal tract	Желудочно-кишечный тракт	OK	Желудочно-кишечный тракт	checked: no structural quality flags	FMA; pattern consistency
FMA71221	axial skeleton	Осевой скелет	OK	Осевой скелет	checked: no structural quality flags	FMA; pattern consistency
FMA71857	right hepatic biliary tree	Правый печёночная желчная дерево	NEEDS_EXTERNAL_REVIEW		lost_information: English semantic markers require manual terminology verification	FMA; external review needed
FMA71858	left hepatic biliary tree	Левый печёночная желчная дерево	NEEDS_EXTERNAL_REVIEW		lost_information: English semantic markers require manual terminology verification	FMA; external review needed
FMA71861	anterior tributary of right hepatic biliary tree	Передний приток правого печёночного желчного дерева	NEEDS_EXTERNAL_REVIEW		lost_information: English semantic markers require manual terminology verification	FMA; external review needed
FMA71862	posterior tributary of right hepatic biliary tree	Задняя приток правый печёночная желчная дерево	NEEDS_EXTERNAL_REVIEW		lost_information: English semantic markers require manual terminology verification	FMA; external review needed
FMA71863	lateral tributary of left hepatic biliary tree	Латеральная приток левый печёночная желчная дерево	NEEDS_EXTERNAL_REVIEW		lost_information: English semantic markers require manual terminology verification	FMA; external review needed
FMA71864	medial tributary of left hepatic biliary tree	Медиальная приток левый печёночная желчная дерево	NEEDS_EXTERNAL_REVIEW		lost_information: English semantic markers require manual terminology verification	FMA; external review needed
FMA71891	hepatic biliary tree	Печёночная желчная дерево	OK	Печёночная желчная дерево	checked: no structural quality flags	FMA; pattern consistency
FMA72062	pelvic skeleton	Пэлвик скелет	OK	Пэлвик скелет	checked: no structural quality flags	FMA; pattern consistency
FMA72063	set of cervical vertebrae	Совокупность шейная позвонки	OK	Совокупность шейная позвонки	checked: no structural quality flags	FMA; pattern consistency
FMA72064	set of thoracic vertebrae	Совокупность грудная позвонки	OK	Совокупность грудная позвонки	checked: no structural quality flags	FMA; pattern consistency
FMA72065	set of lumbar vertebrae	Совокупность поясничная позвонки	OK	Совокупность поясничная позвонки	checked: no structural quality flags	FMA; pattern consistency
FMA72952	orbital part of right eye	Глазничная часть правый глаз	FIX	Глазничная часть Правая глаз	laterality	FMA; pattern consistency
FMA72953	orbital part of left eye	Глазничная часть левый глаз	FIX	Глазничная часть Левая глаз	laterality	FMA; pattern consistency
FMA72969	right frontal lobe	Правый лобная доля	NEEDS_EXTERNAL_REVIEW		lost_information: English semantic markers require manual terminology verification	FMA; external review needed
FMA72970	left frontal lobe	Левый лобная доля	NEEDS_EXTERNAL_REVIEW		lost_information: English semantic markers require manual terminology verification	FMA; external review needed
FMA72971	right temporal lobe	Правый височная доля	NEEDS_EXTERNAL_REVIEW		lost_information: English semantic markers require manual terminology verification	FMA; external review needed
FMA72972	left temporal lobe	Левый височная доля	NEEDS_EXTERNAL_REVIEW		lost_information: English semantic markers require manual terminology verification	FMA; external review needed
FMA72973	right parietal lobe	Правый теменная доля	NEEDS_EXTERNAL_REVIEW		lost_information: English semantic markers require manual terminology verification	FMA; external review needed
FMA72974	left parietal lobe	Левый теменная доля	NEEDS_EXTERNAL_REVIEW		lost_information: English semantic markers require manual terminology verification	FMA; external review needed
FMA72979	integumentary system	Покровная система	OK	Покровная система	checked: no structural quality flags	FMA; pattern consistency
FMA72980	right limbic lobe	Правый лимбик доля	NEEDS_EXTERNAL_REVIEW		lost_information: English semantic markers require manual terminology verification	FMA; external review needed
FMA72981	left limbic lobe	Левый лимбик доля	NEEDS_EXTERNAL_REVIEW		lost_information: English semantic markers require manual terminology verification	FMA; external review needed
FMA73055	anterior part of right knee	Передняя часть правого колена	OK	Передняя часть правого колена	checked: no structural quality flags	FMA; pattern consistency
FMA73056	anterior part of left knee	Передняя часть левого колена	OK	Передняя часть левого колена	checked: no structural quality flags	FMA; pattern consistency
FMA73086	right foot proper	Правый стопа собственно	NEEDS_EXTERNAL_REVIEW		lost_information: English semantic markers require manual terminology verification	FMA; external review needed
FMA73087	left foot proper	Левый стопа собственно	NEEDS_EXTERNAL_REVIEW		lost_information: English semantic markers require manual terminology verification	FMA; external review needed
FMA73103	posterior thoracic wall	Задняя грудная стенка	OK	Задняя грудная стенка	checked: no structural quality flags	FMA; pattern consistency
FMA73703	wall of right side of heart	Стенка правой стороны сердца	NEEDS_EXTERNAL_REVIEW		lost_information: English semantic markers require manual terminology verification	FMA; external review needed
FMA73704	wall of left side of heart	Стенка левой стороны сердца	NEEDS_EXTERNAL_REVIEW		lost_information: English semantic markers require manual terminology verification	FMA; external review needed
FMA74657	integument	Интэгумэнт	OK	Интэгумэнт	checked: no structural quality flags	FMA; pattern consistency
FMA75007	cavity of neuraxis	Полость нервной оси	OK	Полость нервной оси	checked: no structural quality flags	FMA; pattern consistency
FMA78435	musculature of anterior abdominal wall	Мускулатура передняя абдоминал стенка	OK	Мускулатура передняя абдоминал стенка	checked: no structural quality flags	FMA; pattern consistency
FMA79063	deep fascial system	Глубокая фаскиал система	OK	Глубокая фаскиал система	checked: no structural quality flags	FMA; pattern consistency
FMA79065	patellar part of right knee	Патэллар часть правый кнээ	FIX	Патэллар часть Правая кнээ	laterality	FMA; pattern consistency
FMA79066	patellar part of left knee	Патэллар часть левый кнээ	FIX	Патэллар часть Левая кнээ	laterality	FMA; pattern consistency
FMA79181	skeleton of right hand proper	скелет правый кисть собственно	OK	скелет правый кисть собственно	checked: no structural quality flags	FMA; pattern consistency
FMA79182	skeleton of left hand proper	скелет левый кисть собственно	OK	скелет левый кисть собственно	checked: no structural quality flags	FMA; pattern consistency
FMA79269	content of thorax	Содержимое грудная клетка	OK	Содержимое грудная клетка	checked: no structural quality flags	FMA; pattern consistency
FMA79273	content of mediastinum	Содержимое средостение	OK	Содержимое средостение	checked: no structural quality flags	FMA; pattern consistency
FMA79274	content of superior mediastinum	Содержимое верхняя средостение	OK	Содержимое верхняя средостение	checked: no structural quality flags	FMA; pattern consistency
FMA79275	content of inferior mediastinum	Содержимое нижняя средостение	OK	Содержимое нижняя средостение	checked: no structural quality flags	FMA; pattern consistency
FMA79276	content of anterior mediastinum	Содержимое переднего средостения	OK	Содержимое переднего средостения	checked: no structural quality flags	FMA; pattern consistency
FMA79277	content of posterior mediastinum	Содержимое задняя средостение	OK	Содержимое задняя средостение	checked: no structural quality flags	FMA; pattern consistency
FMA79278	content of middle mediastinum	Содержимое средняя средостение	OK	Содержимое средняя средостение	checked: no structural quality flags	FMA; pattern consistency
FMA79876	brainstem	Ствол мозга	OK	Ствол мозга	checked: no structural quality flags	FMA; pattern consistency
FMA82672	superior systemic venous tree	Верхняя системная венозная дерево	OK	Верхняя системная венозная дерево	checked: no structural quality flags	FMA; pattern consistency
FMA82673	inferior systemic venous tree	Нижняя системная венозная дерево	OK	Нижняя системная венозная дерево	checked: no structural quality flags	FMA; pattern consistency
FMA83447	myocardium of right ventricle proper	Миокард правый желудочек собственно	OK	Миокард правый желудочек собственно	checked: no structural quality flags	FMA; pattern consistency
FMA83448	myocardium of left ventricle proper	Миокард левый желудочек собственно	OK	Миокард левый желудочек собственно	checked: no structural quality flags	FMA; pattern consistency
FMA83902	midbrain tectum	Средний мозг покрышка	OK	Средний мозг покрышка	checked: no structural quality flags	FMA; pattern consistency
FMA84842	free wall of right ventricle	Свободная стенка правый желудочек	OK	Свободная стенка правый желудочек	checked: no structural quality flags	FMA; pattern consistency
FMA84850	free wall of left ventricle	Свободная стенка левый желудочек	OK	Свободная стенка левый желудочек	checked: no structural quality flags	FMA; pattern consistency
FMA84856	subendocardial layer of myocardium of right ventricle	Субэндокардиальный слой правого желудочка	OK	Субэндокардиальный слой правого желудочка	checked: no structural quality flags	FMA; pattern consistency
FMA84857	subendocardial layer of myocardium of left ventricle	Субэндокардиальный слой миокарда левого желудочка	NEEDS_EXTERNAL_REVIEW		other: complex multiword anatomical concept requires external terminology review	FMA; external review needed
FMA84931	myocardium of free wall of right ventricle	Миокард свободная стенка правый желудочек	NEEDS_EXTERNAL_REVIEW		other: complex multiword anatomical concept requires external terminology review	FMA; external review needed
FMA84932	myocardium of free wall of left ventricle	Миокард свободная стенка левый желудочек	NEEDS_EXTERNAL_REVIEW		other: complex multiword anatomical concept requires external terminology review	FMA; external review needed
FMA85008	compartment of thorax	Компартмент грудная клетка	NEEDS_EXTERNAL_REVIEW		lost_information: English semantic markers require manual terminology verification	FMA; external review needed
FMA85031	compartment of abdomen	Компартмент живот	NEEDS_EXTERNAL_REVIEW		lost_information: English semantic markers require manual terminology verification	FMA; external review needed
FMA85055	right pulmopleural compartment	Правый лёгочно-плевральный компартмент	NEEDS_EXTERNAL_REVIEW		lost_information: English semantic markers require manual terminology verification	FMA; external review needed
FMA85056	left pulmopleural compartment	Левый лёгочно-плевральный компартмент	NEEDS_EXTERNAL_REVIEW		lost_information: English semantic markers require manual terminology verification	FMA; external review needed
FMA86056	myocardial zone 4	Зона миокарда 4	OK	Зона миокарда 4	checked: no structural quality flags	FMA; pattern consistency
FMA86063	myocardial zone 11	Миокардиальная зона 11	OK	Миокардиальная зона 11	checked: no structural quality flags	FMA; pattern consistency
FMA86064	myocardial zone 12	Миокардиальная зона 12	OK	Миокардиальная зона 12	checked: no structural quality flags	FMA; pattern consistency
FMA86917	musculature of abdomen	Мускулатура живот	OK	Мускулатура живот	checked: no structural quality flags	FMA; pattern consistency
FMA87178	myocardium of lateral wall of left ventricle	Миокард латеральная стенка левый желудочек	NEEDS_EXTERNAL_REVIEW		other: complex multiword anatomical concept requires external terminology review	FMA; external review needed
FMA87179	myocardium of inferior wall of left ventricle	Миокард нижней стенки левого желудочка	NEEDS_EXTERNAL_REVIEW		other: complex multiword anatomical concept requires external terminology review	FMA; external review needed
FMA87542	anterior thoracic wall	Передняя стенка грудной клетки	OK	Передняя стенка грудной клетки	checked: no structural quality flags	FMA; pattern consistency
FMA87543	anterior chest wall	Передняя стенка грудной клетки	OK	Передняя стенка грудной клетки	checked: no structural quality flags	FMA; pattern consistency
FMA87552	posterior chest	Задняя грудь	OK	Задняя грудь	checked: no structural quality flags	FMA; pattern consistency
FMA87598	skeletal system of trunk	Скелетный система туловище	OK	Скелетный система туловище	checked: no structural quality flags	FMA; pattern consistency
FMA228642	vasculature of body	Сосудистая система тело	OK	Сосудистая система тело	checked: no structural quality flags	FMA; pattern consistency
FMA231424	body proper	Собственно тело	OK	Собственно тело	checked: no structural quality flags	FMA; pattern consistency
FMA242180	cortex of right cerebral hemisphere	Кора правый мозговая полушарие	OK	Кора правый мозговая полушарие	checked: no structural quality flags	FMA; pattern consistency
FMA242182	cortex of left cerebral hemisphere	Кора левый мозговая полушарие	OK	Кора левый мозговая полушарие	checked: no structural quality flags	FMA; pattern consistency
FMA242184	subcortex of right cerebral hemisphere	Подкорка правый мозговая полушарие	OK	Подкорка правый мозговая полушарие	checked: no structural quality flags	FMA; pattern consistency
FMA242186	subcortex of left cerebral hemisphere	Подкорка левый мозговая полушарие	OK	Подкорка левый мозговая полушарие	checked: no structural quality flags	FMA; pattern consistency
FMA242207	cortex of right frontal lobe	Кора правый лобная доля	OK	Кора правый лобная доля	checked: no structural quality flags	FMA; pattern consistency
FMA242209	cortex of left frontal lobe	Кора левый лобная доля	OK	Кора левый лобная доля	checked: no structural quality flags	FMA; pattern consistency
FMA242609	right archicortex	Правый архикортекс	NEEDS_EXTERNAL_REVIEW		lost_information: English semantic markers require manual terminology verification	FMA; external review needed
FMA242611	left archicortex	Левый архикортекс	NEEDS_EXTERNAL_REVIEW		lost_information: English semantic markers require manual terminology verification	FMA; external review needed
FMA242625	right prefrontal cortex	Правый префронтальная кора	NEEDS_EXTERNAL_REVIEW		lost_information: English semantic markers require manual terminology verification	FMA; external review needed
FMA242627	left prefrontal cortex	Левый префронтальная кора	NEEDS_EXTERNAL_REVIEW		lost_information: English semantic markers require manual terminology verification	FMA; external review needed
FMA242675	ventricular system of neuraxis	Желудочковая система нервной оси	OK	Желудочковая система нервной оси	checked: no structural quality flags	FMA; pattern consistency
FMA242787	ventricular system of brain	Желудочковая система головного мозга	OK	Желудочковая система головного мозга	checked: no structural quality flags	FMA; pattern consistency
FMA259054	wall of abdomen	Стенка живот	NEEDS_EXTERNAL_REVIEW		lost_information: English semantic markers require manual terminology verification	FMA; external review needed
FMA259209	thoracic segment of trunk	Грудная сегмент туловище	OK	Грудная сегмент туловище	checked: no structural quality flags	FMA; pattern consistency
FMA259211	abdominal segment of trunk	Брюшной сегмент туловища	OK	Брюшной сегмент туловища	checked: no structural quality flags	FMA; pattern consistency
FMA259248	content of abdomen	Содержимое живот	OK	Содержимое живот	checked: no structural quality flags	FMA; pattern consistency
FMA260124	right orbital content	Правый глазничная содержимое	NEEDS_EXTERNAL_REVIEW		lost_information: English semantic markers require manual terminology verification	FMA; external review needed
FMA260127	left orbital content	Левый глазничная содержимое	NEEDS_EXTERNAL_REVIEW		lost_information: English semantic markers require manual terminology verification	FMA; external review needed
FMA260456	body cavity content	Содержимое полости тела	OK	Содержимое полости тела	checked: no structural quality flags	FMA; pattern consistency
FMA261139	right hippocampal formation	Правый гиппокампальная образование	NEEDS_EXTERNAL_REVIEW		lost_information: English semantic markers require manual terminology verification	FMA; external review needed
FMA261141	left hippocampal formation	Левый гиппокампальная образование	NEEDS_EXTERNAL_REVIEW		lost_information: English semantic markers require manual terminology verification	FMA; external review needed
FMA265130	respiratory tract	Дыхательный проводящий путь	OK	Дыхательный проводящий путь	checked: no structural quality flags	FMA; pattern consistency
FMA265228	pancreaticobiliary system	Панкреатобилиарная система	OK	Панкреатобилиарная система	checked: no structural quality flags	FMA; pattern consistency
FMA270201	basicranial part of head proper	Базикраниальная часть собственно головы	OK	Базикраниальная часть собственно головы	checked: no structural quality flags	FMA; pattern consistency
