conceptId	en	current_ru	latin_ta	english_ta	mapping_status	confidence
FMA3710	vascular tree	Сосудистое дерево			NO_MATCH	0.00
FMA3711	segment of artery	Сегмент артерия			NO_MATCH	0.00
FMA3714	variant artery	Вариантная артерия			NO_MATCH	0.00
FMA3726	anastomosis	Анастомоз			NO_MATCH	0.00
FMA3727	vascular anastomosis	Сосудистое анастомоз			NO_MATCH	0.00
FMA3728	arterial anastomosis	Артериальный анастомоз			NO_MATCH	0.00
FMA3729	venous anastomosis	Венозная анастомоз			NO_MATCH	0.00
FMA3736	ascending aorta	Восходящая аорта	aorta ascendens	ascending aorta	EXACT	1.00
FMA3768	arch of aorta	Дуга аорты	arcus aortae	aortic arch	EXACT	1.00
FMA3784	descending aorta	Нисходящая аорта	aorta descendens	descending aorta	EXACT	1.00
FMA3789	abdominal aorta	Брюшная аорта	aorta abdominalis	abdominal aorta	EXACT	1.00
FMA3802	trunk of right coronary artery	Туловище правый коронарная артерия			NO_MATCH	0.00
FMA3807	right conus artery	Правый конус артерия			NO_MATCH	0.00
FMA3813	anterior ventricular branch of right coronary artery	Передняя желудочковая ветвь правой коронарной артерии			NO_MATCH	0.00
FMA3815	first anterior ventricular branch of right coronary artery	Первая передняя желудочковая ветвь правый коронарная артерия			NO_MATCH	0.00
FMA3818	marginal branch of right coronary artery	Краевая ветвь правый коронарная артерия			NO_MATCH	0.00
FMA3835	posterior ventricular branch of right coronary artery	Задняя желудочковая ветвь правый коронарная артерия			NO_MATCH	0.00
FMA3837	first posterior ventricular branch of right coronary artery	Первая задняя желудочковая ветвь правый коронарная артерия			NO_MATCH	0.00
FMA3840	posterior interventricular branch of right coronary artery	Задняя межжелудочковая ветвь правый коронарная артерия	arteria interventricularis inferior	inferior interventricular artery	EXACT	1.00
FMA3845	septal branch of right posterior interventricular artery	Перегородочная ветвь правый задняя межжелудочковая артерия			NO_MATCH	0.00
FMA3847	first septal branch of right posterior interventricular artery	Первая перегородочная ветвь правый задняя межжелудочковая артерия			NO_MATCH	0.00
FMA3848	second septal branch of right posterior interventricular artery	Вторая перегородочная ветвь правый задняя межжелудочковая артерия			NO_MATCH	0.00
FMA3855	trunk of left coronary artery	Туловище левый коронарная артерия			NO_MATCH	0.00
FMA3860	diagonal branch of anterior descending branch of left coronary artery	Диагональная ветвь передняя нисходящая ветвь левый коронарная артерия			NO_MATCH	0.00
FMA3868	conus branch of anterior interventricular branch of left coronary artery	Конус ветвь передняя межжелудочковая ветвь левый коронарная артерия			NO_MATCH	0.00
FMA3870	right anterior branch of anterior interventricular branch of left coronary artery	Правый передняя ветвь передняя межжелудочковая ветвь левый коронарная артерия			NO_MATCH	0.00
FMA3872	first right anterior branch of anterior interventricular branch of left coronary artery	Первая правый передняя ветвь передняя межжелудочковая ветвь левый коронарная артерия			NO_MATCH	0.00
FMA3874	second right anterior branch of anterior interventricular branch of left coronary artery	Вторая правый передняя ветвь передняя межжелудочковая ветвь левый коронарная артерия			NO_MATCH	0.00
FMA3876	third right anterior branch of anterior interventricular branch of left coronary artery	Третья правый передняя ветвь передняя межжелудочковая ветвь левый коронарная артерия			NO_MATCH	0.00
FMA3892	septal branch of anterior interventricular artery	Перегородочная ветвь передняя межжелудочковая артерия			NO_MATCH	0.00
FMA3895	circumflex branch of left coronary artery	Огибающая ветвь левый коронарная артерия	arteria circumflexa cordis	circumflex artery of heart	EXACT	1.00
FMA3932	brachiocephalic artery	Плечеголовной ствол			NO_MATCH	0.00
FMA3939	common carotid artery	Общая сонная артерия	carotis communis 	common carotid artery	EXACT	1.00
FMA3941	right common carotid artery	Правый общая сонная артерия	carotis communis dextra	right common carotid artery	EXACT	1.00
FMA3947	internal carotid artery	Внутренняя сонная артерия	carotis interna	internal carotid artery	EXACT	1.00
FMA3949	right internal carotid artery	Правый внутренняя сонная артерия	carotis interna	internal carotid artery	PROBABLE	0.86
FMA3951	subclavian artery	Подключичная артерия	arteria subclavia	subclavian artery	EXACT	1.00
FMA3953	right subclavian artery	Правый подключичная артерия	arteria subclavia dextra	right subclavian artery	EXACT	1.00
FMA3956	vertebral artery	Позвоночная артерия	arteria vertebralis	vertebral artery	EXACT	1.00
FMA3958	right vertebral artery	Правый позвоночная артерия	arteria vertebralis	vertebral artery	PROBABLE	0.86
FMA3960	internal thoracic artery	Внутренняя грудная артерия	arteria thoracica interna	internal thoracic artery	EXACT	1.00
FMA3969	right internal thoracic artery	Правый внутренняя грудная артерия	arteria thoracica interna	internal thoracic artery	PROBABLE	0.86
FMA3988	right superior epigastric artery	Правый верхняя надчревная артерия	arteria epigastrica superior	superior epigastric artery	PROBABLE	0.86
FMA3990	thyrocervical trunk	Щитовидно-шейный туловище	truncus thyreocervicalis	thyrocervical trunk	EXACT	1.00
FMA3992	right thyrocervical trunk	Правый щитовидно-шейный туловище	truncus thyreocervicalis	thyrocervical trunk	PROBABLE	0.86
FMA3994	second posterior intercostal artery	Вторая задняя межрёберная артерия	arteria intercostalis posterior secunda	second posterior intercostal artery	EXACT	1.00
FMA4057	right dorsal scapular artery	Правый тыльная лопаточная артерия	arteria dorsalis scapulae	dorsal scapular artery	PROBABLE	0.86
FMA4058	left common carotid artery	Левый общая сонная артерия	carotis communis sinistra	left common carotid artery	EXACT	1.00
FMA4062	left internal carotid artery	Левый внутренняя сонная артерия	carotis interna	internal carotid artery	PROBABLE	0.86
FMA4066	left vertebral artery	Левый позвоночная артерия	arteria vertebralis	vertebral artery	PROBABLE	0.86
FMA4068	left internal thoracic artery	Левый внутренняя грудная артерия	arteria thoracica interna	internal thoracic artery	PROBABLE	0.86
FMA4077	left musculophrenic artery	Левый мышечно-диафрагмальная артерия	arteria musculophrenica	musculophrenic artery	PROBABLE	0.86
FMA4083	left superior epigastric artery	Левый верхняя надчревная артерия	arteria epigastrica superior	superior epigastric artery	PROBABLE	0.86
FMA4084	left thyrocervical trunk	Левый щитовидно-шейный туловище	truncus thyreocervicalis	thyrocervical trunk	PROBABLE	0.86
FMA4086	left costocervical trunk	Левый рёберно-шейный туловище	truncus costocervicalis	costocervical trunk	PROBABLE	0.86
FMA4088	left superior intercostal artery	Левый верхняя межрёберная артерия			NO_MATCH	0.00
FMA4112	left second posterior intercostal artery	Левый вторая задняя межрёберная артерия	arteria intercostalis posterior secunda	second posterior intercostal artery	PROBABLE	0.86
FMA4134	left deep cervical artery	Левый глубокая шейная артерия	arteria cervicalis profunda	deep cervical artery	PROBABLE	0.86
FMA4149	esophageal artery	Пищеводная артерия			NO_MATCH	0.00
FMA4176	posterior intercostal artery	Задняя межрёберная артерия	arteria intercostalis posterior	posterior intercostal artery	EXACT	1.00
FMA4613	subcostal artery	Подрёберная артерия	arteria subcostalis	subcostal artery	EXACT	1.00
FMA4634	right subcostal artery	Правый подрёберная артерия	arteria subcostalis	subcostal artery	PROBABLE	0.86
FMA4654	left subcostal artery	Левый подрёберная артерия	arteria subcostalis	subcostal artery	PROBABLE	0.86
FMA4677	trunk of branch of coronary artery	Туловище ветвь коронарная артерия			NO_MATCH	0.00
FMA4694	left subclavian artery	Левый подключичная артерия	arteria subclavia sinistra	left subclavian artery	EXACT	1.00
FMA4706	coronary sinus	Коронарная синус	sinus coronarius	coronary sinus	EXACT	1.00
FMA4707	great cardiac vein	Большая сердечная вена	vena magna cordis	great cardiac vein	EXACT	1.00
FMA4708	left marginal vein	Левый краевая вена			NO_MATCH	0.00
FMA4712	posterior vein of left ventricle	Задняя вена левый желудочек	vena inferior ventriculi sinistri	inferior vein of left ventricle	EXACT	1.00
FMA4713	middle cardiac vein	Средняя сердечная вена	vena media cordis	middle cardiac vein	EXACT	1.00
FMA4714	small cardiac vein	Малая сердечная вена	vena parva cordis	small cardiac vein	EXACT	1.00
FMA4716	right marginal vein	Правый краевая вена			NO_MATCH	0.00
FMA4720	superior vena cava	Верхняя полая вена	vena cava superior	superior vena cava	EXACT	1.00
FMA4723	brachiocephalic vein	Плечеголовная вена	vena brachiocephalica	brachiocephalic vein	EXACT	1.00
FMA4724	internal jugular vein	Внутренняя яремная вена	vena jugularis interna	internal jugular vein	EXACT	1.00
FMA4725	subclavian vein	Подключичная вена	vena subclavia	subclavian vein	EXACT	1.00
FMA4729	internal thoracic vein	Внутренняя грудная вена			NO_MATCH	0.00
FMA4731	superior epigastric vein	Верхняя надчревная вена			NO_MATCH	0.00
FMA4732	musculophrenic vein	Мышечно-диафрагмальная вена			NO_MATCH	0.00
FMA4751	right brachiocephalic vein	Правый плечеголовная вена	vena brachiocephalica dextra	right brachiocephalic vein	EXACT	1.00
FMA4754	right internal jugular vein	Правый внутренняя яремная вена	vena jugularis interna	internal jugular vein	PROBABLE	0.86
FMA4755	right subclavian vein	Правый подключичная вена	vena subclavia	subclavian vein	PROBABLE	0.86
FMA4758	right internal thoracic vein	Правый внутренняя грудная вена			NO_MATCH	0.00
FMA4761	left brachiocephalic vein	Левый плечеголовная вена	vena brachiocephalica sinistra	left brachiocephalic vein	EXACT	1.00
FMA4762	left internal jugular vein	Левый внутренняя яремная вена	vena jugularis interna	internal jugular vein	PROBABLE	0.86
FMA4763	left subclavian vein	Левый подключичная вена	vena subclavia	subclavian vein	PROBABLE	0.86
FMA4771	right superior epigastric vein	Правый верхняя надчревная вена			NO_MATCH	0.00
FMA4772	right musculophrenic vein	Правый мышечно-диафрагмальная вена			NO_MATCH	0.00
FMA4785	left superior epigastric vein	Левый верхняя надчревная вена			NO_MATCH	0.00
FMA4786	left musculophrenic vein	Левый мышечно-диафрагмальная вена			NO_MATCH	0.00
FMA4797	left superior intercostal vein	Левый верхняя межрёберная вена	vena intercostalis superior sinistra	left superior intercostal vein	EXACT	1.00
FMA4838	azygos vein	Непарная вена	vena azyga	azygos vein	EXACT	1.00
FMA4843	right ascending lumbar vein	Правый восходящая поясничная вена	vena lumbalis ascendens dextra	right ascending lumbar vein	EXACT	1.00
FMA4844	right subcostal vein	Правый подрёберная вена	vena subcostalis dextra	right subcostal vein	EXACT	1.00
FMA4877	right superior intercostal vein	Правый верхняя межрёберная вена	vena intercostalis superior dextra	right superior intercostal vein	EXACT	1.00
FMA4944	hemiazygos vein	Хэмиазйгос вена			NO_MATCH	0.00
FMA4950	left ascending lumbar vein	Левый восходящая поясничная вена	vena lumbalis ascendens sinistra	left ascending lumbar vein	EXACT	1.00
FMA4951	left subcostal vein	Левый подрёберная вена	vena subcostalis sinistra	left subcostal vein	EXACT	1.00
FMA5011	accessory hemiazygos vein	Добавочная полунепарная вена			NO_MATCH	0.00
FMA5018	bone organ	Костный орган			NO_MATCH	0.00
FMA5022	muscle organ	Мышечный орган			NO_MATCH	0.00
FMA5039	right costocervical trunk	Правый рёберно-шейный туловище	truncus costocervicalis	costocervical trunk	PROBABLE	0.86
FMA5041	right second posterior intercostal artery	Правый вторая задняя межрёберная артерия	arteria intercostalis posterior secunda	second posterior intercostal artery	PROBABLE	0.86
FMA5042	right superior intercostal artery	Правый верхняя межрёберная артерия			NO_MATCH	0.00
FMA5865	cranial nerve	Черепной нерв	nervus cranialis	cranial nerve	EXACT	1.00
FMA5884	ganglion	Ганглий			NO_MATCH	0.00
FMA5889	autonomic ganglion	Вегетативный ганглий			NO_MATCH	0.00
FMA5894	parasympathetic ganglion	Парасимпатическая ганглий	ganglion parasympathicum	parasympathetic ganglion	EXACT	1.00
FMA5895	cranial parasympathetic ganglion	Черепной парасимпатическая ганглий			NO_MATCH	0.00
FMA5897	anatomical space	Анатомическое пространство			NO_MATCH	0.00
FMA5898	anatomical junction	Анатомическое соединение			NO_MATCH	0.00
FMA5913	nerve trunk	Нерв туловище			NO_MATCH	0.00
FMA6964	ciliary ganglion	Ресничная ганглий	ganglion ciliare	ciliary ganglion	EXACT	1.00
FMA7037	branch of ciliary ganglion	Ветвь ресничного узла			NO_MATCH	0.00
FMA7041	short ciliary nerve	Короткая ресничная нерв			NO_MATCH	0.00
FMA7131	esophagus	Пищевод			NO_MATCH	0.00
FMA7145	membrane organ	Мембранозный орган			NO_MATCH	0.00
FMA7146	organ component gland	Железа — компонент органа			NO_MATCH	0.00
FMA7148	stomach	Желудок	gaster	stomach	EXACT	1.00
FMA7163	skin	Кожа	cutis	skin	EXACT	1.00
FMA7196	spleen	Селезёнка	splen	spleen	EXACT	1.00
FMA7198	pancreas	Поджелудочная железа	pancreas	pancreas	EXACT	1.00
FMA7202	gallbladder	Желчный пузырь	vesica biliaris	gallbladder	EXACT	1.00
FMA7203	kidney	Почка	ren	kidney	EXACT	1.00
FMA7204	right kidney	Правая почка	ren	kidney	PROBABLE	0.86
FMA7205	left kidney	Левая почка	ren	kidney	PROBABLE	0.86
FMA7206	duodenum	Дуодэнум	duodenum	duodenum	EXACT	1.00
FMA7210	testis	Яичко	testis	testis	EXACT	1.00
FMA7211	right testis	Правое яичко	testis	testis	PROBABLE	0.86
FMA7212	left testis	Левое яичко	testis	testis	PROBABLE	0.86
FMA7232	cusp of cardiac valve	Заслонка сердечного клапана			NO_MATCH	0.00
FMA7237	leaflet of tricuspid valve	Створка трёхстворчатого клапана			NO_MATCH	0.00
FMA7238	anterior leaflet of tricuspid valve	Передняя створка трёхстворчатого клапана			NO_MATCH	0.00
FMA7239	posterior leaflet of tricuspid valve	Задняя створка трёхстворчатого клапана			NO_MATCH	0.00
FMA7240	septal leaflet of tricuspid valve	Перегородочная створка трёхстворчатого клапана			NO_MATCH	0.00
FMA7241	leaflet of mitral valve	Створка митрального клапана			NO_MATCH	0.00
FMA7242	anterior leaflet of mitral valve	Передняя створка митрального клапана			NO_MATCH	0.00
FMA7243	posterior leaflet of mitral valve	Задняя створка митрального клапана			NO_MATCH	0.00
FMA7247	left anterior cusp of pulmonary valve	Левая передняя заслонка клапана лёгочного ствола			NO_MATCH	0.00
FMA7248	cusp of pulmonary valve	Заслонка клапана лёгочного ствола			NO_MATCH	0.00
FMA7249	right anterior cusp of pulmonary valve	Правая передняя заслонка клапана лёгочного ствола			NO_MATCH	0.00
FMA7250	posterior cusp of pulmonary valve	Задняя заслонка клапана лёгочного ствола			NO_MATCH	0.00
FMA7251	cusp of aortic valve	Заслонка аортального клапана			NO_MATCH	0.00
FMA7252	right posterior cusp of aortic valve	Правая задняя заслонка аортального клапана			NO_MATCH	0.00
FMA7253	anterior cusp of aortic valve	Передняя заслонка аортального клапана			NO_MATCH	0.00
FMA7254	left posterior cusp of aortic valve	Левая задняя заслонка аортального клапана			NO_MATCH	0.00
FMA7260	anterior papillary muscle of right ventricle	Передняя сосочковая мышца правого желудочка	musculus papillaris anterior ventriculi dextri	anterior papillary muscle of right ventricle	EXACT	1.00
FMA7261	posterior papillary muscle of right ventricle	Задняя сосочковая мышца правый желудочек	musculus papillaris inferior ventriculi dextri	inferior papillary muscle of right ventricle	EXACT	1.00
FMA7262	septal papillary muscle of right ventricle	Перегородочная сосочковая мышца правый желудочек	musculus papillaris septalis ventriculi dextri	septal papillary muscle of right ventricle	EXACT	1.00
FMA7264	lateral papillary muscle of left ventricle	Латеральная сосочковая мышца левый желудочек			NO_MATCH	0.00
FMA7265	anterolateral head of lateral papillary muscle of left ventricle	Переднелатеральная головка латеральной сосочковой мышцы левого желудочка			NO_MATCH	0.00
FMA7394	trachea	Трахея	trachea	trachea	EXACT	1.00
FMA7396	left main bronchus	Левый главный бронх	bronchus principalis sinister	left main bronchus	EXACT	1.00
FMA7405	main bronchus	Главный бронх	bronchus principalis	main bronchus	EXACT	1.00
FMA7409	bronchus	Бронх	bronchus	bronchus	EXACT	1.00
FMA7474	long bone	Длинная кость	os longum	long bone	EXACT	1.00
FMA7475	short bone	Короткая кость	os breve	short bone	EXACT	1.00
FMA7476	flat bone	Плоская кость	os planum	flat bone	EXACT	1.00
FMA7477	irregular bone	Неправильная кость	os irregulare	irregular bone	EXACT	1.00
FMA7478	pneumatized bone	Пневматизированная кость			NO_MATCH	0.00
FMA7486	manubrium	Рукоятка			NO_MATCH	0.00
FMA7487	body of sternum	Тело грудины	corpus sterni	body of sternum	EXACT	1.00
FMA7488	xiphoid process	Мечевидный отросток	processus xiphoideus	xiphoid process	EXACT	1.00
FMA7538	cartilage organ component	Хрящ орган компонент			NO_MATCH	0.00
FMA7574	rib	Ребро	costa	rib	EXACT	1.00
FMA7591	costal cartilage	Рёберная хрящ	cartilago costalis	costal cartilage	EXACT	1.00
FMA7592	true rib	Истинное ребро			NO_MATCH	0.00
FMA7593	typical rib	Типичное ребро			NO_MATCH	0.00
FMA7594	false rib	Ложное ребро			NO_MATCH	0.00
FMA7595	floating rib	Плавающее ребро			NO_MATCH	0.00
FMA7596	atypical rib	Атипичное ребро			NO_MATCH	0.00
FMA7597	first rib	Первая ребро	costa prima	first rib	EXACT	1.00
FMA7603	first costal cartilage	Первая рёберная хрящ			NO_MATCH	0.00
FMA7620	second rib	Вторая ребро	costa secunda	second rib	EXACT	1.00
FMA7638	third rib	Третья ребро			NO_MATCH	0.00
FMA7646	retinaculum	Удерживатель	retinaculum tendinis	retinaculum	EXACT	1.00
FMA7703	second costal cartilage	Вторая рёберная хрящ			NO_MATCH	0.00
FMA7741	third costal cartilage	Третья рёберная хрящ			NO_MATCH	0.00
FMA7749	fourth rib	Четвёртая ребро			NO_MATCH	0.00
FMA7768	fourth costal cartilage	Четвёртая рёберная хрящ			NO_MATCH	0.00
FMA7776	fifth rib	Пятая ребро			NO_MATCH	0.00
FMA7795	fifth costal cartilage	Пятая рёберная хрящ			NO_MATCH	0.00
FMA7822	sixth costal cartilage	Шестая рёберная хрящ			NO_MATCH	0.00
FMA7830	seventh rib	Седьмая ребро			NO_MATCH	0.00
FMA7849	seventh costal cartilage	Седьмая рёберная хрящ			NO_MATCH	0.00
FMA7857	right first rib	Правый первая ребро	costa prima	first rib	PROBABLE	0.86
FMA7875	right first costal cartilage	Правый первая рёберная хрящ			NO_MATCH	0.00
FMA7882	right second rib	Правый вторая ребро	costa secunda	second rib	PROBABLE	0.86
FMA7886	right second costal cartilage	Правый вторая рёберная хрящ			NO_MATCH	0.00
FMA7909	right third rib	Правый третья ребро			NO_MATCH	0.00
FMA7913	right third costal cartilage	Правый третья рёберная хрящ			NO_MATCH	0.00
FMA7957	right fourth rib	Правый четвёртая ребро			NO_MATCH	0.00
FMA7976	right fourth costal cartilage	Правый четвёртая рёберная хрящ			NO_MATCH	0.00
FMA7987	left first rib	Левый первая ребро	costa prima	first rib	PROBABLE	0.86
FMA8005	left first costal cartilage	Левый первая рёберная хрящ			NO_MATCH	0.00
FMA8012	left second rib	Левый вторая ребро	costa secunda	second rib	PROBABLE	0.86
FMA8031	left second costal cartilage	Левый вторая рёберная хрящ			NO_MATCH	0.00
FMA8039	left third rib	Левый третья ребро			NO_MATCH	0.00
FMA8058	left third costal cartilage	Левый третья рёберная хрящ			NO_MATCH	0.00
FMA8066	right fifth rib	Правый пятая ребро			NO_MATCH	0.00
FMA8070	right fifth costal cartilage	Правый пятая рёберная хрящ			NO_MATCH	0.00
FMA8093	left fifth rib	Левый пятая ребро			NO_MATCH	0.00
FMA8112	left fifth costal cartilage	Левый пятая рёберная хрящ			NO_MATCH	0.00
FMA8120	eighth rib	Восьмая ребро			NO_MATCH	0.00
FMA8147	sixth rib	Шестая ребро			NO_MATCH	0.00
FMA8148	left fourth rib	Левый четвёртая ребро			NO_MATCH	0.00
FMA8167	left fourth costal cartilage	Левый четвёртая рёберная хрящ			NO_MATCH	0.00
FMA8175	right sixth rib	Правый шестая ребро			NO_MATCH	0.00
FMA8194	right sixth costal cartilage	Правый шестая рёберная хрящ			NO_MATCH	0.00
FMA8202	left sixth rib	Левый шестая ребро			NO_MATCH	0.00
FMA8221	left sixth costal cartilage	Левый шестая рёберная хрящ			NO_MATCH	0.00
FMA8229	right seventh rib	Правый седьмая ребро			NO_MATCH	0.00
FMA8248	right seventh costal cartilage	Правый седьмая рёберная хрящ			NO_MATCH	0.00
FMA8256	left seventh rib	Левый седьмая ребро			NO_MATCH	0.00
FMA8275	left seventh costal cartilage	Левый седьмая рёберная хрящ			NO_MATCH	0.00
FMA8283	right eighth rib	Правый восьмая ребро			NO_MATCH	0.00
FMA8310	left eighth rib	Левый восьмая ребро			NO_MATCH	0.00
FMA8337	ninth rib	Девятая ребро			NO_MATCH	0.00
FMA8364	right ninth rib	Правый девятая ребро			NO_MATCH	0.00
FMA8391	left ninth rib	Левый девятая ребро			NO_MATCH	0.00
FMA8418	tenth rib	Десятая ребро			NO_MATCH	0.00
FMA8445	right tenth rib	Правый десятая ребро			NO_MATCH	0.00
FMA8472	left tenth rib	Левый десятая ребро			NO_MATCH	0.00
FMA8499	eleventh rib	Одиннадцатая ребро			NO_MATCH	0.00
FMA8515	twelfth rib	Двенадцатая ребро			NO_MATCH	0.00
FMA8531	right eleventh rib	Правый одиннадцатая ребро			NO_MATCH	0.00
FMA8532	left eleventh rib	Левый одиннадцатая ребро			NO_MATCH	0.00
FMA8533	right twelfth rib	Правый двенадцатая ребро			NO_MATCH	0.00
FMA8534	left twelfth rib	Левый двенадцатая ребро			NO_MATCH	0.00
FMA8612	pulmonary trunk	Лёгочный туловище	truncus pulmonalis	pulmonary trunk	EXACT	1.00
FMA8615	pulmonary arterial trunk	Лёгочный артериальная туловище			NO_MATCH	0.00
FMA8620	right anterior segmental artery	Правый передняя сегментарный артерия			NO_MATCH	0.00
FMA8634	left apical segmental artery	Левый верхушечная сегментарный артерия			NO_MATCH	0.00
FMA8635	left posterior segmental artery	Левый задняя сегментарный артерия			NO_MATCH	0.00
FMA8639	superior lingular artery	Верхняя язычковая артерия			NO_MATCH	0.00
FMA8640	inferior lingular artery	Нижняя язычковая артерия			NO_MATCH	0.00
FMA8642	left superior segmental artery	Левый верхняя сегментарный артерия			NO_MATCH	0.00
FMA8644	left medial basal segmental artery	Левый медиальная базальная сегментарный артерия			NO_MATCH	0.00
FMA8645	left anterior basal segmental artery	Левый передняя базальная сегментарный артерия			NO_MATCH	0.00
FMA8646	left lateral basal segmental artery	Левый латеральная базальная сегментарный артерия			NO_MATCH	0.00
FMA8647	left posterior basal segmental artery	Левый задняя базальная сегментарный артерия			NO_MATCH	0.00
FMA8648	trunk of pulmonary vein	Туловище лёгочный вена			NO_MATCH	0.00
FMA8662	right anterior segmental vein	Правый передняя сегментарный вена			NO_MATCH	0.00
FMA8663	right posterior segmental vein	Правый задняя сегментарный вена			NO_MATCH	0.00
FMA8667	left anterior segmental vein	Левый передняя сегментарный вена			NO_MATCH	0.00
FMA8668	superior lingular vein	Верхняя язычковая вена			NO_MATCH	0.00
FMA8669	inferior lingular vein	Нижняя язычковая вена			NO_MATCH	0.00
FMA8670	right superior segmental vein	Правый верхняя сегментарный вена			NO_MATCH	0.00
FMA8673	right anterior basal segmental vein	Правый передняя базальная сегментарный вена			NO_MATCH	0.00
FMA8678	left anterior basal segmental vein	Левый передняя базальная сегментарный вена			NO_MATCH	0.00
FMA8681	apical part of right apical segmental vein	Верхушечная часть правой верхушечной сегментарной вены			NO_MATCH	0.00
FMA8683	superior part of anterior segmental vein	Верхняя часть передняя сегментарный вена			NO_MATCH	0.00
FMA8693	inferior part of anterior segmental vein	Нижняя часть передняя сегментарный вена			NO_MATCH	0.00
FMA8702	upper lobar artery	Верхняя долевой артерия			NO_MATCH	0.00
FMA8707	apical segmental artery	Верхушечная сегментарная артерия			NO_MATCH	0.00
FMA8714	superior segmental artery	Верхняя сегментарный артерия			NO_MATCH	0.00
FMA8716	medial basal segmental artery	Медиальная базальная сегментарный артерия			NO_MATCH	0.00
FMA8717	anterior basal segmental artery	Передняя базальная сегментарная артерия			NO_MATCH	0.00
FMA8718	lateral basal segmental artery	Латеральная базальная сегментарный артерия			NO_MATCH	0.00
FMA8719	posterior basal segmental artery	Задняя базальная сегментарный артерия			NO_MATCH	0.00
FMA8755	segmental pulmonary artery	Сегментарный лёгочный артерия			NO_MATCH	0.00
FMA9139	thoracic vertebra	Грудная позвонок	vertebra thoracica	thoracic vertebra	EXACT	1.00
FMA9165	first thoracic vertebra	Первая грудная позвонок	vertebra thoracica prima	first thoracic vertebra	EXACT	1.00
FMA9187	second thoracic vertebra	Вторая грудная позвонок			NO_MATCH	0.00
FMA9209	third thoracic vertebra	Третья грудная позвонок			NO_MATCH	0.00
FMA9248	fourth thoracic vertebra	Четвёртая грудная позвонок			NO_MATCH	0.00
FMA9291	cavity of right ventricle	Полость правого желудочка			NO_MATCH	0.00
FMA9311	subsegmental pulmonary artery	Субсегментарный лёгочный артерия			NO_MATCH	0.00
FMA9337	organ cavity subdivision	Орган полость подразделение			NO_MATCH	0.00
FMA9338	anatomical conduit space	Полость анатомического проводника			NO_MATCH	0.00
FMA9411	segmental pulmonary vein	Сегментарный лёгочный вена			NO_MATCH	0.00
FMA9413	subsegmental pulmonary vein	Субсегментарный лёгочный вена			NO_MATCH	0.00
FMA9419	subsegmental part of lateral segmental vein	Субсегментарный часть латеральная сегментарный вена			NO_MATCH	0.00
FMA9421	subsegmental part of medial segmental vein	Субсегментарный часть медиальная сегментарный вена			NO_MATCH	0.00
FMA9422	right medial basal segmental vein	Правый медиальная базальная сегментарный вена			NO_MATCH	0.00
FMA9425	right lateral basal segmental vein	Правый латеральная базальная сегментарный вена			NO_MATCH	0.00
FMA9428	right posterior basal segmental vein	Правый задняя базальная сегментарный вена			NO_MATCH	0.00
FMA9437	left apical segmental vein	Левый верхушечная сегментарный вена			NO_MATCH	0.00
FMA9438	left posterior segmental vein	Левый задняя сегментарный вена			NO_MATCH	0.00
FMA9450	left lateral basal segmental vein	Левый латеральная базальная сегментарный вена			NO_MATCH	0.00
FMA9451	left posterior basal segmental vein	Левый задняя базальная сегментарный вена			NO_MATCH	0.00
FMA9457	wall of right atrium	Стенка правого предсердия			NO_MATCH	0.00
FMA9464	cavity of cardiac chamber	Полость камеры сердца			NO_MATCH	0.00
FMA9465	cavity of left atrium	Полость левого предсердия			NO_MATCH	0.00
FMA9466	cavity of left ventricle	Полость левого желудочка			NO_MATCH	0.00
FMA9531	wall of left atrium	Стенка левого предсердия			NO_MATCH	0.00
FMA9597	salivary gland	Слюнная железа			NO_MATCH	0.00
FMA9600	prostate	Предстательная железа	prostata	prostate	EXACT	1.00
FMA9604	adrenal gland	Надпочечник	glandula suprarenalis	suprarenal gland	EXACT	1.00
FMA9611	femur	Бедренная кость	os femoris	femur	EXACT	1.00
FMA9612	metacarpal bone	Пястная кость кость	os metacarpi	metacarpal bone	EXACT	1.00
FMA9613	parietal bone	Теменная кость	os parietale	parietal bone	EXACT	1.00
FMA9615	cricoid cartilage	Перстневидный хрящ	cartilago cricoidea	cricoid cartilage	EXACT	1.00
FMA9616	muscle of head	Мышца головка			NO_MATCH	0.00
FMA9617	muscle of neck	Мышца шейка			NO_MATCH	0.00
FMA9619	muscle of thorax	Мышца грудная клетка			NO_MATCH	0.00
FMA9620	muscle of abdomen	Мышца живот			NO_MATCH	0.00
FMA9621	muscle of upper limb	Мышца верхняя конечность			NO_MATCH	0.00
FMA9622	muscle of lower limb	Мышца нижняя конечность			NO_MATCH	0.00
FMA9623	perineal muscle	Промежностная мышца			NO_MATCH	0.00
FMA9625	stylohyoid	Шилоподъязычная			NO_MATCH	0.00
FMA9629	supraspinatus	Надостная			NO_MATCH	0.00
FMA9637	portion of tissue	Часть ткань			NO_MATCH	0.00
FMA9640	portion of connective tissue	Часть соединительная ткань			NO_MATCH	0.00
FMA9649	decussation	Перекрёст			NO_MATCH	0.00
FMA9657	anatomical line	Анатомическая линия			NO_MATCH	0.00
FMA9703	nasolacrimal duct	Носослёзный проток	ductus nasolacrimalis	nasolacrimal duct	EXACT	1.00
FMA9704	ureter	Мочеточник	ureter	ureter	EXACT	1.00
FMA9706	bile duct	Желчный проток	ductus biliaris	bile duct	EXACT	1.00
FMA9708	talus	Таранная кость	os tali	talus	EXACT	1.00
FMA9710	vomer	Вомэр	vomer	vomer	EXACT	1.00
FMA9711	maxilla	Верхняя челюсть	maxilla	maxilla	EXACT	1.00
FMA9721	tendon	Сухожилие	tendo	tendon	EXACT	1.00
FMA9756	external intercostal muscle	Наружная межрёберная мышца			NO_MATCH	0.00
FMA9757	internal intercostal muscle	Внутренняя межрёберная мышца			NO_MATCH	0.00
FMA9758	innermost intercostal muscle	Самая глубокая межрёберная мышца			NO_MATCH	0.00
FMA9760	transversus thoracis	Поперечная мышца груди			NO_MATCH	0.00
FMA9761	right transversus thoracis	Правый поперечная мышца груди			NO_MATCH	0.00
FMA9762	left transversus thoracis	Левый поперечная мышца груди			NO_MATCH	0.00
FMA9914	vertebra	Позвонок	vertebra	vertebra	EXACT	1.00
FMA9915	cervical vertebra	Шейная позвонок	vertebra cervicalis	cervical vertebra	EXACT	1.00
FMA9921	lumbar vertebra	Поясничная позвонок	vertebra lumbalis	lumbar vertebra	EXACT	1.00
FMA9922	fifth thoracic vertebra	Пятая грудная позвонок			NO_MATCH	0.00
FMA9945	sixth thoracic vertebra	Шестая грудная позвонок			NO_MATCH	0.00
FMA9968	seventh thoracic vertebra	Седьмая грудная позвонок			NO_MATCH	0.00
FMA9991	eighth thoracic vertebra	Восьмая грудная позвонок			NO_MATCH	0.00
FMA10014	ninth thoracic vertebra	Девятая грудная позвонок			NO_MATCH	0.00
FMA10037	tenth thoracic vertebra	Десятая грудная позвонок			NO_MATCH	0.00
FMA10059	eleventh thoracic vertebra	Одиннадцатая грудная позвонок			NO_MATCH	0.00
FMA10081	twelfth thoracic vertebra	Двенадцатая грудная позвонок			NO_MATCH	0.00
FMA10419	pancreatic duct	Поджелудочная проток	ductus pancreaticus	pancreatic duct	EXACT	1.00
FMA10446	intervertebral disk	Межпозвоночное диск			NO_MATCH	0.00
FMA10455	intervertebral disk of thoracic vertebra	Межпозвоночное диск грудная позвонок			NO_MATCH	0.00
FMA10458	intervertebral disk of first thoracic vertebra	Межпозвоночное диск первая грудная позвонок			NO_MATCH	0.00
FMA10474	zone of muscle organ	Зона мышца орган			NO_MATCH	0.00
FMA10483	zone of bone organ	Зона кость орган			NO_MATCH	0.00
FMA10552	left dorsal scapular artery	Левый тыльная лопаточная артерия	arteria dorsalis scapulae	dorsal scapular artery	PROBABLE	0.86
FMA10636	costocervical trunk	Рёберно-шейный туловище	truncus costocervicalis	costocervical trunk	EXACT	1.00
FMA10645	musculophrenic artery	Мышечно-диафрагмальная артерия	arteria musculophrenica	musculophrenic artery	EXACT	1.00
FMA10646	superior epigastric artery	Верхняя надчревная артерия	arteria epigastrica superior	superior epigastric artery	EXACT	1.00
FMA10659	deep cervical artery	Глубокая шейная артерия	arteria cervicalis profunda	deep cervical artery	EXACT	1.00
FMA10660	right deep cervical artery	Правый глубокая шейная артерия	arteria cervicalis profunda	deep cervical artery	PROBABLE	0.86
FMA10662	inferior thyroid artery	Нижняя щитовидная железа артерия	arteria thyreoidea inferior	inferior thyroid artery	EXACT	1.00
FMA10663	suprascapular artery	надлопаточная артерия	arteria suprascapularis	suprascapular artery	EXACT	1.00
FMA10664	transverse cervical artery	Поперечная шейная артерия	arteria transversa colli	transverse cervical artery	EXACT	1.00
FMA10665	superficial cervical artery	Поверхностная шейная артерия	ramus superficialis arteriae transversae colli	superficial branch of transverse cervical artery	EXACT	1.00
FMA10680	left inferior thyroid artery	Левый нижняя щитовидная железа артерия	arteria thyreoidea inferior	inferior thyroid artery	PROBABLE	0.86
FMA10681	left suprascapular artery	Левая надлопаточная артерия	arteria suprascapularis	suprascapular artery	PROBABLE	0.86
FMA10682	left transverse cervical artery	Левый поперечная шейная артерия	arteria transversa colli	transverse cervical artery	PROBABLE	0.86
FMA10683	left superficial cervical artery	Левый поверхностная шейная артерия	ramus superficialis arteriae transversae colli	superficial branch of transverse cervical artery	PROBABLE	0.86
FMA10692	right musculophrenic artery	Правый мышечно-диафрагмальная артерия	arteria musculophrenica	musculophrenic artery	PROBABLE	0.86
FMA10697	right inferior thyroid artery	Правый нижняя щитовидная железа артерия	arteria thyreoidea inferior	inferior thyroid artery	PROBABLE	0.86
FMA10698	right suprascapular artery	Правая надлопаточная артерия	arteria suprascapularis	suprascapular artery	PROBABLE	0.86
FMA10699	right transverse cervical artery	Правый поперечная шейная артерия	arteria transversa colli	transverse cervical artery	PROBABLE	0.86
FMA10700	right superficial cervical artery	Правый поверхностная шейная артерия	ramus superficialis arteriae transversae colli	superficial branch of transverse cervical artery	PROBABLE	0.86
FMA10704	variant bronchial artery	Вариантная бронхиальная артерия			NO_MATCH	0.00
FMA10951	inferior vena cava	Нижняя полая вена	vena cava inferior	inferior vena cava	EXACT	1.00
FMA11195	segment of neural tree organ	Сегмент нервная дерево орган			NO_MATCH	0.00
FMA11336	linea alba	Линэа алба	linea alba	linea alba	EXACT	1.00
FMA11337	zone of continuity	Зона непрерывность			NO_MATCH	0.00
FMA11338	ileocecal junction	Илэокэкал соединение			NO_MATCH	0.00
FMA11359	cavity of right atrium	Полость правого предсердия			NO_MATCH	0.00
FMA12215	zone of sternum	Зона грудина			NO_MATCH	0.00
FMA12224	segment of tracheobronchial tree	Сегмент трахеобронхиальный дерево			NO_MATCH	0.00
FMA12516	tooth	Зуб	dens	tooth	EXACT	1.00
FMA12519	atlas	Атлант	atlas	atlas	EXACT	1.00
FMA12520	axis	Осевой позвонок	axis	axis	EXACT	1.00
FMA12521	third cervical vertebra	Третья шейная позвонок			NO_MATCH	0.00
FMA12522	fourth cervical vertebra	Четвёртая шейная позвонок			NO_MATCH	0.00
FMA12523	fifth cervical vertebra	Пятая шейная позвонок			NO_MATCH	0.00
FMA12524	sixth cervical vertebra	Шестая шейная позвонок			NO_MATCH	0.00
FMA12525	seventh cervical vertebra	Седьмая шейная позвонок			NO_MATCH	0.00
FMA12823	incisor tooth	Резец зуб	dens incisivus	incisor tooth	EXACT	1.00
FMA12845	subcostal vein	Подрёберная вена			NO_MATCH	0.00
FMA12846	cardiac vein	Сердечная вена			NO_MATCH	0.00
FMA12858	ascending lumbar vein	Восходящая поясничная вена			NO_MATCH	0.00
FMA13072	first lumbar vertebra	Первая поясничная позвонок			NO_MATCH	0.00
FMA13073	second lumbar vertebra	Вторая поясничная позвонок			NO_MATCH	0.00
FMA13074	third lumbar vertebra	Третья поясничная позвонок			NO_MATCH	0.00
FMA13075	fourth lumbar vertebra	Четвёртая поясничная позвонок			NO_MATCH	0.00
FMA13076	fifth lumbar vertebra	Пятая поясничная позвонок			NO_MATCH	0.00
FMA13087	segment of aorta	Сегмент аорта			NO_MATCH	0.00
FMA13109	pectoralis minor	Грудная мышца малая			NO_MATCH	0.00
FMA13237	cavity of atrium	Полость предсердия			NO_MATCH	0.00
FMA13238	cavity of ventricle	Полость желудочка			NO_MATCH	0.00
FMA13256	wall of cardiac chamber	Стенка камеры сердца			NO_MATCH	0.00
FMA13278	anterior segmental artery	Передняя сегментарная артерия			NO_MATCH	0.00
FMA13279	left anterior segmental artery	Левый передняя сегментарный артерия			NO_MATCH	0.00
FMA13280	posterior segmental artery	Задняя сегментарный артерия			NO_MATCH	0.00
FMA13289	medial basal segmental vein	Медиальная базальная сегментарный вена			NO_MATCH	0.00
FMA13290	anterior basal segmental vein	Передняя базальная сегментарная вена			NO_MATCH	0.00
FMA13291	lateral basal segmental vein	Латеральная базальная сегментарный вена			NO_MATCH	0.00
FMA13292	posterior basal segmental vein	Задняя базальная сегментарный вена			NO_MATCH	0.00
FMA13295	diaphragm	Диафрагма	diaphragma	diaphragm	EXACT	1.00
FMA13303	humerus	Плечевая кость	humerus	humerus	EXACT	1.00
FMA13321	clavicle	Ключица	clavicula	clavicle	EXACT	1.00
FMA13322	right clavicle	Правый ключица	clavicula	clavicle	PROBABLE	0.86
FMA13323	left clavicle	Левый ключица	clavicula	clavicle	PROBABLE	0.86
FMA13324	cephalic vein	Латеральная подкожная вена	vena cephalica	cephalic vein	EXACT	1.00
FMA13325	right cephalic vein	Правый латеральная подкожная вена	vena cephalica	cephalic vein	PROBABLE	0.86
FMA13326	left cephalic vein	Левый латеральная подкожная вена	vena cephalica	cephalic vein	PROBABLE	0.86
FMA13329	axillary vein	Подмышечная вена	vena axillaris	axillary vein	EXACT	1.00
FMA13330	right axillary vein	Правый подмышечная вена	vena axillaris	axillary vein	PROBABLE	0.86
FMA13331	left axillary vein	Левый подмышечная вена	vena axillaris	axillary vein	PROBABLE	0.86
FMA13335	external oblique	Наружная косая мышца			NO_MATCH	0.00
FMA13336	right external oblique	Правый наружная косая мышца			NO_MATCH	0.00
FMA13337	left external oblique	Левый наружная косая мышца			NO_MATCH	0.00
FMA13338	infrahyoid muscle	Подъязычная мышца			NO_MATCH	0.00
FMA13341	sternohyoid	Грудино-подъязычная мышца			NO_MATCH	0.00
FMA13342	omohyoid	Лопаточно-подъязычная мышца			NO_MATCH	0.00
FMA13343	sternothyroid	Грудино-щитовидная мышца			NO_MATCH	0.00
FMA13344	thyrohyoid	Щито-подъязычная мышца			NO_MATCH	0.00
FMA13346	right sternohyoid	Правый грудино-подъязычная мышца			NO_MATCH	0.00
FMA13347	left sternohyoid	Левый грудино-подъязычная мышца			NO_MATCH	0.00
FMA13348	right omohyoid	Правый лопаточно-подъязычная мышца			NO_MATCH	0.00
FMA13349	left omohyoid	Левый лопаточно-подъязычная мышца			NO_MATCH	0.00
FMA13350	right sternothyroid	Правый грудино-щитовидная мышца			NO_MATCH	0.00
FMA13351	left sternothyroid	Левый грудино-щитовидная мышца			NO_MATCH	0.00
FMA13352	right thyrohyoid	Правый щито-подъязычная мышца			NO_MATCH	0.00
FMA13353	left thyrohyoid	Левый щито-подъязычная мышца			NO_MATCH	0.00
FMA13354	intercostal muscle	Межрёберная мышца			NO_MATCH	0.00
FMA13365	caudate lobe of liver	Хвостатая доля печень			NO_MATCH	0.00
FMA13375	right pectoralis minor	Правый грудная мышца малая			NO_MATCH	0.00
FMA13376	left pectoralis minor	Левый грудная мышца малая			NO_MATCH	0.00
FMA13379	rhomboid major	Ромбовидная мышца большая			NO_MATCH	0.00
FMA13380	rhomboid minor	Ромбовидная мышца малая			NO_MATCH	0.00
FMA13381	right rhomboid major	Правый ромбовидная мышца большая			NO_MATCH	0.00
FMA13382	left rhomboid major	Левый ромбовидная мышца большая			NO_MATCH	0.00
FMA13383	right rhomboid minor	Правый ромбовидная мышца малая			NO_MATCH	0.00
FMA13384	left rhomboid minor	Левый ромбовидная мышца малая			NO_MATCH	0.00
FMA13385	scalenus anterior	Лестничная мышца передняя			NO_MATCH	0.00
FMA13386	scalenus medius	Лестничная мышца мэдиус			NO_MATCH	0.00
FMA13387	scalenus posterior	Лестничная мышца задняя			NO_MATCH	0.00
FMA13388	right scalenus posterior	Правый лестничная мышца задняя			NO_MATCH	0.00
FMA13389	left scalenus posterior	Левый лестничная мышца задняя			NO_MATCH	0.00
FMA13390	right scalenus medius	Правый лестничная мышца мэдиус			NO_MATCH	0.00
FMA13391	left scalenus medius	Левый лестничная мышца мэдиус			NO_MATCH	0.00
FMA13392	right scalenus anterior	Правый лестничная мышца передняя			NO_MATCH	0.00
FMA13393	left scalenus anterior	Левый лестничная мышца передняя			NO_MATCH	0.00
FMA13394	scapula	Лопатка	scapula	scapula	EXACT	1.00
FMA13395	right scapula	Правый лопатка	scapula	scapula	PROBABLE	0.86
FMA13396	left scapula	Левый лопатка	scapula	scapula	PROBABLE	0.86
FMA13397	serratus anterior	Передняя зубчатая мышца передняя			NO_MATCH	0.00
FMA13398	right serratus anterior	Правый передняя зубчатая мышца передняя			NO_MATCH	0.00
FMA13399	left serratus anterior	Левый передняя зубчатая мышца передняя			NO_MATCH	0.00
FMA13400	serratus posterior	Передняя зубчатая мышца задняя			NO_MATCH	0.00
FMA13401	serratus posterior superior	Передняя зубчатая мышца задняя верхняя			NO_MATCH	0.00
FMA13402	serratus posterior inferior	Передняя зубчатая мышца задняя нижняя			NO_MATCH	0.00
FMA13403	right serratus posterior superior	Правый передняя зубчатая мышца задняя верхняя			NO_MATCH	0.00
FMA13404	left serratus posterior superior	Левый передняя зубчатая мышца задняя верхняя			NO_MATCH	0.00
FMA13405	right serratus posterior inferior	Правый передняя зубчатая мышца задняя нижняя			NO_MATCH	0.00
FMA13406	left serratus posterior inferior	Левый передняя зубчатая мышца задняя нижняя			NO_MATCH	0.00
FMA13407	sternocleidomastoid	Грудино-ключично-сосцевидная мышца			NO_MATCH	0.00
FMA13408	right sternocleidomastoid	Правый грудино-ключично-сосцевидная мышца			NO_MATCH	0.00
FMA13409	left sternocleidomastoid	Левый грудино-ключично-сосцевидная мышца			NO_MATCH	0.00
FMA13410	subclavius	Подключичная мышца			NO_MATCH	0.00
FMA13411	left subclavius	Левый подключичная мышца			NO_MATCH	0.00
FMA13412	right subclavius	Правый подключичная мышца			NO_MATCH	0.00
FMA13413	subscapularis	Подлопаточная мышца			NO_MATCH	0.00
FMA13414	right subscapularis	Правый подлопаточная мышца			NO_MATCH	0.00
FMA13415	left subscapularis	Левый подлопаточная мышца			NO_MATCH	0.00
FMA13442	anterior segmental vein	Передняя сегментарная вена			NO_MATCH	0.00
FMA13443	posterior segmental vein	Задняя сегментарный вена			NO_MATCH	0.00
FMA13444	apical segmental vein	Верхушечная сегментарная вена			NO_MATCH	0.00
FMA13445	superior segmental vein	Верхняя сегментарный вена			NO_MATCH	0.00
FMA13495	intervertebral disk of second thoracic vertebra	Межпозвоночное диск вторая грудная позвонок			NO_MATCH	0.00
FMA13500	intervertebral disk of third thoracic vertebra	Межпозвоночное диск третья грудная позвонок			NO_MATCH	0.00
FMA13501	intervertebral disk of fourth thoracic vertebra	Межпозвоночное диск четвёртая грудная позвонок			NO_MATCH	0.00
FMA13502	intervertebral disk of fifth thoracic vertebra	Межпозвоночное диск пятая грудная позвонок			NO_MATCH	0.00
FMA13503	intervertebral disk of sixth thoracic vertebra	Межпозвоночное диск шестая грудная позвонок			NO_MATCH	0.00
FMA13504	intervertebral disk of seventh thoracic vertebra	Межпозвоночное диск седьмая грудная позвонок			NO_MATCH	0.00
FMA13505	intervertebral disk of eighth thoracic vertebra	Межпозвоночное диск восьмая грудная позвонок			NO_MATCH	0.00
FMA13506	intervertebral disk of ninth thoracic vertebra	Межпозвоночное диск девятая грудная позвонок			NO_MATCH	0.00
FMA13507	intervertebral disk of tenth thoracic vertebra	Межпозвоночное диск десятая грудная позвонок			NO_MATCH	0.00
FMA13508	intervertebral disk of eleventh thoracic vertebra	Межпозвоночное диск одиннадцатая грудная позвонок			NO_MATCH	0.00
FMA13883	wall of atrium	Стенка предсердия			NO_MATCH	0.00
FMA13884	wall of ventricle	Стенка желудочка			NO_MATCH	0.00
FMA13889	pituitary gland	Гипофиз	glandula pituitaria	pituitary gland	EXACT	1.00
FMA13894	intervertebral disk of lumbar vertebra	Межпозвоночное диск поясничная позвонок			NO_MATCH	0.00
FMA13895	intervertebral disk of cervical vertebra	Межпозвоночное диск шейная позвонок			NO_MATCH	0.00
FMA13896	intervertebral disk of third cervical vertebra	Межпозвоночное диск третья шейная позвонок			NO_MATCH	0.00
FMA13897	intervertebral disk of fourth cervical vertebra	Межпозвоночное диск четвёртая шейная позвонок			NO_MATCH	0.00
FMA13898	intervertebral disk of fifth cervical vertebra	Межпозвоночное диск пятая шейная позвонок			NO_MATCH	0.00
FMA13899	intervertebral disk of sixth cervical vertebra	Межпозвоночное диск шестая шейная позвонок			NO_MATCH	0.00
FMA13900	intervertebral disk of seventh cervical vertebra	Межпозвоночное диск седьмая шейная позвонок			NO_MATCH	0.00
FMA13912	ventricular branch of right coronary artery	Желудочковая ветвь правый коронарная артерия			NO_MATCH	0.00
FMA13914	anterior branch of anterior interventricular branch of left coronary artery	Передняя ветвь передней межжелудочковой ветви левой коронарной артерии			NO_MATCH	0.00
FMA13921	branch of anterior interventricular branch of left coronary artery	Ветвь передней межжелудочковой ветви левой коронарной артерии			NO_MATCH	0.00
FMA14065	organ component	Орган компонент			NO_MATCH	0.00
FMA14092	zone of small intestine	Зона малая кишка			NO_MATCH	0.00
FMA14177	bronchial branch of arch of aorta	Бронхиальная ветвь дуга аорта			NO_MATCH	0.00
FMA14284	venous tree organ	Венозная дерево орган			NO_MATCH	0.00
FMA14293	tributary of internal thoracic vein	Приток внутренняя грудная вена			NO_MATCH	0.00
FMA14294	tributary of azygos vein	Приток непарная вена			NO_MATCH	0.00
FMA14309	subsegmental part of apical segmental vein	Субсегментарный часть верхушечная сегментарный вена			NO_MATCH	0.00
FMA14310	subsegmental part of anterior segmental vein	Субсегментарный часть передняя сегментарный вена			NO_MATCH	0.00
FMA14317	tributary of external jugular vein	Приток наружная яремная вена			NO_MATCH	0.00
FMA14319	suprascapular vein	надлопаточная вена	vena suprascapularis	suprascapular vein	EXACT	1.00
FMA14329	trunk of portal vein	Туловище воротная вена			NO_MATCH	0.00
FMA14331	splenic vein	Селезёночная вена	vena splenica	splenic vein	EXACT	1.00
FMA14332	superior mesenteric vein	Верхняя брыжеечная вена	vena mesenterica superior	superior mesenteric vein	EXACT	1.00
FMA14333	common iliac vein	Общая подвздошная вена	vena iliaca communis	common iliac vein	EXACT	1.00
FMA14334	renal vein	Почечная вена			NO_MATCH	0.00
FMA14335	right renal vein	Правый почечная вена	vena renalis dextra	right renal vein	EXACT	1.00
FMA14336	left renal vein	Левый почечная вена	vena renalis sinistra	left renal vein	EXACT	1.00
FMA14337	hepatic vein	Печёночная вена			NO_MATCH	0.00
FMA14338	right hepatic vein	Правый печёночная вена	vena hepatica dextra	right hepatic vein	EXACT	1.00
FMA14339	left hepatic vein	Левый печёночная вена	vena hepatica sinistra	left hepatic vein	EXACT	1.00
FMA14340	middle hepatic vein	Средняя печёночная вена			NO_MATCH	0.00
FMA14341	right testicular vein	Правый яичковая вена	vena testicularis dextra	right testicular vein	EXACT	1.00
FMA14343	right suprarenal vein	Правый надпочечниковая вена	vena suprarenalis dextra	right suprarenal vein	EXACT	1.00
FMA14344	testicular vein	Яичковая вена			NO_MATCH	0.00
FMA14345	left testicular vein	Левый яичковая вена	vena testicularis sinistra	left testicular vein	EXACT	1.00
FMA14348	suprarenal vein	Надпочечниковая вена			NO_MATCH	0.00
FMA14349	left suprarenal vein	Левый надпочечниковая вена	vena suprarenalis sinistra	left suprarenal vein	EXACT	1.00
FMA14495	segment of liver	Сегмент печень			NO_MATCH	0.00
FMA14539	cystic duct	Пузырная проток	ductus cysticus	cystic duct	EXACT	1.00
FMA14540	segment of large intestine	Сегмент большая кишка			NO_MATCH	0.00
FMA14542	appendix	Червеобразный отросток	appendix vermiformis	vermiform appendix	EXACT	1.00
FMA14544	rectum	Прямая кишка	rectum	rectum	EXACT	1.00
FMA14545	ascending colon	Восходящая ободочная кишка	colon ascendens	ascending colon	EXACT	1.00
FMA14546	transverse colon	Поперечная ободочная кишка	colon transversum	transverse colon	EXACT	1.00
FMA14547	descending colon	Нисходящая ободочная кишка	colon descendens	descending colon	EXACT	1.00
FMA14643	mesentery of small intestine	Брыжейка малая кишка			NO_MATCH	0.00
FMA14645	mesentery of large intestine	Брыжейка большая кишка			NO_MATCH	0.00
FMA14647	transverse mesocolon	Поперечная ободочная брыжейка	mesocolon transversum	transverse mesocolon	EXACT	1.00
FMA14668	common hepatic duct	Общая печёночная проток	ductus hepaticus communis	common hepatic duct	EXACT	1.00
FMA14669	right hepatic duct	Правый печёночная проток	ductus hepaticus dexter	right hepatic duct	EXACT	1.00
FMA14670	left hepatic duct	Левый печёночная проток	ductus hepaticus sinister	left hepatic duct	EXACT	1.00
FMA14678	extrahepatic bile duct	Внепечёночный желчный проток			NO_MATCH	0.00
FMA14734	inferior phrenic artery	Нижняя диафрагмальная артерия	arteria phrenica inferior	inferior phrenic artery	EXACT	1.00
FMA14735	lumbar artery	Поясничная артерия			NO_MATCH	0.00
FMA14746	right inferior phrenic artery	Правый нижняя диафрагмальная артерия	arteria phrenica inferior	inferior phrenic artery	PROBABLE	0.86
FMA14747	left inferior phrenic artery	Левый нижняя диафрагмальная артерия	arteria phrenica inferior	inferior phrenic artery	PROBABLE	0.86
FMA14749	superior mesenteric artery	Верхняя брыжеечная артерия	arteria mesenterica superior	superior mesenteric artery	EXACT	1.00
FMA14750	inferior mesenteric artery	Нижняя брыжеечная артерия	arteria mesenterica inferior	inferior mesenteric artery	EXACT	1.00
FMA14751	renal artery	Почечная артерия	arteria renalis	renal artery	EXACT	1.00
FMA14752	right renal artery	Правый почечная артерия	arteria renalis	renal artery	PROBABLE	0.86
FMA14753	left renal artery	Левый почечная артерия	arteria renalis	renal artery	PROBABLE	0.86
FMA14754	middle suprarenal artery	Средняя надпочечниковая артерия	arteria suprarenalis media	middle suprarenal artery	EXACT	1.00
FMA14755	right middle suprarenal artery	Правый средняя надпочечниковая артерия	arteria suprarenalis media	middle suprarenal artery	PROBABLE	0.86
FMA14756	left middle suprarenal artery	Левый средняя надпочечниковая артерия	arteria suprarenalis media	middle suprarenal artery	PROBABLE	0.86
FMA14758	testicular artery	Яичковая артерия	arteria testicularis	testicular artery	EXACT	1.00
FMA14759	right testicular artery	Правый яичковая артерия	arteria testicularis	testicular artery	PROBABLE	0.86
FMA14760	left testicular artery	Левый яичковая артерия	arteria testicularis	testicular artery	PROBABLE	0.86
FMA14764	common iliac artery	Общая подвздошная артерия	arteria iliaca communis	common iliac artery	EXACT	1.00
FMA14765	right common iliac artery	Правый общая подвздошная артерия	arteria iliaca communis	common iliac artery	PROBABLE	0.86
FMA14766	left common iliac artery	Левый общая подвздошная артерия	arteria iliaca communis	common iliac artery	PROBABLE	0.86
FMA14767	trunk of branch of coeliac artery	Туловище ветвь чревная артерия			NO_MATCH	0.00
FMA14768	left gastric artery	Левый желудочная артерия	arteria gastrica sinistra	left gastric artery	EXACT	1.00
FMA14769	hepatic artery	Печёночная артерия			NO_MATCH	0.00
FMA14771	common hepatic artery	Общая печёночная артерия	arteria hepatica communis	common hepatic artery	EXACT	1.00
FMA14772	hepatic artery proper	Печёночная артерия собственно	arteria hepatica propria	proper hepatic artery	EXACT	1.00
FMA14773	splenic artery	Селезёночная артерия	arteria splenica	splenic artery	EXACT	1.00
FMA14776	right gastric artery	Правый желудочная артерия	arteria gastrica dextra	right gastric artery	EXACT	1.00
FMA14781	right gastro-epiploic artery	Правый гастро-эпиплоик артерия			NO_MATCH	0.00
FMA14782	anterior superior pancreaticoduodenal artery	Передняя верхняя панкреатодуоденальная артерия	arteria pancreaticoduodenalis superior anterior	anterior superior pancreaticoduodenal artery	EXACT	1.00
FMA14784	posterior superior pancreaticoduodenal artery	Задняя верхняя поджелудочно-двенадцатиперстная артерия	arteria pancreaticoduodenalis superior posterior	posterior superior pancreaticoduodenal artery	EXACT	1.00
FMA14787	dorsal pancreatic artery	Тыльная поджелудочная артерия	arteria pancreatica dorsalis	dorsal pancreatic artery	EXACT	1.00
FMA14790	inferior pancreatic artery	Нижняя поджелудочная артерия	arteria pancreatica inferior	inferior pancreatic artery	EXACT	1.00
FMA14792	great pancreatic artery	Большая поджелудочная артерия	arteria pancreatica magna	great pancreatic artery	EXACT	1.00
FMA14793	caudal pancreatic artery	Хвостовая поджелудочная артерия			NO_MATCH	0.00
FMA14796	left gastro-epiploic artery	Левый гастро-эпиплоик артерия			NO_MATCH	0.00
FMA14805	inferior pancreaticoduodenal artery	Нижняя поджелудочно-двенадцатиперстная артерия	arteria pancreaticoduodenalis inferior	inferior pancreaticoduodenal artery	EXACT	1.00
FMA14809	ileal artery	Подвздошная артерия			NO_MATCH	0.00
FMA14810	middle colic artery	Средняя ободочная артерия	arteria colica media	middle colic artery	EXACT	1.00
FMA14811	right colic artery	Правый ободочная артерия	arteria colica dextra	right colic artery	EXACT	1.00
FMA14812	celiac trunk	Чревная туловище			NO_MATCH	0.00
FMA14815	ileocolic artery	Подвздошно-ободочная артерия	arteria ileocolica	ileocolic artery	EXACT	1.00
FMA14816	anterior cecal artery	Передняя слепокишечная артерия			NO_MATCH	0.00
FMA14817	posterior cecal artery	Задняя слепокишечная артерия			NO_MATCH	0.00
FMA14818	appendicular artery	Артерия червеобразного отростка	arteria appendicularis	appendicular artery	EXACT	1.00
FMA14819	ileal branch of inferior branch of ileocolic artery	Подвздошная ветвь нижняя ветвь подвздошно-ободочная артерия			NO_MATCH	0.00
FMA14820	ascending branch of inferior branch of ileocolic artery	Восходящая ветвь нижней ветви подвздошно-ободочной артерии			NO_MATCH	0.00
FMA14821	branch of ileocolic artery	Ветвь подвздошно-ободочной артерии			NO_MATCH	0.00
FMA14824	marginal colic artery	Краевая ободочная артерия			NO_MATCH	0.00
FMA14825	trunk of branch of inferior mesenteric artery	Туловище ветвь нижняя брыжеечная артерия			NO_MATCH	0.00
FMA14826	left colic artery	Левый ободочная артерия	arteria colica sinistra	left colic artery	EXACT	1.00
FMA14828	ascending branch of left colic artery	Восходящая ветвь левой ободочной артерии	ramus ascendens arteriae colicae sinistrae	ascending branch of left colic artery	EXACT	1.00
FMA14829	descending branch of left colic artery	Нисходящая ветвь левый ободочная артерия	ramus descendens arteriae colicae sinistrae	descending branch of left colic artery	EXACT	1.00
FMA14830	sigmoid artery	Сигмовидная артерия			NO_MATCH	0.00
FMA14831	marginal artery of colon	Краевая артерия ободочная кишка			NO_MATCH	0.00
FMA14832	superior rectal artery	Верхняя прямокишечная артерия	arteria anorectalis superior	superior anorectal artery	EXACT	1.00
FMA14837	subdivision of hepatic artery proper	Подразделение печёночная артерия собственно			NO_MATCH	0.00
FMA14963	zone of ileum	Зона подвздошная кишка			NO_MATCH	0.00
FMA14964	proximal part of ileum	Проксимальная часть подвздошная кишка			NO_MATCH	0.00
FMA14965	middle part of ileum	Средняя часть подвздошная кишка			NO_MATCH	0.00
FMA14966	distal part of ileum	Дистальная часть подвздошная кишка			NO_MATCH	0.00
FMA15041	taenia coli	Лента ободочной кишки			NO_MATCH	0.00
FMA15042	taenia mesocolica	Лента мэсоколика			NO_MATCH	0.00
FMA15043	taenia omentalis	Лента омэнталис			NO_MATCH	0.00
FMA15044	taenia libera	Лента свободная			NO_MATCH	0.00
FMA15370	lumbar vein	Поясничная вена			NO_MATCH	0.00
FMA15387	tributary of splenic vein	Приток селезёночная вена			NO_MATCH	0.00
FMA15390	left gastroepiploic vein	Левый желудочно-сальниковая вена			NO_MATCH	0.00
FMA15391	inferior mesenteric vein	Нижняя брыжеечная вена	vena mesenterica inferior	inferior mesenteric vein	EXACT	1.00
FMA15392	tributary of inferior mesenteric vein	Приток нижняя брыжеечная вена			NO_MATCH	0.00
FMA15393	superior rectal vein	Верхняя прямокишечная вена	vena anorectalis superior	superior anorectal vein	EXACT	1.00
FMA15394	left colic vein	Левый ободочная вена	vena colica sinistra	left colic vein	EXACT	1.00
FMA15395	sigmoid vein	Сигмовидная вена			NO_MATCH	0.00
FMA15396	tributary of superior mesenteric vein	Приток верхняя брыжеечная вена			NO_MATCH	0.00
FMA15397	right gastroepiploic vein	Правый желудочно-сальниковая вена			NO_MATCH	0.00
FMA15398	pancreaticoduodenal vein	Поджелудочно-двенадцатиперстная вена			NO_MATCH	0.00
FMA15399	left gastric vein	Левый желудочная вена	vena gastrica sinistra	left gastric vein	EXACT	1.00
FMA15400	right gastric vein	Правый желудочная вена	vena gastrica dextra	right gastric vein	EXACT	1.00
FMA15405	ileal vein	Подвздошная вена			NO_MATCH	0.00
FMA15406	middle colic vein	Средняя ободочная вена	vena colica media	middle colic vein	EXACT	1.00
FMA15407	right colic vein	Правый ободочная вена	vena colica dextra	right colic vein	EXACT	1.00
FMA15408	ileocolic vein	Подвздошно-ободочная вена	vena ileocolica	ileocolic vein	EXACT	1.00
FMA15414	right portal vein	Правый воротная вена			NO_MATCH	0.00
FMA15415	left portal vein	Левый воротная вена			NO_MATCH	0.00
FMA15420	anterior superior segmental branch of right portal vein	Передняя верхняя сегментарная ветвь правой воротной вены			NO_MATCH	0.00
FMA15421	anterior inferior segmental branch of right portal vein	Передняя нижняя сегментарная ветвь правой воротной вены			NO_MATCH	0.00
FMA15423	posterior superior segmental branch of right portal vein	Задняя верхняя сегментарный ветвь правый воротная вена			NO_MATCH	0.00
FMA15424	posterior inferior segmental branch of right portal vein	Задняя нижняя сегментарный ветвь правый воротная вена			NO_MATCH	0.00
FMA15425	caudate lobe branch of left portal vein	Хвостатая доля ветвь левый воротная вена			NO_MATCH	0.00
FMA15428	medial superior segmental branch of left portal vein	Медиальная верхняя сегментарный ветвь левый воротная вена			NO_MATCH	0.00
FMA15429	medial inferior segmental branch of left portal vein	Медиальная нижняя сегментарный ветвь левый воротная вена			NO_MATCH	0.00
FMA15431	lateral superior segmental branch of left portal vein	Латеральная верхняя сегментарный ветвь левый воротная вена			NO_MATCH	0.00
FMA15432	lateral inferior segmental branch of left portal vein	Латеральная нижняя сегментарный ветвь левый воротная вена			NO_MATCH	0.00
FMA15571	right ureter	Правый мочеточник	ureter	ureter	PROBABLE	0.86
FMA15572	left ureter	Левый мочеточник	ureter	ureter	PROBABLE	0.86
FMA15629	right adrenal gland	Правый надпочечник	glandula suprarenalis	suprarenal gland	PROBABLE	0.86
FMA15630	left adrenal gland	Левый надпочечник	glandula suprarenalis	suprarenal gland	PROBABLE	0.86
FMA15737	hepatovenous subsector	Печёночно-венозный подсектор			NO_MATCH	0.00
FMA15739	hepatovenous segment ii	Печёночно-венозный сегмент ии			NO_MATCH	0.00
FMA15741	hepatovenous segment iii	Печёночно-венозный сегмент иии			NO_MATCH	0.00
FMA15742	hepatovenous segment iv	Печёночно-венозный сегмент ив			NO_MATCH	0.00
FMA15743	hepatovenous segment v	Печёночно-венозный сегмент в			NO_MATCH	0.00
FMA15744	hepatovenous segment vi	Печёночно-венозный сегмент ви			NO_MATCH	0.00
FMA15745	hepatovenous segment vii	Печёночно-венозный сегмент вии			NO_MATCH	0.00
FMA15746	hepatovenous segment viii	Печёночно-венозный сегмент виии			NO_MATCH	0.00
FMA15747	hepatovenous segment ix	Печёночно-венозный сегмент икс			NO_MATCH	0.00
FMA15755	region of anterior sector of right liver (in-vivo)	Область переднего сектора правой части печени			NO_MATCH	0.00
FMA15756	region of posterior sector of right liver (in-vivo)	Область заднего сектора правой части печени			NO_MATCH	0.00
FMA15757	region of anterior sector of left liver (in-vivo)	Область переднего сектора левой части печени			NO_MATCH	0.00
FMA15791	tributary of right hepatic vein	Приток правый печёночная вена			NO_MATCH	0.00
FMA15793	tributary of middle hepatic vein	Приток средняя печёночная вена			NO_MATCH	0.00
FMA15794	tributary of left hepatic vein	Приток левый печёночная вена			NO_MATCH	0.00
FMA15796	posterior superior segmental tributary of right hepatic vein	Задняя верхняя сегментарный приток правый печёночная вена			NO_MATCH	0.00
FMA15797	posterior inferior segmental tributary of right hepatic vein	Задняя нижняя сегментарный приток правый печёночная вена			NO_MATCH	0.00
FMA15798	anterior superior segmental tributary of right hepatic vein	Передний верхний сегментарный приток правой печёночной вены			NO_MATCH	0.00
FMA15800	anterior inferior segmental tributary of middle hepatic vein	Передний нижний сегментарный приток средней печёночной вены			NO_MATCH	0.00
FMA15801	medial inferior segmental tributary of middle hepatic vein	Медиальная нижняя сегментарный приток средняя печёночная вена			NO_MATCH	0.00
FMA15802	medial superior segmental tributary of left hepatic vein	Медиальная верхняя сегментарный приток левый печёночная вена			NO_MATCH	0.00
FMA15803	lateral superior segmental tributary of left hepatic vein	Латеральная верхняя сегментарный приток левый печёночная вена			NO_MATCH	0.00
FMA15804	lateral inferior segmental tributary of left hepatic vein	Латеральная нижняя сегментарный приток левый печёночная вена			NO_MATCH	0.00
FMA15900	urinary bladder	Мочевой пузырь	vesica urinaria	urinary bladder	EXACT	1.00
FMA16033	intervertebral disk of first lumbar vertebra	Межпозвоночное диск первая поясничная позвонок			NO_MATCH	0.00
FMA16034	intervertebral disk of second lumbar vertebra	Межпозвоночное диск вторая поясничная позвонок			NO_MATCH	0.00
FMA16035	intervertebral disk of third lumbar vertebra	Межпозвоночное диск третья поясничная позвонок			NO_MATCH	0.00
FMA16036	intervertebral disk of fourth lumbar vertebra	Межпозвоночное диск четвёртая поясничная позвонок			NO_MATCH	0.00
FMA16037	intervertebral disk of fifth lumbar vertebra	Межпозвоночное диск пятая поясничная позвонок			NO_MATCH	0.00
FMA16202	sacrum	Сакрум	os sacrum	sacrum	EXACT	1.00
FMA16549	mesoappendix	Мэсоаппэндикс			NO_MATCH	0.00
FMA16585	hip bone	Тазобедренная область кость	os coxae	hip bone	EXACT	1.00
FMA16586	right hip bone	Правый тазобедренная область кость	os coxae	hip bone	PROBABLE	0.86
FMA16587	left hip bone	Левый тазобедренная область кость	os coxae	hip bone	PROBABLE	0.86
FMA16980	zone of jejunum	Зона тощая кишка			NO_MATCH	0.00
FMA16981	proximal part of jejunum	Проксимальная часть тощая кишка			NO_MATCH	0.00
FMA16982	middle part of jejunum	Средняя часть тощая кишка			NO_MATCH	0.00
FMA16983	distal part of jejunum	Дистальная часть тощая кишка			NO_MATCH	0.00
FMA17541	tributary of hepatic vein	Приток печёночная вена			NO_MATCH	0.00
FMA18060	psoas major	Псоас большая	psoas major	psoas major	EXACT	1.00
FMA18247	glans penis	Головка полового члена	glans penis	glans penis	EXACT	1.00
FMA18255	epididymis	Придаток яичка	epididymis	epididymis	EXACT	1.00
FMA18256	right epididymis	Правый придаток яичка	epididymis	epididymis	PROBABLE	0.86
FMA18257	left epididymis	Левый придаток яичка	epididymis	epididymis	PROBABLE	0.86
FMA18805	external iliac artery	Наружная подвздошная артерия	arteria iliaca externa	external iliac artery	EXACT	1.00
FMA18806	right external iliac artery	Правый наружная подвздошная артерия	arteria iliaca externa	external iliac artery	PROBABLE	0.86
FMA18807	left external iliac artery	Левый наружная подвздошная артерия	arteria iliaca externa	external iliac artery	PROBABLE	0.86
FMA18808	internal iliac artery	Внутренняя подвздошная артерия	arteria iliaca interna	internal iliac artery	EXACT	1.00
FMA18809	right internal iliac artery	Правый внутренняя подвздошная артерия	arteria iliaca interna	internal iliac artery	PROBABLE	0.86
FMA18810	left internal iliac artery	Левый внутренняя подвздошная артерия	arteria iliaca interna	internal iliac artery	PROBABLE	0.86
FMA18883	external iliac vein	Наружная подвздошная вена	vena iliaca externa	external iliac vein	EXACT	1.00
FMA18884	internal iliac vein	Внутренняя подвздошная вена	vena iliaca interna	internal iliac vein	EXACT	1.00
FMA18885	right external iliac vein	Правый наружная подвздошная вена	vena iliaca externa	external iliac vein	PROBABLE	0.86
FMA18886	left external iliac vein	Левый наружная подвздошная вена	vena iliaca externa	external iliac vein	PROBABLE	0.86
FMA18887	right internal iliac vein	Правый внутренняя подвздошная вена	vena iliaca interna	internal iliac vein	PROBABLE	0.86
FMA18888	left internal iliac vein	Левый внутренняя подвздошная вена	vena iliaca interna	internal iliac vein	PROBABLE	0.86
FMA18889	tributary of internal iliac vein	Приток внутренняя подвздошная вена			NO_MATCH	0.00
FMA18902	iliolumbar vein	Илиолумбар вена	vena iliolumbalis	iliolumbar vein	EXACT	1.00
FMA18903	right iliolumbar vein	Правый илиолумбар вена	vena iliolumbalis	iliolumbar vein	PROBABLE	0.86
FMA18904	left iliolumbar vein	Левый илиолумбар вена	vena iliolumbalis	iliolumbar vein	PROBABLE	0.86
FMA18905	lateral sacral vein	Латеральная крестцовая вена			NO_MATCH	0.00
FMA18906	right lateral sacral vein	Правый латеральная крестцовая вена			NO_MATCH	0.00
FMA18907	left lateral sacral vein	Левый латеральная крестцовая вена			NO_MATCH	0.00
FMA18908	superior gluteal vein	Верхняя ягодичная вена			NO_MATCH	0.00
FMA18909	right superior gluteal vein	Правый верхняя ягодичная вена			NO_MATCH	0.00
FMA18910	left superior gluteal vein	Левый верхняя ягодичная вена			NO_MATCH	0.00
FMA18911	inferior gluteal vein	Нижняя ягодичная вена			NO_MATCH	0.00
FMA18912	right inferior gluteal vein	Правый нижняя ягодичная вена			NO_MATCH	0.00
FMA18913	left inferior gluteal vein	Левый нижняя ягодичная вена			NO_MATCH	0.00
FMA18914	obturator vein	Обтуратор вена			NO_MATCH	0.00
FMA18915	right obturator vein	Правый обтуратор вена			NO_MATCH	0.00
FMA18916	left obturator vein	Левый обтуратор вена			NO_MATCH	0.00
FMA18917	internal pudendal vein	Внутренняя пудендальная вена	vena pudendalis interna	internal pudendal vein	EXACT	1.00
FMA18918	right internal pudendal vein	Правый внутренняя пудендальная вена	vena pudendalis interna	internal pudendal vein	PROBABLE	0.86
FMA18919	left internal pudendal vein	Левый внутренняя пудендальная вена	vena pudendalis interna	internal pudendal vein	PROBABLE	0.86
FMA19082	piriformis	Пириформис			NO_MATCH	0.00
FMA19083	obturator muscle	Обтуратор мышца			NO_MATCH	0.00
FMA19086	muscle of pelvis	Мышца таз			NO_MATCH	0.00
FMA19088	coccygeus	Коккйгэус			NO_MATCH	0.00
FMA19089	zone of levator ani	Зона мышца, поднимающая ани			NO_MATCH	0.00
FMA19090	pubococcygeus	Пубококкйгэус			NO_MATCH	0.00
FMA19091	puborectalis	Пуборэкталис			NO_MATCH	0.00
FMA19092	iliococcygeus	Илиококкйгэус			NO_MATCH	0.00
FMA19234	deferent duct	Семявыносящий проток			NO_MATCH	0.00
FMA19235	right deferent duct	Правый семявыносящий проток			NO_MATCH	0.00
FMA19236	left deferent duct	Левый семявыносящий проток			NO_MATCH	0.00
FMA19386	seminal vesicle	Семенной пузырёк	glandula seminalis	seminal gland	EXACT	1.00
FMA19387	right seminal vesicle	Правый семенной пузырёк	glandula seminalis	seminal gland	PROBABLE	0.86
FMA19388	left seminal vesicle	Левый семенной пузырёк	glandula seminalis	seminal gland	PROBABLE	0.86
FMA19617	corpus spongiosum of penis	Губчатое тело полового члена	corpus spongiosum penis	corpus spongiosum of penis	EXACT	1.00
FMA19618	corpus cavernosum of penis	Пещеристое тело полового члена	corpus cavernosum penis	corpus cavernosum of penis	EXACT	1.00
FMA19667	urethra	Мочеиспускательный канал	urethra	urethra	EXACT	1.00
FMA19728	superficial perineal muscle	Поверхностная промежностная мышца			NO_MATCH	0.00
FMA19754	region of peritoneum	Область брюшина			NO_MATCH	0.00
FMA19783	loose connective tissue	Рыхлая соединительная ткань			NO_MATCH	0.00
FMA19795	dorsal artery of penis	Тыльная артерия половой член	arteria dorsalis penis	dorsal artery of penis	EXACT	1.00
FMA20107	irregular connective tissue	Неправильная соединительная ткань			NO_MATCH	0.00
FMA20111	mucoid tissue	Слизеподобный ткань			NO_MATCH	0.00
FMA20194	cavernous organ	Пещеристый орган			NO_MATCH	0.00
FMA20221	zone of cavernous organ	Зона пещеристого органа			NO_MATCH	0.00
FMA20247	zone of corpus spongiosum of penis	Зона губчатого тела полового члена			NO_MATCH	0.00
FMA20278	muscle of anterior abdominal wall	Мышца передняя абдоминал стенка			NO_MATCH	0.00
FMA20289	lacrimal sac	Слёзная сак	saccus lacrimalis	lacrimal sac	EXACT	1.00
FMA20570	peritoneal mesentery	Пэритонэал брыжейка			NO_MATCH	0.00
FMA20593	region of visceral peritoneum	Область висцеральная брюшина			NO_MATCH	0.00
FMA20684	trunk of branch of external iliac artery	Туловище ветвь наружная подвздошная артерия			NO_MATCH	0.00
FMA20686	inferior epigastric artery	Нижняя надчревная артерия	arteria epigastrica inferior	inferior epigastric artery	EXACT	1.00
FMA20688	right inferior epigastric artery	Правый нижняя надчревная артерия	arteria epigastrica inferior	inferior epigastric artery	PROBABLE	0.86
FMA20689	left inferior epigastric artery	Левый нижняя надчревная артерия	arteria epigastrica inferior	inferior epigastric artery	PROBABLE	0.86
FMA20734	superficial epigastric artery	Поверхностная надчревная артерия	arteria epigastrica superficialis	superficial epigastric artery	EXACT	1.00
FMA20735	right superficial epigastric artery	Правый поверхностная надчревная артерия	arteria epigastrica superficialis	superficial epigastric artery	PROBABLE	0.86
FMA20736	left superficial epigastric artery	Левый поверхностная надчревная артерия	arteria epigastrica superficialis	superficial epigastric artery	PROBABLE	0.86
FMA20798	lateral circumflex femoral artery	Латеральная огибающая бедренная артерия	arteria circumflexa lateralis femoris	lateral circumflex femoral artery	EXACT	1.00
FMA20801	right lateral circumflex femoral artery	Правый латеральная огибающая бедренная артерия	arteria circumflexa lateralis femoris	lateral circumflex femoral artery	PROBABLE	0.86
FMA20802	left lateral circumflex femoral artery	Левый латеральная огибающая бедренная артерия	arteria circumflexa lateralis femoris	lateral circumflex femoral artery	PROBABLE	0.86
FMA20803	branch of lateral circumflex femoral artery	Ветвь латеральной артерии, огибающей бедренную кость			NO_MATCH	0.00
FMA20805	descending branch of lateral circumflex femoral artery	Нисходящая ветвь латеральная огибающая бедренная артерия	ramus descendens arteriae circumflexae lateralis femoris	descending branch of lateral circumflex femoral artery	EXACT	1.00
FMA20818	right dorsal artery of penis	Правый тыльная артерия половой член	arteria dorsalis penis	dorsal artery of penis	PROBABLE	0.86
FMA20819	left dorsal artery of penis	Левый тыльная артерия половой член	arteria dorsalis penis	dorsal artery of penis	PROBABLE	0.86
FMA21162	inferior epigastric vein	Нижняя надчревная вена	vena epigastrica inferior	inferior epigastric vein	EXACT	1.00
FMA21163	right inferior epigastric vein	Правый нижняя надчревная вена	vena epigastrica inferior	inferior epigastric vein	PROBABLE	0.86
FMA21164	left inferior epigastric vein	Левый нижняя надчревная вена	vena epigastrica inferior	inferior epigastric vein	PROBABLE	0.86
FMA21185	femoral vein	Бедренная вена	vena femoralis	femoral vein	EXACT	1.00
FMA21188	right femoral vein	Правый бедренная вена	vena femoralis	femoral vein	PROBABLE	0.86
FMA21189	left femoral vein	Левый бедренная вена	vena femoralis	femoral vein	PROBABLE	0.86
FMA21240	tributary of internal pudendal vein	Приток внутренняя пудендальная вена			NO_MATCH	0.00
FMA21354	deep dorsal vein of penis	Глубокая тыльная вена половой член	vena dorsalis profunda penis	deep dorsal vein of penis	EXACT	1.00
FMA21376	great saphenous vein	Большая подкожная вена	vena saphena magna	great saphenous vein	EXACT	1.00
FMA21378	tributary of great saphenous vein	Приток большая подкожная вена			NO_MATCH	0.00
FMA21379	right great saphenous vein	Правый большая подкожная вена	vena saphena magna	great saphenous vein	PROBABLE	0.86
FMA21380	left great saphenous vein	Левый большая подкожная вена	vena saphena magna	great saphenous vein	PROBABLE	0.86
FMA21383	tributary of superficial external pudendal vein	Приток поверхностная наружная пудендальная вена			NO_MATCH	0.00
FMA21384	superficial dorsal vein of penis	Поверхностная тыльная вена половой член			NO_MATCH	0.00
FMA21385	right superficial dorsal vein of penis	Правый поверхностная тыльная вена половой член			NO_MATCH	0.00
FMA21386	left superficial dorsal vein of penis	Левый поверхностная тыльная вена половой член			NO_MATCH	0.00
FMA21387	right common iliac vein	Правый общая подвздошная вена	vena iliaca communis	common iliac vein	PROBABLE	0.86
FMA21388	left common iliac vein	Левый общая подвздошная вена	vena iliaca communis	common iliac vein	PROBABLE	0.86
FMA21422	descending branch of right lateral circumflex femoral artery	Нисходящая ветвь правый латеральная огибающая бедренная артерия	ramus descendens arteriae circumflexae lateralis femoris	descending branch of lateral circumflex femoral artery	PROBABLE	0.86
FMA21423	descending branch of left lateral circumflex femoral artery	Нисходящая ветвь левый латеральная огибающая бедренная артерия	ramus descendens arteriae circumflexae lateralis femoris	descending branch of lateral circumflex femoral artery	PROBABLE	0.86
FMA21496	ligament organ	Связка орган			NO_MATCH	0.00
FMA21520	branch of inferior branch of ileocolic artery	Ветвь нижней ветви подвздошно-ободочной артерии			NO_MATCH	0.00
FMA21521	trunk of branch of left colic artery	Туловище ветвь левый ободочная артерия			NO_MATCH	0.00
FMA21930	external anal sphincter	Наружная анал сфинктэр	sphincter externus ani	external anal sphincter	EXACT	1.00
FMA22298	obturator internus	Обтуратор интэрнус	obturator internus	obturator internus	EXACT	1.00
FMA22299	obturator externus	Обтуратор экстэрнус	obturator externus	obturator externus	EXACT	1.00
FMA22310	iliacus	Илиакус			NO_MATCH	0.00
FMA22314	gluteus maximus	Ягодичная мышца максимус			NO_MATCH	0.00
FMA22315	gluteus medius	Ягодичная мышца мэдиус			NO_MATCH	0.00
FMA22317	gluteus minimus	Ягодичная мышца минимус			NO_MATCH	0.00
FMA22318	gemellus superior	Гэмэллус верхняя			NO_MATCH	0.00
FMA22319	gemellus	Гэмэллус			NO_MATCH	0.00
FMA22320	gemellus inferior	Гэмэллус нижняя			NO_MATCH	0.00
FMA22321	quadratus femoris	Квадратус бедра			NO_MATCH	0.00
FMA22322	right iliacus	Правый илиакус			NO_MATCH	0.00
FMA22323	left iliacus	Левый илиакус			NO_MATCH	0.00
FMA22324	right obturator internus	Правый обтуратор интэрнус	obturator internus	obturator internus	PROBABLE	0.86
FMA22325	left obturator internus	Левый обтуратор интэрнус	obturator internus	obturator internus	PROBABLE	0.86
FMA22326	right obturator externus	Правый обтуратор экстэрнус	obturator externus	obturator externus	PROBABLE	0.86
FMA22327	left obturator externus	Левый обтуратор экстэрнус	obturator externus	obturator externus	PROBABLE	0.86
FMA22328	right gluteus maximus	Правый ягодичная мышца максимус			NO_MATCH	0.00
FMA22329	left gluteus maximus	Левый ягодичная мышца максимус			NO_MATCH	0.00
FMA22330	right gluteus medius	Правый ягодичная мышца мэдиус			NO_MATCH	0.00
FMA22331	left gluteus medius	Левый ягодичная мышца мэдиус			NO_MATCH	0.00
FMA22332	right gluteus minimus	Правый ягодичная мышца минимус			NO_MATCH	0.00
FMA22333	left gluteus minimus	Левый ягодичная мышца минимус			NO_MATCH	0.00
FMA22334	right gemellus superior	Правый гэмэллус верхняя			NO_MATCH	0.00
FMA22335	left gemellus superior	Левый гэмэллус верхняя			NO_MATCH	0.00
FMA22336	right gemellus inferior	Правый гэмэллус нижняя			NO_MATCH	0.00
FMA22337	left gemellus inferior	Левый гэмэллус нижняя			NO_MATCH	0.00
FMA22338	right quadratus femoris	Правый квадратус бедра			NO_MATCH	0.00
FMA22339	left quadratus femoris	Левый квадратус бедра			NO_MATCH	0.00
FMA22340	right piriformis	Правый пириформис			NO_MATCH	0.00
FMA22341	left piriformis	Левый пириформис			NO_MATCH	0.00
FMA22342	right psoas major	Правый псоас большая	psoas major	psoas major	PROBABLE	0.86
FMA22343	left psoas major	Левый псоас большая	psoas major	psoas major	PROBABLE	0.86
FMA22353	sartorius	Портняжная мышца			NO_MATCH	0.00
FMA22354	right sartorius	Правый портняжная мышца			NO_MATCH	0.00
FMA22355	left sartorius	Левый портняжная мышца			NO_MATCH	0.00
FMA22357	semitendinosus	Сэмитэндиносус			NO_MATCH	0.00
FMA22358	right semitendinosus	Правый сэмитэндиносус			NO_MATCH	0.00
FMA22359	left semitendinosus	Левый сэмитэндиносус			NO_MATCH	0.00
FMA22423	tensor fasciae latae	Напрягатель фаскиаэ латаэ	tensor fasciae latae	tensor fasciae latae	EXACT	1.00
FMA22424	muscle of anterior compartment of thigh	Мышца передняя компартмент бедро			NO_MATCH	0.00
FMA22425	right tensor fasciae latae	Правый напрягатель фаскиаэ латаэ	tensor fasciae latae	tensor fasciae latae	PROBABLE	0.86
FMA22426	left tensor fasciae latae	Левый напрягатель фаскиаэ латаэ	tensor fasciae latae	tensor fasciae latae	PROBABLE	0.86
FMA22427	muscle of posterior compartment of thigh	Мышца задняя компартмент бедро			NO_MATCH	0.00
FMA22429	zone of quadriceps femoris	Зона квадрикэпс бедра			NO_MATCH	0.00
FMA22430	rectus femoris	Прямая мышца бедра			NO_MATCH	0.00
FMA22431	vastus lateralis	Вастус латеральная			NO_MATCH	0.00
FMA22432	vastus medialis	Вастус медиальная			NO_MATCH	0.00
FMA22433	vastus intermedius	Вастус интэрмэдиус			NO_MATCH	0.00
FMA22438	semimembranosus	Сэмимэмбраносус			NO_MATCH	0.00
FMA22439	muscle of medial compartment of thigh	Мышца медиальная компартмент бедро			NO_MATCH	0.00
FMA22440	pectineus	Пэктинэус			NO_MATCH	0.00
FMA22441	adductor longus	Длинная приводящая мышца	adductor longus	adductor longus	EXACT	1.00
FMA22442	adductor brevis	Короткая приводящая мышца	adductor brevis	adductor brevis	EXACT	1.00
FMA22443	adductor magnus	Большая приводящая мышца	adductor magnus	adductor magnus	EXACT	1.00
FMA22448	right semimembranosus	Правый сэмимэмбраносус			NO_MATCH	0.00
FMA22449	left semimembranosus	Левый сэмимэмбраносус			NO_MATCH	0.00
FMA22450	right pectineus	Правый пэктинэус			NO_MATCH	0.00
FMA22451	left pectineus	Левый пэктинэус			NO_MATCH	0.00
FMA22452	right adductor brevis	Правый приводящая мышца короткая	adductor brevis	adductor brevis	PROBABLE	0.86
FMA22454	left adductor brevis	Левый приводящая мышца короткая	adductor brevis	adductor brevis	PROBABLE	0.86
FMA22456	right adductor longus	Правый приводящая мышца длинная	adductor longus	adductor longus	PROBABLE	0.86
FMA22457	left adductor longus	Левый приводящая мышца длинная	adductor longus	adductor longus	PROBABLE	0.86
FMA22459	right adductor magnus	Правый приводящая мышца магнус	adductor magnus	adductor magnus	PROBABLE	0.86
FMA22460	left adductor magnus	Левый приводящая мышца магнус	adductor magnus	adductor magnus	PROBABLE	0.86
FMA22470	muscle of thigh	Мышца бедро			NO_MATCH	0.00
FMA22471	muscle of leg	Мышца голень			NO_MATCH	0.00
FMA22472	muscle of anterior compartment of leg	Мышца передняя компартмент голень			NO_MATCH	0.00
FMA22473	muscle of lateral compartment of leg	Мышца латеральная компартмент голень			NO_MATCH	0.00
FMA22474	muscle of posterior compartment of leg	Мышца задняя компартмент голень			NO_MATCH	0.00
FMA22506	descending genicular artery	Нисходящая коленная артерия	arteria descendens genus	descending genicular artery	EXACT	1.00
FMA22507	right descending genicular artery	Правый нисходящая коленная артерия	arteria descendens genus	descending genicular artery	PROBABLE	0.86
FMA22508	left descending genicular artery	Левый нисходящая коленная артерия	arteria descendens genus	descending genicular artery	PROBABLE	0.86
FMA22532	tibialis anterior	Тибиалис передняя			NO_MATCH	0.00
FMA22533	extensor hallucis longus	Разгибатель большого пальца стопы длинная	extensor longus hallucis	extensor hallucis longus	EXACT	1.00
FMA22534	extensor digitorum longus	Разгибатель пальцев длинная	extensor longus digitorum	extensor digitorum longus	EXACT	1.00
FMA22535	superior genicular artery	Верхняя коленная артерия			NO_MATCH	0.00
FMA22536	middle genicular artery	Средняя коленная артерия	arteria media genus	middle genicular artery	EXACT	1.00
FMA22537	inferior genicular artery	Нижняя коленная артерия			NO_MATCH	0.00
FMA22538	fibularis tertius	Фибуларис тэртиус			NO_MATCH	0.00
FMA22539	fibularis longus	Фибуларис длинная			NO_MATCH	0.00
FMA22540	fibularis brevis	Фибуларис короткая			NO_MATCH	0.00
FMA22542	soleus	Камбаловидная мышца			NO_MATCH	0.00
FMA22543	plantaris	Плантарис			NO_MATCH	0.00
FMA22544	right tibialis anterior	Правый тибиалис передняя			NO_MATCH	0.00
FMA22545	left tibialis anterior	Левый тибиалис передняя			NO_MATCH	0.00
FMA22546	right extensor hallucis longus	Правый разгибатель большого пальца стопы длинная	extensor longus hallucis	extensor hallucis longus	PROBABLE	0.86
FMA22547	left extensor hallucis longus	Левый разгибатель большого пальца стопы длинная	extensor longus hallucis	extensor hallucis longus	PROBABLE	0.86
FMA22548	right extensor digitorum longus	Правый разгибатель пальцев длинная	extensor longus digitorum	extensor digitorum longus	PROBABLE	0.86
FMA22549	left extensor digitorum longus	Левый разгибатель пальцев длинная	extensor longus digitorum	extensor digitorum longus	PROBABLE	0.86
FMA22550	right fibularis tertius	Правый фибуларис тэртиус			NO_MATCH	0.00
FMA22551	left fibularis tertius	Левый фибуларис тэртиус			NO_MATCH	0.00
FMA22552	right fibularis longus	Правый фибуларис длинная			NO_MATCH	0.00
FMA22553	left fibularis longus	Левый фибуларис длинная			NO_MATCH	0.00
FMA22554	right fibularis brevis	Правый фибуларис короткая			NO_MATCH	0.00
FMA22555	left fibularis brevis	Левый фибуларис короткая			NO_MATCH	0.00
FMA22558	right soleus	Правый камбаловидная мышца			NO_MATCH	0.00
FMA22559	left soleus	Левый камбаловидная мышца			NO_MATCH	0.00
FMA22560	right plantaris	Правый плантарис			NO_MATCH	0.00
FMA22561	left plantaris	Левый плантарис			NO_MATCH	0.00
FMA22562	right middle genicular artery	Правый средняя коленная артерия	arteria media genus	middle genicular artery	PROBABLE	0.86
FMA22563	left middle genicular artery	Левый средняя коленная артерия	arteria media genus	middle genicular artery	PROBABLE	0.86
FMA22584	superior medial genicular artery	Верхняя медиальная коленная артерия	arteria superior medialis genus	superior medial genicular artery	EXACT	1.00
FMA22585	superior lateral genicular artery	Верхняя латеральная коленная артерия	arteria superior lateralis genus	superior lateral genicular artery	EXACT	1.00
FMA22586	right medial superior genicular artery	Правый медиальная верхняя коленная артерия			NO_MATCH	0.00
FMA22587	left medial superior genicular artery	Левый медиальная верхняя коленная артерия			NO_MATCH	0.00
FMA22588	right lateral superior genicular artery	Правый латеральная верхняя коленная артерия			NO_MATCH	0.00
FMA22589	left lateral superior genicular artery	Левый латеральная верхняя коленная артерия			NO_MATCH	0.00
FMA22590	popliteus	Поплитэус			NO_MATCH	0.00
FMA22591	right popliteus	Правый поплитэус			NO_MATCH	0.00
FMA22592	left popliteus	Левый поплитэус			NO_MATCH	0.00
FMA22593	flexor hallucis longus	Сгибатель большого пальца стопы длинная	flexor longus hallucis	flexor hallucis longus	EXACT	1.00
FMA22594	muscle of vertebral column	Мышца позвоночная столб			NO_MATCH	0.00
FMA22653	splenius capitis	Сплэниус головки			NO_MATCH	0.00
FMA22654	axillary artery	Подмышечная артерия	arteria axillaris	axillary artery	EXACT	1.00
FMA22655	right axillary artery	Правый подмышечная артерия	arteria axillaris	axillary artery	PROBABLE	0.86
FMA22656	left axillary artery	Левый подмышечная артерия	arteria axillaris	axillary artery	PROBABLE	0.86
FMA22674	lateral thoracic artery	Латеральная грудная артерия	arteria thoracica lateralis	lateral thoracic artery	EXACT	1.00
FMA22675	right lateral thoracic artery	Правый латеральная грудная артерия	arteria thoracica lateralis	lateral thoracic artery	PROBABLE	0.86
FMA22676	left lateral thoracic artery	Левый латеральная грудная артерия	arteria thoracica lateralis	lateral thoracic artery	PROBABLE	0.86
FMA22677	subscapular artery	Субскапулар артерия	arteria subscapularis	subscapular artery	EXACT	1.00
FMA22678	right subscapular artery	Правый субскапулар артерия	arteria subscapularis	subscapular artery	PROBABLE	0.86
FMA22679	left subscapular artery	Левый субскапулар артерия	arteria subscapularis	subscapular artery	PROBABLE	0.86
FMA22680	anterior circumflex humeral artery	Передняя артерия, огибающая плечевую кость	arteria circumflexa anterior humeri	anterior circumflex humeral artery	EXACT	1.00
FMA22681	splenius cervicis	ременная мышца шеи			NO_MATCH	0.00
FMA22682	right anterior circumflex humeral artery	Правая передняя артерия, огибающая плечевую кость	arteria circumflexa anterior humeri	anterior circumflex humeral artery	PROBABLE	0.86
FMA22683	left anterior circumflex humeral artery	Левая передняя артерия, огибающая плечевую кость	arteria circumflexa anterior humeri	anterior circumflex humeral artery	PROBABLE	0.86
FMA22684	posterior circumflex humeral artery	Задняя артерия, огибающая плечевую кость	arteria circumflexa posterior humeri	posterior circumflex humeral artery	EXACT	1.00
FMA22685	right posterior circumflex humeral artery	Правая задняя артерия, огибающая плечевую кость	arteria circumflexa posterior humeri	posterior circumflex humeral artery	PROBABLE	0.86
FMA22687	left posterior circumflex humeral artery	Левая задняя артерия, огибающая плечевую кость	arteria circumflexa posterior humeri	posterior circumflex humeral artery	PROBABLE	0.86
FMA22689	brachial artery	Плечевая артерия	arteria brachialis	brachial artery	EXACT	1.00
FMA22691	right brachial artery	Правый плечевая артерия	arteria brachialis	brachial artery	PROBABLE	0.86
FMA22692	left brachial artery	Левый плечевая артерия	arteria brachialis	brachial artery	PROBABLE	0.86
FMA22693	branch of brachial artery	Ветвь плечевой артерии			NO_MATCH	0.00
FMA22695	deep brachial artery	Глубокая плечевая артерия	arteria profunda brachii	deep brachial artery	EXACT	1.00
FMA22696	right deep brachial artery	Правый глубокая плечевая артерия	arteria profunda brachii	deep brachial artery	PROBABLE	0.86
FMA22697	left deep brachial artery	Левый глубокая плечевая артерия	arteria profunda brachii	deep brachial artery	PROBABLE	0.86
FMA22702	iliocostalis lumborum	Илиокосталис лумборум			NO_MATCH	0.00
FMA22703	iliocostalis thoracis	Илиокосталис груди			NO_MATCH	0.00
FMA22704	iliocostalis cervicis	подвздошно-рёберная мышца шеи			NO_MATCH	0.00
FMA22706	superior ulnar collateral artery	верхняя локтевая коллатеральная артерия	arteria collateralis ulnaris superior	superior ulnar collateral artery	EXACT	1.00
FMA22707	right superior ulnar collateral artery	Правая верхняя локтевая коллатеральная артерия	arteria collateralis ulnaris superior	superior ulnar collateral artery	PROBABLE	0.86
FMA22708	left superior ulnar collateral artery	Левая верхняя локтевая коллатеральная артерия	arteria collateralis ulnaris superior	superior ulnar collateral artery	PROBABLE	0.86
FMA22709	longissimus thoracis	Лонгиссимус груди			NO_MATCH	0.00
FMA22710	inferior ulnar collateral artery	нижняя локтевая коллатеральная артерия	arteria collateralis ulnaris inferior	inferior ulnar collateral artery	EXACT	1.00
FMA22711	longissimus cervicis	длиннейшая мышца шеи			NO_MATCH	0.00
FMA22712	right inferior ulnar collateral artery	Правая нижняя локтевая коллатеральная артерия	arteria collateralis ulnaris inferior	inferior ulnar collateral artery	PROBABLE	0.86
FMA22713	left inferior ulnar collateral artery	Левая нижняя локтевая коллатеральная артерия	arteria collateralis ulnaris inferior	inferior ulnar collateral artery	PROBABLE	0.86
FMA22714	longissimus capitis	Лонгиссимус головки			NO_MATCH	0.00
FMA22726	right splenius cervicis	Правая ременная мышца шеи			NO_MATCH	0.00
FMA22727	left splenius cervicis	Левая ременная мышца шеи			NO_MATCH	0.00
FMA22728	right splenius capitis	Правый сплэниус головки			NO_MATCH	0.00
FMA22729	left splenius capitis	Левый сплэниус головки			NO_MATCH	0.00
FMA22730	radial artery	Лучевая артерия	arteria radialis	radial artery	EXACT	1.00
FMA22733	right radial artery	Правый лучевая артерия	arteria radialis	radial artery	PROBABLE	0.86
FMA22734	left radial artery	Левый лучевая артерия	arteria radialis	radial artery	PROBABLE	0.86
FMA22738	branch of radial artery	Ветвь лучевой артерии			NO_MATCH	0.00
FMA22740	right iliocostalis lumborum	Правый илиокосталис лумборум			NO_MATCH	0.00
FMA22741	left iliocostalis lumborum	Левый илиокосталис лумборум			NO_MATCH	0.00
FMA22742	right iliocostalis thoracis	Правый илиокосталис груди			NO_MATCH	0.00
FMA22743	left iliocostalis thoracis	Левый илиокосталис груди			NO_MATCH	0.00
FMA22744	right iliocostalis cervicis	Правая подвздошно-рёберная мышца шеи			NO_MATCH	0.00
FMA22745	left iliocostalis cervicis	Левая подвздошно-рёберная мышца шеи			NO_MATCH	0.00
FMA22748	radial recurrent artery	Лучевая возвратная артерия	arteria recurrens radialis	radial recurrent artery	EXACT	1.00
FMA22751	right longissimus thoracis	Правый лонгиссимус груди			NO_MATCH	0.00
FMA22753	left longissimus thoracis	Левый лонгиссимус груди			NO_MATCH	0.00
FMA22754	right longissimus capitis	Правый лонгиссимус головки			NO_MATCH	0.00
FMA22755	dorsal carpal branch of radial artery	Тыльная запястная кость ветвь лучевая артерия	ramus carpeus dorsalis arteriae radialis	dorsal carpal branch of radial artery	EXACT	1.00
FMA22756	left longissimus capitis	Левый лонгиссимус головки			NO_MATCH	0.00
FMA22757	right longissimus cervicis	Правая длиннейшая мышца шеи			NO_MATCH	0.00
FMA22758	left longissimus cervicis	Левая длиннейшая мышца шеи			NO_MATCH	0.00
FMA22762	arteria princeps pollicis	Главная артерия большого пальца кисти			NO_MATCH	0.00
FMA22763	arteria radialis indicis	Лучевая артерия указательного пальца			NO_MATCH	0.00
FMA22764	right radial recurrent artery	Правый лучевая возвратная артерия	arteria recurrens radialis	radial recurrent artery	PROBABLE	0.86
FMA22765	spinalis thoracis	Спиналис груди			NO_MATCH	0.00
FMA22766	left radial recurrent artery	Левый лучевая возвратная артерия	arteria recurrens radialis	radial recurrent artery	PROBABLE	0.86
FMA22772	dorsal carpal branch of right radial artery	Тыльная запястная кость ветвь правый лучевая артерия	ramus carpeus dorsalis arteriae radialis	dorsal carpal branch of radial artery	PROBABLE	0.86
FMA22773	dorsal carpal branch of left radial artery	Тыльная запястная кость ветвь левый лучевая артерия	ramus carpeus dorsalis arteriae radialis	dorsal carpal branch of radial artery	PROBABLE	0.86
FMA22777	right arteria radialis indicis	Правая лучевая артерия указательного пальца			NO_MATCH	0.00
FMA22778	left arteria radialis indicis	Левая лучевая артерия указательного пальца			NO_MATCH	0.00
FMA22779	right spinalis thoracis	Правый спиналис груди			NO_MATCH	0.00
FMA22780	left spinalis thoracis	Левый спиналис груди			NO_MATCH	0.00
FMA22796	ulnar artery	Локтевая артерия	arteria ulnaris	ulnar artery	EXACT	1.00
FMA22797	right ulnar artery	Правый локтевая артерия	arteria ulnaris	ulnar artery	PROBABLE	0.86
FMA22798	left ulnar artery	Левый локтевая артерия	arteria ulnaris	ulnar artery	PROBABLE	0.86
FMA22799	branch of ulnar artery	Ветвь локтевая артерия			NO_MATCH	0.00
FMA22800	anterior ulnar recurrent artery	Передняя возвратная локтевая артерия	arteria recurrens ulnaris anterior	anterior ulnar recurrent artery	EXACT	1.00
FMA22801	right anterior ulnar recurrent artery	Правый передняя локтевая возвратная артерия	arteria recurrens ulnaris anterior	anterior ulnar recurrent artery	PROBABLE	0.86
FMA22802	left anterior ulnar recurrent artery	Левый передняя локтевая возвратная артерия	arteria recurrens ulnaris anterior	anterior ulnar recurrent artery	PROBABLE	0.86
FMA22803	posterior ulnar recurrent artery	Задняя локтевая возвратная артерия	arteria recurrens ulnaris posterior	posterior ulnar recurrent artery	EXACT	1.00
FMA22804	right posterior ulnar recurrent artery	Правый задняя локтевая возвратная артерия	arteria recurrens ulnaris posterior	posterior ulnar recurrent artery	PROBABLE	0.86
FMA22805	left posterior ulnar recurrent artery	Левый задняя локтевая возвратная артерия	arteria recurrens ulnaris posterior	posterior ulnar recurrent artery	PROBABLE	0.86
FMA22806	common interosseous artery	Общая межкостная артерия	arteria interossea communis	common interosseous artery	EXACT	1.00
FMA22807	right common interosseous artery	Правый общая межкостная артерия	arteria interossea communis	common interosseous artery	PROBABLE	0.86
FMA22808	left common interosseous artery	Левый общая межкостная артерия	arteria interossea communis	common interosseous artery	PROBABLE	0.86
FMA22809	branch of common interosseous artery	Ветвь общей межкостной артерии			NO_MATCH	0.00
FMA22810	anterior interosseous artery	Передняя межкостная артерия	arteria interossea anterior	anterior interosseous artery	EXACT	1.00
FMA22812	right anterior interosseous artery	Правый передняя межкостная артерия	arteria interossea anterior	anterior interosseous artery	PROBABLE	0.86
FMA22813	left anterior interosseous artery	Левый передняя межкостная артерия	arteria interossea anterior	anterior interosseous artery	PROBABLE	0.86
FMA22820	dorsal carpal branch of ulnar artery	Тыльная запястная кость ветвь локтевая артерия	ramus carpeus dorsalis arteriae ulnaris	dorsal carpal branch of ulnar artery	EXACT	1.00
FMA22821	right dorsal carpal branch of ulnar artery	Правый тыльная запястная кость ветвь локтевая артерия	ramus carpeus dorsalis arteriae ulnaris	dorsal carpal branch of ulnar artery	PROBABLE	0.86
FMA22822	left dorsal carpal branch of ulnar artery	Левый тыльная запястная кость ветвь локтевая артерия	ramus carpeus dorsalis arteriae ulnaris	dorsal carpal branch of ulnar artery	PROBABLE	0.86
FMA22823	semispinalis	Сэмиспиналис			NO_MATCH	0.00
FMA22828	semispinalis thoracis	Сэмиспиналис груди			NO_MATCH	0.00
FMA22829	semispinalis cervicis	Полуостистая мышца шеи			NO_MATCH	0.00
FMA22830	semispinalis capitis	Сэмиспиналис головки			NO_MATCH	0.00
FMA22834	superficial palmar arterial arch	Поверхностная ладонная артериальная дуга			NO_MATCH	0.00
FMA22835	right superficial palmar arterial arch	Правый поверхностная ладонная артериальная дуга			NO_MATCH	0.00
FMA22837	left superficial palmar arterial arch	Левый поверхностная ладонная артериальная дуга			NO_MATCH	0.00
FMA22838	deep palmar arterial arch	Глубокая ладонная артериальная дуга			NO_MATCH	0.00
FMA22839	right deep palmar arch	Правый глубокая ладонная дуга	arcus palmaris profundus	deep palmar arch	PROBABLE	0.86
FMA22840	left deep palmar arch	Левый глубокая ладонная дуга	arcus palmaris profundus	deep palmar arch	PROBABLE	0.86
FMA22841	interspinalis muscle	Интэрспиналис мышца			NO_MATCH	0.00
FMA22842	branch of arterial anastomosis	Ветвь артериального анастомоза			NO_MATCH	0.00
FMA22843	branch of deep palmar arterial arch	Ветвь глубокой ладонной артериальной дуги			NO_MATCH	0.00
FMA22845	branch of superficial palmar arterial arch	Ветвь поверхностная ладонная артериальная дуга			NO_MATCH	0.00
FMA22846	interspinalis thoracis	Интэрспиналис груди			NO_MATCH	0.00
FMA22848	intertransversarius muscle	Интэртрансвэрсариус мышца			NO_MATCH	0.00
FMA22849	lumbar intertransversarius	Поясничная интэртрансвэрсариус			NO_MATCH	0.00
FMA22850	lateral lumbar intertransversarius	Латеральная поясничная интэртрансвэрсариус			NO_MATCH	0.00
FMA22851	medial lumbar intertransversarius	Медиальная поясничная интэртрансвэрсариус			NO_MATCH	0.00
FMA22854	first common palmar digital artery	первая общая ладонная пальцевая артерия			NO_MATCH	0.00
FMA22855	second common palmar digital artery	вторая общая ладонная пальцевая артерия			NO_MATCH	0.00
FMA22856	right first common palmar digital artery	первая общая ладонная пальцевая артерия			NO_MATCH	0.00
FMA22857	lateral proper palmar digital artery of middle finger	Латеральная собственно ладонная пальцевая артерия средняя палец			NO_MATCH	0.00
FMA22858	lateral proper palmar digital artery of right middle finger	Правая латеральная собственная ладонная пальцевая артерия среднего пальца			NO_MATCH	0.00
FMA22860	lateral proper palmar digital artery of left middle finger	Левая латеральная собственная ладонная пальцевая артерия среднего пальца			NO_MATCH	0.00
FMA22863	palmar metacarpal artery	Ладонная пястная кость артерия			NO_MATCH	0.00
FMA22864	right palmar metacarpal artery	Правый ладонная пястная кость артерия			NO_MATCH	0.00
FMA22865	left palmar metacarpal artery	Левый ладонная пястная кость артерия			NO_MATCH	0.00
FMA22872	right semispinalis thoracis	Правый сэмиспиналис груди			NO_MATCH	0.00
FMA22873	left semispinalis thoracis	Левый сэмиспиналис груди			NO_MATCH	0.00
FMA22874	right semispinalis cervicis	Правая полуостистая мышца шеи			NO_MATCH	0.00
FMA22875	left semispinalis cervicis	Левая полуостистая мышца шеи			NO_MATCH	0.00
FMA22876	right semispinalis capitis	Правый сэмиспиналис головки			NO_MATCH	0.00
FMA22877	left semispinalis capitis	Левый сэмиспиналис головки			NO_MATCH	0.00
FMA22890	right interspinalis thoracis	Правый интэрспиналис груди			NO_MATCH	0.00
FMA22891	left interspinalis thoracis	Левый интэрспиналис груди			NO_MATCH	0.00
FMA22905	right arteria princeps pollicis	Правый артэриа принкэпс большого пальца кисти			NO_MATCH	0.00
FMA22907	left arteria princeps pollicis	Левый артэриа принкэпс большого пальца кисти			NO_MATCH	0.00
FMA22908	basilic vein	Базиликовая вена	vena basilica	basilic vein	EXACT	1.00
FMA22909	right basilic vein	Правый медиальная подкожная вена	vena basilica	basilic vein	PROBABLE	0.86
FMA22910	left basilic vein	Левый медиальная подкожная вена	vena basilica	basilic vein	PROBABLE	0.86
FMA22911	deep palmar venous arch	Глубокая ладонная венозная дуга			NO_MATCH	0.00
FMA22912	right deep palmar venous arch	Правый глубокая ладонная венозная дуга			NO_MATCH	0.00
FMA22913	left deep palmar venous arch	Левый глубокая ладонная венозная дуга			NO_MATCH	0.00
FMA22914	superficial palmar venous arch	Поверхностная ладонная венозная дуга			NO_MATCH	0.00
FMA22915	right superficial palmar venous arch	Правый поверхностная ладонная венозная дуга			NO_MATCH	0.00
FMA22916	left superficial palmar venous arch	Левый поверхностная ладонная венозная дуга			NO_MATCH	0.00
FMA22917	tributary of venous anastomosis	Приток венозная анастомоз			NO_MATCH	0.00
FMA22919	palmar metacarpal vein	Ладонная пястная кость вена			NO_MATCH	0.00
FMA22920	right palmar metacarpal vein	Правый ладонная пястная кость вена			NO_MATCH	0.00
FMA22921	left palmar metacarpal vein	Левый ладонная пястная кость вена			NO_MATCH	0.00
FMA22922	tributary of superficial palmar venous arch	Приток поверхностная ладонная венозная дуга			NO_MATCH	0.00
FMA22923	common palmar digital vein	общая ладонная пальцевая вена			NO_MATCH	0.00
FMA22926	tributary of common palmar digital vein	общая ладонная пальцевая вена			NO_MATCH	0.00
FMA22927	proper palmar digital vein of index finger	Собственно ладонная пальцевая вена указательного палец			NO_MATCH	0.00
FMA22928	proper palmar digital vein of middle finger	Собственно ладонная пальцевая вена средняя палец			NO_MATCH	0.00
FMA22929	proper palmar digital vein of ring finger	Собственно ладонная пальцевая вена кольцо палец			NO_MATCH	0.00
FMA22930	tributary of subclavian vein	Приток подключичная вена			NO_MATCH	0.00
FMA22934	brachial vein	Плечевая вена			NO_MATCH	0.00
FMA22935	right medial brachial vein	Правый медиальная плечевая вена			NO_MATCH	0.00
FMA22936	left medial brachial vein	Левый медиальная плечевая вена			NO_MATCH	0.00
FMA22937	tributary of brachial vein	Приток плечевая вена			NO_MATCH	0.00
FMA22947	radial vein	Лучевая вена			NO_MATCH	0.00
FMA22948	right radial vein	Правый лучевая вена			NO_MATCH	0.00
FMA22949	left radial vein	Левый лучевая вена			NO_MATCH	0.00
FMA22950	ulnar vein	Локтевая вена			NO_MATCH	0.00
FMA22951	right ulnar vein	Правый локтевая вена			NO_MATCH	0.00
FMA22952	left ulnar vein	Левый локтевая вена			NO_MATCH	0.00
FMA22953	tributary of radial vein	Приток лучевая вена			NO_MATCH	0.00
FMA22954	dorsal metacarpal vein	Тыльная пястная кость вена			NO_MATCH	0.00
FMA22963	median cubital vein	Мэдиан кубитал вена	vena mediana cubiti	median cubital vein	EXACT	1.00
FMA22964	right median cubital vein	Правый мэдиан кубитал вена	vena mediana cubiti	median cubital vein	PROBABLE	0.86
FMA22965	left median cubital vein	Левый мэдиан кубитал вена	vena mediana cubiti	median cubital vein	PROBABLE	0.86
FMA22967	median antebrachial vein	Мэдиан антэбрачиал вена	vena mediana antebrachii	median antebrachial vein	EXACT	1.00
FMA22968	right median antebrachial vein	Правый мэдиан антэбрачиал вена	vena mediana antebrachii	median antebrachial vein	PROBABLE	0.86
FMA22969	left median antebrachial vein	Левый мэдиан антэбрачиал вена	vena mediana antebrachii	median antebrachial vein	PROBABLE	0.86
FMA23046	medial proper palmar digital artery of ring finger	Медиальная собственно ладонная пальцевая артерия кольцо палец			NO_MATCH	0.00
FMA23047	medial proper palmar digital artery of index finger	Медиальная собственно ладонная пальцевая артерия указательного палец			NO_MATCH	0.00
FMA23048	lateral proper palmar digital artery of little finger	Латеральная собственно ладонная пальцевая артерия мизинца палец			NO_MATCH	0.00
FMA23050	medial proper palmar digital artery of right index finger	Правая медиальная собственная ладонная пальцевая артерия указательного пальца			NO_MATCH	0.00
FMA23051	medial proper palmar digital artery of left index finger	Левая медиальная собственная ладонная пальцевая артерия указательного пальца			NO_MATCH	0.00
FMA23052	medial proper palmar digital artery of right ring finger	Правая медиальная собственная ладонная пальцевая артерия безымянного пальца			NO_MATCH	0.00
FMA23054	lateral proper palmar digital artery of right little finger	Правая латеральная собственная ладонная пальцевая артерия мизинца			NO_MATCH	0.00
FMA23055	lateral proper palmar digital artery of left little finger	Левая латеральная собственная ладонная пальцевая артерия мизинца			NO_MATCH	0.00
FMA23062	pectoral branch of thoraco-acromial artery	Грудная ветвь грудоакромиальной артерии			NO_MATCH	0.00
FMA23063	pectoral branch of right thoraco-acromial artery	Грудная ветвь правой грудоакромиальной артерии			NO_MATCH	0.00
FMA23064	pectoral branch of left thoraco-acromial artery	Грудная ветвь левой грудоакромиальной артерии			NO_MATCH	0.00
FMA23065	acromial branch of thoraco-acromial artery	Акромиальная ветвь грудоакромиальной артерии			NO_MATCH	0.00
FMA23067	deltoid branch of thoraco-acromial artery	Дельтовидная ветвь грудоакромиальной артерии			NO_MATCH	0.00
FMA23068	acromial branch of right thoraco-acromial artery	Акромиальная ветвь правой грудоакромиальной артерии			NO_MATCH	0.00
FMA23069	acromial branch of left thoraco-acromial artery	Акромиальная ветвь левой грудоакромиальной артерии			NO_MATCH	0.00
FMA23072	deltoid branch of right thoraco-acromial artery	Дельтовидная ветвь правой грудоакромиальной артерии			NO_MATCH	0.00
FMA23073	deltoid branch of left thoraco-acromial artery	Дельтовидная ветвь левой грудоакромиальной артерии			NO_MATCH	0.00
FMA23081	rotator muscle	Вращатель мышца			NO_MATCH	0.00
FMA23082	cervical rotator	Шейная вращатель			NO_MATCH	0.00
FMA23083	thoracic rotator	Грудная вращатель			NO_MATCH	0.00
FMA23084	lumbar rotator	Поясничная вращатель			NO_MATCH	0.00
FMA23089	right lumbar rotator	Правый поясничная вращатель			NO_MATCH	0.00
FMA23090	left lumbar rotator	Левый поясничная вращатель			NO_MATCH	0.00
FMA23113	subscapular vein	Субскапулар вена	vena subscapularis	subscapular vein	EXACT	1.00
FMA23114	right subscapular vein	Правый субскапулар вена	vena subscapularis	subscapular vein	PROBABLE	0.86
FMA23115	left subscapular vein	Левый субскапулар вена	vena subscapularis	subscapular vein	PROBABLE	0.86
FMA23117	branch of deep brachial artery	Ветвь глубокой артерии плеча			NO_MATCH	0.00
FMA23119	medial collateral artery	Медиальная коллатеральная артерия			NO_MATCH	0.00
FMA23120	radial collateral artery	Лучевая коллатеральная артерия	arteria collateralis radialis	radial collateral artery	EXACT	1.00
FMA23124	middle collateral branch of right deep brachial artery	Средняя коллатеральная ветвь правой глубокой плечевой артерии			NO_MATCH	0.00
FMA23125	middle collateral branch of left deep brachial artery	Средняя коллатеральная ветвь левой глубокой плечевой артерии			NO_MATCH	0.00
FMA23126	radial collateral branch of right deep brachial artery	Лучевая коллатеральная ветвь правой глубокой плечевой артерии			NO_MATCH	0.00
FMA23127	radial collateral branch of left deep brachial artery	Лучевая коллатеральная ветвь левой глубокой плечевой артерии			NO_MATCH	0.00
FMA23130	right humerus	Правый плечевая кость	humerus	humerus	PROBABLE	0.86
FMA23131	left humerus	Левый плечевая кость	humerus	humerus	PROBABLE	0.86
FMA23179	circumflex scapular artery	Огибающая лопаточная артерия	arteria circumflexa scapulae	circumflex scapular artery	EXACT	1.00
FMA23180	right circumflex scapular artery	Правый огибающая лопаточная артерия	arteria circumflexa scapulae	circumflex scapular artery	PROBABLE	0.86
FMA23181	left circumflex scapular artery	Левый огибающая лопаточная артерия	arteria circumflexa scapulae	circumflex scapular artery	PROBABLE	0.86
FMA23463	radius	Лучевая кость	radius	radius	EXACT	1.00
FMA23464	right radius	Правый лучевая кость	radius	radius	PROBABLE	0.86
FMA23465	left radius	Левый лучевая кость	radius	radius	PROBABLE	0.86
FMA23466	ulna	Локтевая кость	ulna	ulna	EXACT	1.00
FMA23467	right ulna	Правый локтевая кость	ulna	ulna	PROBABLE	0.86
FMA23468	left ulna	Левый локтевая кость	ulna	ulna	PROBABLE	0.86
FMA23706	interosseous membrane of forearm	Межкостная оболочка предплечье	membrana interossea antebrachii	interosseous membrane of forearm	EXACT	1.00
FMA23707	interosseous membrane of right forearm	Межкостная оболочка правый предплечье	membrana interossea antebrachii	interosseous membrane of forearm	PROBABLE	0.86
FMA23708	interosseous membrane of left forearm	Межкостная оболочка левый предплечье	membrana interossea antebrachii	interosseous membrane of forearm	PROBABLE	0.86
FMA23709	scaphoid	Скафоид			NO_MATCH	0.00
FMA23712	lunate	Лунатэ			NO_MATCH	0.00
FMA23715	triquetral	Триквэтрал			NO_MATCH	0.00
FMA23718	pisiform	Писиформ			NO_MATCH	0.00
FMA23721	trapezium	Трапэзиум			NO_MATCH	0.00
FMA23724	trapezoid	Трапэзоид			NO_MATCH	0.00
FMA23725	right trapezoid	Правый трапэзоид			NO_MATCH	0.00
FMA23727	capitate	Капитатэ			NO_MATCH	0.00
FMA23730	hamate	Хаматэ			NO_MATCH	0.00
FMA23889	carpal bone	Запястная кость кость			NO_MATCH	0.00
FMA23899	first metacarpal bone	Первая пястная кость кость			NO_MATCH	0.00
FMA23900	second metacarpal bone	Вторая пястная кость кость			NO_MATCH	0.00
FMA23901	third metacarpal bone	Третья пястная кость кость	os tertium metacarpi	third metacarpal bone	EXACT	1.00
FMA23902	fourth metacarpal bone	Четвёртая пястная кость кость			NO_MATCH	0.00
FMA23903	fifth metacarpal bone	Пятая пястная кость кость			NO_MATCH	0.00
FMA23914	phalanx of finger	Фаланга палец			NO_MATCH	0.00
FMA23918	proximal phalanx of thumb	Проксимальная фаланга тумб			NO_MATCH	0.00
FMA23919	proximal phalanx of index finger	Проксимальная фаланга указательного палец			NO_MATCH	0.00
FMA23920	proximal phalanx of middle finger	Проксимальная фаланга средняя палец			NO_MATCH	0.00
FMA23921	proximal phalanx of ring finger	Проксимальная фаланга кольцо палец			NO_MATCH	0.00
FMA23922	proximal phalanx of little finger	Проксимальная фаланга мизинца палец			NO_MATCH	0.00
FMA23933	middle phalanx of index finger	Средняя фаланга указательного палец			NO_MATCH	0.00
FMA23934	middle phalanx of middle finger	Средняя фаланга средняя палец			NO_MATCH	0.00
FMA23935	middle phalanx of ring finger	Средняя фаланга кольцо палец			NO_MATCH	0.00
FMA23936	middle phalanx of little finger	Средняя фаланга мизинца палец			NO_MATCH	0.00
FMA23938	middle phalanx of left index finger	Средняя фаланга левый указательного палец			NO_MATCH	0.00
FMA23940	middle phalanx of left middle finger	Средняя фаланга левый средняя палец			NO_MATCH	0.00
FMA23942	middle phalanx of left ring finger	Средняя фаланга левый кольцо палец			NO_MATCH	0.00
FMA23944	middle phalanx of left little finger	Средняя фаланга левый мизинца палец			NO_MATCH	0.00
FMA23945	distal phalanx of thumb	Дистальная фаланга тумб			NO_MATCH	0.00
FMA23946	distal phalanx of index finger	Дистальная фаланга указательного пальца			NO_MATCH	0.00
FMA23947	distal phalanx of middle finger	Дистальная фаланга средняя палец			NO_MATCH	0.00
FMA23948	distal phalanx of ring finger	Дистальная фаланга кольцо палец			NO_MATCH	0.00
FMA23949	distal phalanx of little finger	Дистальная фаланга мизинца			NO_MATCH	0.00
FMA23951	distal phalanx of left thumb	Дистальная фаланга левый тумб			NO_MATCH	0.00
FMA23953	distal phalanx of left index finger	Дистальная фаланга левой указательного пальца			NO_MATCH	0.00
FMA23955	distal phalanx of left middle finger	Дистальная фаланга левый средняя палец			NO_MATCH	0.00
FMA23957	distal phalanx of left ring finger	Дистальная фаланга левый кольцо палец			NO_MATCH	0.00
FMA23959	distal phalanx of left little finger	Дистальная фаланга левой мизинца			NO_MATCH	0.00
FMA24034	cavity of organ part	Полость части органа			NO_MATCH	0.00
FMA24218	subdivision of head	Подразделение головка			NO_MATCH	0.00
FMA24435	right scaphoid	Правый скафоид			NO_MATCH	0.00
FMA24436	left scaphoid	Левый скафоид			NO_MATCH	0.00
FMA24437	right lunate	Правый лунатэ			NO_MATCH	0.00
FMA24438	left lunate	Левый лунатэ			NO_MATCH	0.00
FMA24439	right triquetral	Правый триквэтрал			NO_MATCH	0.00
FMA24440	left triquetral	Левый триквэтрал			NO_MATCH	0.00
FMA24441	right pisiform	Правый писиформ			NO_MATCH	0.00
FMA24442	left pisiform	Левый писиформ			NO_MATCH	0.00
FMA24443	right trapezium	Правый трапэзиум			NO_MATCH	0.00
FMA24444	left trapezium	Левый трапэзиум			NO_MATCH	0.00
FMA24445	left trapezoid	Левый трапэзоид			NO_MATCH	0.00
FMA24446	right capitate	Правый капитатэ			NO_MATCH	0.00
FMA24447	left capitate	Левый капитатэ			NO_MATCH	0.00
FMA24448	right hamate	Правый хаматэ			NO_MATCH	0.00
FMA24449	left hamate	Левый хаматэ			NO_MATCH	0.00
FMA24450	proximal phalanx of right thumb	Проксимальная фаланга правый тумб			NO_MATCH	0.00
FMA24451	proximal phalanx of right index finger	Проксимальная фаланга правый указательного палец			NO_MATCH	0.00
FMA24452	proximal phalanx of right middle finger	Проксимальная фаланга правый средняя палец			NO_MATCH	0.00
FMA24453	proximal phalanx of right ring finger	Проксимальная фаланга правый кольцо палец			NO_MATCH	0.00
FMA24454	proximal phalanx of right little finger	Проксимальная фаланга правый мизинца палец			NO_MATCH	0.00
FMA24455	middle phalanx of right index finger	Средняя фаланга правый указательного палец			NO_MATCH	0.00
FMA24456	middle phalanx of right middle finger	Средняя фаланга правый средняя палец			NO_MATCH	0.00
FMA24457	middle phalanx of right ring finger	Средняя фаланга правый кольцо палец			NO_MATCH	0.00
FMA24458	middle phalanx of right little finger	Средняя фаланга правый мизинца палец			NO_MATCH	0.00
FMA24459	distal phalanx of right thumb	Дистальная фаланга правый тумб			NO_MATCH	0.00
FMA24460	distal phalanx of right index finger	Дистальная фаланга правой указательного пальца			NO_MATCH	0.00
FMA24461	distal phalanx of right middle finger	Дистальная фаланга правый средняя палец			NO_MATCH	0.00
FMA24462	distal phalanx of right ring finger	Дистальная фаланга правый кольцо палец			NO_MATCH	0.00
FMA24463	distal phalanx of right little finger	Дистальная фаланга правой мизинца			NO_MATCH	0.00
FMA24464	right first metacarpal bone	Правый первая пястная кость кость			NO_MATCH	0.00
FMA24465	left first metacarpal bone	Левый первая пястная кость кость			NO_MATCH	0.00
FMA24466	right second metacarpal bone	Правый вторая пястная кость кость			NO_MATCH	0.00
FMA24467	left second metacarpal bone	Левый вторая пястная кость кость			NO_MATCH	0.00
FMA24468	right third metacarpal bone	Правый третья пястная кость кость	os tertium metacarpi	third metacarpal bone	PROBABLE	0.86
FMA24469	left third metacarpal bone	Левый третья пястная кость кость	os tertium metacarpi	third metacarpal bone	PROBABLE	0.86
FMA24470	right fourth metacarpal bone	Правый четвёртая пястная кость кость			NO_MATCH	0.00
FMA24471	left fourth metacarpal bone	Левый четвёртая пястная кость кость			NO_MATCH	0.00
FMA24472	right fifth metacarpal bone	Правый пятая пястная кость кость			NO_MATCH	0.00
FMA24473	left fifth metacarpal bone	Левый пятая пястная кость кость			NO_MATCH	0.00
FMA24474	right femur	Правый бедренная кость	os femoris	femur	PROBABLE	0.86
FMA24475	left femur	Левый бедренная кость	os femoris	femur	PROBABLE	0.86
FMA24476	tibia	Большеберцовая кость	tibia	tibia	EXACT	1.00
FMA24477	right tibia	Правый большеберцовая кость	tibia	tibia	PROBABLE	0.86
FMA24478	left tibia	Левый большеберцовая кость	tibia	tibia	PROBABLE	0.86
FMA24479	fibula	Малоберцовая кость	fibula	fibula	EXACT	1.00
FMA24480	right fibula	Правый малоберцовая кость	fibula	fibula	PROBABLE	0.86
FMA24481	left fibula	Левый малоберцовая кость	fibula	fibula	PROBABLE	0.86
FMA24482	right talus	Правый таранная кость	os tali	talus	PROBABLE	0.86
FMA24483	left talus	Левый таранная кость	os tali	talus	PROBABLE	0.86
FMA24485	patella	Надколенник	patella	patella	EXACT	1.00
FMA24486	right patella	Правый надколенник	patella	patella	PROBABLE	0.86
FMA24487	left patella	Левый надколенник	patella	patella	PROBABLE	0.86
FMA24491	tarsal bone	Предплюсневая кость кость			NO_MATCH	0.00
FMA24492	metatarsal bone	Плюсневая кость кость	os metatarsi	metatarsal bone	EXACT	1.00
FMA24493	phalanx of toe	Фаланга палец стопы			NO_MATCH	0.00
FMA24496	calcaneus	Пяточная кость	calcaneus	calcaneus	EXACT	1.00
FMA24497	right calcaneus	Правый пяточная кость	calcaneus	calcaneus	PROBABLE	0.86
FMA24498	left calcaneus	Левый пяточная кость	calcaneus	calcaneus	PROBABLE	0.86
FMA24499	navicular bone of foot	Навикулар кость стопа			NO_MATCH	0.00
FMA24500	navicular bone of right foot	Навикулар кость правый стопа			NO_MATCH	0.00
FMA24501	navicular bone of left foot	Навикулар кость левый стопа			NO_MATCH	0.00
FMA24502	first metatarsal bone	Первая плюсневая кость кость	os primum metatarsi	first metatarsal bone	EXACT	1.00
FMA24503	second metatarsal bone	Вторая плюсневая кость кость			NO_MATCH	0.00
FMA24504	third metatarsal bone	Третья плюсневая кость кость			NO_MATCH	0.00
FMA24505	fourth metatarsal bone	Четвёртая плюсневая кость кость			NO_MATCH	0.00
FMA24506	fifth metatarsal bone	Пятая плюсневая кость кость	os quintum metatarsi	fifth metatarsal bone	EXACT	1.00
FMA24507	right first metatarsal bone	Правый первая плюсневая кость кость	os primum metatarsi	first metatarsal bone	PROBABLE	0.86
FMA24508	left first metatarsal bone	Левый первая плюсневая кость кость	os primum metatarsi	first metatarsal bone	PROBABLE	0.86
FMA24509	right second metatarsal bone	Правый вторая плюсневая кость кость			NO_MATCH	0.00
FMA24510	left second metatarsal bone	Левый вторая плюсневая кость кость			NO_MATCH	0.00
FMA24511	right third metatarsal bone	Правый третья плюсневая кость кость			NO_MATCH	0.00
FMA24512	left third metatarsal bone	Левый третья плюсневая кость кость			NO_MATCH	0.00
FMA24513	right fourth metatarsal bone	Правый четвёртая плюсневая кость кость			NO_MATCH	0.00
FMA24514	left fourth metatarsal bone	Левый четвёртая плюсневая кость кость			NO_MATCH	0.00
FMA24515	right fifth metatarsal bone	Правый пятая плюсневая кость кость	os quintum metatarsi	fifth metatarsal bone	PROBABLE	0.86
FMA24516	left fifth metatarsal bone	Левый пятая плюсневая кость кость	os quintum metatarsi	fifth metatarsal bone	PROBABLE	0.86
FMA24517	cuneiform bone	клиновидная кость			NO_MATCH	0.00
FMA24518	medial cuneiform bone	медиальная клиновидная кость	os cuneiforme mediale	medial cuneiform bone	EXACT	1.00
FMA24519	intermediate cuneiform bone	промежуточная клиновидная кость	os cuneiforme intermedium	intermediate cuneiform bone	EXACT	1.00
FMA24520	lateral cuneiform bone	латеральная клиновидная кость	os cuneiforme laterale	lateral cuneiform bone	EXACT	1.00
FMA24521	right medial cuneiform bone	Правая медиальная клиновидная кость	os cuneiforme mediale	medial cuneiform bone	PROBABLE	0.86
FMA24522	left medial cuneiform bone	Левая медиальная клиновидная кость	os cuneiforme mediale	medial cuneiform bone	PROBABLE	0.86
FMA24523	right intermediate cuneiform bone	Правая промежуточная клиновидная кость	os cuneiforme intermedium	intermediate cuneiform bone	PROBABLE	0.86
FMA24524	left intermediate cuneiform bone	Левая промежуточная клиновидная кость	os cuneiforme intermedium	intermediate cuneiform bone	PROBABLE	0.86
FMA24525	right lateral cuneiform bone	Правая латеральная клиновидная кость	os cuneiforme laterale	lateral cuneiform bone	PROBABLE	0.86
FMA24526	left lateral cuneiform bone	Левая латеральная клиновидная кость	os cuneiforme laterale	lateral cuneiform bone	PROBABLE	0.86
FMA24527	cuboid bone	Кубоид кость	os cuboideum	cuboid bone	EXACT	1.00
FMA24528	right cuboid bone	Правый кубоид кость	os cuboideum	cuboid bone	PROBABLE	0.86
FMA24529	left cuboid bone	Левый кубоид кость	os cuboideum	cuboid bone	PROBABLE	0.86
FMA24551	trunk of intrapulmonary vein	Туловище интрапулмонарй вена			NO_MATCH	0.00
FMA25058	intervertebral disk of axis	Межпозвоночное диск атлантоаксиальное			NO_MATCH	0.00
FMA25624	skeletal ligament	Скелетный связка			NO_MATCH	0.00
FMA25625	nonskeletal ligament	Нонскэлэтал связка			NO_MATCH	0.00
FMA30313	arterial trunk	Артериальный ствол			NO_MATCH	0.00
FMA30314	venous trunk	Венозная туловище			NO_MATCH	0.00
FMA30320	duct	Проток			NO_MATCH	0.00
FMA31739	segment of bronchial tree	Сегмент бронхиальная дерево			NO_MATCH	0.00
FMA32514	prevertebral muscle	Прэвэртэбрал мышца			NO_MATCH	0.00
FMA32515	postvertebral muscle	Поствэртэбрал мышца			NO_MATCH	0.00
FMA32516	extrinsic muscle of shoulder	Экстринсик мышца плечо			NO_MATCH	0.00
FMA32518	deep extrinsic muscle of shoulder	Глубокая экстринсик мышца плечо			NO_MATCH	0.00
FMA32519	levator scapulae	Мышца, поднимающая скапулаэ	levator scapulae	levator scapulae	EXACT	1.00
FMA32520	intrinsic muscle of shoulder	Собственная мышца плеча			NO_MATCH	0.00
FMA32525	rectus capitis posterior major	Прямая мышца головки задняя большая			NO_MATCH	0.00
FMA32526	rectus capitis posterior minor	Прямая мышца головки задняя малая			NO_MATCH	0.00
FMA32527	obliquus capitis superior	Обликвус головки верхняя			NO_MATCH	0.00
FMA32528	obliquus capitis inferior	Обликвус головки нижняя			NO_MATCH	0.00
FMA32529	zone of trapezius	Зона трапециевидная мышца			NO_MATCH	0.00
FMA32530	right rectus capitis posterior major	Правый прямая мышца головки задняя большая			NO_MATCH	0.00
FMA32531	left rectus capitis posterior major	Левый прямая мышца головки задняя большая			NO_MATCH	0.00
FMA32532	right rectus capitis posterior minor	Правый прямая мышца головки задняя малая			NO_MATCH	0.00
FMA32533	left rectus capitis posterior minor	Левый прямая мышца головки задняя малая			NO_MATCH	0.00
FMA32534	right obliquus capitis superior	Правый обликвус головки верхняя			NO_MATCH	0.00
FMA32535	left obliquus capitis superior	Левый обликвус головки верхняя			NO_MATCH	0.00
FMA32536	right obliquus capitis inferior	Правый обликвус головки нижняя			NO_MATCH	0.00
FMA32537	left obliquus capitis inferior	Левый обликвус головки нижняя			NO_MATCH	0.00
FMA32540	right levator scapulae	Правый мышца, поднимающая скапулаэ	levator scapulae	levator scapulae	PROBABLE	0.86
FMA32541	left levator scapulae	Левый мышца, поднимающая скапулаэ	levator scapulae	levator scapulae	PROBABLE	0.86
FMA32544	right supraspinatus	Правый надостная			NO_MATCH	0.00
FMA32545	left supraspinatus	Левый надостная			NO_MATCH	0.00
FMA32546	infraspinatus	Инфраспинатус			NO_MATCH	0.00
FMA32547	right infraspinatus muscle	Правый инфраспинатус мышца	musculus infraspinatus	infraspinatus muscle	PROBABLE	0.86
FMA32548	left infraspinatus muscle	Левый инфраспинатус мышца	musculus infraspinatus	infraspinatus muscle	PROBABLE	0.86
FMA32549	teres major	Большая круглая мышца			NO_MATCH	0.00
FMA32550	teres minor	Малая круглая мышца			NO_MATCH	0.00
FMA32551	right teres major	Правая большая круглая мышца			NO_MATCH	0.00
FMA32552	left teres major	Левая большая круглая мышца			NO_MATCH	0.00
FMA32553	right teres minor	Правая малая круглая мышца			NO_MATCH	0.00
FMA32554	left teres minor	Левая малая круглая мышца			NO_MATCH	0.00
FMA32555	ascending part of trapezius	Восходящая часть трапециевидной мышцы			NO_MATCH	0.00
FMA32556	transverse part of trapezius	Поперечная часть трапециевидная мышца			NO_MATCH	0.00
FMA32557	descending part of trapezius	Нисходящая часть трапециевидная мышца			NO_MATCH	0.00
FMA32558	musculature	Мускулатура			NO_MATCH	0.00
FMA32559	superficial postvertebral muscle	Поверхностная поствэртэбрал мышца			NO_MATCH	0.00
FMA32560	intermediate postvertebral muscle	Промежуточная поствэртэбрал мышца			NO_MATCH	0.00
FMA32561	deep postvertebral muscle	Глубокая поствэртэбрал мышца			NO_MATCH	0.00
FMA32582	posterior suboccipital muscle	Задняя субоккипитал мышца			NO_MATCH	0.00
FMA32618	proximal phalanx of second toe	Проксимальная фаланга вторая палец стопы			NO_MATCH	0.00
FMA32619	proximal phalanx of third toe	Проксимальная фаланга третья палец стопы			NO_MATCH	0.00
FMA32620	proximal phalanx of fourth toe	Проксимальная фаланга четвёртая палец стопы			NO_MATCH	0.00
FMA32621	proximal phalanx of little toe	Проксимальная фаланга мизинца палец стопы			NO_MATCH	0.00
FMA32623	middle phalanx of second toe	Средняя фаланга вторая палец стопы			NO_MATCH	0.00
FMA32624	middle phalanx of third toe	Средняя фаланга третья палец стопы			NO_MATCH	0.00
FMA32625	middle phalanx of fourth toe	Средняя фаланга четвёртая палец стопы			NO_MATCH	0.00
FMA32627	distal phalanx of big toe	Дистальная фаланга биг палец стопы			NO_MATCH	0.00
FMA32628	distal phalanx of second toe	Дистальная фаланга вторая палец стопы			NO_MATCH	0.00
FMA32629	distal phalanx of third toe	Дистальная фаланга третья палец стопы			NO_MATCH	0.00
FMA32630	distal phalanx of fourth toe	Дистальная фаланга четвёртая палец стопы			NO_MATCH	0.00
FMA32631	distal phalanx of little toe	Дистальная фаланга мизинца стопы			NO_MATCH	0.00
FMA32634	proximal phalanx of right second toe	Проксимальная фаланга правый вторая палец стопы			NO_MATCH	0.00
FMA32635	proximal phalanx of left second toe	Проксимальная фаланга левый вторая палец стопы			NO_MATCH	0.00
FMA32636	proximal phalanx of right third toe	Проксимальная фаланга правый третья палец стопы			NO_MATCH	0.00
FMA32637	proximal phalanx of left third toe	Проксимальная фаланга левый третья палец стопы			NO_MATCH	0.00
FMA32638	proximal phalanx of right fourth toe	Проксимальная фаланга правый четвёртая палец стопы			NO_MATCH	0.00
FMA32639	proximal phalanx of left fourth toe	Проксимальная фаланга левый четвёртая палец стопы			NO_MATCH	0.00
FMA32640	proximal phalanx of right little toe	Проксимальная фаланга правый мизинца палец стопы			NO_MATCH	0.00
FMA32641	proximal phalanx of left little toe	Проксимальная фаланга левый мизинца палец стопы			NO_MATCH	0.00
FMA32642	middle phalanx of right second toe	Средняя фаланга правый вторая палец стопы			NO_MATCH	0.00
FMA32643	middle phalanx of left second toe	Средняя фаланга левый вторая палец стопы			NO_MATCH	0.00
FMA32644	middle phalanx of right third toe	Средняя фаланга правый третья палец стопы			NO_MATCH	0.00
FMA32645	middle phalanx of left third toe	Средняя фаланга левый третья палец стопы			NO_MATCH	0.00
FMA32646	middle phalanx of right fourth toe	Средняя фаланга правый четвёртая палец стопы			NO_MATCH	0.00
FMA32647	middle phalanx of left fourth toe	Средняя фаланга левый четвёртая палец стопы			NO_MATCH	0.00
FMA32650	distal phalanx of right big toe	Дистальная фаланга правый биг палец стопы			NO_MATCH	0.00
FMA32651	distal phalanx of left big toe	Дистальная фаланга левый биг палец стопы			NO_MATCH	0.00
FMA32652	distal phalanx of right second toe	Дистальная фаланга правый вторая палец стопы			NO_MATCH	0.00
FMA32653	distal phalanx of left second toe	Дистальная фаланга левый вторая палец стопы			NO_MATCH	0.00
FMA32654	distal phalanx of right third toe	Дистальная фаланга правый третья палец стопы			NO_MATCH	0.00
FMA32655	distal phalanx of left third toe	Дистальная фаланга левый третья палец стопы			NO_MATCH	0.00
FMA32656	distal phalanx of right fourth toe	Дистальная фаланга правый четвёртая палец стопы			NO_MATCH	0.00
FMA32657	distal phalanx of left fourth toe	Дистальная фаланга левый четвёртая палец стопы			NO_MATCH	0.00
FMA32658	distal phalanx of right little toe	Дистальная фаланга правой мизинца стопы			NO_MATCH	0.00
FMA32659	distal phalanx of left little toe	Дистальная фаланга левой мизинца стопы			NO_MATCH	0.00
FMA32672	sesamoid bone	Сэсамоид кость	os sesamoideum	sesamoid bone	EXACT	1.00
FMA32884	phalanx of big toe	Фаланга биг палец стопы			NO_MATCH	0.00
FMA32899	phalanx of second toe	Фаланга вторая палец стопы			NO_MATCH	0.00
FMA32900	phalanx of third toe	Фаланга третья палец стопы			NO_MATCH	0.00
FMA32901	phalanx of fourth toe	Фаланга четвёртая палец стопы			NO_MATCH	0.00
FMA32902	phalanx of little toe	Дистальная фаланга мизинца стопы			NO_MATCH	0.00
FMA33302	proximal carpal bone	Проксимальная запястная кость кость			NO_MATCH	0.00
FMA33303	distal carpal bone	Дистальная запястная кость кость			NO_MATCH	0.00
FMA33531	muscle of shoulder	Мышца плечо			NO_MATCH	0.00
FMA33581	ascending part of right trapezius	Восходящая часть правой трапециевидной мышцы			NO_MATCH	0.00
FMA33583	ascending part of left trapezius	Восходящая часть левой трапециевидной мышцы			NO_MATCH	0.00
FMA33584	transverse part of right trapezius	Поперечная часть правый трапециевидная мышца			NO_MATCH	0.00
FMA33585	transverse part of left trapezius	Поперечная часть левый трапециевидная мышца			NO_MATCH	0.00
FMA33586	descending part of right trapezius	Нисходящая часть правый трапециевидная мышца			NO_MATCH	0.00
FMA33587	descending part of left trapezius	Нисходящая часть левый трапециевидная мышца			NO_MATCH	0.00
FMA34676	zone of deltoid	Зона дельтовидная мышца			NO_MATCH	0.00
FMA34677	clavicular part of deltoid	Клавикулар часть дельтовидная мышца			NO_MATCH	0.00
FMA34678	acromial part of deltoid	Акромиальная часть дельтовидной мышцы			NO_MATCH	0.00
FMA34679	spinal part of deltoid	Спинномозговая часть дельтовидная мышца			NO_MATCH	0.00
FMA34680	clavicular part of right deltoid	Клавикулар часть правый дельтовидная мышца			NO_MATCH	0.00
FMA34681	clavicular part of left deltoid	Клавикулар часть левый дельтовидная мышца			NO_MATCH	0.00
FMA34682	acromial part of right deltoid	Акромиальная часть правой дельтовидной мышцы			NO_MATCH	0.00
FMA34683	acromial part of left deltoid	Акромиальная часть левой дельтовидной мышцы			NO_MATCH	0.00
FMA34684	spinal part of right deltoid	Спинномозговая часть правый дельтовидная мышца			NO_MATCH	0.00
FMA34685	spinal part of left deltoid	Спинномозговая часть левый дельтовидная мышца			NO_MATCH	0.00
FMA34686	zone of pectoralis major	Зона грудная мышца большая			NO_MATCH	0.00
FMA34687	clavicular part of pectoralis major	Клавикулар часть грудная мышца большая			NO_MATCH	0.00
FMA34690	clavicular part of right pectoralis major	Клавикулар часть правый грудная мышца большая			NO_MATCH	0.00
FMA34691	clavicular part of left pectoralis major	Клавикулар часть левый грудная мышца большая			NO_MATCH	0.00
FMA34696	sternocostal part of pectoralis major	Стэрнокостал часть грудная мышца большая			NO_MATCH	0.00
FMA34699	abdominal part of pectoralis major	Брюшная часть большой грудной мышцы			NO_MATCH	0.00
FMA35187	interosseous membrane of leg	Межкостная оболочка голень	membrana interossea cruris	interosseous membrane of leg	EXACT	1.00
FMA35192	interosseous membrane of right leg	Межкостная оболочка правый голень	membrana interossea cruris	interosseous membrane of leg	PROBABLE	0.86
FMA35193	interosseous membrane of left leg	Межкостная оболочка левый голень	membrana interossea cruris	interosseous membrane of leg	PROBABLE	0.86
FMA35477	phalanx of thumb	Фаланга тумб			NO_MATCH	0.00
FMA35480	phalanx of index finger	Дистальная фаланга указательного пальца			NO_MATCH	0.00
FMA35483	phalanx of middle finger	Фаланга средняя палец			NO_MATCH	0.00
FMA35486	phalanx of ring finger	Фаланга кольцо палец			NO_MATCH	0.00
FMA35489	phalanx of little finger	Дистальная фаланга мизинца			NO_MATCH	0.00
FMA37347	muscle of pectoral girdle	Мышца плечевой пояс			NO_MATCH	0.00
FMA37348	muscle of free upper limb	Мышца свободная верхняя конечность			NO_MATCH	0.00
FMA37349	pectoral muscle	Плечевой мышца			NO_MATCH	0.00
FMA37367	muscle of pelvic girdle	Мышца пэлвик пояс			NO_MATCH	0.00
FMA37368	muscle of free lower limb	Мышца свободная нижняя конечность			NO_MATCH	0.00
FMA37369	muscle of foot	Мышца стопа			NO_MATCH	0.00
FMA37370	muscle of arm	Мышца плечо			NO_MATCH	0.00
FMA37371	muscle of forearm	Мышца предплечье			NO_MATCH	0.00
FMA37372	muscle of hand	Мышца кисть			NO_MATCH	0.00
FMA37373	abductor pollicis brevis	Короткая мышца, отводящая большой палец кисти	abductor brevis pollicis	abductor pollicis brevis	EXACT	1.00
FMA37378	flexor pollicis brevis	Сгибатель большого пальца кисти короткая	flexor brevis pollicis	flexor pollicis brevis	EXACT	1.00
FMA37379	opponens pollicis	Мышца, противопоставляющая большой палец			NO_MATCH	0.00
FMA37382	abductor digiti minimi of hand	Мышца, отводящая мизинец кисти	abductor digiti minimi manus	abductor digiti minimi of hand	EXACT	1.00
FMA37383	flexor digiti minimi brevis of hand	Сгибатель пальца мизинца короткая кисть			NO_MATCH	0.00
FMA37384	opponens digiti minimi of hand	Мышца, противопоставляющая мизинец кисти			NO_MATCH	0.00
FMA37386	right abductor pollicis brevis	Правый отводящая мышца большого пальца кисти короткая	abductor brevis pollicis	abductor pollicis brevis	PROBABLE	0.86
FMA37387	left abductor pollicis brevis	Левый отводящая мышца большого пальца кисти короткая	abductor brevis pollicis	abductor pollicis brevis	PROBABLE	0.86
FMA37388	right flexor pollicis brevis	Правый сгибатель большого пальца кисти короткая	flexor brevis pollicis	flexor pollicis brevis	PROBABLE	0.86
FMA37389	left flexor pollicis brevis	Левый сгибатель большого пальца кисти короткая	flexor brevis pollicis	flexor pollicis brevis	PROBABLE	0.86
FMA37390	right opponens pollicis	Правая мышца, противопоставляющая большой палец			NO_MATCH	0.00
FMA37391	left opponens pollicis	Левая мышца, противопоставляющая большой палец			NO_MATCH	0.00
FMA37396	abductor digiti minimi of right hand	Правая мышца, отводящая мизинец кисти	abductor digiti minimi manus	abductor digiti minimi of hand	PROBABLE	0.86
FMA37397	abductor digiti minimi of left hand	Левая мышца, отводящая мизинец кисти	abductor digiti minimi manus	abductor digiti minimi of hand	PROBABLE	0.86
FMA37398	flexor digiti minimi brevis of right hand	Сгибатель пальца мизинца короткая правый кисть			NO_MATCH	0.00
FMA37399	flexor digiti minimi brevis of left hand	Сгибатель пальца мизинца короткая левый кисть			NO_MATCH	0.00
FMA37400	opponens digiti minimi of right hand	Правая мышца, противопоставляющая мизинец кисти			NO_MATCH	0.00
FMA37401	opponens digiti minimi of left hand	Левая мышца, противопоставляющая мизинец кисти			NO_MATCH	0.00
FMA37448	abductor hallucis	Мышца, отводящая большой палец стопы	abductor hallucis	abductor hallucis	EXACT	1.00
FMA37450	flexor digitorum brevis	Сгибатель пальцев короткая	flexor brevis digitorum	flexor digitorum brevis	EXACT	1.00
FMA37451	abductor digiti minimi of foot	Мышца, отводящая мизинец стопы	abductor digiti minimi pedis	abductor digiti minimi of foot	EXACT	1.00
FMA37452	flexor accessorius	Сгибатель аккэссориус			NO_MATCH	0.00
FMA37453	lumbrical of foot	Червеобразная стопа			NO_MATCH	0.00
FMA37455	flexor digiti minimi brevis of foot	Сгибатель пальца мизинца короткая стопа			NO_MATCH	0.00
FMA37456	interosseous of foot	Межкостная стопа			NO_MATCH	0.00
FMA37458	plantar interosseous of foot	Подошвенная межкостная стопа			NO_MATCH	0.00
FMA37459	right abductor hallucis	Правый отводящая мышца большого пальца стопы	abductor hallucis	abductor hallucis	PROBABLE	0.86
FMA37460	left abductor hallucis	Левый отводящая мышца большого пальца стопы	abductor hallucis	abductor hallucis	PROBABLE	0.86
FMA37461	right flexor digitorum brevis	Правый сгибатель пальцев короткая	flexor brevis digitorum	flexor digitorum brevis	PROBABLE	0.86
FMA37462	left flexor digitorum brevis	Левый сгибатель пальцев короткая	flexor brevis digitorum	flexor digitorum brevis	PROBABLE	0.86
FMA37463	abductor digiti minimi of right foot	Правая мышца, отводящая мизинец стопы	abductor digiti minimi pedis	abductor digiti minimi of foot	PROBABLE	0.86
FMA37464	abductor digiti minimi of left foot	Левая мышца, отводящая мизинец стопы	abductor digiti minimi pedis	abductor digiti minimi of foot	PROBABLE	0.86
FMA37465	right flexor accessorius	Правый сгибатель аккэссориус			NO_MATCH	0.00
FMA37466	left flexor accessorius	Левый сгибатель аккэссориус			NO_MATCH	0.00
FMA37471	flexor digiti minimi brevis of right foot	Сгибатель пальца мизинца короткая правый стопа			NO_MATCH	0.00
FMA37472	flexor digiti minimi brevis of left foot	Сгибатель пальца мизинца короткая левый стопа			NO_MATCH	0.00
FMA37479	first lumbrical of foot	Первая червеобразная стопа			NO_MATCH	0.00
FMA37480	second lumbrical of foot	Вторая червеобразная стопа			NO_MATCH	0.00
FMA37481	third lumbrical of foot	Третья червеобразная стопа			NO_MATCH	0.00
FMA37482	fourth lumbrical of foot	Четвёртая червеобразная стопа			NO_MATCH	0.00
FMA37483	fourth lumbrical of right foot	Четвёртая червеобразная правый стопа			NO_MATCH	0.00
FMA37484	fourth lumbrical of left foot	Четвёртая червеобразная левый стопа			NO_MATCH	0.00
FMA37485	third lumbrical of right foot	Третья червеобразная правый стопа			NO_MATCH	0.00
FMA37486	third lumbrical of left foot	Третья червеобразная левый стопа			NO_MATCH	0.00
FMA37664	coracobrachialis	Коракобрачиалис			NO_MATCH	0.00
FMA37665	right coracobrachialis	Правый коракобрачиалис			NO_MATCH	0.00
FMA37666	left coracobrachialis	Левый коракобрачиалис			NO_MATCH	0.00
FMA37667	brachialis	Плечевая мышца			NO_MATCH	0.00
FMA37668	right brachialis	Правый брачиалис			NO_MATCH	0.00
FMA37669	left brachialis	Левый брачиалис			NO_MATCH	0.00
FMA37682	short head of biceps brachii	Короткая головка двуглавая мышца плеча	caput breve musculi bicipitis brachii	short head of biceps brachii	EXACT	1.00
FMA37683	long head of biceps brachii	Длинная головка двуглавая мышца плеча	caput longum musculi bicipitis brachii	long head of biceps brachii	EXACT	1.00
FMA37684	short head of right biceps brachii	Короткая головка правый двуглавая мышца плеча	caput breve musculi bicipitis brachii	short head of biceps brachii	PROBABLE	0.86
FMA37685	short head of left biceps brachii	Короткая головка левый двуглавая мышца плеча	caput breve musculi bicipitis brachii	short head of biceps brachii	PROBABLE	0.86
FMA37686	long head of right biceps brachii	Длинная головка правый двуглавая мышца плеча	caput longum musculi bicipitis brachii	long head of biceps brachii	PROBABLE	0.86
FMA37687	long head of left biceps brachii	Длинная головка левый двуглавая мышца плеча	caput longum musculi bicipitis brachii	long head of biceps brachii	PROBABLE	0.86
FMA37692	long head of triceps brachii	Длинная головка трёхглавая мышца плеча	caput longum musculi tricipitis brachii	long head of triceps brachii	EXACT	1.00
FMA37693	medial head of triceps brachii	Медиальная головка трёхглавая мышца плеча	caput mediale musculi tricipitis brachii	medial head of triceps brachii	EXACT	1.00
FMA37694	lateral head of triceps brachii	Латеральная головка трёхглавая мышца плеча	caput laterale musculi tricipitis brachii	lateral head of triceps brachii	EXACT	1.00
FMA37695	medial head of right triceps brachii	Медиальная головка правый трёхглавая мышца плеча	caput mediale musculi tricipitis brachii	medial head of triceps brachii	PROBABLE	0.86
FMA37696	medial head of left triceps brachii	Медиальная головка левый трёхглавая мышца плеча	caput mediale musculi tricipitis brachii	medial head of triceps brachii	PROBABLE	0.86
FMA37697	lateral head of right triceps brachii	Латеральная головка правый трёхглавая мышца плеча	caput laterale musculi tricipitis brachii	lateral head of triceps brachii	PROBABLE	0.86
FMA37698	lateral head of left triceps brachii	Латеральная головка левый трёхглавая мышца плеча	caput laterale musculi tricipitis brachii	lateral head of triceps brachii	PROBABLE	0.86
FMA37699	long head of right triceps brachii	Длинная головка правый трёхглавая мышца плеча	caput longum musculi tricipitis brachii	long head of triceps brachii	PROBABLE	0.86
FMA37700	long head of left triceps brachii	Длинная головка левый трёхглавая мышца плеча	caput longum musculi tricipitis brachii	long head of triceps brachii	PROBABLE	0.86
FMA37704	anconeus	Локтевая мышца			NO_MATCH	0.00
FMA37705	right anconeus	Правый анконэус			NO_MATCH	0.00
FMA37706	left anconeus	Левый анконэус			NO_MATCH	0.00
FMA37711	muscle of anterior compartment of arm	Мышца передняя компартмент плечо			NO_MATCH	0.00
FMA37712	muscle of posterior compartment of arm	Мышца задняя компартмент плечо			NO_MATCH	0.00
FMA37717	first lumbrical of right foot	Первая червеобразная правый стопа			NO_MATCH	0.00
FMA37718	first lumbrical of left foot	Первая червеобразная левый стопа			NO_MATCH	0.00
FMA37719	second lumbrical of right foot	Вторая червеобразная правый стопа			NO_MATCH	0.00
FMA37720	second lumbrical of left foot	Вторая червеобразная левый стопа			NO_MATCH	0.00
FMA37738	first plantar interosseous of foot	Первая подошвенная межкостная стопа			NO_MATCH	0.00
FMA37739	second plantar interosseous of foot	Вторая подошвенная межкостная стопа			NO_MATCH	0.00
FMA37740	third plantar interosseous of foot	Третья подошвенная межкостная стопа			NO_MATCH	0.00
FMA37741	third plantar interosseous of right foot	Третья подошвенная межкостная правый стопа			NO_MATCH	0.00
FMA37742	third plantar interosseous of left foot	Третья подошвенная межкостная левый стопа			NO_MATCH	0.00
FMA37743	second plantar interosseous of right foot	Вторая подошвенная межкостная правый стопа			NO_MATCH	0.00
FMA37744	second plantar interosseous of left foot	Вторая подошвенная межкостная левый стопа			NO_MATCH	0.00
FMA37745	first plantar interosseous of right foot	Первая подошвенная межкостная правый стопа			NO_MATCH	0.00
FMA37746	first plantar interosseous of left foot	Первая подошвенная межкостная левый стопа			NO_MATCH	0.00
FMA38453	pronator quadratus	Круглый пронатор квадратус	pronator quadratus	pronator quadratus	EXACT	1.00
FMA38454	right pronator quadratus	Правый круглый пронатор квадратус	pronator quadratus	pronator quadratus	PROBABLE	0.86
FMA38455	left pronator quadratus	Левый круглый пронатор квадратус	pronator quadratus	pronator quadratus	PROBABLE	0.86
FMA38456	muscle of anterior compartment of forearm	Мышца передняя компартмент предплечье			NO_MATCH	0.00
FMA38459	flexor carpi radialis	Лучевой сгибатель запястья	flexor radialis carpi	flexor carpi radialis	EXACT	1.00
FMA38460	right flexor carpi radialis	Правый лучевой сгибатель запястья	flexor radialis carpi	flexor carpi radialis	PROBABLE	0.86
FMA38461	left flexor carpi radialis	Левый лучевой сгибатель запястья	flexor radialis carpi	flexor carpi radialis	PROBABLE	0.86
FMA38462	palmaris longus	Палмарис длинная			NO_MATCH	0.00
FMA38463	right palmaris longus	Правый палмарис длинная			NO_MATCH	0.00
FMA38464	left palmaris longus	Левый палмарис длинная			NO_MATCH	0.00
FMA38469	flexor digitorum superficialis	Сгибатель пальцев супэрфикиалис	flexor superficialis digitorum	flexor digitorum superficialis	EXACT	1.00
FMA38470	right flexor digitorum superficialis	Правый сгибатель пальцев супэрфикиалис	flexor superficialis digitorum	flexor digitorum superficialis	PROBABLE	0.86
FMA38471	left flexor digitorum superficialis	Левый сгибатель пальцев супэрфикиалис	flexor superficialis digitorum	flexor digitorum superficialis	PROBABLE	0.86
FMA38472	superficial muscle of anterior compartment of forearm	Поверхностная мышца передняя компартмент предплечье			NO_MATCH	0.00
FMA38475	deep muscle of anterior compartment of forearm	Глубокая мышца передняя компартмент предплечье			NO_MATCH	0.00
FMA38478	flexor digitorum profundus	Сгибатель пальцев профундус	flexor profundus digitorum	flexor digitorum profundus	EXACT	1.00
FMA38479	right flexor digitorum profundus	Правый сгибатель пальцев профундус	flexor profundus digitorum	flexor digitorum profundus	PROBABLE	0.86
FMA38480	left flexor digitorum profundus	Левый сгибатель пальцев профундус	flexor profundus digitorum	flexor digitorum profundus	PROBABLE	0.86
FMA38481	flexor pollicis longus	Сгибатель большого пальца кисти длинная	flexor longus pollicis	flexor pollicis longus	EXACT	1.00
FMA38482	right flexor pollicis longus	Правый сгибатель большого пальца кисти длинная	flexor longus pollicis	flexor pollicis longus	PROBABLE	0.86
FMA38484	left flexor pollicis longus	Левый сгибатель большого пальца кисти длинная	flexor longus pollicis	flexor pollicis longus	PROBABLE	0.86
FMA38485	brachioradialis	Плечелучевая мышца			NO_MATCH	0.00
FMA38486	right brachioradialis	Правая плечелучевая мышца			NO_MATCH	0.00
FMA38487	left brachioradialis	Левая плечелучевая мышца			NO_MATCH	0.00
FMA38488	muscle of posterior compartment of forearm	Мышца задняя компартмент предплечье			NO_MATCH	0.00
FMA38491	superficial muscle of posterior compartment of forearm	Поверхностная мышца задняя компартмент предплечье			NO_MATCH	0.00
FMA38494	extensor carpi radialis longus	Длинная лучевая мышца, разгибающая запястье	extensor radialis longus carpi	extensor carpi radialis longus	EXACT	1.00
FMA38495	right extensor carpi radialis longus	Правый длинная лучевая мышца, разгибающая запястье	extensor radialis longus carpi	extensor carpi radialis longus	PROBABLE	0.86
FMA38496	left extensor carpi radialis longus	Левый длинная лучевая мышца, разгибающая запястье	extensor radialis longus carpi	extensor carpi radialis longus	PROBABLE	0.86
FMA38497	extensor carpi radialis brevis	Короткая лучевая мышца, разгибающая запястье	extensor radialis brevis carpi	extensor carpi radialis brevis	EXACT	1.00
FMA38498	right extensor carpi radialis brevis	Правый короткая лучевая мышца, разгибающая запястье	extensor radialis brevis carpi	extensor carpi radialis brevis	PROBABLE	0.86
FMA38499	left extensor carpi radialis brevis	Левый короткая лучевая мышца, разгибающая запястье	extensor radialis brevis carpi	extensor carpi radialis brevis	PROBABLE	0.86
FMA38500	extensor digitorum	Разгибатель пальцев	extensor digitorum	extensor digitorum	EXACT	1.00
FMA38501	right extensor digitorum	Правый разгибатель пальцев	extensor digitorum	extensor digitorum	PROBABLE	0.86
FMA38502	left extensor digitorum	Левый разгибатель пальцев	extensor digitorum	extensor digitorum	PROBABLE	0.86
FMA38503	extensor digiti minimi	Разгибатель пальца мизинца	extensor digiti minimi	extensor digiti minimi	EXACT	1.00
FMA38504	right extensor digiti minimi	Правый разгибатель пальца мизинца	extensor digiti minimi	extensor digiti minimi	PROBABLE	0.86
FMA38505	left extensor digiti minimi	Левый разгибатель пальца мизинца	extensor digiti minimi	extensor digiti minimi	PROBABLE	0.86
FMA38506	extensor carpi ulnaris	Разгибатель кисти улнарис	extensor ulnaris carpi	extensor carpi ulnaris	EXACT	1.00
FMA38507	right extensor carpi ulnaris	Правый разгибатель кисти улнарис	extensor ulnaris carpi	extensor carpi ulnaris	PROBABLE	0.86
FMA38508	left extensor carpi ulnaris	Левый разгибатель кисти улнарис	extensor ulnaris carpi	extensor carpi ulnaris	PROBABLE	0.86
FMA38509	deep muscle of posterior compartment of forearm	Глубокая мышца задняя компартмент предплечье			NO_MATCH	0.00
FMA38512	supinator	Супинатор	supinator	supinator	EXACT	1.00
FMA38513	right supinator	Правый супинатор	supinator	supinator	PROBABLE	0.86
FMA38514	left supinator	Левый супинатор	supinator	supinator	PROBABLE	0.86
FMA38515	abductor pollicis longus	Длинная мышца, отводящая большой палец кисти	abductor longus pollicis	abductor pollicis longus	EXACT	1.00
FMA38516	right abductor pollicis longus	Правый отводящая мышца большого пальца кисти длинная	abductor longus pollicis	abductor pollicis longus	PROBABLE	0.86
FMA38517	left abductor pollicis longus	Левый отводящая мышца большого пальца кисти длинная	abductor longus pollicis	abductor pollicis longus	PROBABLE	0.86
FMA38518	extensor pollicis brevis	Разгибатель большого пальца кисти короткая	extensor brevis pollicis	extensor pollicis brevis	EXACT	1.00
FMA38519	right extensor pollicis brevis	Правый разгибатель большого пальца кисти короткая	extensor brevis pollicis	extensor pollicis brevis	PROBABLE	0.86
FMA38520	left extensor pollicis brevis	Левый разгибатель большого пальца кисти короткая	extensor brevis pollicis	extensor pollicis brevis	PROBABLE	0.86
FMA38521	extensor pollicis longus	Разгибатель большого пальца кисти длинная	extensor longus pollicis	extensor pollicis longus	EXACT	1.00
FMA38522	right extensor pollicis longus	Правый разгибатель большого пальца кисти длинная	extensor longus pollicis	extensor pollicis longus	PROBABLE	0.86
FMA38523	left extensor pollicis longus	Левый разгибатель большого пальца кисти длинная	extensor longus pollicis	extensor pollicis longus	PROBABLE	0.86
FMA38524	extensor indicis	Разгибатель индикис	extensor indicis	extensor indicis	EXACT	1.00
FMA38525	right extensor indicis	Правый разгибатель индикис	extensor indicis	extensor indicis	PROBABLE	0.86
FMA38526	left extensor indicis	Левый разгибатель индикис	extensor indicis	extensor indicis	PROBABLE	0.86
FMA38558	humeral head of pronator teres	Плечевая головка круглого пронатора	caput superficiale pronatoris teretis	superficial head of pronator teres	EXACT	1.00
FMA38559	ulnar head of pronator teres	Локтевая головка круглого пронатора	caput profundum pronatoris teretis	deep head of pronator teres	EXACT	1.00
FMA38560	humeral head of right pronator teres	Плечевая головка правого круглого пронатора	caput superficiale pronatoris teretis	superficial head of pronator teres	PROBABLE	0.86
FMA38561	humeral head of left pronator teres	Плечевая головка левого круглого пронатора	caput superficiale pronatoris teretis	superficial head of pronator teres	PROBABLE	0.86
FMA38562	ulnar head of right pronator teres	Локтевая головка правого круглого пронатора	caput profundum pronatoris teretis	deep head of pronator teres	PROBABLE	0.86
FMA38563	ulnar head of left pronator teres	Локтевая головка левого круглого пронатора	caput profundum pronatoris teretis	deep head of pronator teres	PROBABLE	0.86
FMA38615	humeral head of flexor carpi ulnaris	Плечевая головка локтевого сгибателя запястья	caput humerale flexoris ulnaris carpi	humeral head of flexor carpi ulnaris	EXACT	1.00
FMA38616	ulnar head of flexor carpi ulnaris	Локтевая головка сгибатель кисти улнарис	caput ulnare flexoris ulnaris carpi	ulnar head of flexor carpi ulnaris	EXACT	1.00
FMA38617	humeral head of right flexor carpi ulnaris	Плечевая головка правого локтевого сгибателя запястья	caput humerale flexoris ulnaris carpi	humeral head of flexor carpi ulnaris	PROBABLE	0.86
FMA38618	humeral head of left flexor carpi ulnaris	Плечевая головка левого локтевого сгибателя запястья	caput humerale flexoris ulnaris carpi	humeral head of flexor carpi ulnaris	PROBABLE	0.86
FMA38619	ulnar head of right flexor carpi ulnaris	Локтевая головка правый сгибатель кисти улнарис	caput ulnare flexoris ulnaris carpi	ulnar head of flexor carpi ulnaris	PROBABLE	0.86
FMA38620	ulnar head of left flexor carpi ulnaris	Локтевая головка левый сгибатель кисти улнарис	caput ulnare flexoris ulnaris carpi	ulnar head of flexor carpi ulnaris	PROBABLE	0.86
FMA38928	right rectus femoris	Правый прямая мышца бедра			NO_MATCH	0.00
FMA38929	left rectus femoris	Левый прямая мышца бедра			NO_MATCH	0.00
FMA38930	right vastus lateralis	Правый вастус латеральная			NO_MATCH	0.00
FMA38931	left vastus lateralis	Левый вастус латеральная			NO_MATCH	0.00
FMA38932	right vastus medialis	Правый вастус медиальная			NO_MATCH	0.00
FMA38933	left vastus medialis	Левый вастус медиальная			NO_MATCH	0.00
FMA38934	right vastus intermedius	Правый вастус интэрмэдиус			NO_MATCH	0.00
FMA38935	left vastus intermedius	Левый вастус интэрмэдиус			NO_MATCH	0.00
FMA39988	flexor retinaculum of wrist	Сгибатель удерживатель запястье	retinaculum flexorium carpi	flexor retinaculum of wrist	EXACT	1.00
FMA40120	flexor retinaculum of right wrist	Сгибатель удерживатель правый запястье	retinaculum flexorium carpi	flexor retinaculum of wrist	PROBABLE	0.86
FMA40121	flexor retinaculum of left wrist	Сгибатель удерживатель левый запястье	retinaculum flexorium carpi	flexor retinaculum of wrist	PROBABLE	0.86
FMA42380	intrinsic muscle of hand	Собственная мышца кисти			NO_MATCH	0.00
FMA42398	set of lumbricals of right hand	Совокупность червеобразных мышц правой кисти			NO_MATCH	0.00
FMA42399	set of lumbricals of left hand	Совокупность червеобразных мышц левой кисти			NO_MATCH	0.00
FMA42402	set of palmar interossei of right hand	Совокупность ладонных межкостных мышц правой кисти			NO_MATCH	0.00
FMA42403	set of palmar interossei of left hand	Совокупность ладонных межкостных мышц левой кисти			NO_MATCH	0.00
FMA42404	set of dorsal interossei of right hand	Совокупность тыльных межкостных мышц правой кисти			NO_MATCH	0.00
FMA42405	set of dorsal interossei of left hand	Совокупность тыльных межкостных мышц левой кисти			NO_MATCH	0.00
FMA42603	organ component cluster	Орган компонент клустэр			NO_MATCH	0.00
FMA43252	proximal phalanx of big toe	Проксимальная фаланга биг палец стопы			NO_MATCH	0.00
FMA43253	proximal phalanx of right big toe	Проксимальная фаланга правый биг палец стопы			NO_MATCH	0.00
FMA43254	proximal phalanx of left big toe	Проксимальная фаланга левый биг палец стопы			NO_MATCH	0.00
FMA43882	gracilis	Тонкая мышца			NO_MATCH	0.00
FMA43883	right gracilis	Правый тонкая мышца			NO_MATCH	0.00
FMA43884	left gracilis	Левый тонкая мышца			NO_MATCH	0.00
FMA43885	adductor minimus	Малая приводящая мышца	adductor minimus	adductor minimus	EXACT	1.00
FMA43886	right adductor minimus	Правый приводящая мышца минимус	adductor minimus	adductor minimus	PROBABLE	0.86
FMA43887	left adductor minimus	Левый приводящая мышца минимус	adductor minimus	adductor minimus	PROBABLE	0.86
FMA43888	inferior lateral genicular artery	Нижняя латеральная коленная артерия	arteria inferior lateralis genus	inferior lateral genicular artery	EXACT	1.00
FMA43889	inferior medial genicular artery	Нижняя медиальная коленная артерия	arteria inferior medialis genus	inferior medial genicular artery	EXACT	1.00
FMA43890	right inferior medial genicular artery	Правый нижняя медиальная коленная артерия	arteria inferior medialis genus	inferior medial genicular artery	PROBABLE	0.86
FMA43891	left inferior medial genicular artery	Левый нижняя медиальная коленная артерия	arteria inferior medialis genus	inferior medial genicular artery	PROBABLE	0.86
FMA43892	right inferior lateral genicular artery	Правый нижняя латеральная коленная артерия	arteria inferior lateralis genus	inferior lateral genicular artery	PROBABLE	0.86
FMA43893	left inferior lateral genicular artery	Левый нижняя латеральная коленная артерия	arteria inferior lateralis genus	inferior lateral genicular artery	PROBABLE	0.86
FMA43894	anterior tibial artery	Передняя большеберцовая артерия	arteria tibialis anterior	anterior tibial artery	EXACT	1.00
FMA43895	posterior tibial artery	Задняя большеберцовая артерия	arteria tibialis posterior	posterior tibial artery	EXACT	1.00
FMA43896	right anterior tibial artery	Правый передняя большеберцовая артерия	arteria tibialis anterior	anterior tibial artery	PROBABLE	0.86
FMA43897	left anterior tibial artery	Левый передняя большеберцовая артерия	arteria tibialis anterior	anterior tibial artery	PROBABLE	0.86
FMA43898	right posterior tibial artery	Правый задняя большеберцовая артерия	arteria tibialis posterior	posterior tibial artery	PROBABLE	0.86
FMA43899	left posterior tibial artery	Левый задняя большеберцовая артерия	arteria tibialis posterior	posterior tibial artery	PROBABLE	0.86
FMA43901	subdivision of posterior tibial artery	Подразделение задняя большеберцовая артерия			NO_MATCH	0.00
FMA43902	anterior tibial recurrent artery	Передняя возвратная большеберцовая артерия	arteria recurrens tibialis anterior	anterior tibial recurrent artery	EXACT	1.00
FMA43907	right anterior tibial recurrent artery	Правый передняя большеберцовая возвратная артерия	arteria recurrens tibialis anterior	anterior tibial recurrent artery	PROBABLE	0.86
FMA43908	left anterior tibial recurrent artery	Левый передняя большеберцовая возвратная артерия	arteria recurrens tibialis anterior	anterior tibial recurrent artery	PROBABLE	0.86
FMA43915	dorsalis pedis artery	Дорсалис пэдис артерия	arteria dorsalis pedis	dorsalis pedis artery	EXACT	1.00
FMA43916	right dorsalis pedis artery	Правый дорсалис пэдис артерия	arteria dorsalis pedis	dorsalis pedis artery	PROBABLE	0.86
FMA43917	left dorsalis pedis artery	Левый дорсалис пэдис артерия	arteria dorsalis pedis	dorsalis pedis artery	PROBABLE	0.86
FMA43925	medial plantar artery	Медиальная подошвенная артерия	arteria plantaris medialis	medial plantar artery	EXACT	1.00
FMA43926	lateral plantar artery	Латеральная подошвенная артерия	arteria plantaris lateralis	lateral plantar artery	EXACT	1.00
FMA43929	right medial plantar artery	Правый медиальная подошвенная артерия	arteria plantaris medialis	medial plantar artery	PROBABLE	0.86
FMA43930	left medial plantar artery	Левый медиальная подошвенная артерия	arteria plantaris medialis	medial plantar artery	PROBABLE	0.86
FMA43931	right lateral plantar artery	Правый латеральная подошвенная артерия	arteria plantaris lateralis	lateral plantar artery	PROBABLE	0.86
FMA43932	left lateral plantar artery	Левый латеральная подошвенная артерия	arteria plantaris lateralis	lateral plantar artery	PROBABLE	0.86
FMA43933	superficial medial plantar artery	Поверхностная медиальная подошвенная артерия			NO_MATCH	0.00
FMA43937	right superficial medial plantar artery	Правый поверхностная медиальная подошвенная артерия			NO_MATCH	0.00
FMA43938	left superficial medial plantar artery	Левый поверхностная медиальная подошвенная артерия			NO_MATCH	0.00
FMA43940	branch of lateral plantar artery	Ветвь латеральной подошвенной артерии			NO_MATCH	0.00
FMA43941	branch of medial plantar artery	Ветвь медиальной подошвенной артерии			NO_MATCH	0.00
FMA43942	plantar arch	Подошвенная дуга	arcus plantaris	plantar arch	EXACT	1.00
FMA43943	right plantar arch	Правый подошвенная дуга	arcus plantaris	plantar arch	PROBABLE	0.86
FMA43944	left plantar arch	Левый подошвенная дуга	arcus plantaris	plantar arch	PROBABLE	0.86
FMA43956	plantar metatarsal artery	Подошвенная плюсневая кость артерия			NO_MATCH	0.00
FMA44197	tarsal ligament	Предплюсневая кость связка			NO_MATCH	0.00
FMA44245	plantar tarsal ligament	Подошвенная предплюсневая кость связка			NO_MATCH	0.00
FMA44248	long plantar ligament	Длинная подошвенная связка	ligamentum plantare longum	long plantar ligament	EXACT	1.00
FMA44249	right long plantar ligament	Правый длинная подошвенная связка	ligamentum plantare longum	long plantar ligament	PROBABLE	0.86
FMA44250	left long plantar ligament	Левый длинная подошвенная связка	ligamentum plantare longum	long plantar ligament	PROBABLE	0.86
FMA44318	superficial epigastric vein	Поверхностная надчревная вена	vena epigastrica superficialis	superficial epigastric vein	EXACT	1.00
FMA44323	tributary of femoral vein	Приток бедренная вена			NO_MATCH	0.00
FMA44324	tributary of deep femoral vein	Приток глубокая бедренная вена			NO_MATCH	0.00
FMA44325	medial circumflex femoral vein	Медиальная огибающая бедренная вена			NO_MATCH	0.00
FMA44326	lateral circumflex femoral vein	Латеральная огибающая бедренная вена			NO_MATCH	0.00
FMA44327	popliteal vein	Подколенная вена	vena poplitea	popliteal vein	EXACT	1.00
FMA44328	right popliteal vein	Правый подколенная вена	vena poplitea	popliteal vein	PROBABLE	0.86
FMA44329	left popliteal vein	Левый подколенная вена	vena poplitea	popliteal vein	PROBABLE	0.86
FMA44330	tributary of popliteal vein	Приток подколенная вена			NO_MATCH	0.00
FMA44331	anterior tibial vein	Передняя большеберцовая вена			NO_MATCH	0.00
FMA44332	posterior tibial vein	Задняя большеберцовая вена			NO_MATCH	0.00
FMA44333	small saphenous vein	Малая подкожная вена	vena saphena parva	small saphenous vein	EXACT	1.00
FMA44334	right small saphenous vein	Правый малая подкожная вена	vena saphena parva	small saphenous vein	PROBABLE	0.86
FMA44335	left small saphenous vein	Левый малая подкожная вена	vena saphena parva	small saphenous vein	PROBABLE	0.86
FMA44336	right anterior tibial vein	Правый передняя большеберцовая вена			NO_MATCH	0.00
FMA44337	left anterior tibial vein	Левый передняя большеберцовая вена			NO_MATCH	0.00
FMA44338	right posterior tibial vein	Правый задняя большеберцовая вена			NO_MATCH	0.00
FMA44339	left posterior tibial vein	Левый задняя большеберцовая вена			NO_MATCH	0.00
FMA44340	right superficial epigastric vein	Правый поверхностная надчревная вена	vena epigastrica superficialis	superficial epigastric vein	PROBABLE	0.86
FMA44341	left superficial epigastric vein	Левый поверхностная надчревная вена	vena epigastrica superficialis	superficial epigastric vein	PROBABLE	0.86
FMA44356	dorsal venous arch of foot	Тыльная венозная дуга стопа	arcus venosus dorsalis pedis	dorsal venous arch of foot	EXACT	1.00
FMA44489	plantar venous arch of foot	Подошвенная венозная дуга стопа			NO_MATCH	0.00
FMA44499	tributary of plantar venous arch	Приток подошвенная венозная дуга			NO_MATCH	0.00
FMA44504	plantar metatarsal vein	Подошвенная плюсневая кость вена			NO_MATCH	0.00
FMA44558	fibular vein	Малоберцовая вена			NO_MATCH	0.00
FMA44559	genicular vein	Коленная вена			NO_MATCH	0.00
FMA44594	arcuate artery	Дуговая артерия	arteria arcuata	arcuate artery	EXACT	1.00
FMA44595	lateral tarsal artery	Латеральная предплюсневая кость артерия	arteria tarsea lateralis	lateral tarsal artery	EXACT	1.00
FMA44660	dorsal digital artery of foot	Тыльная пальцевая артерия стопа			NO_MATCH	0.00
FMA44881	dorsal venous arch of right foot	Тыльная венозная дуга правый стопа	arcus venosus dorsalis pedis	dorsal venous arch of foot	PROBABLE	0.86
FMA44882	dorsal venous arch of left foot	Тыльная венозная дуга левый стопа	arcus venosus dorsalis pedis	dorsal venous arch of foot	PROBABLE	0.86
FMA44883	plantar venous arch of right foot	Подошвенная венозная дуга правый стопа			NO_MATCH	0.00
FMA44884	plantar venous arch of left foot	Подошвенная венозная дуга левый стопа			NO_MATCH	0.00
FMA44885	right fibular vein	Правый малоберцовая вена			NO_MATCH	0.00
FMA44886	left fibular vein	Левый малоберцовая вена			NO_MATCH	0.00
FMA44887	right genicular vein	Правый коленная вена			NO_MATCH	0.00
FMA44888	left genicular vein	Левый коленная вена			NO_MATCH	0.00
FMA44918	right medial circumflex femoral vein	Правый медиальная огибающая бедренная вена			NO_MATCH	0.00
FMA44919	left medial circumflex femoral vein	Левый медиальная огибающая бедренная вена			NO_MATCH	0.00
FMA44920	right lateral circumflex femoral vein	Правый латеральная огибающая бедренная вена			NO_MATCH	0.00
FMA44922	left lateral circumflex femoral vein	Левый латеральная огибающая бедренная вена			NO_MATCH	0.00
FMA45096	sesamoid bone of foot	Сэсамоид кость стопа			NO_MATCH	0.00
FMA45097	sesamoid bone of right foot	Сэсамоид кость правый стопа			NO_MATCH	0.00
FMA45098	sesamoid bone of left foot	Сэсамоид кость левый стопа			NO_MATCH	0.00
FMA45638	subdivision of nervous system	Подразделение нервная система			NO_MATCH	0.00
FMA45728	anatomical lobe	Анатомическая доля			NO_MATCH	0.00
FMA45729	head of organ	Головка орган			NO_MATCH	0.00
FMA45732	parenchyma	Парэнчйма			NO_MATCH	0.00
FMA45734	body of organ	Тело органа			NO_MATCH	0.00
FMA45738	platysma	Платйсма	platysma	platysma	EXACT	1.00
FMA45739	right platysma	Правый платйсма	platysma	platysma	PROBABLE	0.86
FMA45740	left platysma	Левый платйсма	platysma	platysma	PROBABLE	0.86
FMA45826	right stylohyoid	Правый шилоподъязычная			NO_MATCH	0.00
FMA45827	left stylohyoid	Левый шилоподъязычная			NO_MATCH	0.00
FMA45854	right pubococcygeus	Правый пубококкйгэус			NO_MATCH	0.00
FMA45855	left pubococcygeus	Левый пубококкйгэус			NO_MATCH	0.00
FMA45856	right puborectalis	Правый пуборэкталис			NO_MATCH	0.00
FMA45857	left puborectalis	Левый пуборэкталис			NO_MATCH	0.00
FMA45858	right iliococcygeus	Правый илиококкйгэус			NO_MATCH	0.00
FMA45859	left iliococcygeus	Левый илиококкйгэус			NO_MATCH	0.00
FMA45874	abdominal part of right pectoralis major	Брюшная часть правой большой грудной мышцы			NO_MATCH	0.00
FMA45875	abdominal part of left pectoralis major	Брюшная часть левой большой грудной мышцы			NO_MATCH	0.00
FMA45881	head of biceps femoris	Головка двуглавая мышца бедра			NO_MATCH	0.00
FMA45887	long head of biceps femoris	Длинная головка двуглавая мышца бедра	caput longum musculi bicipitis femoris	long head of biceps femoris	EXACT	1.00
FMA45888	long head of right biceps femoris	Длинная головка правый двуглавая мышца бедра	caput longum musculi bicipitis femoris	long head of biceps femoris	PROBABLE	0.86
FMA45889	long head of left biceps femoris	Длинная головка левый двуглавая мышца бедра	caput longum musculi bicipitis femoris	long head of biceps femoris	PROBABLE	0.86
FMA45890	short head of biceps femoris	Короткая головка двуглавая мышца бедра	caput breve musculi bicipitis femoris	short head of biceps femoris	EXACT	1.00
FMA45891	short head of right biceps femoris	Короткая головка правый двуглавая мышца бедра	caput breve musculi bicipitis femoris	short head of biceps femoris	PROBABLE	0.86
FMA45892	short head of left biceps femoris	Короткая головка левый двуглавая мышца бедра	caput breve musculi bicipitis femoris	short head of biceps femoris	PROBABLE	0.86
FMA45950	head of gastrocnemius	Головка икроножная мышца			NO_MATCH	0.00
FMA45956	medial head of gastrocnemius	Медиальная головка икроножная мышца	caput mediale musculi gastrocnemii	medial head of gastrocnemius	EXACT	1.00
FMA45957	medial head of right gastrocnemius	Медиальная головка правый икроножная мышца	caput mediale musculi gastrocnemii	medial head of gastrocnemius	PROBABLE	0.86
FMA45958	medial head of left gastrocnemius	Медиальная головка левый икроножная мышца	caput mediale musculi gastrocnemii	medial head of gastrocnemius	PROBABLE	0.86
FMA45959	lateral head of gastrocnemius	Латеральная головка икроножная мышца	caput laterale musculi gastrocnemii	lateral head of gastrocnemius	EXACT	1.00
FMA45960	lateral head of right gastrocnemius	Латеральная головка правый икроножная мышца	caput laterale musculi gastrocnemii	lateral head of gastrocnemius	PROBABLE	0.86
FMA45961	lateral head of left gastrocnemius	Латеральная головка левый икроножная мышца	caput laterale musculi gastrocnemii	lateral head of gastrocnemius	PROBABLE	0.86
FMA45963	head of flexor hallucis brevis	Головка сгибатель большого пальца стопы короткая			NO_MATCH	0.00
FMA45969	medial head of flexor hallucis brevis	Медиальная головка сгибатель большого пальца стопы короткая	caput mediale flexoris brevis hallucis	medial head of flexor hallucis brevis	EXACT	1.00
FMA45970	lateral head of flexor hallucis brevis	Латеральная головка сгибатель большого пальца стопы короткая	caput laterale flexoris brevis hallucis	lateral head of flexor hallucis brevis	EXACT	1.00
FMA45971	medial head of right flexor hallucis brevis	Медиальная головка правый сгибатель большого пальца стопы короткая	caput mediale flexoris brevis hallucis	medial head of flexor hallucis brevis	PROBABLE	0.86
FMA45972	medial head of left flexor hallucis brevis	Медиальная головка левый сгибатель большого пальца стопы короткая	caput mediale flexoris brevis hallucis	medial head of flexor hallucis brevis	PROBABLE	0.86
FMA45973	lateral head of right flexor hallucis brevis	Латеральная головка правый сгибатель большого пальца стопы короткая	caput laterale flexoris brevis hallucis	lateral head of flexor hallucis brevis	PROBABLE	0.86
FMA45974	lateral head of left flexor hallucis brevis	Латеральная головка левый сгибатель большого пальца стопы короткая	caput laterale flexoris brevis hallucis	lateral head of flexor hallucis brevis	PROBABLE	0.86
FMA46012	head of adductor hallucis	Головка приводящая мышца большого пальца стопы			NO_MATCH	0.00
FMA46014	oblique head of adductor hallucis	Косая мышца головка приводящая мышца большого пальца стопы	caput obliquum adductoris hallucis	oblique head of adductor hallucis	EXACT	1.00
FMA46015	transverse head of adductor hallucis	Поперечная головка приводящая мышца большого пальца стопы	caput transversum adductoris hallucis	transverse head of adductor hallucis	EXACT	1.00
FMA46018	oblique head of right adductor hallucis	Косая мышца головка правый приводящая мышца большого пальца стопы	caput obliquum adductoris hallucis	oblique head of adductor hallucis	PROBABLE	0.86
FMA46019	oblique head of left adductor hallucis	Косая мышца головка левый приводящая мышца большого пальца стопы	caput obliquum adductoris hallucis	oblique head of adductor hallucis	PROBABLE	0.86
FMA46020	transverse head of right adductor hallucis	Поперечная головка правый приводящая мышца большого пальца стопы	caput transversum adductoris hallucis	transverse head of adductor hallucis	PROBABLE	0.86
FMA46021	transverse head of left adductor hallucis	Поперечная головка левый приводящая мышца большого пальца стопы	caput transversum adductoris hallucis	transverse head of adductor hallucis	PROBABLE	0.86
FMA46104	superficial head of flexor pollicis brevis	Поверхностная головка сгибатель большого пальца кисти короткая	caput superficiale flexoris brevis pollicis	superficial head of flexor pollicis brevis	EXACT	1.00
FMA46119	oblique head of adductor pollicis	Косая мышца головка приводящая мышца большого пальца кисти	caput obliquum adductoris pollicis	oblique head of adductor pollicis	EXACT	1.00
FMA46120	transverse head of adductor pollicis	Поперечная головка приводящая мышца большого пальца кисти	caput transversum adductoris pollicis	transverse head of adductor pollicis	EXACT	1.00
FMA46121	oblique head of right adductor pollicis	Косая мышца головка правый приводящая мышца большого пальца кисти	caput obliquum adductoris pollicis	oblique head of adductor pollicis	PROBABLE	0.86
FMA46122	oblique head of left adductor pollicis	Косая мышца головка левый приводящая мышца большого пальца кисти	caput obliquum adductoris pollicis	oblique head of adductor pollicis	PROBABLE	0.86
FMA46123	transverse head of right adductor pollicis	Поперечная головка правый приводящая мышца большого пальца кисти	caput transversum adductoris pollicis	transverse head of adductor pollicis	PROBABLE	0.86
FMA46124	transverse head of left adductor pollicis	Поперечная головка левый приводящая мышца большого пальца кисти	caput transversum adductoris pollicis	transverse head of adductor pollicis	PROBABLE	0.86
FMA46279	zone of longus colli	Зона длинная колли			NO_MATCH	0.00
FMA46280	superior oblique part of longus colli	Верхняя косая мышца часть длинная колли			NO_MATCH	0.00
FMA46281	inferior oblique part of longus colli	Нижняя косая мышца часть длинная колли			NO_MATCH	0.00
FMA46282	vertical intermediate part of longus colli	Вертикальная промежуточная часть длинная колли			NO_MATCH	0.00
FMA46284	superior oblique part of left longus colli	Верхняя косая мышца часть левый длинная колли			NO_MATCH	0.00
FMA46286	vertical intermediate part of left longus colli	Вертикальная промежуточная часть левый длинная колли			NO_MATCH	0.00
FMA46288	inferior oblique part of left longus colli	Нижняя косая мышца часть левый длинная колли			NO_MATCH	0.00
FMA46290	suprahyoid muscle	Супрахйоид мышца			NO_MATCH	0.00
FMA46291	digastric	Дигастрик			NO_MATCH	0.00
FMA46292	right digastric	Правый дигастрик			NO_MATCH	0.00
FMA46293	left digastric	Левый дигастрик			NO_MATCH	0.00
FMA46308	longus capitis	Длинная головки			NO_MATCH	0.00
FMA46309	right longus capitis	Правый длинная головки			NO_MATCH	0.00
FMA46310	left longus capitis	Левый длинная головки			NO_MATCH	0.00
FMA46312	rectus capitis anterior	Прямая мышца головки передняя			NO_MATCH	0.00
FMA46313	right rectus capitis anterior	Правый прямая мышца головки передняя			NO_MATCH	0.00
FMA46314	left rectus capitis anterior	Левый прямая мышца головки передняя			NO_MATCH	0.00
FMA46316	rectus capitis lateralis	Прямая мышца головки латеральная			NO_MATCH	0.00
FMA46317	right rectus capitis lateralis	Правый прямая мышца головки латеральная			NO_MATCH	0.00
FMA46318	left rectus capitis lateralis	Левый прямая мышца головки латеральная			NO_MATCH	0.00
FMA46320	mylohyoid	Мйлохйоид			NO_MATCH	0.00
FMA46321	right mylohyoid	Правый мйлохйоид			NO_MATCH	0.00
FMA46322	left mylohyoid	Левый мйлохйоид			NO_MATCH	0.00
FMA46325	geniohyoid	Гэниохйоид			NO_MATCH	0.00
FMA46326	right geniohyoid	Правый гэниохйоид			NO_MATCH	0.00
FMA46327	left geniohyoid	Левый гэниохйоид			NO_MATCH	0.00
FMA46442	tendinous arch of levator ani	Сухожильная дуга мышца, поднимающая ани	arcus tendineus levatoris ani	tendinous arch of levator ani	EXACT	1.00
FMA46443	right coccygeus	Правый коккйгэус			NO_MATCH	0.00
FMA46444	left coccygeus	Левый коккйгэус			NO_MATCH	0.00
FMA46490	subdivision of mouth	Подразделение полость рта			NO_MATCH	0.00
FMA46562	muscle of larynx	Мышца гортань			NO_MATCH	0.00
FMA46576	posterior crico-arytenoid	Задняя перстнечерпаловидная мышца			NO_MATCH	0.00
FMA46577	right posterior crico-arytenoid	Правая задняя перстнечерпаловидная мышца			NO_MATCH	0.00
FMA46578	left posterior crico-arytenoid	Левая задняя перстнечерпаловидная мышца			NO_MATCH	0.00
FMA46579	lateral crico-arytenoid	Латеральная перстнечерпаловидная мышца			NO_MATCH	0.00
FMA46580	right lateral crico-arytenoid	Правая латеральная перстнечерпаловидная мышца			NO_MATCH	0.00
FMA46581	left lateral crico-arytenoid	Левая латеральная перстнечерпаловидная мышца			NO_MATCH	0.00
FMA46582	transverse arytenoid	Поперечная черпаловидная мышца			NO_MATCH	0.00
FMA46583	oblique arytenoid	Косая черпаловидная мышца			NO_MATCH	0.00
FMA46584	right oblique arytenoid	Правая косая черпаловидная мышца			NO_MATCH	0.00
FMA46585	left oblique arytenoid	Левая косая черпаловидная мышца			NO_MATCH	0.00
FMA46588	thyro-arytenoid	Щиточерпаловидная мышца			NO_MATCH	0.00
FMA46589	right thyro-arytenoid	Правая щиточерпаловидная мышца			NO_MATCH	0.00
FMA46590	left thyro-arytenoid	Левая щиточерпаловидная мышца			NO_MATCH	0.00
FMA46591	vocalis	Вокалис			NO_MATCH	0.00
FMA46592	right vocalis	Правый вокалис			NO_MATCH	0.00
FMA46593	left vocalis	Левый вокалис			NO_MATCH	0.00
FMA46601	zone of oblique arytenoid	Зона косой черпаловидной мышцы			NO_MATCH	0.00
FMA46602	aryepiglotticus	Черпалонадгортанная мышца			NO_MATCH	0.00
FMA46604	right aryepiglotticus	Правый арйэпиглоттикус			NO_MATCH	0.00
FMA46605	left aryepiglotticus	Левый арйэпиглоттикус			NO_MATCH	0.00
FMA46608	zone of cricothyroid	Зона перстнещитовидной мышцы			NO_MATCH	0.00
FMA46609	straight part of cricothyroid	Прямая часть перстнещитовидной мышцы			NO_MATCH	0.00
FMA46610	oblique part of cricothyroid	Косая часть перстнещитовидной мышцы			NO_MATCH	0.00
FMA46611	straight part of right cricothyroid	Прямая часть правого перстнещитовидной мышцы			NO_MATCH	0.00
FMA46612	straight part of left cricothyroid	Прямая часть левого перстнещитовидной мышцы			NO_MATCH	0.00
FMA46613	oblique part of right cricothyroid	Косая часть правого перстнещитовидной мышцы			NO_MATCH	0.00
FMA46614	oblique part of left cricothyroid	Косая часть левого перстнещитовидной мышцы			NO_MATCH	0.00
FMA46619	muscle of pharynx	Мышца глотка			NO_MATCH	0.00
FMA46620	constrictor muscle of pharynx	Сжиматель мышца глотка			NO_MATCH	0.00
FMA46621	superior pharyngeal constrictor	Верхняя глоточная сжиматель	constrictor superior pharyngis	superior pharyngeal constrictor	EXACT	1.00
FMA46622	middle pharyngeal constrictor	Средняя глоточная сжиматель	constrictor medius pharyngis	middle pharyngeal constrictor	EXACT	1.00
FMA46623	inferior pharyngeal constrictor	Нижняя глоточная сжиматель	constrictor inferior pharyngis	inferior pharyngeal constrictor	EXACT	1.00
FMA46631	right superior pharyngeal constrictor	Правый верхняя глоточная сжиматель	constrictor superior pharyngis	superior pharyngeal constrictor	PROBABLE	0.86
FMA46632	left superior pharyngeal constrictor	Левый верхняя глоточная сжиматель	constrictor superior pharyngis	superior pharyngeal constrictor	PROBABLE	0.86
FMA46633	right middle pharyngeal constrictor	Правый средняя глоточная сжиматель	constrictor medius pharyngis	middle pharyngeal constrictor	PROBABLE	0.86
FMA46634	left middle pharyngeal constrictor	Левый средняя глоточная сжиматель	constrictor medius pharyngis	middle pharyngeal constrictor	PROBABLE	0.86
FMA46635	right inferior pharyngeal constrictor	Правый нижняя глоточная сжиматель	constrictor inferior pharyngis	inferior pharyngeal constrictor	PROBABLE	0.86
FMA46636	left inferior pharyngeal constrictor	Левый нижняя глоточная сжиматель	constrictor inferior pharyngis	inferior pharyngeal constrictor	PROBABLE	0.86
FMA46664	stylopharyngeus	Стйлофарйнгэус			NO_MATCH	0.00
FMA46665	salpingopharyngeus	Салпингофарйнгэус			NO_MATCH	0.00
FMA46666	palatopharyngeus	Палатофарйнгэус			NO_MATCH	0.00
FMA46667	right stylopharyngeus	Правый стйлофарйнгэус			NO_MATCH	0.00
FMA46668	left stylopharyngeus	Левый стйлофарйнгэус			NO_MATCH	0.00
FMA46669	right salpingopharyngeus	Правый салпингофарйнгэус			NO_MATCH	0.00
FMA46670	left salpingopharyngeus	Левый салпингофарйнгэус			NO_MATCH	0.00
FMA46671	right palatopharyngeus	Правый палатофарйнгэус			NO_MATCH	0.00
FMA46672	left palatopharyngeus	Левый палатофарйнгэус			NO_MATCH	0.00
FMA46689	muscle of tongue	Мышца язык			NO_MATCH	0.00
FMA46690	genioglossus	Гэниоглоссус			NO_MATCH	0.00
FMA46691	hyoglossus	Хйоглоссус			NO_MATCH	0.00
FMA46698	right genioglossus	Правый гэниоглоссус			NO_MATCH	0.00
FMA46699	extrinsic muscle of tongue	Экстринсик мышца язык			NO_MATCH	0.00
FMA46702	left genioglossus	Левый гэниоглоссус			NO_MATCH	0.00
FMA46703	right hyoglossus	Правый хйоглоссус			NO_MATCH	0.00
FMA46704	left hyoglossus	Левый хйоглоссус			NO_MATCH	0.00
FMA46726	muscle of palate	Мышца нёбо			NO_MATCH	0.00
FMA46727	levator veli palatini	Мышца, поднимающая вэли палатини	levator veli palatini	levator veli palatini	EXACT	1.00
FMA46728	right levator veli palatini	Правый мышца, поднимающая вэли палатини	levator veli palatini	levator veli palatini	PROBABLE	0.86
FMA46729	left levator veli palatini	Левый мышца, поднимающая вэли палатини	levator veli palatini	levator veli palatini	PROBABLE	0.86
FMA46730	tensor veli palatini	Напрягатель вэли палатини	tensor veli palatini	tensor veli palatini	EXACT	1.00
FMA46731	right tensor veli palatini	Правый напрягатель вэли палатини	tensor veli palatini	tensor veli palatini	PROBABLE	0.86
FMA46732	left tensor veli palatini	Левый напрягатель вэли палатини	tensor veli palatini	tensor veli palatini	PROBABLE	0.86
FMA46733	uvular muscle	Увулар мышца			NO_MATCH	0.00
FMA46751	muscle of face	Мышца лицо			NO_MATCH	0.00
FMA49033	extra-ocular muscle	Экстра-окулар мышца			NO_MATCH	0.00
FMA49035	superior rectus	Верхняя прямая мышца			NO_MATCH	0.00
FMA49036	inferior rectus	Нижняя прямая мышца			NO_MATCH	0.00
FMA49037	medial rectus	Медиальная прямая мышца			NO_MATCH	0.00
FMA49038	lateral rectus	Латеральная прямая мышца			NO_MATCH	0.00
FMA49039	superior oblique	Верхняя косая мышца			NO_MATCH	0.00
FMA49040	inferior oblique	Нижняя косая мышца			NO_MATCH	0.00
FMA49041	levator palpebrae superioris	Мышца, поднимающая век супэриорис	levator palpebrae superioris	levator palpebrae superioris	EXACT	1.00
FMA49044	right superior rectus	Правый верхняя прямая мышца			NO_MATCH	0.00
FMA49045	left superior rectus	Левый верхняя прямая мышца			NO_MATCH	0.00
FMA49046	right inferior rectus	Правый нижняя прямая мышца			NO_MATCH	0.00
FMA49047	left inferior rectus	Левый нижняя прямая мышца			NO_MATCH	0.00
FMA49048	right levator palpebrae superioris	Правый мышца, поднимающая век супэриорис	levator palpebrae superioris	levator palpebrae superioris	PROBABLE	0.86
FMA49049	left levator palpebrae superioris	Левый мышца, поднимающая век супэриорис	levator palpebrae superioris	levator palpebrae superioris	PROBABLE	0.86
FMA49050	right inferior oblique	Правый нижняя косая мышца			NO_MATCH	0.00
FMA49051	left inferior oblique	Левый нижняя косая мышца			NO_MATCH	0.00
FMA49052	right superior oblique	Правый верхняя косая мышца			NO_MATCH	0.00
FMA49053	left superior oblique	Левый верхняя косая мышца			NO_MATCH	0.00
FMA49054	right lateral rectus	Правый латеральная прямая мышца			NO_MATCH	0.00
FMA49055	left lateral rectus	Левый латеральная прямая мышца			NO_MATCH	0.00
FMA49056	right medial rectus	Правый медиальная прямая мышца			NO_MATCH	0.00
FMA49057	left medial rectus	Левый медиальная прямая мышца			NO_MATCH	0.00
FMA49065	trochlea of superior oblique	Трочлэа верхняя косая мышца			NO_MATCH	0.00
FMA49067	trochlea of right superior oblique	Трочлэа правый верхняя косая мышца			NO_MATCH	0.00
FMA49068	trochlea of left superior oblique	Трочлэа левый верхняя косая мышца			NO_MATCH	0.00
FMA49071	common tendinous ring	Общая сухожильная кольцо	anulus tendineus communis	common tendinous ring	EXACT	1.00
FMA49072	right common tendinous ring	Правый общая сухожильная кольцо	anulus tendineus communis	common tendinous ring	PROBABLE	0.86
FMA49073	left common tendinous ring	Левый общая сухожильная кольцо	anulus tendineus communis	common tendinous ring	PROBABLE	0.86
FMA49143	check ligament of lateral rectus	Чэкк связка латеральная прямая мышца			NO_MATCH	0.00
FMA49144	check ligament of right lateral rectus	Чэкк связка правый латеральная прямая мышца			NO_MATCH	0.00
FMA49145	check ligament of left lateral rectus	Чэкк связка левый латеральная прямая мышца			NO_MATCH	0.00
FMA49146	check ligament of medial rectus	Чэкк связка медиальная прямая мышца			NO_MATCH	0.00
FMA49147	check ligament of right medial rectus	Чэкк связка правый медиальная прямая мышца			NO_MATCH	0.00
FMA49148	check ligament of left medial rectus	Чэкк связка левый медиальная прямая мышца			NO_MATCH	0.00
FMA49443	anatomical cluster	Анатомический кластер			NO_MATCH	0.00
FMA49868	ophthalmic artery	Офталмик артерия	arteria ophthalmica	ophthalmic artery	EXACT	1.00
FMA49869	right ophthalmic artery	Правый офталмик артерия	arteria ophthalmica	ophthalmic artery	PROBABLE	0.86
FMA49870	left ophthalmic artery	Левый офталмик артерия	arteria ophthalmica	ophthalmic artery	PROBABLE	0.86
FMA49893	coronary artery	Коронарная артерия			NO_MATCH	0.00
FMA49907	pulmonary venous tree organ	Лёгочный венозная дерево орган			NO_MATCH	0.00
FMA49908	superior pulmonary vein	Верхняя лёгочный вена			NO_MATCH	0.00
FMA49910	inferior pulmonary vein	Нижняя лёгочный вена			NO_MATCH	0.00
FMA49911	right inferior pulmonary vein	Правый нижняя лёгочный вена	vena pulmonalis dextra inferior	right inferior pulmonary vein	EXACT	1.00
FMA49913	left inferior pulmonary vein	Левый нижняя лёгочный вена	vena pulmonalis sinistra inferior	left inferior pulmonary vein	EXACT	1.00
FMA49914	right superior pulmonary vein	Правый верхняя лёгочный вена	vena pulmonalis dextra superior	right superior pulmonary vein	EXACT	1.00
FMA49916	left superior pulmonary vein	Левый верхняя лёгочный вена	vena pulmonalis sinistra superior	left superior pulmonary vein	EXACT	1.00
FMA49918	systemic arterial trunk	Системная артериальная туловище			NO_MATCH	0.00
FMA50028	anterior cerebral artery	Передняя мозговая артерия	arteria anterior cerebri	anterior cerebral artery	EXACT	1.00
FMA50029	right anterior cerebral artery	Правый передняя мозговая артерия	arteria anterior cerebri	anterior cerebral artery	PROBABLE	0.86
FMA50030	left anterior cerebral artery	Левый передняя мозговая артерия	arteria anterior cerebri	anterior cerebral artery	PROBABLE	0.86
FMA50031	branch of anterior cerebral artery	Ветвь передней мозговой артерии			NO_MATCH	0.00
FMA50080	zone of middle cerebral artery	Зона средняя мозговая артерия			NO_MATCH	0.00
FMA50081	branch of middle cerebral artery	Ветвь средней мозговой артерии			NO_MATCH	0.00
FMA50084	posterior communicating artery	Задняя соединительная артерия	arteria communicans posterior	posterior communicating artery	EXACT	1.00
FMA50085	right posterior communicating artery	Правый задняя соединительная артерия	arteria communicans posterior	posterior communicating artery	PROBABLE	0.86
FMA50086	left posterior communicating artery	Левый задняя соединительная артерия	arteria communicans posterior	posterior communicating artery	PROBABLE	0.86
FMA50087	anterior choroidal artery	Передняя ворсинчатая артерия	arteria chorioidea anterior	anterior choroidal artery	EXACT	1.00
FMA50088	right anterior choroidal artery	Правая передняя ворсинчатая артерия	arteria chorioidea anterior	anterior choroidal artery	PROBABLE	0.86
FMA50089	left anterior choroidal artery	Левая передняя ворсинчатая артерия	arteria chorioidea anterior	anterior choroidal artery	PROBABLE	0.86
FMA50112	branch of anterior choroidal artery	Ветвь передней ворсинчатой артерии			NO_MATCH	0.00
FMA50119	branch of anterior choroidal artery to posterior limb of internal capsule	Ветвь передней ворсинчатой артерии к задней ножке внутренней капсулы			NO_MATCH	0.00
FMA50146	branch of right anterior choroidal artery to posterior limb of right internal capsule	Ветвь правой передней ворсинчатой артерии к задней ножке правой внутренней капсулы			NO_MATCH	0.00
FMA50147	branch of left anterior choroidal artery to posterior limb of left internal capsule	Ветвь левой передней ворсинчатой артерии к задней ножке левой внутренней капсулы			NO_MATCH	0.00
FMA50168	branch of posterior communicating artery	Ветвь задней соединительной артерии			NO_MATCH	0.00
FMA50169	anterior communicating artery	Передняя соединительная артерия	arteria communicans anterior	anterior communicating artery	EXACT	1.00
FMA50185	musculature of subdivision of trunk	Мускулатура подразделение туловище			NO_MATCH	0.00
FMA50200	musculature of subdivision of upper limb	Мускулатура подразделение верхняя конечность			NO_MATCH	0.00
FMA50328	medial frontobasal artery	Медиальная фронтобасал артерия			NO_MATCH	0.00
FMA50330	callosomarginal artery	Мозолисто-краевая артерия	arteria callosomarginalis	callosomarginal artery	EXACT	1.00
FMA50331	branch of callosomarginal artery	Ветвь мозолисто-краевой артерии			NO_MATCH	0.00
FMA50333	intermediomedial branch of callosomarginal artery	Промежуточно-медиальная ветвь мозолисто-краевой артерии			NO_MATCH	0.00
FMA50334	posteromedial branch of callosomarginal artery	Заднемедиальная ветвь мозолисто-краевой артерии			NO_MATCH	0.00
FMA50336	paracentral branch of callosomarginal artery	Парацентральная ветвь мозолисто-краевой артерии			NO_MATCH	0.00
FMA50337	pericallosal artery	Пэрикаллосал артерия	arteria pericallosa	pericallosal artery	EXACT	1.00
FMA50338	branch of pericallosal artery	Ветвь околомозолистой артерии			NO_MATCH	0.00
FMA50339	precuneal branch of pericallosal artery	Прэкунэал ветвь пэрикаллосал артерия			NO_MATCH	0.00
FMA50343	right medial frontobasal artery	Правый медиальная фронтобасал артерия			NO_MATCH	0.00
FMA50344	left medial frontobasal artery	Левый медиальная фронтобасал артерия			NO_MATCH	0.00
FMA50347	right callosomarginal artery	Правая мозолисто-краевая артерия	arteria callosomarginalis	callosomarginal artery	PROBABLE	0.86
FMA50348	left callosomarginal artery	Левая мозолисто-краевая артерия	arteria callosomarginalis	callosomarginal artery	PROBABLE	0.86
FMA50351	intermediomedial branch of right callosomarginal artery	Промежуточно-медиальная ветвь правой мозолисто-краевой артерии			NO_MATCH	0.00
FMA50352	intermediomedial branch of left callosomarginal artery	Промежуточно-медиальная ветвь левой мозолисто-краевой артерии			NO_MATCH	0.00
FMA50353	posteromedial branch of right callosomarginal artery	Заднемедиальная ветвь правой мозолисто-краевой артерии			NO_MATCH	0.00
FMA50354	posteromedial branch of left callosomarginal artery	Заднемедиальная ветвь левой мозолисто-краевой артерии			NO_MATCH	0.00
FMA50357	paracentral branch of right callosomarginal artery	Парацентральная ветвь правой мозолисто-краевой артерии			NO_MATCH	0.00
FMA50358	paracentral branch of left callosomarginal artery	Парацентральная ветвь левой мозолисто-краевой артерии			NO_MATCH	0.00
FMA50359	right pericallosal artery	Правый пэрикаллосал артерия	arteria pericallosa	pericallosal artery	PROBABLE	0.86
FMA50360	left pericallosal artery	Левый пэрикаллосал артерия	arteria pericallosa	pericallosal artery	PROBABLE	0.86
FMA50361	precuneal branch of right pericallosal artery	Прэкунэал ветвь правый пэрикаллосал артерия			NO_MATCH	0.00
FMA50362	precuneal branch of left pericallosal artery	Прэкунэал ветвь левый пэрикаллосал артерия			NO_MATCH	0.00
FMA50365	sphenoid part of middle cerebral artery	Сфэноид часть средняя мозговая артерия			NO_MATCH	0.00
FMA50366	sphenoid part of right middle cerebral artery	Сфэноид часть правый средняя мозговая артерия			NO_MATCH	0.00
FMA50367	sphenoid part of left middle cerebral artery	Сфэноид часть левый средняя мозговая артерия			NO_MATCH	0.00
FMA50368	insular part of middle cerebral artery	Инсулар часть средняя мозговая артерия			NO_MATCH	0.00
FMA50369	insular part of right middle cerebral artery	Инсулар часть правый средняя мозговая артерия			NO_MATCH	0.00
FMA50370	insular part of left middle cerebral artery	Инсулар часть левый средняя мозговая артерия			NO_MATCH	0.00
FMA50376	anterolateral central branch of middle cerebral artery	Переднелатеральная центральная ветвь средней мозговой артерии			NO_MATCH	0.00
FMA50377	anterolateral central branch of right middle cerebral artery	Переднелатеральная центральная ветвь правой средней мозговой артерии			NO_MATCH	0.00
FMA50378	anterolateral central branch of left middle cerebral artery	Переднелатеральная центральная ветвь левой средней мозговой артерии			NO_MATCH	0.00
FMA50379	polar temporal artery	Полярная височная артерия			NO_MATCH	0.00
FMA50380	right polar temporal artery	Правый полярная височная артерия			NO_MATCH	0.00
FMA50381	left polar temporal artery	Левый полярная височная артерия			NO_MATCH	0.00
FMA50382	anterior temporal artery	Передняя височная артерия			NO_MATCH	0.00
FMA50383	right anterior temporal artery	Правый передняя височная артерия			NO_MATCH	0.00
FMA50384	left anterior temporal artery	Левый передняя височная артерия			NO_MATCH	0.00
FMA50391	musculature of subdivision of free upper limb	Мускулатура подразделение свободная верхняя конечность			NO_MATCH	0.00
FMA50427	hypothalamic branch of posterior communicating artery	Хйпоталамик ветвь задняя соединительная артерия			NO_MATCH	0.00
FMA50428	hypothalamic branch of right posterior communicating artery	Хйпоталамик ветвь правый задняя соединительная артерия			NO_MATCH	0.00
FMA50429	hypothalamic branch of left posterior communicating artery	Хйпоталамик ветвь левый задняя соединительная артерия			NO_MATCH	0.00
FMA50436	superior terminal branch of middle cerebral artery	Верхняя концевая ветвь средняя мозговая артерия			NO_MATCH	0.00
FMA50437	prefrontal artery	Префронтальная артерия			NO_MATCH	0.00
FMA50438	temporal artery	Височная артерия			NO_MATCH	0.00
FMA50439	inferior terminal branch of middle cerebral artery	Нижняя концевая ветвь средняя мозговая артерия			NO_MATCH	0.00
FMA50442	lateral frontobasal artery	Латеральная фронтобасал артерия			NO_MATCH	0.00
FMA50443	right lateral frontobasal artery	Правый латеральная фронтобасал артерия			NO_MATCH	0.00
FMA50444	left lateral frontobasal artery	Левый латеральная фронтобасал артерия			NO_MATCH	0.00
FMA50445	right prefrontal artery	Правый префронтальная артерия			NO_MATCH	0.00
FMA50466	middle temporal branch of middle cerebral artery	Средняя височная ветвь средняя мозговая артерия			NO_MATCH	0.00
FMA50467	middle temporal branch of right middle cerebral artery	Средняя височная ветвь правый средняя мозговая артерия			NO_MATCH	0.00
FMA50468	middle temporal branch of left middle cerebral artery	Средняя височная ветвь левый средняя мозговая артерия			NO_MATCH	0.00
FMA50469	posterior temporal branch of middle cerebral artery	Задняя височная ветвь средняя мозговая артерия			NO_MATCH	0.00
FMA50470	posterior temporal branch of right middle cerebral artery	Задняя височная ветвь правый средняя мозговая артерия			NO_MATCH	0.00
FMA50471	posterior temporal branch of left middle cerebral artery	Задняя височная ветвь левый средняя мозговая артерия			NO_MATCH	0.00
FMA50472	temporo-occipital branch of middle cerebral artery	Тэмпоро-оккипитал ветвь средняя мозговая артерия			NO_MATCH	0.00
FMA50473	temporo-occipital branch of right middle cerebral artery	Тэмпоро-оккипитал ветвь правый средняя мозговая артерия			NO_MATCH	0.00
FMA50474	temporo-occipital branch of left middle cerebral artery	Тэмпоро-оккипитал ветвь левый средняя мозговая артерия			NO_MATCH	0.00
FMA50475	branch of middle cerebral artery to angular gyrus	Ветвь средней мозговой артерии к угловой извилине			NO_MATCH	0.00
FMA50476	branch of right middle cerebral artery to right angular gyrus	Ветвь правой средней мозговой артерии к правой угловой извилине			NO_MATCH	0.00
FMA50477	branch of left middle cerebral artery to left angular gyrus	Ветвь левой средней мозговой артерии к левой угловой извилине			NO_MATCH	0.00
FMA50478	left prefrontal artery	Левый префронтальная артерия			NO_MATCH	0.00
FMA50479	artery of precentral sulcus	Артерия прецентральной борозды			NO_MATCH	0.00
FMA50480	artery of right precentral sulcus	Артерия правой прецентральной борозды			NO_MATCH	0.00
FMA50481	artery of left precentral sulcus	Артерия левой прецентральной борозды			NO_MATCH	0.00
FMA50482	artery of postcentral sulcus	Артерия постцентральной борозды			NO_MATCH	0.00
FMA50483	artery of right postcentral sulcus	Артерия правой постцентральной борозды			NO_MATCH	0.00
FMA50484	artery of left postcentral sulcus	Артерия левой постцентральной борозды			NO_MATCH	0.00
FMA50485	anterior parietal artery	Передняя теменная артерия			NO_MATCH	0.00
FMA50486	right anterior parietal artery	Правый передняя теменная артерия			NO_MATCH	0.00
FMA50487	left anterior parietal artery	Левый передняя теменная артерия			NO_MATCH	0.00
FMA50488	posterior parietal artery	Задняя теменная артерия			NO_MATCH	0.00
FMA50489	right posterior parietal artery	Правый задняя теменная артерия			NO_MATCH	0.00
FMA50490	left posterior parietal artery	Левый задняя теменная артерия			NO_MATCH	0.00
FMA50518	posterior inferior cerebellar artery	Задняя нижняя мозжечковая артерия	arteria inferior posterior cerebelli	posterior inferior cerebellar artery	EXACT	1.00
FMA50519	right posterior inferior cerebellar artery	Правый задняя нижняя мозжечковая артерия	arteria inferior posterior cerebelli	posterior inferior cerebellar artery	PROBABLE	0.86
FMA50520	left posterior inferior cerebellar artery	Левый задняя нижняя мозжечковая артерия	arteria inferior posterior cerebelli	posterior inferior cerebellar artery	PROBABLE	0.86
FMA50531	anterior spinal artery	Передняя спинномозговая артерия	arteria spinalis anterior	anterior spinal artery	EXACT	1.00
FMA50532	right anterior spinal artery	Правый передняя спинномозговая артерия	arteria spinalis anterior	anterior spinal artery	PROBABLE	0.86
FMA50533	left anterior spinal artery	Левый передняя спинномозговая артерия	arteria spinalis anterior	anterior spinal artery	PROBABLE	0.86
FMA50542	basilar artery	Базилярная артерия	arteria basilaris	basilar artery	EXACT	1.00
FMA50544	anterior inferior cerebellar artery	Передняя нижняя мозжечковая артерия	arteria inferior anterior cerebelli	anterior inferior cerebellar artery	EXACT	1.00
FMA50563	branch of pontine artery	Ветвь мостовой артерии			NO_MATCH	0.00
FMA50564	medial branch of pontine artery	Медиальная ветвь мостовая артерия			NO_MATCH	0.00
FMA50565	lateral branch of pontine artery	Латеральная ветвь мостовая артерия			NO_MATCH	0.00
FMA50566	medial branch of right pontine artery	Медиальная ветвь правый мостовая артерия			NO_MATCH	0.00
FMA50567	medial branch of left pontine artery	Медиальная ветвь левый мостовая артерия			NO_MATCH	0.00
FMA50568	lateral branch of right pontine artery	Латеральная ветвь правый мостовая артерия			NO_MATCH	0.00
FMA50569	lateral branch of left pontine artery	Латеральная ветвь левый мостовая артерия			NO_MATCH	0.00
FMA50573	superior cerebellar artery	Верхняя мозжечковая артерия	arteria superior cerebelli	superior cerebellar artery	EXACT	1.00
FMA50574	right superior cerebellar artery	Правый верхняя мозжечковая артерия	arteria superior cerebelli	superior cerebellar artery	PROBABLE	0.86
FMA50575	left superior cerebellar artery	Левый верхняя мозжечковая артерия	arteria superior cerebelli	superior cerebellar artery	PROBABLE	0.86
FMA50576	branch of superior cerebellar artery	Ветвь верхняя мозжечковая артерия			NO_MATCH	0.00
FMA50577	lateral superior cerebellar artery	Латеральная верхняя мозжечковая артерия			NO_MATCH	0.00
FMA50578	lateral branch of right superior cerebellar artery	Латеральная ветвь правый верхняя мозжечковая артерия			NO_MATCH	0.00
FMA50579	lateral branch of left superior cerebellar artery	Латеральная ветвь левый верхняя мозжечковая артерия			NO_MATCH	0.00
FMA50580	medial branch of superior cerebellar artery	Медиальная ветвь верхняя мозжечковая артерия			NO_MATCH	0.00
FMA50581	medial branch of right superior cerebellar artery	Медиальная ветвь правый верхняя мозжечковая артерия			NO_MATCH	0.00
FMA50582	medial branch of left superior cerebellar artery	Медиальная ветвь левый верхняя мозжечковая артерия			NO_MATCH	0.00
FMA50586	branch of posterior cerebral artery	Ветвь задней мозговой артерии			NO_MATCH	0.00
FMA50587	posteromedial central branch of posterior cerebral artery	Постэромэдиал центральная ветвь задняя мозговая артерия			NO_MATCH	0.00
FMA50589	zone of posterior cerebral artery	Зона задняя мозговая артерия			NO_MATCH	0.00
FMA50590	precommunicating part of posterior cerebral artery	Прэкоммуникатинг часть задняя мозговая артерия	pars precommunicans arteriae posterioris cerebri	precommunicating part of posterior cerebral artery	EXACT	1.00
FMA50591	postcommunicating part of posterior cerebral artery	Посткоммуникатинг часть задняя мозговая артерия			NO_MATCH	0.00
FMA50624	thalamoperforating artery	Таламопэрфоратинг артерия			NO_MATCH	0.00
FMA50629	thalamogeniculate artery	Таламогэникулатэ артерия			NO_MATCH	0.00
FMA50630	posterior medial choroidal artery	Задняя медиальная ворсинчатая артерия			NO_MATCH	0.00
FMA50633	lateral occipital artery	Латеральная затылочная артерия	arteria occipitalis lateralis	lateral occipital artery	EXACT	1.00
FMA50638	medial occipital artery	Медиальная затылочная артерия	arteria occipitalis medialis	medial occipital artery	EXACT	1.00
FMA50639	precommunicating part of right posterior cerebral artery	Прэкоммуникатинг часть правый задняя мозговая артерия	pars precommunicans arteriae posterioris cerebri	precommunicating part of posterior cerebral artery	PROBABLE	0.86
FMA50640	precommunicating part of left posterior cerebral artery	Прэкоммуникатинг часть левый задняя мозговая артерия	pars precommunicans arteriae posterioris cerebri	precommunicating part of posterior cerebral artery	PROBABLE	0.86
FMA50641	postcommunicating part of right posterior cerebral artery	Посткоммуникатинг часть правый задняя мозговая артерия			NO_MATCH	0.00
FMA50642	postcommunicating part of left posterior cerebral artery	Посткоммуникатинг часть левый задняя мозговая артерия			NO_MATCH	0.00
FMA50643	right lateral occipital artery	Правый латеральная затылочная артерия	arteria occipitalis lateralis	lateral occipital artery	PROBABLE	0.86
FMA50644	left lateral occipital artery	Левый латеральная затылочная артерия	arteria occipitalis lateralis	lateral occipital artery	PROBABLE	0.86
FMA50645	right medial occipital artery	Правый медиальная затылочная артерия	arteria occipitalis medialis	medial occipital artery	PROBABLE	0.86
FMA50646	left medial occipital artery	Левый медиальная затылочная артерия	arteria occipitalis medialis	medial occipital artery	PROBABLE	0.86
FMA50647	branch of lateral occipital artery	Ветвь латеральной затылочной артерии			NO_MATCH	0.00
FMA50648	anterior temporal branch of lateral occipital artery	Передняя височная ветвь латеральной затылочной артерии			NO_MATCH	0.00
FMA50649	middle temporal branch of lateral occipital artery	Средняя височная ветвь латеральная затылочная артерия			NO_MATCH	0.00
FMA50651	branch of medial occipital artery	Ветвь медиальной затылочной артерии			NO_MATCH	0.00
FMA50652	splenial artery	Сплэниал артерия			NO_MATCH	0.00
FMA50660	posteromedial central branch of right posterior cerebral artery	Постэромэдиал центральная ветвь правый задняя мозговая артерия			NO_MATCH	0.00
FMA50661	posteromedial central branch of left posterior cerebral artery	Постэромэдиал центральная ветвь левый задняя мозговая артерия			NO_MATCH	0.00
FMA50664	right thalamoperforating artery	Правый таламопэрфоратинг артерия			NO_MATCH	0.00
FMA50665	left thalamoperforating artery	Левый таламопэрфоратинг артерия			NO_MATCH	0.00
FMA50670	right thalamogeniculate artery	Правый таламогэникулатэ артерия			NO_MATCH	0.00
FMA50671	left thalamogeniculate artery	Левый таламогэникулатэ артерия			NO_MATCH	0.00
FMA50672	right posterior medial choroidal artery	Правая задняя медиальная ворсинчатая артерия			NO_MATCH	0.00
FMA50673	left posterior medial choroidal artery	Левая задняя медиальная ворсинчатая артерия			NO_MATCH	0.00
FMA50678	anterior temporal branch of right lateral occipital artery	Передняя височная ветвь правой латеральной затылочной артерии			NO_MATCH	0.00
FMA50679	anterior temporal branch of left lateral occipital artery	Передняя височная ветвь левой латеральной затылочной артерии			NO_MATCH	0.00
FMA50680	middle temporal branch of right lateral occipital artery	Средняя височная ветвь правый латеральная затылочная артерия			NO_MATCH	0.00
FMA50681	middle temporal branch of left lateral occipital artery	Средняя височная ветвь левый латеральная затылочная артерия			NO_MATCH	0.00
FMA50684	right splenial artery	Правый сплэниал артерия			NO_MATCH	0.00
FMA50685	left splenial artery	Левый сплэниал артерия			NO_MATCH	0.00
FMA50694	branch of medial branch of superior cerebellar artery	Ветвь медиальной ветви верхней мозжечковой артерии			NO_MATCH	0.00
FMA50695	superior vermian branch of medial branch of superior cerebellar artery	Верхняя червячная ветвь медиальной ветви верхней мозжечковой артерии			NO_MATCH	0.00
FMA50696	superior vermian branch of medial branch of right superior cerebellar artery	Верхняя червячная ветвь медиальной ветви правой верхней мозжечковой артерии			NO_MATCH	0.00
FMA50697	superior vermian branch of medial branch of left superior cerebellar artery	Верхняя червячная ветвь медиальной ветви левой верхней мозжечковой артерии			NO_MATCH	0.00
FMA50705	anatomical boundary entity	Анатомическая граничная сущность			NO_MATCH	0.00
FMA50720	artery	Артерия			NO_MATCH	0.00
FMA50722	region of vascular tree organ	Область сосудистое дерево орган			NO_MATCH	0.00
FMA50723	vein	Вена			NO_MATCH	0.00
FMA50735	hepatic portal vein	Печёночная воротная вена	vena portae hepatis	hepatic portal vein	EXACT	1.00
FMA50736	subdivision of pre-hepatic portal vein	Подразделение прэ-хэпатик воротная вена			NO_MATCH	0.00
FMA50737	celiac artery	Чревная артерия			NO_MATCH	0.00
FMA50859	right suprascapular vein	Правая надлопаточная вена	vena suprascapularis	suprascapular vein	PROBABLE	0.86
FMA50860	left suprascapular vein	Левая надлопаточная вена	vena suprascapularis	suprascapular vein	PROBABLE	0.86
FMA50863	optic nerve	Зрительный нерв	nervus opticus	optic nerve	EXACT	1.00
FMA50865	trochlear nerve	Трочлэар нерв	nervus trochlearis	trochlear nerve	EXACT	1.00
FMA50872	right pulmonary artery	Правый лёгочный артерия	arteria pulmonalis dextra	right pulmonary artery	EXACT	1.00
FMA50873	left pulmonary artery	Левый лёгочный артерия	arteria pulmonalis sinistra	left pulmonary artery	EXACT	1.00
FMA50875	right optic nerve	Правый зрительный нерв	nervus opticus	optic nerve	PROBABLE	0.86
FMA50878	left optic nerve	Левый зрительный нерв	nervus opticus	optic nerve	PROBABLE	0.86
FMA50881	right trochlear nerve	Правый трочлэар нерв	nervus trochlearis	trochlear nerve	PROBABLE	0.86
FMA50882	left trochlear nerve	Левый трочлэар нерв	nervus trochlearis	trochlear nerve	PROBABLE	0.86
FMA51041	deep femoral vein	Глубокая бедренная вена	vena profunda femoris	deep femoral vein	EXACT	1.00
FMA51042	right deep femoral vein	Правый глубокая бедренная вена	vena profunda femoris	deep femoral vein	PROBABLE	0.86
FMA51043	left deep femoral vein	Левый глубокая бедренная вена	vena profunda femoris	deep femoral vein	PROBABLE	0.86
FMA51048	iliotibial tract	Илиотибиал проводящий путь	tractus iliotibialis	iliotibial tract	EXACT	1.00
FMA51061	calcaneal tendon	Пяточное сухожилие	tendo calcaneus	calcaneal tendon	EXACT	1.00
FMA51071	flexor digitorum longus	Сгибатель пальцев длинная	flexor longus digitorum	flexor digitorum longus	EXACT	1.00
FMA51099	tibialis posterior	Тибиалис задняя			NO_MATCH	0.00
FMA51141	extensor hallucis brevis	Разгибатель большого пальца стопы короткая	extensor brevis hallucis	extensor hallucis brevis	EXACT	1.00
FMA51144	right extensor hallucis brevis	Правый разгибатель большого пальца стопы короткая	extensor brevis hallucis	extensor hallucis brevis	PROBABLE	0.86
FMA51145	left extensor hallucis brevis	Левый разгибатель большого пальца стопы короткая	extensor brevis hallucis	extensor hallucis brevis	PROBABLE	0.86
FMA51886	branch of cerebral arterial circle	Ветвь артериального круга большого мозга			NO_MATCH	0.00
FMA52570	branch of cranial nerve	Ветвь черепного нерва			NO_MATCH	0.00
FMA52571	branch of oculomotor nerve	Ветвь глазодвигательного нерва			NO_MATCH	0.00
FMA52572	superior branch of oculomotor nerve	Верхняя ветвь окуломотор нерв	ramus superior nervi oculomotorii	superior branch of oculomotor nerve	EXACT	1.00
FMA52573	inferior branch of oculomotor nerve	Нижняя ветвь окуломотор нерв	ramus inferior nervi oculomotorii	inferior branch of oculomotor nerve	EXACT	1.00
FMA52574	superior branch of right oculomotor nerve	Верхняя ветвь правый окуломотор нерв	ramus superior nervi oculomotorii	superior branch of oculomotor nerve	PROBABLE	0.86
FMA52575	superior branch of left oculomotor nerve	Верхняя ветвь левый окуломотор нерв	ramus superior nervi oculomotorii	superior branch of oculomotor nerve	PROBABLE	0.86
FMA52576	inferior branch of right oculomotor nerve	Нижняя ветвь правый окуломотор нерв	ramus inferior nervi oculomotorii	inferior branch of oculomotor nerve	PROBABLE	0.86
FMA52577	inferior branch of left oculomotor nerve	Нижняя ветвь левый окуломотор нерв	ramus inferior nervi oculomotorii	inferior branch of oculomotor nerve	PROBABLE	0.86
FMA52607	branch of trigeminal nerve	Ветвь тригэминал нерв			NO_MATCH	0.00
FMA52621	ophthalmic nerve	Офталмик нерв	nervus ophthalmicus	ophthalmic nerve	EXACT	1.00
FMA52622	right ophthalmic nerve	Правый офталмик нерв	nervus ophthalmicus	ophthalmic nerve	PROBABLE	0.86
FMA52623	left ophthalmic nerve	Левый офталмик нерв	nervus ophthalmicus	ophthalmic nerve	PROBABLE	0.86
FMA52624	branch of ophthalmic nerve	Ветвь глазного нерва			NO_MATCH	0.00
FMA52628	lacrimal nerve	Слёзная нерв	nervus lacrimalis	lacrimal nerve	EXACT	1.00
FMA52629	right lacrimal nerve	Правый слёзная нерв	nervus lacrimalis	lacrimal nerve	PROBABLE	0.86
FMA52630	left lacrimal nerve	Левый слёзная нерв	nervus lacrimalis	lacrimal nerve	PROBABLE	0.86
FMA52638	frontal nerve	Лобная нерв	nervus frontalis	frontal nerve	EXACT	1.00
FMA52639	right frontal nerve	Правый лобная нерв	nervus frontalis	frontal nerve	PROBABLE	0.86
FMA52640	left frontal nerve	Левый лобная нерв	nervus frontalis	frontal nerve	PROBABLE	0.86
FMA52641	branch of frontal nerve	Ветвь лобного нерва			NO_MATCH	0.00
FMA52642	supratrochlear nerve	надблоковый нерв	nervus supratrochlearis	supratrochlear nerve	EXACT	1.00
FMA52643	right supratrochlear nerve	Правый надблоковый нерв	nervus supratrochlearis	supratrochlear nerve	PROBABLE	0.86
FMA52644	left supratrochlear nerve	Левый надблоковый нерв	nervus supratrochlearis	supratrochlear nerve	PROBABLE	0.86
FMA52655	supra-orbital nerve	Супра-орбитал нерв			NO_MATCH	0.00
FMA52656	right supra-orbital nerve	Правый супра-орбитал нерв			NO_MATCH	0.00
FMA52657	left supra-orbital nerve	Левый супра-орбитал нерв			NO_MATCH	0.00
FMA52668	nasociliary nerve	Насокилиарй нерв	nervus nasociliaris	nasociliary nerve	EXACT	1.00
FMA52669	right nasociliary nerve	Правый насокилиарй нерв	nervus nasociliaris	nasociliary nerve	PROBABLE	0.86
FMA52670	left nasociliary nerve	Левый насокилиарй нерв	nervus nasociliaris	nasociliary nerve	PROBABLE	0.86
FMA52671	branch of nasociliary nerve	Ветвь носоресничного нерва			NO_MATCH	0.00
FMA52672	communicating branch of nasociliary nerve with ciliary ganglion	Соединительная ветвь насокилиарй нерв вит ресничная ганглий			NO_MATCH	0.00
FMA52673	communicating branch of right nasociliary nerve with right ciliary ganglion	Ветвь правого носоресничного нерва к правому ресничному узлу			NO_MATCH	0.00
FMA52674	communicating branch of left nasociliary nerve with left ciliary ganglion	Ветвь левого носоресничного нерва к левому ресничному узлу			NO_MATCH	0.00
FMA52675	anterior ethmoidal nerve	Передний решётчатый нерв	nervus ethmoideus anterior	anterior ethmoidal nerve	EXACT	1.00
FMA52676	right anterior ethmoidal nerve	Правый передняя этмоидал нерв	nervus ethmoideus anterior	anterior ethmoidal nerve	PROBABLE	0.86
FMA52677	left anterior ethmoidal nerve	Левый передняя этмоидал нерв	nervus ethmoideus anterior	anterior ethmoidal nerve	PROBABLE	0.86
FMA52691	long ciliary nerve	Длинная ресничная нерв			NO_MATCH	0.00
FMA52693	infratrochlear nerve	Инфратрочлэар нерв	nervus infratrochlearis	infratrochlear nerve	EXACT	1.00
FMA52698	right infratrochlear nerve	Правый инфратрочлэар нерв	nervus infratrochlearis	infratrochlear nerve	PROBABLE	0.86
FMA52699	left infratrochlear nerve	Левый инфратрочлэар нерв	nervus infratrochlearis	infratrochlear nerve	PROBABLE	0.86
FMA52714	posterior ethmoidal nerve	Задняя этмоидал нерв	nervus ethmoideus posterior	posterior ethmoidal nerve	EXACT	1.00
FMA52715	right posterior ethmoidal nerve	Правый задняя этмоидал нерв	nervus ethmoideus posterior	posterior ethmoidal nerve	PROBABLE	0.86
FMA52716	left posterior ethmoidal nerve	Левый задняя этмоидал нерв	nervus ethmoideus posterior	posterior ethmoidal nerve	PROBABLE	0.86
FMA52734	frontal bone	Лобная кость	os frontale	frontal bone	EXACT	1.00
FMA52735	occipital bone	Затылочная кость	os occipitale	occipital bone	EXACT	1.00
FMA52736	sphenoid bone	Сфэноид кость	os sphenoideum	sphenoid bone	EXACT	1.00
FMA52737	temporal bone	Височная кость	os temporale	temporal bone	EXACT	1.00
FMA52738	right temporal bone	Правый височная кость	os temporale	temporal bone	PROBABLE	0.86
FMA52739	left temporal bone	Левый височная кость	os temporale	temporal bone	PROBABLE	0.86
FMA52740	ethmoid	Этмоид	os ethmoideum	ethmoid bone	EXACT	1.00
FMA52741	lacrimal bone	Слёзная кость	os lacrimale	lacrimal bone	EXACT	1.00
FMA52745	nasal bone	Носовая кость	os nasale	nasal bone	EXACT	1.00
FMA52746	palatine bone	Палатинэ кость	os palatinum	palatine bone	EXACT	1.00
FMA52747	zygomatic bone	Зйгоматик кость	os zygomaticum	zygomatic bone	EXACT	1.00
FMA52748	mandible	Нижняя челюсть	mandibula	mandible	EXACT	1.00
FMA52749	hyoid bone	Подъязычная кость кость	os hyoideum	hyoid bone	EXACT	1.00
FMA52781	external ear	Наружная эар	auris externa	external ear	EXACT	1.00
FMA52788	right parietal bone	Правый теменная кость	os parietale	parietal bone	PROBABLE	0.86
FMA52789	left parietal bone	Левый теменная кость	os parietale	parietal bone	PROBABLE	0.86
FMA52892	right zygomatic bone	Правый зйгоматик кость	os zygomaticum	zygomatic bone	PROBABLE	0.86
FMA52893	left zygomatic bone	Левый зйгоматик кость	os zygomaticum	zygomatic bone	PROBABLE	0.86
FMA53549	right ciliary ganglion	Правый ресничная ганглий	ganglion ciliare	ciliary ganglion	PROBABLE	0.86
FMA53550	left ciliary ganglion	Левый ресничная ганглий	ganglion ciliare	ciliary ganglion	PROBABLE	0.86
FMA53645	right lacrimal bone	Правый слёзная кость	os lacrimale	lacrimal bone	PROBABLE	0.86
FMA53646	left lacrimal bone	Левый слёзная кость	os lacrimale	lacrimal bone	PROBABLE	0.86
FMA53647	right nasal bone	Правый носовая кость	os nasale	nasal bone	PROBABLE	0.86
FMA53648	left nasal bone	Левый носовая кость	os nasale	nasal bone	PROBABLE	0.86
FMA53649	right maxilla	Правый верхняя челюсть	maxilla	maxilla	PROBABLE	0.86
FMA53650	left maxilla	Левый верхняя челюсть	maxilla	maxilla	PROBABLE	0.86
FMA53655	right palatine bone	Правый палатинэ кость	os palatinum	palatine bone	PROBABLE	0.86
FMA53656	left palatine bone	Левый палатинэ кость	os palatinum	palatine bone	PROBABLE	0.86
FMA53667	hair	Волос			NO_MATCH	0.00
FMA54158	tendon of levator palpebrae superioris	Сухожилие мышца, поднимающая век супэриорис			NO_MATCH	0.00
FMA54159	tendon of right levator palpebrae superioris	Сухожилие правый мышца, поднимающая век супэриорис			NO_MATCH	0.00
FMA54237	eyebrow	Эйэбров	supercilium	eyebrow	EXACT	1.00
FMA54241	hair of head	Волос головка			NO_MATCH	0.00
FMA54250	hair of trunk	Волос туловище			NO_MATCH	0.00
FMA54319	pubic hair	Пубик волос			NO_MATCH	0.00
FMA54393	subdivision of face	Подразделение лицо			NO_MATCH	0.00
FMA54640	tongue	Язык	lingua	tongue	EXACT	1.00
FMA54736	inferior nasal concha	Нижняя носовая конча	concha inferior nasi	inferior nasal concha	EXACT	1.00
FMA54737	right inferior nasal concha	Правый нижняя носовая конча	concha inferior nasi	inferior nasal concha	PROBABLE	0.86
FMA54738	left inferior nasal concha	Левый нижняя носовая конча	concha inferior nasi	inferior nasal concha	PROBABLE	0.86
FMA54839	interosseous membrane	Межкостная оболочка	membrana interossea	interosseous membrane	EXACT	1.00
FMA54877	subdivision of pharynx	Подразделение глотка			NO_MATCH	0.00
FMA54921	extrinsic ligament of larynx	Экстринсик связка гортань			NO_MATCH	0.00
FMA55053	subdivision of laryngopharynx	Подразделение ларйнгофарйнкс			NO_MATCH	0.00
FMA55077	pharyngeal raphe	Глоточная шов	raphe pharyngis	pharyngeal raphe	EXACT	1.00
FMA55093	submandibular gland	Субмандибулар железа	glandula submandibularis	submandibular gland	EXACT	1.00
FMA55099	thyroid cartilage	Щитовидная железа хрящ	cartilago thyreoidea	thyroid cartilage	EXACT	1.00
FMA55107	cartilage organ	Хрящ орган			NO_MATCH	0.00
FMA55108	laryngeal cartilage	Гортанная хрящ			NO_MATCH	0.00
FMA55109	arytenoid cartilage	Черпаловидный хрящ	cartilago arytenoidea	arytenoid cartilage	EXACT	1.00
FMA55110	corniculate cartilage	Корникулатэ хрящ	cartilago corniculata	corniculate cartilage	EXACT	1.00
FMA55111	cuneiform cartilage	Клиновидный хрящ	cartilago cuneiformis	cuneiform cartilage	EXACT	1.00
FMA55113	right arytenoid cartilage	Правый черпаловидный хрящ	cartilago arytenoidea	arytenoid cartilage	PROBABLE	0.86
FMA55114	left arytenoid cartilage	Левый черпаловидный хрящ	cartilago arytenoidea	arytenoid cartilage	PROBABLE	0.86
FMA55115	right corniculate cartilage	Правый корникулатэ хрящ	cartilago corniculata	corniculate cartilage	PROBABLE	0.86
FMA55116	left corniculate cartilage	Левый корникулатэ хрящ	cartilago corniculata	corniculate cartilage	PROBABLE	0.86
FMA55117	right cuneiform cartilage	Правый клиновидный хрящ	cartilago cuneiformis	cuneiform cartilage	PROBABLE	0.86
FMA55118	left cuneiform cartilage	Левый клиновидный хрящ	cartilago cuneiformis	cuneiform cartilage	PROBABLE	0.86
FMA55130	epiglottis	Эпиглоттис	epiglottis	epiglottis	EXACT	1.00
FMA55131	ligament of larynx	Связка гортань			NO_MATCH	0.00
FMA55132	thyrohyoid membrane	Щито-подъязычная мышца оболочка	membrana thyreohyoidea	thyrohyoid membrane	EXACT	1.00
FMA55133	right thyrohyoid membrane	Правый щито-подъязычная мышца оболочка	membrana thyreohyoidea	thyrohyoid membrane	PROBABLE	0.86
FMA55134	left thyrohyoid membrane	Левый щито-подъязычная мышца оболочка	membrana thyreohyoidea	thyrohyoid membrane	PROBABLE	0.86
FMA55135	thyrohyoid ligament	Щито-подъязычная мышца связка			NO_MATCH	0.00
FMA55138	median thyrohyoid ligament	Мэдиан щито-подъязычная мышца связка	ligamentum thyreohyoideum medianum	median thyrohyoid ligament	EXACT	1.00
FMA55139	lateral thyrohyoid ligament	Латеральная щито-подъязычная мышца связка	ligamentum thyreohyoideum laterale	lateral thyrohyoid ligament	EXACT	1.00
FMA55140	right lateral thyrohyoid ligament	Правый латеральная щито-подъязычная мышца связка	ligamentum thyreohyoideum laterale	lateral thyrohyoid ligament	PROBABLE	0.86
FMA55141	left lateral thyrohyoid ligament	Левый латеральная щито-подъязычная мышца связка	ligamentum thyreohyoideum laterale	lateral thyrohyoid ligament	PROBABLE	0.86
FMA55226	intrinsic muscle of larynx	Собственная мышца гортани			NO_MATCH	0.00
FMA55227	hyo-epiglottic ligament	Хйо-эпиглоттик связка			NO_MATCH	0.00
FMA55230	thyro-epiglottic ligament	Тйро-эпиглоттик связка			NO_MATCH	0.00
FMA55233	cricothyroid ligament	Перстнещитовидная связка			NO_MATCH	0.00
FMA55237	median cricothyroid ligament	Срединная перстнещитовидная связка	ligamentum cricothyreoideum medianum	median cricothyroid ligament	EXACT	1.00
FMA55244	vocal ligament	Вокал связка	ligamentum vocale	vocal ligament	EXACT	1.00
FMA55245	right vocal ligament	Правый вокал связка	ligamentum vocale	vocal ligament	PROBABLE	0.86
FMA55246	left vocal ligament	Левый вокал связка	ligamentum vocale	vocal ligament	PROBABLE	0.86
FMA55250	conus elasticus	Конус эластический	conus elasticus	conus elasticus	EXACT	1.00
FMA55251	right conus elasticus	Правый конус эластический	conus elasticus	conus elasticus	PROBABLE	0.86
FMA55252	left conus elasticus	Левый конус эластический	conus elasticus	conus elasticus	PROBABLE	0.86
FMA55268	organ zone	Орган зона			NO_MATCH	0.00
FMA55618	pterygomandibular raphe	Птэрйгомандибулар шов	raphe pterygomandibularis	pterygomandibular raphe	EXACT	1.00
FMA55619	right pterygomandibular raphe	Правый птэрйгомандибулар шов	raphe pterygomandibularis	pterygomandibular raphe	PROBABLE	0.86
FMA55620	left pterygomandibular raphe	Левый птэрйгомандибулар шов	raphe pterygomandibularis	pterygomandibular raphe	PROBABLE	0.86
FMA55636	canine tooth	Клык зуб	dens caninus	canine tooth	EXACT	1.00
FMA55637	premolar tooth	Премоляр зуб	dens premolaris	premolar tooth	EXACT	1.00
FMA55638	molar tooth	Моляр зуб	dens molaris	molar tooth	EXACT	1.00
FMA55652	anatomical set	Анатомическое множество			NO_MATCH	0.00
FMA55661	parenchymatous organ	Парэнчйматоус орган			NO_MATCH	0.00
FMA55662	lobular organ	Лобулар орган			NO_MATCH	0.00
FMA55663	corticomedullary organ	Кортикомедуллярный орган			NO_MATCH	0.00
FMA55665	nonparenchymatous organ	Нонпарэнчйматоус орган			NO_MATCH	0.00
FMA55670	solid organ	Полый орган			NO_MATCH	0.00
FMA55671	cavitated organ	Кавитатэд орган			NO_MATCH	0.00
FMA55672	organ with organ cavity	Орган вит орган полость			NO_MATCH	0.00
FMA55673	organ with cavitated organ parts	Орган вит кавитатэд орган части			NO_MATCH	0.00
FMA55676	segment of brain	Сегмент головной мозг			NO_MATCH	0.00
FMA55677	hollow tree organ	Полый дерево орган			NO_MATCH	0.00
FMA55680	right upper lateral secondary incisor tooth	Правый верхняя латеральная вторичная резец зуб			NO_MATCH	0.00
FMA55681	right upper central secondary incisor tooth	Правый верхняя центральная вторичная резец зуб			NO_MATCH	0.00
FMA55682	left upper central secondary incisor tooth	Левый верхняя центральная вторичная резец зуб			NO_MATCH	0.00
FMA55683	left upper lateral secondary incisor tooth	Левый верхняя латеральная вторичная резец зуб			NO_MATCH	0.00
FMA55686	right lower secondary canine tooth	Правый нижняя вторичная клык зуб			NO_MATCH	0.00
FMA55687	left lower secondary canine tooth	Левый нижняя вторичная клык зуб			NO_MATCH	0.00
FMA55688	right upper second secondary premolar tooth	Правый верхняя вторая вторичная премоляр зуб			NO_MATCH	0.00
FMA55689	right upper first secondary premolar tooth	Правый верхняя первая вторичная премоляр зуб			NO_MATCH	0.00
FMA55690	left upper first secondary premolar tooth	Левый верхняя первая вторичная премоляр зуб			NO_MATCH	0.00
FMA55691	left upper second secondary premolar tooth	Левый верхняя вторая вторичная премоляр зуб			NO_MATCH	0.00
FMA55692	left lower second secondary premolar tooth	Левый нижняя вторая вторичная премоляр зуб			NO_MATCH	0.00
FMA55693	left lower first secondary premolar tooth	Левый нижняя первая вторичная премоляр зуб			NO_MATCH	0.00
FMA55694	right lower first secondary premolar tooth	Правый нижняя первая вторичная премоляр зуб			NO_MATCH	0.00
FMA55695	right lower second secondary premolar tooth	Правый нижняя вторая вторичная премоляр зуб			NO_MATCH	0.00
FMA55697	right upper second secondary molar tooth	Правый верхняя вторая вторичная моляр зуб			NO_MATCH	0.00
FMA55698	right upper first secondary molar tooth	Правый верхняя первая вторичная моляр зуб			NO_MATCH	0.00
FMA55699	left upper first secondary molar tooth	Левый верхняя первая вторичная моляр зуб			NO_MATCH	0.00
FMA55700	left upper second secondary molar tooth	Левый верхняя вторая вторичная моляр зуб			NO_MATCH	0.00
FMA55703	left lower second secondary molar tooth	Левый нижняя вторая вторичная моляр зуб			NO_MATCH	0.00
FMA55704	left lower first secondary molar tooth	Левый нижняя первая вторичная моляр зуб			NO_MATCH	0.00
FMA55705	right lower first secondary molar tooth	Правый нижняя первая вторичная моляр зуб			NO_MATCH	0.00
FMA55706	right lower second secondary molar tooth	Правый нижняя вторая вторичная моляр зуб			NO_MATCH	0.00
FMA55712	upper secondary incisor tooth	Верхняя вторичная резец зуб			NO_MATCH	0.00
FMA55713	lower secondary incisor tooth	Нижняя вторичная резец зуб			NO_MATCH	0.00
FMA55714	upper secondary canine tooth	Верхняя вторичная клык зуб			NO_MATCH	0.00
FMA55715	lower secondary canine tooth	Нижняя вторичная клык зуб			NO_MATCH	0.00
FMA55716	upper secondary premolar tooth	Верхняя вторичная премоляр зуб			NO_MATCH	0.00
FMA55717	lower secondary premolar tooth	Нижняя вторичная премоляр зуб			NO_MATCH	0.00
FMA55720	upper secondary molar tooth	Верхняя вторичная моляр зуб			NO_MATCH	0.00
FMA55721	lower secondary molar tooth	Нижняя вторичная моляр зуб			NO_MATCH	0.00
FMA55722	upper central secondary incisor tooth	Верхняя центральная вторичная резец зуб			NO_MATCH	0.00
FMA55723	lower central secondary incisor tooth	Нижняя центральная вторичная резец зуб			NO_MATCH	0.00
FMA55724	upper lateral secondary incisor tooth	Верхняя латеральная вторичная резец зуб			NO_MATCH	0.00
FMA55725	lower lateral secondary incisor tooth	Нижняя латеральная вторичная резец зуб			NO_MATCH	0.00
FMA55798	right upper secondary canine tooth	Правый верхняя вторичная клык зуб			NO_MATCH	0.00
FMA55799	left upper secondary canine tooth	Левый верхняя вторичная клык зуб			NO_MATCH	0.00
FMA55801	upper first secondary premolar tooth	Верхняя первая вторичная премоляр зуб			NO_MATCH	0.00
FMA55802	upper second secondary premolar tooth	Верхняя вторая вторичная премоляр зуб			NO_MATCH	0.00
FMA55803	lower first secondary premolar tooth	Нижняя первая вторичная премоляр зуб			NO_MATCH	0.00
FMA55804	lower second secondary premolar tooth	Нижняя вторая вторичная премоляр зуб			NO_MATCH	0.00
FMA55811	upper first secondary molar tooth	Верхняя первая вторичная моляр зуб			NO_MATCH	0.00
FMA55812	upper second secondary molar tooth	Верхняя вторая вторичная моляр зуб			NO_MATCH	0.00
FMA55814	lower first secondary molar tooth	Нижняя первая вторичная моляр зуб			NO_MATCH	0.00
FMA55815	lower second secondary molar tooth	Нижняя вторая вторичная моляр зуб			NO_MATCH	0.00
FMA57140	right lower lateral secondary incisor tooth	Правый нижняя латеральная вторичная резец зуб			NO_MATCH	0.00
FMA57141	left lower lateral secondary incisor tooth	Левый нижняя латеральная вторичная резец зуб			NO_MATCH	0.00
FMA57142	right lower central secondary incisor tooth	Правый нижняя центральная вторичная резец зуб			NO_MATCH	0.00
FMA57143	left lower central secondary incisor tooth	Левый нижняя центральная вторичная резец зуб			NO_MATCH	0.00
FMA57965	zone of investing fascia	Зона покрывающей фасции			NO_MATCH	0.00
FMA58071	chamber of eyeball	Камера глазное яблоко			NO_MATCH	0.00
FMA58078	anterior chamber of eyeball	Передняя камера глазного яблока	camera anterior bulbi oculi	anterior chamber of eyeball	EXACT	1.00
FMA58081	anterior chamber of right eyeball	Передняя камера правого глазного яблока	camera anterior bulbi oculi	anterior chamber of eyeball	PROBABLE	0.86
FMA58082	anterior chamber of left eyeball	Передняя камера левого глазного яблока	camera anterior bulbi oculi	anterior chamber of eyeball	PROBABLE	0.86
FMA58101	layer of wall of eyeball	Слой стенка глазное яблоко			NO_MATCH	0.00
FMA58102	fibrous layer of eyeball	Фиброзная слой глазное яблоко	tunica fibrosa bulbi oculi	fibrous layer of eyeball	EXACT	1.00
FMA58235	iris	Радужка	iris	iris	EXACT	1.00
FMA58236	right iris	Правый радужка	iris	iris	PROBABLE	0.86
FMA58237	left iris	Левый радужка	iris	iris	PROBABLE	0.86
FMA58238	cornea	Роговица	cornea	cornea	EXACT	1.00
FMA58239	right cornea	Правый роговица	cornea	cornea	PROBABLE	0.86
FMA58240	left cornea	Левый роговица	cornea	cornea	PROBABLE	0.86
FMA58241	lens	Хрусталик	lens	lens	EXACT	1.00
FMA58242	right lens	Правый хрусталик	lens	lens	PROBABLE	0.86
FMA58243	left lens	Левый хрусталик	lens	lens	PROBABLE	0.86
FMA58245	lacrimal canaliculus	Слёзная каналикулус	canaliculus lacrimalis	lacrimal canaliculus	EXACT	1.00
FMA58269	sclera	Склера	sclera	sclera	EXACT	1.00
FMA58271	right sclera	Правый склера	sclera	sclera	PROBABLE	0.86
FMA58272	left sclera	Левый склера	sclera	sclera	PROBABLE	0.86
FMA58274	muscle of trunk	Мышца туловище			NO_MATCH	0.00
FMA58298	choroid	Сосудистая оболочка	chorioidea	choroid	EXACT	1.00
FMA58299	right choroid	Правый сосудистая оболочка	chorioidea	choroid	PROBABLE	0.86
FMA58300	left choroid	Левый сосудистая оболочка	chorioidea	choroid	PROBABLE	0.86
FMA58420	zone of investing fascia of free lower limb	Зона покрывающей фасции свободной нижней конечности			NO_MATCH	0.00
FMA58421	zone of investing fascia of lower limb	Зона покрывающей фасции нижней конечности			NO_MATCH	0.00
FMA58431	corona ciliaris	Венец килиарис	corona ciliaris	corona ciliaris	EXACT	1.00
FMA58479	region of ciliary body	Область ресничная тело			NO_MATCH	0.00
FMA58483	right corona ciliaris	Правый венец килиарис	corona ciliaris	corona ciliaris	PROBABLE	0.86
FMA58484	left corona ciliaris	Левый венец килиарис	corona ciliaris	corona ciliaris	PROBABLE	0.86
FMA58599	region of retina	Область сетчатка			NO_MATCH	0.00
FMA58604	optic part of retina	Зрительный часть сетчатка	pars optica retinae	optic part of retina	EXACT	1.00
FMA58607	optic part of right retina	Зрительный часть правый сетчатка	pars optica retinae	optic part of retina	PROBABLE	0.86
FMA58608	optic part of left retina	Зрительный часть левый сетчатка	pars optica retinae	optic part of retina	PROBABLE	0.86
FMA58741	zone of investing fascia of thigh	Зона покрывающей фасции бедра			NO_MATCH	0.00
FMA58775	zone of fascia lata	Зона фасция лата			NO_MATCH	0.00
FMA58776	right iliotibial tract	Правый илиотибиал проводящий путь	tractus iliotibialis	iliotibial tract	PROBABLE	0.86
FMA58777	left iliotibial tract	Левый илиотибиал проводящий путь	tractus iliotibialis	iliotibial tract	PROBABLE	0.86
FMA58817	subdivision of head proper	Подразделение головка собственно			NO_MATCH	0.00
FMA58827	vitreous body	Витрэоус тело	corpus vitreum	vitreous body	EXACT	1.00
FMA58828	right vitreous body	Правый витрэоус тело	corpus vitreum	vitreous body	PROBABLE	0.86
FMA58829	left vitreous body	Левый витрэоус тело	corpus vitreum	vitreous body	PROBABLE	0.86
FMA58838	suspensory ligament of lens	Суспэнсорй связка хрусталик			NO_MATCH	0.00
FMA58839	suspensory ligament of right lens	Суспэнсорй связка правый хрусталик			NO_MATCH	0.00
FMA58840	suspensory ligament of left lens	Суспэнсорй связка левый хрусталик			NO_MATCH	0.00
FMA59086	tarsal plate of eyelid	Предплюсневая кость пластинка веко			NO_MATCH	0.00
FMA59087	tarsal plate of upper eyelid	Предплюсневая кость пластинка верхняя веко			NO_MATCH	0.00
FMA59088	tarsal plate of lower eyelid	Предплюсневая кость пластинка нижняя веко			NO_MATCH	0.00
FMA59089	tarsal plate of right lower eyelid	Предплюсневая кость пластинка правый нижняя веко			NO_MATCH	0.00
FMA59090	tarsal plate of left lower eyelid	Предплюсневая кость пластинка левый нижняя веко			NO_MATCH	0.00
FMA59091	tarsal plate of right upper eyelid	Предплюсневая кость пластинка правый верхняя веко			NO_MATCH	0.00
FMA59092	tarsal plate of left upper eyelid	Предплюсневая кость пластинка левый верхняя веко			NO_MATCH	0.00
FMA59101	lacrimal gland	Слёзная железа	glandula lacrimalis	lacrimal gland	EXACT	1.00
FMA59102	right lacrimal gland	Правый слёзная железа	glandula lacrimalis	lacrimal gland	PROBABLE	0.86
FMA59103	left lacrimal gland	Левый слёзная железа	glandula lacrimalis	lacrimal gland	PROBABLE	0.86
FMA59402	lacrimal lake	Слёзная озеро	lacus lacrimalis	lacus lacrimalis	EXACT	1.00
FMA59502	nasal cartilage	Носовая хрящ			NO_MATCH	0.00
FMA59503	septal nasal cartilage	Перегородочная носовая хрящ	cartilago septi nasi	nasal septal cartilage	EXACT	1.00
FMA59504	major alar cartilage	Большая алар хрящ	cartilago alaris major	major alar cartilage	EXACT	1.00
FMA59505	right major alar cartilage	Правый большая алар хрящ	cartilago alaris major	major alar cartilage	PROBABLE	0.86
FMA59506	left major alar cartilage	Левый большая алар хрящ	cartilago alaris major	major alar cartilage	PROBABLE	0.86
FMA59511	lateral nasal cartilage	Латеральная носовая хрящ			NO_MATCH	0.00
FMA59512	right lateral nasal cartilage	Правый латеральная носовая хрящ			NO_MATCH	0.00
FMA59513	left lateral nasal cartilage	Левый латеральная носовая хрящ			NO_MATCH	0.00
FMA59541	right lacrimal lake	Правый слёзная озеро	lacus lacrimalis	lacus lacrimalis	PROBABLE	0.86
FMA59542	left lacrimal lake	Левый слёзная озеро	lacus lacrimalis	lacus lacrimalis	PROBABLE	0.86
FMA59545	right lacrimal sac	Правый слёзная сак	saccus lacrimalis	lacrimal sac	PROBABLE	0.86
FMA59546	left lacrimal sac	Левый слёзная сак	saccus lacrimalis	lacrimal sac	PROBABLE	0.86
FMA59555	right nasolacrimal duct	Правый носослёзный проток	ductus nasolacrimalis	nasolacrimal duct	PROBABLE	0.86
FMA59556	left nasolacrimal duct	Левый носослёзный проток	ductus nasolacrimalis	nasolacrimal duct	PROBABLE	0.86
FMA59582	right lacrimal canaliculus	Правый слёзная каналикулус	canaliculus lacrimalis	lacrimal canaliculus	PROBABLE	0.86
FMA59583	left lacrimal canaliculus	Левый слёзная каналикулус	canaliculus lacrimalis	lacrimal canaliculus	PROBABLE	0.86
FMA59762	gingiva	Гингива	gingiva	gingiva	EXACT	1.00
FMA59763	gingiva of upper jaw	Гингива верхняя челюсть			NO_MATCH	0.00
FMA59764	gingiva of lower jaw	Гингива нижняя челюсть			NO_MATCH	0.00
FMA59788	major salivary gland	Большая слюнная железа			NO_MATCH	0.00
FMA59791	sublingual gland	Сублингуал железа	glandula sublingualis	sublingual gland	EXACT	1.00
FMA59802	right submandibular gland	Правый субмандибулар железа	glandula submandibularis	submandibular gland	PROBABLE	0.86
FMA59803	left submandibular gland	Левый субмандибулар железа	glandula submandibularis	submandibular gland	PROBABLE	0.86
FMA59804	right sublingual gland	Правый сублингуал железа	glandula sublingualis	sublingual gland	PROBABLE	0.86
FMA59805	left sublingual gland	Левый сублингуал железа	glandula sublingualis	sublingual gland	PROBABLE	0.86
FMA59816	lip	Лип			NO_MATCH	0.00
FMA61284	neural tree organ	Нервная дерево орган			NO_MATCH	0.00
FMA61708	subdivision of auriculotemporal part of head	Подразделение ушно-височной части головы			NO_MATCH	0.00
FMA61775	physical anatomical entity	Физическая анатомическая образование			NO_MATCH	0.00
FMA61815	cardinal segment of brain	Кардинал сегмент головной мозг			NO_MATCH	0.00
FMA61820	segment of cerebral hemisphere	Сегмент мозговая полушарие			NO_MATCH	0.00
FMA61823	lobe of cerebral hemisphere	Доля мозговая полушарие			NO_MATCH	0.00
FMA61833	caudate nucleus	Хвостатая ядро	nucleus caudatus	caudate nucleus	EXACT	1.00
FMA61834	putamen	Путамэн	putamen	putamen	EXACT	1.00
FMA61835	globus pallidus	Глобус паллидус	globus pallidus	globus pallidus	EXACT	1.00
FMA61841	amygdala	Миндалевидное тело	corpus amygdaloideum	amygdaloid body	EXACT	1.00
FMA61842	septum of telencephalon	Перегородка тэлэнкэфалон			NO_MATCH	0.00
FMA61857	superior frontal gyrus	Верхняя лобная извилина	gyrus frontalis superior	superior frontal gyrus	EXACT	1.00
FMA61859	middle frontal gyrus	Средняя лобная извилина	gyrus frontalis medius	middle frontal gyrus	EXACT	1.00
FMA61860	inferior frontal gyrus	Нижняя лобная извилина	gyrus frontalis inferior	inferior frontal gyrus	EXACT	1.00
FMA61894	precentral gyrus	Прэкэнтрал извилина	gyrus precentralis	precentral gyrus	EXACT	1.00
FMA61896	postcentral gyrus	Посткэнтрал извилина	gyrus postcentralis	postcentral gyrus	EXACT	1.00
FMA61897	supramarginal gyrus	Супрамаргинал извилина	gyrus supramarginalis	supramarginal gyrus	EXACT	1.00
FMA61898	angular gyrus	Угловая извилина	gyrus angularis	angular gyrus	EXACT	1.00
FMA61899	superior parietal lobule	Верхняя теменная лобулэ	lobulus parietalis superior	superior parietal lobule	EXACT	1.00
FMA61906	middle temporal gyrus	Средняя височная извилина	gyrus temporalis medius	middle temporal gyrus	EXACT	1.00
FMA61907	inferior temporal gyrus	Нижняя височная извилина	gyrus temporalis inferior	inferior temporal gyrus	EXACT	1.00
FMA61908	fusiform gyrus	Фусиформ извилина			NO_MATCH	0.00
FMA61918	parahippocampal gyrus	Парахиппокампал извилина	gyrus parahippocampalis	parahippocampal gyrus	EXACT	1.00
FMA61934	choroid plexus of cerebral hemisphere	Сосудистая оболочка плэксус мозговая полушарие			NO_MATCH	0.00
FMA61950	internal capsule	Внутренняя капсула	capsula interna	internal capsule	EXACT	1.00
FMA61961	anterior commissure	Передняя спайка	commissura anterior	anterior commissure	EXACT	1.00
FMA61965	fornix of forebrain	Свод передний мозг			NO_MATCH	0.00
FMA61970	commissure of fornix of forebrain	Комиссура свод передний мозг			NO_MATCH	0.00
FMA61974	stria terminalis	Стриа тэрминалис	stria terminalis	stria terminalis	EXACT	1.00
FMA61975	lamina terminalis	Пластинка тэрминалис	lamina terminalis	lamina terminalis	EXACT	1.00
FMA61993	midbrain	Средний мозг	mesencephalon	midbrain	EXACT	1.00
FMA61996	segment of forebrain	Сегмент передний мозг			NO_MATCH	0.00
FMA61997	segment of midbrain	Сегмент средний мозг			NO_MATCH	0.00
FMA61998	segment of hindbrain	Сегмент задний мозг			NO_MATCH	0.00
FMA62004	medulla oblongata	Продолговатый мозг облонгата	medulla oblongata	medulla oblongata	EXACT	1.00
FMA62007	thalamus	Таламус	thalamus	thalamus	EXACT	1.00
FMA62008	hypothalamus	Гипоталамус	hypothalamus	hypothalamus	EXACT	1.00
FMA62032	habenula	Хабэнула	habenula	habenula	EXACT	1.00
FMA62033	pineal body	Шишковидное тело	glandula pinealis	pineal gland	EXACT	1.00
FMA62045	optic chiasm	Зрительный хиазма	chiasma opticum	optic chiasm	EXACT	1.00
FMA62046	optic tract	Зрительный проводящий путь	tractus opticus	optic tract	EXACT	1.00
FMA62072	posterior commissure	Задняя комиссура	commissura posterior	posterior commissure	EXACT	1.00
FMA62080	stria medullaris of thalamus	Стриа мэдулларис таламус			NO_MATCH	0.00
FMA62209	lateral geniculate body	Латеральная гэникулатэ тело	corpus geniculatum laterale	lateral geniculate body	EXACT	1.00
FMA62211	medial geniculate body	Медиальная гэникулатэ тело	corpus geniculatum mediale	medial geniculate body	EXACT	1.00
FMA62327	tuber cinereum	Тубэр кинэрэум	tuber cinereum	tuber cinereum	EXACT	1.00
FMA62374	segment of telencephalon	Сегмент тэлэнкэфалон			NO_MATCH	0.00
FMA62382	right optic tract	Правый зрительный проводящий путь	tractus opticus	optic tract	PROBABLE	0.86
FMA62394	peduncle of midbrain	Пэдунклэ средний мозг			NO_MATCH	0.00
FMA62398	segment of midbrain tectum	Сегмент средний мозг покрышка			NO_MATCH	0.00
FMA62403	superior colliculus	Верхняя колликулус	colliculus superior	superior colliculus	EXACT	1.00
FMA62404	inferior colliculus	Нижняя колликулус	colliculus inferior	inferior colliculus	EXACT	1.00
FMA62434	cingulate gyrus	Кингулатэ извилина	gyrus cinguli	cingulate gyrus	EXACT	1.00
FMA62445	commissure of diencephalon	Комиссура диэнкэфалон			NO_MATCH	0.00
FMA62466	capsule of cerebral hemisphere	Капсула мозговая полушарие			NO_MATCH	0.00
FMA62493	hippocampus	Гиппокамп	hippocampus	hippocampus	EXACT	1.00
FMA62504	tributary of deep palmar venous arch	Приток глубокая ладонная венозная дуга			NO_MATCH	0.00
FMA62506	dorsal venous network of right hand	Тыльная венозная нэтворк правый кисть	rete venosum dorsale manus	dorsal venous network of hand	PROBABLE	0.86
FMA62507	dorsal venous network of left hand	Тыльная венозная нэтворк левый кисть	rete venosum dorsale manus	dorsal venous network of hand	PROBABLE	0.86
FMA62512	trunk of systemic vein	Туловище системная вена			NO_MATCH	0.00
FMA62514	basal ganglion of telencephalon	Базальный ганглий конечного мозга			NO_MATCH	0.00
FMA62955	anatomical entity	Анатомическая сущность			NO_MATCH	0.00
FMA63103	pancreatic duct tree	Поджелудочная проток дерево			NO_MATCH	0.00
FMA63120	parenchyma of pancreas	Парэнчйма поджелудочная железа			NO_MATCH	0.00
FMA63812	set of arteries	Совокупность артерии			NO_MATCH	0.00
FMA63814	set of veins	Совокупность вены			NO_MATCH	0.00
FMA63822	posterior intercostal arteries	Задняя межрёберная артерии	arteriae intercostales posteriores	posterior intercostal arteries	EXACT	1.00
FMA64796	region of serous membrane	Область серозная оболочка			NO_MATCH	0.00
FMA64822	superficial muscle of neck	Поверхностная мышца шейка			NO_MATCH	0.00
FMA64829	scalene muscle	Лестничная мышца мышца			NO_MATCH	0.00
FMA64875	anterior suboccipital muscle	Передняя подзатылочная мышца			NO_MATCH	0.00
FMA64916	thenar muscle	Тенар мышца			NO_MATCH	0.00
FMA64917	hypothenar muscle	Гипотенар мышца			NO_MATCH	0.00
FMA64922	gluteal muscle	Ягодичная мышца			NO_MATCH	0.00
FMA64989	heterogeneous cluster	Хэтэрогэнэоус клустэр			NO_MATCH	0.00
FMA64990	organ part cluster	Орган часть клустэр			NO_MATCH	0.00
FMA65004	superficial muscle of posterior compartment of leg	Поверхностная мышца задняя компартмент голень			NO_MATCH	0.00
FMA65008	deep muscle of posterior compartment of leg	Глубокая мышца задняя компартмент голень			NO_MATCH	0.00
FMA65014	right flexor hallucis longus	Правый сгибатель большого пальца стопы длинная	flexor longus hallucis	flexor hallucis longus	PROBABLE	0.86
FMA65015	left flexor hallucis longus	Левый сгибатель большого пальца стопы длинная	flexor longus hallucis	flexor hallucis longus	PROBABLE	0.86
FMA65016	right flexor digitorum longus	Правый сгибатель пальцев длинная	flexor longus digitorum	flexor digitorum longus	PROBABLE	0.86
FMA65017	left flexor digitorum longus	Левый сгибатель пальцев длинная	flexor longus digitorum	flexor digitorum longus	PROBABLE	0.86
FMA65018	right tibialis posterior	Правый тибиалис задняя			NO_MATCH	0.00
FMA65019	left tibialis posterior	Левый тибиалис задняя			NO_MATCH	0.00
FMA65020	intrinsic muscle of foot	Собственная мышца стопы			NO_MATCH	0.00
FMA65045	intrinsic muscle of dorsum of foot	Собственная мышца тыла стопы			NO_MATCH	0.00
FMA65046	intrinsic muscle of plantar part of foot	Собственная мышца подошвенной части стопы			NO_MATCH	0.00
FMA65132	nerve	Нерв	nervus	nerve	EXACT	1.00
FMA65198	superficial head of right flexor pollicis brevis	Поверхностная головка правый сгибатель большого пальца кисти короткая	caput superficiale flexoris brevis pollicis	superficial head of flexor pollicis brevis	PROBABLE	0.86
FMA65199	superficial head of left flexor pollicis brevis	Поверхностная головка левый сгибатель большого пальца кисти короткая	caput superficiale flexoris brevis pollicis	superficial head of flexor pollicis brevis	PROBABLE	0.86
FMA65410	intermediate tendon	Промежуточная сухожилие	tendo intermedius	intermediate tendon	EXACT	1.00
FMA65470	proximal phalanx of left thumb	Проксимальная фаланга левый тумб			NO_MATCH	0.00
FMA65539	subdivision of parasympathetic nervous system	Подразделение парасимпатическая нервная система			NO_MATCH	0.00
FMA65551	subdivisionof autonomic nervous system	Субдивисионоф вегетативная нервная система			NO_MATCH	0.00
FMA66241	first posterior intercostal artery	Первая задняя межрёберная артерия	arteria intercostalis posterior prima	first posterior intercostal artery	EXACT	1.00
FMA66242	right first posterior intercostal artery	Правый первая задняя межрёберная артерия	arteria intercostalis posterior prima	first posterior intercostal artery	PROBABLE	0.86
FMA66243	left first posterior intercostal artery	Левый первая задняя межрёберная артерия	arteria intercostalis posterior prima	first posterior intercostal artery	PROBABLE	0.86
FMA66267	variant systemic artery	Вариантная системная артерия			NO_MATCH	0.00
FMA66320	thoracodorsal artery	Торакодорсал артерия	arteria thoracodorsalis	thoracodorsal artery	EXACT	1.00
FMA66321	right thoracodorsal artery	Правый торакодорсал артерия	arteria thoracodorsalis	thoracodorsal artery	PROBABLE	0.86
FMA66322	left thoracodorsal artery	Левый торакодорсал артерия	arteria thoracodorsalis	thoracodorsal artery	PROBABLE	0.86
FMA66326	pulmonary artery	Лёгочный артерия			NO_MATCH	0.00
FMA66327	branch of right coronary artery	Ветвь правой коронарной артерии			NO_MATCH	0.00
FMA66328	branch of left coronary artery	Ветвь левой коронарной артерии			NO_MATCH	0.00
FMA66332	zone of artery	Зона артерия			NO_MATCH	0.00
FMA66358	trunk of superior mesenteric artery	Туловище верхняя брыжеечная артерия			NO_MATCH	0.00
FMA66362	trunk of renal artery	Туловище почечная артерия			NO_MATCH	0.00
FMA66363	trunk of right renal artery	Туловище правый почечная артерия			NO_MATCH	0.00
FMA66364	trunk of left renal artery	Туловище левый почечная артерия			NO_MATCH	0.00
FMA66403	anterior interventricular vein	Передняя межжелудочковая вена	vena interventricularis anterior	anterior interventricular vein	EXACT	1.00
FMA66464	systemic artery	Системная артерия			NO_MATCH	0.00
FMA66562	trunk of thoraco-acromial artery	Ствол грудоакромиальной артерии			NO_MATCH	0.00
FMA66563	trunk of right thoraco-acromial artery	Ствол правой грудоакромиальной артерии			NO_MATCH	0.00
FMA66564	trunk of left thoraco-acromial artery	Ствол левой грудоакромиальной артерии			NO_MATCH	0.00
FMA66643	pulmonary vein	Лёгочный вена			NO_MATCH	0.00
FMA66644	systemic vein	Системная вена			NO_MATCH	0.00
FMA66645	portal vein	Воротная вена			NO_MATCH	0.00
FMA66791	proximal phalanx of left little finger	Проксимальная фаланга левый мизинца палец			NO_MATCH	0.00
FMA67112	immaterial anatomical entity	Нематериальная анатомическая сущность			NO_MATCH	0.00
FMA67135	anatomical structure	Анатомическая структура			NO_MATCH	0.00
FMA67165	material anatomical entity	Материал анатомическая образование			NO_MATCH	0.00
FMA67242	gray matter of neuraxis	Серое вещество нервной оси			NO_MATCH	0.00
FMA67325	occipital lobe	Затылочная доля	lobus occipitalis	occipital lobe	EXACT	1.00
FMA67329	insula	Инсула	insula	insula	EXACT	1.00
FMA67396	articular disk of symphysis	Суставной диск симфиза			NO_MATCH	0.00
FMA67498	organ	Орган			NO_MATCH	0.00
FMA67504	subdivision of cardinal body part	Подразделение кардинал тело часть			NO_MATCH	0.00
FMA67536	cardinal tissue part	Кардинал ткань часть			NO_MATCH	0.00
FMA67538	subdivision of epithelium	Подразделение эпитэлиум			NO_MATCH	0.00
FMA67552	anatomical cavity	Анатомическая полость			NO_MATCH	0.00
FMA67598	leaf of cardiac valve	Створка сердечного клапана			NO_MATCH	0.00
FMA67601	process of organ	Отросток орган			NO_MATCH	0.00
FMA67619	organ region	Орган область			NO_MATCH	0.00
FMA67936	left optic tract	Левый зрительный проводящий путь	tractus opticus	optic tract	PROBABLE	0.86
FMA67942	segment of metencephalon	Сегмент мэтэнкэфалон			NO_MATCH	0.00
FMA67943	pons	Мост	pons	pons	EXACT	1.00
FMA67944	cerebellum	Мозжечок	cerebellum	cerebellum	EXACT	1.00
FMA67950	stria of telencephalon	Стриа тэлэнкэфалон			NO_MATCH	0.00
FMA67951	lamina of cerebral hemisphere	Пластинка мозговая полушарие			NO_MATCH	0.00
FMA67957	segment of gyrus of cerebral hemisphere	Сегмент извилина мозговая полушарие			NO_MATCH	0.00
FMA67977	dorsal venous network of hand	Тыльная венозная нэтворк кисть	rete venosum dorsale manus	dorsal venous network of hand	EXACT	1.00
FMA68045	segment of thoracic aorta	Сегмент грудная аорта			NO_MATCH	0.00
FMA68068	inferior phrenic vein	Нижняя диафрагмальная вена			NO_MATCH	0.00
FMA68109	bronchial artery	Бронхиальная артерия			NO_MATCH	0.00
FMA68192	lobar artery	Долевой артерия			NO_MATCH	0.00
FMA68197	right upper lobar artery	Правый верхняя долевой артерия			NO_MATCH	0.00
FMA68208	pulmonary segment of bronchial tree	Лёгочный сегмент бронхиальная дерево			NO_MATCH	0.00
FMA68211	right apical segmental bronchial tree	Правый верхушечная сегментарный бронхиальная дерево			NO_MATCH	0.00
FMA68212	right anterior segmental bronchial tree	Правый передняя сегментарный бронхиальная дерево			NO_MATCH	0.00
FMA68213	right posterior segmental bronchial tree	Правый задняя сегментарный бронхиальная дерево			NO_MATCH	0.00
FMA68214	medial segmental bronchial tree	Медиальная сегментарный бронхиальная дерево			NO_MATCH	0.00
FMA68215	lateral segmental bronchial tree	Латеральная сегментарный бронхиальная дерево			NO_MATCH	0.00
FMA68216	right superior segmental bronchial tree	Правый верхняя сегментарный бронхиальная дерево			NO_MATCH	0.00
FMA68218	right medial basal segmental bronchial tree	Правый медиальная базальная сегментарный бронхиальная дерево			NO_MATCH	0.00
FMA68219	anterior basal segmental bronchial tree	Переднее базальное сегментарное бронхиальное дерево			NO_MATCH	0.00
FMA68220	right lateral basal segmental bronchial tree	Правый латеральная базальная сегментарный бронхиальная дерево			NO_MATCH	0.00
FMA68221	right posterior basal segmental bronchial tree	Правый задняя базальная сегментарный бронхиальная дерево			NO_MATCH	0.00
FMA68222	left anterior segmental bronchial tree	Левый передняя сегментарный бронхиальная дерево			NO_MATCH	0.00
FMA68223	left apical segmental bronchial tree	Левый верхушечная сегментарный бронхиальная дерево			NO_MATCH	0.00
FMA68225	left posterior segmental bronchial tree	Левый задняя сегментарный бронхиальная дерево			NO_MATCH	0.00
FMA68226	superior lingular bronchial tree	Верхняя язычковая бронхиальная дерево			NO_MATCH	0.00
FMA68227	inferior lingular bronchial tree	Нижняя язычковая бронхиальная дерево			NO_MATCH	0.00
FMA68228	left superior segmental bronchial tree	Левый верхняя сегментарный бронхиальная дерево			NO_MATCH	0.00
FMA68229	posterior basal segmental bronchial tree	Задняя базальная сегментарный бронхиальная дерево			NO_MATCH	0.00
FMA68230	left medial basal segmental bronchial tree	Левый медиальная базальная сегментарный бронхиальная дерево			NO_MATCH	0.00
FMA68231	left anterior basal segmental bronchial tree	Левый передняя базальная сегментарный бронхиальная дерево			NO_MATCH	0.00
FMA68232	left lateral basal segmental bronchial tree	Левый латеральная базальная сегментарный бронхиальная дерево			NO_MATCH	0.00
FMA68233	left posterior basal segmental bronchial tree	Левый задняя базальная сегментарный бронхиальная дерево			NO_MATCH	0.00
FMA68234	apical segmental bronchial tree	Верхушечное сегментарное бронхиальное дерево			NO_MATCH	0.00
FMA68235	anterior segmental bronchial tree	Переднее сегментарное бронхиальное дерево			NO_MATCH	0.00
FMA68236	posterior segmental bronchial tree	Задняя сегментарный бронхиальная дерево			NO_MATCH	0.00
FMA68237	superior segmental bronchial tree	Верхняя сегментарный бронхиальная дерево			NO_MATCH	0.00
FMA68238	basal segmental bronchial tree	Базальное сегментарное бронхиальное дерево			NO_MATCH	0.00
FMA68320	medial basal segmental bronchial tree	Медиальная базальная сегментарный бронхиальная дерево			NO_MATCH	0.00
FMA68321	right anterior basal segmental bronchial tree	Правый передняя базальная сегментарный бронхиальная дерево			NO_MATCH	0.00
FMA68322	lateral basal segmental bronchial tree	Латеральная базальная сегментарный бронхиальная дерево			NO_MATCH	0.00
FMA68418	right main bronchus proper	Правый главный бронх собственно			NO_MATCH	0.00
FMA68661	apical part of apical segmental artery	Верхушечная часть верхушечной сегментарной артерии			NO_MATCH	0.00
FMA68662	apical part of right apical segmental artery	Верхушечная часть правой верхушечной сегментарной артерии			NO_MATCH	0.00
FMA68664	anterior part of apical segmental artery	Передняя часть верхушечной сегментарной артерии			NO_MATCH	0.00
FMA68665	anterior part of right apical segmental artery	Передняя часть правой верхушечной сегментарной артерии			NO_MATCH	0.00
FMA68667	subsegmental part of apical segmental artery	Субсегментарный часть верхушечная сегментарный артерия			NO_MATCH	0.00
FMA68668	subsegmental part of posterior segmental artery	Субсегментарный часть задняя сегментарный артерия			NO_MATCH	0.00
FMA68669	apical part of posterior segmental artery	Верхушечная часть задней сегментарной артерии			NO_MATCH	0.00
FMA68670	apical part of right posterior segmental artery	Верхушечная часть правой задней сегментарной артерии			NO_MATCH	0.00
FMA68672	posterior part of posterior segmental artery	Задняя часть задняя сегментарный артерия			NO_MATCH	0.00
FMA68673	posterior part of right posterior segmental artery	Задняя часть правый задняя сегментарный артерия			NO_MATCH	0.00
FMA68675	subsegmental part of anterior segmental artery	Субсегментарный часть передняя сегментарный артерия			NO_MATCH	0.00
FMA68676	posterior part of anterior segmental artery	Задняя часть передняя сегментарный артерия			NO_MATCH	0.00
FMA68677	posterior branch of right anterior segmental artery	Задняя ветвь правый передняя сегментарный артерия			NO_MATCH	0.00
FMA68682	anterior branch of anterior segmental artery	Передняя ветвь передней сегментарной артерии			NO_MATCH	0.00
FMA68683	anterior branch of right anterior segmental artery	Передняя ветвь правой передней сегментарной артерии			NO_MATCH	0.00
FMA68689	subsegmental part of lateral segmental artery	Субсегментарный часть латеральная сегментарный артерия			NO_MATCH	0.00
FMA68690	posterior branch of lateral segmental artery	Задняя ветвь латеральная сегментарный артерия			NO_MATCH	0.00
FMA68691	anterior branch of lateral segmental artery	Передняя ветвь латеральной сегментарной артерии			NO_MATCH	0.00
FMA68692	subsegmental part of medial segmental artery	Субсегментарный часть медиальная сегментарный артерия			NO_MATCH	0.00
FMA68693	superior branch of medial segmental artery	Верхняя ветвь медиальная сегментарный артерия			NO_MATCH	0.00
FMA68694	inferior branch of medial segmental artery	Нижняя ветвь медиальная сегментарный артерия			NO_MATCH	0.00
FMA68704	medial branch of superior segmental artery	Медиальная ветвь верхняя сегментарный артерия			NO_MATCH	0.00
FMA68705	subsegmental part of superior segmental artery	Субсегментарный часть верхняя сегментарный артерия			NO_MATCH	0.00
FMA68706	medial branch of right superior segmental artery	Медиальная ветвь правый верхняя сегментарный артерия			NO_MATCH	0.00
FMA68708	superior branch of superior segmental artery	Верхняя ветвь верхняя сегментарный артерия			NO_MATCH	0.00
FMA68709	superior branch of right superior segmental artery	Верхняя ветвь правый верхняя сегментарный артерия			NO_MATCH	0.00
FMA68711	lateral branch of superior segmental artery	Латеральная ветвь верхняя сегментарный артерия			NO_MATCH	0.00
FMA68712	lateral branch of right superior segmental artery	Латеральная ветвь правый верхняя сегментарный артерия			NO_MATCH	0.00
FMA68720	subsegmental part of anterior basal segmental artery	Субсегментарный часть передняя базальная сегментарный артерия			NO_MATCH	0.00
FMA68721	lateral branch of anterior basal segmental artery	Латеральная ветвь передняя базальная сегментарный артерия			NO_MATCH	0.00
FMA68722	basal branch of anterior basal segmental artery	Базальная ветвь передней базальной сегментарной артерии			NO_MATCH	0.00
FMA68723	basal branch of right anterior basal segmental artery	Базальная ветвь правой передней базальной сегментарной артерии			NO_MATCH	0.00
FMA68725	lateral branch of right anterior basal segmental artery	Латеральная ветвь правый передняя базальная сегментарный артерия			NO_MATCH	0.00
FMA68727	subsegmental part of lateral basal segmental artery	Субсегментарный часть латеральная базальная сегментарный артерия			NO_MATCH	0.00
FMA68728	lateral branch of right lateral basal segmental artery	Латеральная ветвь правый латеральная базальная сегментарный артерия			NO_MATCH	0.00
FMA68733	subsegmental part of posterior basal segmental artery	Субсегментарный часть задняя базальная сегментарный артерия			NO_MATCH	0.00
FMA68734	accessory subsuperior branch of posterior basal segmental artery	Добавочная подсупериорная ветвь задней базальной сегментарной артерии			NO_MATCH	0.00
FMA68735	accessory subsuperior branch of right posterior basal segmental artery	Добавочная подсупериорная ветвь правой задней базальной сегментарной артерии			NO_MATCH	0.00
FMA68737	laterobasal branch of posterior basal segmental artery	Латэробасал ветвь задняя базальная сегментарный артерия			NO_MATCH	0.00
FMA68738	laterobasal branch of right posterior basal segmental artery	Латэробасал ветвь правый задняя базальная сегментарный артерия			NO_MATCH	0.00
FMA68740	mediobasal branch of posterior basal segmental artery	Мэдиобасал ветвь задняя базальная сегментарный артерия			NO_MATCH	0.00
FMA68741	mediobasal branch of right posterior basal segmental artery	Мэдиобасал ветвь правый задняя базальная сегментарный артерия			NO_MATCH	0.00
FMA68878	trunk of segmental pulmonary vein	Туловище сегментарный лёгочный вена			NO_MATCH	0.00
FMA68879	trunk of apical segmental vein	Туловище верхушечная сегментарный вена			NO_MATCH	0.00
FMA68880	trunk of right apical segmental vein	Туловище правый верхушечная сегментарный вена			NO_MATCH	0.00
FMA68919	apical part of apical segmental vein	Верхушечная часть верхушечной сегментарной вены			NO_MATCH	0.00
FMA68920	anterior part of apical segmental vein	Передняя часть верхушечной сегментарной вены			NO_MATCH	0.00
FMA68921	anterior part of right apical segmental vein	Передняя часть правой верхушечной сегментарной вены			NO_MATCH	0.00
FMA68926	superior part of right anterior segmental vein	Верхняя часть правый передняя сегментарный вена			NO_MATCH	0.00
FMA68928	inferior part of right anterior segmental vein	Нижняя часть правый передняя сегментарный вена			NO_MATCH	0.00
FMA68944	posterior part of lateral segmental vein	Задняя часть латеральная сегментарный вена			NO_MATCH	0.00
FMA68945	anterior part of lateral segmental vein	Передняя часть латеральной сегментарной вены			NO_MATCH	0.00
FMA68982	superior part of medial segmental vein	Верхняя часть медиальная сегментарный вена			NO_MATCH	0.00
FMA68983	inferior part of medial segmental vein	Нижняя часть медиальная сегментарный вена			NO_MATCH	0.00
FMA69264	inferior suprarenal artery	Нижняя надпочечниковая артерия	arteria suprarenalis inferior	inferior suprarenal artery	EXACT	1.00
FMA69265	right inferior suprarenal artery	Правый нижняя надпочечниковая артерия	arteria suprarenalis inferior	inferior suprarenal artery	PROBABLE	0.86
FMA69266	left inferior suprarenal artery	Левый нижняя надпочечниковая артерия	arteria suprarenalis inferior	inferior suprarenal artery	PROBABLE	0.86
FMA69418	trunk of branch of popliteal artery	Туловище ветвь подколенная артерия			NO_MATCH	0.00
FMA69458	subdivision of external iliac artery	Подразделение наружная подвздошная артерия			NO_MATCH	0.00
FMA69459	subdivision of deep femoral artery	Подразделение глубокая бедренная артерия			NO_MATCH	0.00
FMA69476	subdivision of anterior tibial artery	Подразделение передняя большеберцовая артерия			NO_MATCH	0.00
FMA69490	right lateral tarsal artery	Правый латеральная предплюсневая кость артерия	arteria tarsea lateralis	lateral tarsal artery	PROBABLE	0.86
FMA69491	left lateral tarsal artery	Левый латеральная предплюсневая кость артерия	arteria tarsea lateralis	lateral tarsal artery	PROBABLE	0.86
FMA69494	right arcuate artery	Правый аркуатэ артерия	arteria arcuata	arcuate artery	PROBABLE	0.86
FMA69495	left arcuate artery	Левый аркуатэ артерия	arteria arcuata	arcuate artery	PROBABLE	0.86
FMA69513	deep plantar artery	Глубокая подошвенная артерия	arteria plantaris profunda	deep plantar artery	EXACT	1.00
FMA69514	right deep plantar artery	Правый глубокая подошвенная артерия	arteria plantaris profunda	deep plantar artery	PROBABLE	0.86
FMA69515	left deep plantar artery	Левый глубокая подошвенная артерия	arteria plantaris profunda	deep plantar artery	PROBABLE	0.86
FMA69517	distal perforating artery	Дистальная прободная артерия			NO_MATCH	0.00
FMA69559	zone of trunk of lateral plantar artery	Зона туловище латеральная подошвенная артерия			NO_MATCH	0.00
FMA69713	digital artery of foot	пальцевая артерия стопа			NO_MATCH	0.00
FMA69784	branch of posterior tibial artery	Ветвь задней большеберцовой артерии			NO_MATCH	0.00
FMA69796	subdivision of internal iliac artery	Подразделение внутренняя подвздошная артерия			NO_MATCH	0.00
FMA69803	subdivision of anterior division of internal iliac artery	Подразделение передней ветви внутренней подвздошной артерии			NO_MATCH	0.00
FMA69805	subdivision of internal pudendal artery	Подразделение внутренняя пудендальная артерия			NO_MATCH	0.00
FMA70247	subdivision of external iliac artery proper	Подразделение наружная подвздошная артерия собственно			NO_MATCH	0.00
FMA70248	femoral artery	Бедренная артерия	arteria femoralis	femoral artery	EXACT	1.00
FMA70249	right femoral artery	Правый бедренная артерия	arteria femoralis	femoral artery	PROBABLE	0.86
FMA70250	left femoral artery	Левый бедренная артерия	arteria femoralis	femoral artery	PROBABLE	0.86
FMA70251	subdivision of femoral artery	Подразделение бедренная артерия			NO_MATCH	0.00
FMA70345	subdivision of subclavian artery	Подразделение подключичная артерия			NO_MATCH	0.00
FMA70353	subdivision of thyrocervical artery	Подразделение щитовидно-шейный артерия			NO_MATCH	0.00
FMA70358	subdivision of internal thoracic artery	Подразделение внутренняя грудная артерия			NO_MATCH	0.00
FMA70399	subdivision of costocervical artery	Подразделение рёберно-шейный артерия			NO_MATCH	0.00
FMA70408	subdivision of thoraco-acromial artery	Подразделение грудоакромиальной артерии			NO_MATCH	0.00
FMA70422	subdivision of subscapular artery	Подразделение субскапулар артерия			NO_MATCH	0.00
FMA70429	subdivision of celiac artery	Подразделение чревная артерия			NO_MATCH	0.00
FMA70433	subdivision of common hepatic artery	Подразделение общая печёночная артерия			NO_MATCH	0.00
FMA70436	subdivision of gastroduodenal artery	Подразделение гастродуодэнал артерия			NO_MATCH	0.00
FMA70437	superior pancreaticoduodenal artery	Верхняя поджелудочно-двенадцатиперстная артерия			NO_MATCH	0.00
FMA70439	subdivision of right hepatic artery	Подразделение правый печёночная артерия			NO_MATCH	0.00
FMA70440	subdivision of left hepatic artery	Подразделение левый печёночная артерия			NO_MATCH	0.00
FMA70442	anterior superior segmental hepatic artery	Передняя верхняя сегментарная печёночная артерия			NO_MATCH	0.00
FMA70443	anterior inferior segmental hepatic artery	Передняя нижняя сегментарная печёночная артерия			NO_MATCH	0.00
FMA70445	posterior superior segmental hepatic artery	Задняя верхняя сегментарный печёночная артерия			NO_MATCH	0.00
FMA70446	posterior inferior segmental hepatic artery	Задняя нижняя сегментарный печёночная артерия			NO_MATCH	0.00
FMA70447	caudate lobe branch of right hepatic artery	Хвостатая доля ветвь правый печёночная артерия			NO_MATCH	0.00
FMA70449	medial superior segmental hepatic artery	Медиальная верхняя сегментарный печёночная артерия			NO_MATCH	0.00
FMA70450	medial inferior segmental hepatic artery	Медиальная нижняя сегментарный печёночная артерия			NO_MATCH	0.00
FMA70452	lateral superior segmental hepatic artery	Латеральная верхняя сегментарный печёночная артерия			NO_MATCH	0.00
FMA70453	lateral inferior segmental hepatic artery	Латеральная нижняя сегментарный печёночная артерия			NO_MATCH	0.00
FMA70455	caudate lobe branch of left hepatic artery	Хвостатая доля ветвь левый печёночная артерия			NO_MATCH	0.00
FMA70456	trunk of right hepatic artery	Туловище правый печёночная артерия			NO_MATCH	0.00
FMA70457	trunk of left hepatic artery	Туловище левый печёночная артерия			NO_MATCH	0.00
FMA70470	subdivision of splenic artery	Подразделение селезёночная артерия			NO_MATCH	0.00
FMA70471	pancreatic artery	Поджелудочная артерия			NO_MATCH	0.00
FMA70478	subdivision of superior mesenteric artery	Подразделение верхняя брыжеечная артерия			NO_MATCH	0.00
FMA70479	anterior inferior pancreaticoduodenal artery	Передняя нижняя панкреатодуоденальная артерия	arteria pancreaticoduodenalis inferior anterior	anterior inferior pancreaticoduodenal artery	EXACT	1.00
FMA70480	posterior inferior pancreaticoduodenal artery	Задняя нижняя поджелудочно-двенадцатиперстная артерия	arteria pancreaticoduodenalis inferior posterior	posterior inferior pancreaticoduodenal artery	EXACT	1.00
FMA70481	subdivision of inferior pancreaticoduodenal artery	Подразделение нижняя поджелудочно-двенадцатиперстная артерия			NO_MATCH	0.00
FMA70483	subdivision of inferior mesenteric artery	Подразделение нижняя брыжеечная артерия			NO_MATCH	0.00
FMA70484	segment of renal artery	Сегмент почечная артерия			NO_MATCH	0.00
FMA70485	anterior division of renal artery	Передняя ветвь почечной артерии			NO_MATCH	0.00
FMA70486	anterior division of right renal artery	Передняя ветвь правой почечной артерии			NO_MATCH	0.00
FMA70487	anterior division of left renal artery	Передняя ветвь левой почечной артерии			NO_MATCH	0.00
FMA70488	posterior division of renal artery	Задняя дивисион почечная артерия			NO_MATCH	0.00
FMA70489	posterior division of right renal artery	Задняя дивисион правый почечная артерия			NO_MATCH	0.00
FMA70490	posterior division of left renal artery	Задняя дивисион левый почечная артерия			NO_MATCH	0.00
FMA70491	ureteric segment of renal artery	Урэтэрик сегмент почечная артерия			NO_MATCH	0.00
FMA70492	ureteric segment of right renal artery	Урэтэрик сегмент правый почечная артерия			NO_MATCH	0.00
FMA70493	ureteric segment of left renal artery	Урэтэрик сегмент левый почечная артерия			NO_MATCH	0.00
FMA70494	segmental renal artery	Сегментарный почечная артерия			NO_MATCH	0.00
FMA70499	superior segmental renal artery	Верхняя сегментарный почечная артерия			NO_MATCH	0.00
FMA70502	inferior segmental renal artery	Нижняя сегментарный почечная артерия			NO_MATCH	0.00
FMA70503	posterior segmental renal artery	Задняя сегментарный почечная артерия			NO_MATCH	0.00
FMA70504	subdivision of common carotid artery	Подразделение общая сонная артерия			NO_MATCH	0.00
FMA70506	subdivision of internal carotid artery	Подразделение внутренняя сонная артерия			NO_MATCH	0.00
FMA70523	subdivision of cerebral part of internal carotid artery	Подразделение мозговая часть внутренняя сонная артерия			NO_MATCH	0.00
FMA70593	subdivision of epidermis	Подразделение эпидэрмис			NO_MATCH	0.00
FMA70676	subdivision of superior temporal gyrus	Подразделение верхняя височная извилина			NO_MATCH	0.00
FMA70701	anterior part of superior temporal gyrus	Передняя часть верхней височной извилины			NO_MATCH	0.00
FMA70703	posterior part of superior temporal gyrus	Задняя часть верхняя височная извилина			NO_MATCH	0.00
FMA70741	set of facial hairs	Совокупность лицевая хаирс			NO_MATCH	0.00
FMA70752	set of hairs	Совокупность хаирс			NO_MATCH	0.00
FMA70779	set of organs	Совокупность органы			NO_MATCH	0.00
FMA70800	set of dorsal metacarpal arteries	Совокупность тыльная пястная кость артерии			NO_MATCH	0.00
FMA70801	set of dorsal digital arteries	Совокупность тыльная пальцевая артерии			NO_MATCH	0.00
FMA70815	set of perforating arteries	Совокупность прободная артерии			NO_MATCH	0.00
FMA70821	set of common plantar digital arteries	Совокупность общая подошвенная пальцевая артерии			NO_MATCH	0.00
FMA70839	set of anterior intercostal veins	Совокупность передняя межрёберная вены			NO_MATCH	0.00
FMA70917	set of dorsal digital veins	Совокупность тыльная пальцевая вены			NO_MATCH	0.00
FMA70919	set of plantar digital veins	Совокупность подошвенная пальцевая вены			NO_MATCH	0.00
FMA70922	set of perforating veins	Совокупность прободная вены			NO_MATCH	0.00
FMA71012	skin appendage	Кожа аппэндагэ			NO_MATCH	0.00
FMA71114	brachium of inferior colliculus	Ручка нижнего холмика	brachium colliculi inferioris	brachium of inferior colliculus	EXACT	1.00
FMA71193	lobe of thymus	Доля тимуса	lobus thymi	lobe of thymus	EXACT	1.00
FMA71194	right lobe of thymus	Правая доля тимуса	lobus thymi	lobe of thymus	PROBABLE	0.86
FMA71195	left lobe of thymus	Левая доля тимуса	lobus thymi	lobe of thymus	PROBABLE	0.86
FMA71209	tributary of axillary vein	Приток подмышечная вена			NO_MATCH	0.00
FMA71210	lateral thoracic vein	Латеральная грудная вена	vena thoracica lateralis	lateral thoracic vein	EXACT	1.00
FMA71211	right lateral thoracic vein	Правый латеральная грудная вена	vena thoracica lateralis	lateral thoracic vein	PROBABLE	0.86
FMA71212	left lateral thoracic vein	Левый латеральная грудная вена	vena thoracica lateralis	lateral thoracic vein	PROBABLE	0.86
FMA71213	thoracodorsal vein	Торакодорсал вена	vena thoracodorsalis	thoracodorsal vein	EXACT	1.00
FMA71214	right thoracodorsal vein	Правый торакодорсал вена	vena thoracodorsalis	thoracodorsal vein	PROBABLE	0.86
FMA71215	left thoracodorsal vein	Левый торакодорсал вена	vena thoracodorsalis	thoracodorsal vein	PROBABLE	0.86
FMA71235	region of dura mater	Область дура матэр			NO_MATCH	0.00
FMA71307	set of interspinales lumborum	Совокупность интэрспиналэс лумборум			NO_MATCH	0.00
FMA71309	set of interspinales cervicis	Совокупность межостистых мышц шеи			NO_MATCH	0.00
FMA71313	set of levatores costarum longi	Совокупность лэваторэс костарум лонги			NO_MATCH	0.00
FMA71314	set of levatores costarum breves	Совокупность лэваторэс костарум брэвэс			NO_MATCH	0.00
FMA71318	set of lumbricals of hand	Совокупность червеобразных мышц кисти			NO_MATCH	0.00
FMA71319	set of dorsal interossei of hand	Совокупность тыльных межкостных мышц кисти			NO_MATCH	0.00
FMA71320	set of palmar interossei of hand	Совокупность ладонных межкостных мышц кисти			NO_MATCH	0.00
FMA71442	set of anterior cervical intertransversarii	Совокупность передняя шейная интэртрансвэрсарии			NO_MATCH	0.00
FMA71443	set of posterior cervical intertransversarii	Совокупность задняя шейная интэртрансвэрсарии			NO_MATCH	0.00
FMA71502	set of posterior temporal branches of lateral occipital artery	Совокупность задняя височная ветви латеральная затылочная артерия			NO_MATCH	0.00
FMA71537	set of oesophageal branches of thoracic aorta	Совокупность пищеводная ветви грудная аорта			NO_MATCH	0.00
FMA71562	set of calcaneal branches of posterior tibial artery	Совокупность пяточное ветви задняя большеберцовая артерия			NO_MATCH	0.00
FMA71564	set of plantar digital arteries proper	Совокупность подошвенная пальцевая артерии собственно			NO_MATCH	0.00
FMA71708	right lobe branch of right hepatic artery	Правый доля ветвь правый печёночная артерия			NO_MATCH	0.00
FMA71709	subdivision of right lobe branch of right hepatic artery	Подразделение правый доля ветвь правый печёночная артерия			NO_MATCH	0.00
FMA71710	left lobe branch of left hepatic artery	Левый доля ветвь левый печёночная артерия			NO_MATCH	0.00
FMA71736	subdivision of left lobe branch of left hepatic artery	Подразделение левый доля ветвь левый печёночная артерия			NO_MATCH	0.00
FMA71856	segment of biliary tree	Сегмент желчная дерево			NO_MATCH	0.00
FMA71859	segment of right hepatic biliary tree	Сегмент правый печёночная желчная дерево			NO_MATCH	0.00
FMA71860	segment of left hepatic biliary tree	Сегмент левый печёночная желчная дерево			NO_MATCH	0.00
FMA71865	segmental tributary of right hepatic biliary tree	Сегментарный приток правый печёночная желчная дерево			NO_MATCH	0.00
FMA71866	segmental tributary of left hepatic biliary tree	Сегментарный приток левый печёночная желчная дерево			NO_MATCH	0.00
FMA71867	anterior superior tributary of right hepatic biliary tree	Передний верхний приток правого печёночного желчного дерева			NO_MATCH	0.00
FMA71868	anterior inferior tributary of right hepatic biliary tree	Передний нижний приток правого печёночного желчного дерева			NO_MATCH	0.00
FMA71869	posterior superior tributary of right hepatic biliary tree	Задняя верхняя приток правый печёночная желчная дерево			NO_MATCH	0.00
FMA71870	posterior inferior tributary of right hepatic biliary tree	Задняя нижняя приток правый печёночная желчная дерево			NO_MATCH	0.00
FMA71885	medial superior tributary of left hepatic biliary tree	Медиальная верхняя приток левый печёночная желчная дерево			NO_MATCH	0.00
FMA71886	medial inferior tributary of left hepatic biliary tree	Медиальная нижняя приток левый печёночная желчная дерево			NO_MATCH	0.00
FMA71887	lateral superior tributary of left hepatic biliary tree	Латеральная верхняя приток левый печёночная желчная дерево			NO_MATCH	0.00
FMA71888	lateral inferior tributary of left hepatic biliary tree	Латеральная нижняя приток левый печёночная желчная дерево			NO_MATCH	0.00
FMA71889	caudate lobe tributary of left hepatic biliary tree	Хвостатая доля приток левый печёночная желчная дерево			NO_MATCH	0.00
FMA71903	subdivision of hepatic portal vein	Подразделение печёночная воротная вена			NO_MATCH	0.00
FMA71904	pre-hepatic portal vein	Прэ-хэпатик воротная вена			NO_MATCH	0.00
FMA71905	subdivision of right hepatic portal vein	Подразделение правый печёночная воротная вена			NO_MATCH	0.00
FMA71906	subdivision of left hepatic portal vein	Подразделение левый печёночная воротная вена			NO_MATCH	0.00
FMA71907	trunk of branch of hepatic portal vein	Туловище ветвь печёночная воротная вена			NO_MATCH	0.00
FMA71908	proximal phalanx of left middle finger	Проксимальная фаланга левый средняя палец			NO_MATCH	0.00
FMA71915	proximal phalanx of left index finger	Проксимальная фаланга левый указательного палец			NO_MATCH	0.00
FMA71916	proximal phalanx of left ring finger	Проксимальная фаланга левый кольцо палец			NO_MATCH	0.00
FMA72058	intrinsic ligament of larynx	Внутренняя связка гортани			NO_MATCH	0.00
FMA72308	stylohyoid ligament	Шилоподъязычная связка	ligamentum stylohyoideum	stylohyoid ligament	EXACT	1.00
FMA72309	right stylohyoid ligament	Правый шилоподъязычная связка	ligamentum stylohyoideum	stylohyoid ligament	PROBABLE	0.86
FMA72311	left stylohyoid ligament	Левый шилоподъязычная связка	ligamentum stylohyoideum	stylohyoid ligament	PROBABLE	0.86
FMA72417	brachium of superior colliculus	Ручка верхнего холмика	brachium colliculi superioris	brachium of superior colliculus	EXACT	1.00
FMA72653	right superior frontal gyrus	Правый верхняя лобная извилина	gyrus frontalis superior	superior frontal gyrus	PROBABLE	0.86
FMA72654	left superior frontal gyrus	Левый верхняя лобная извилина	gyrus frontalis superior	superior frontal gyrus	PROBABLE	0.86
FMA72655	right middle frontal gyrus	Правый средняя лобная извилина	gyrus frontalis medius	middle frontal gyrus	PROBABLE	0.86
FMA72656	left middle frontal gyrus	Левый средняя лобная извилина	gyrus frontalis medius	middle frontal gyrus	PROBABLE	0.86
FMA72657	right inferior frontal gyrus	Правый нижняя лобная извилина	gyrus frontalis inferior	inferior frontal gyrus	PROBABLE	0.86
FMA72658	left inferior frontal gyrus	Левый нижняя лобная извилина	gyrus frontalis inferior	inferior frontal gyrus	PROBABLE	0.86
FMA72661	right precentral gyrus	Правый прэкэнтрал извилина	gyrus precentralis	precentral gyrus	PROBABLE	0.86
FMA72662	left precentral gyrus	Левый прэкэнтрал извилина	gyrus precentralis	precentral gyrus	PROBABLE	0.86
FMA72665	right postcentral gyrus	Правый посткэнтрал извилина	gyrus postcentralis	postcentral gyrus	PROBABLE	0.86
FMA72666	left postcentral gyrus	Левый посткэнтрал извилина	gyrus postcentralis	postcentral gyrus	PROBABLE	0.86
FMA72667	right supramarginal gyrus	Правый супрамаргинал извилина	gyrus supramarginalis	supramarginal gyrus	PROBABLE	0.86
FMA72668	left supramarginal gyrus	Левый супрамаргинал извилина	gyrus supramarginalis	supramarginal gyrus	PROBABLE	0.86
FMA72669	right angular gyrus	Правый ангулар извилина	gyrus angularis	angular gyrus	PROBABLE	0.86
FMA72670	left angular gyrus	Левый ангулар извилина	gyrus angularis	angular gyrus	PROBABLE	0.86
FMA72671	right superior parietal lobule	Правый верхняя теменная лобулэ	lobulus parietalis superior	superior parietal lobule	PROBABLE	0.86
FMA72672	left superior parietal lobule	Левый верхняя теменная лобулэ	lobulus parietalis superior	superior parietal lobule	PROBABLE	0.86
FMA72685	right middle temporal gyrus	Правый средняя височная извилина	gyrus temporalis medius	middle temporal gyrus	PROBABLE	0.86
FMA72686	left middle temporal gyrus	Левый средняя височная извилина	gyrus temporalis medius	middle temporal gyrus	PROBABLE	0.86
FMA72687	right inferior temporal gyrus	Правый нижняя височная извилина	gyrus temporalis inferior	inferior temporal gyrus	PROBABLE	0.86
FMA72688	left inferior temporal gyrus	Левый нижняя височная извилина	gyrus temporalis inferior	inferior temporal gyrus	PROBABLE	0.86
FMA72689	right fusiform gyrus	Правый фусиформ извилина			NO_MATCH	0.00
FMA72690	left fusiform gyrus	Левый фусиформ извилина			NO_MATCH	0.00
FMA72705	right parahippocampal gyrus	Правый парахиппокампал извилина	gyrus parahippocampalis	parahippocampal gyrus	PROBABLE	0.86
FMA72706	left parahippocampal gyrus	Левый парахиппокампал извилина	gyrus parahippocampalis	parahippocampal gyrus	PROBABLE	0.86
FMA72713	right hippocampus	Правый гиппокамп	hippocampus	hippocampus	PROBABLE	0.86
FMA72714	left hippocampus	Левый гиппокамп	hippocampus	hippocampus	PROBABLE	0.86
FMA72717	right cingulate gyrus	Правый кингулатэ извилина	gyrus cinguli	cingulate gyrus	PROBABLE	0.86
FMA72718	left cingulate gyrus	Левый кингулатэ извилина	gyrus cinguli	cingulate gyrus	PROBABLE	0.86
FMA72800	anterior part of right superior temporal gyrus	Передняя часть правой верхней височной извилины			NO_MATCH	0.00
FMA72801	anterior part of left superior temporal gyrus	Передняя часть левой верхней височной извилины			NO_MATCH	0.00
FMA72804	posterior part of right superior temporal gyrus	Задняя часть правый верхняя височная извилина			NO_MATCH	0.00
FMA72805	posterior part of left superior temporal gyrus	Задняя часть левый верхняя височная извилина			NO_MATCH	0.00
FMA72826	right caudate nucleus	Правый хвостатая ядро	nucleus caudatus	caudate nucleus	PROBABLE	0.86
FMA72827	left caudate nucleus	Левый хвостатая ядро	nucleus caudatus	caudate nucleus	PROBABLE	0.86
FMA72828	right putamen	Правый путамэн	putamen	putamen	PROBABLE	0.86
FMA72829	left putamen	Левый путамэн	putamen	putamen	PROBABLE	0.86
FMA72830	right globus pallidus	Правый глобус паллидус	globus pallidus	globus pallidus	PROBABLE	0.86
FMA72831	left globus pallidus	Левый глобус паллидус	globus pallidus	globus pallidus	PROBABLE	0.86
FMA72832	right amygdala	Правый миндалевидное тело	corpus amygdaloideum	amygdaloid body	PROBABLE	0.86
FMA72833	left amygdala	Левый миндалевидное тело	corpus amygdaloideum	amygdaloid body	PROBABLE	0.86
FMA72906	right internal capsule	Правый внутренняя капсула	capsula interna	internal capsule	PROBABLE	0.86
FMA72907	left internal capsule	Левый внутренняя капсула	capsula interna	internal capsule	PROBABLE	0.86
FMA72924	right fornix of forebrain	Правый свод передний мозг			NO_MATCH	0.00
FMA72925	left fornix of forebrain	Левый свод передний мозг			NO_MATCH	0.00
FMA72940	left stria terminalis	Левый стриа тэрминалис	stria terminalis	stria terminalis	PROBABLE	0.86
FMA72975	right occipital lobe	Правый затылочная доля	lobus occipitalis	occipital lobe	PROBABLE	0.86
FMA72976	left occipital lobe	Левый затылочная доля	lobus occipitalis	occipital lobe	PROBABLE	0.86
FMA72977	right insula	Правый инсула	insula	insula	PROBABLE	0.86
FMA72978	left insula	Левый инсула	insula	insula	PROBABLE	0.86
FMA73203	trunk of subdivision of axillary artery	Туловище подразделение подмышечная артерия			NO_MATCH	0.00
FMA73204	trunk of branch of common iliac artery	Туловище ветвь общая подвздошная артерия			NO_MATCH	0.00
FMA73303	right lateral geniculate body	Правый латеральная гэникулатэ тело	corpus geniculatum laterale	lateral geniculate body	PROBABLE	0.86
FMA73304	left lateral geniculate body	Левый латеральная гэникулатэ тело	corpus geniculatum laterale	lateral geniculate body	PROBABLE	0.86
FMA73309	right medial geniculate body	Правый медиальная гэникулатэ тело	corpus geniculatum mediale	medial geniculate body	PROBABLE	0.86
FMA73310	left medial geniculate body	Левый медиальная гэникулатэ тело	corpus geniculatum mediale	medial geniculate body	PROBABLE	0.86
FMA73413	right stria medullaris of thalamus	Правый стриа мэдулларис таламус			NO_MATCH	0.00
FMA73414	left stria medullaris of thalamus	Левый стриа мэдулларис таламус			NO_MATCH	0.00
FMA73422	right superior colliculus	Правый верхняя колликулус	colliculus superior	superior colliculus	PROBABLE	0.86
FMA73423	left superior colliculus	Левый верхняя колликулус	colliculus superior	superior colliculus	PROBABLE	0.86
FMA73434	right inferior colliculus	Правый нижняя колликулус	colliculus inferior	inferior colliculus	PROBABLE	0.86
FMA73435	left inferior colliculus	Левый нижняя колликулус	colliculus inferior	inferior colliculus	PROBABLE	0.86
FMA73461	brachium of right superior colliculus	Ручка правого верхнего холмика	brachium colliculi superioris	brachium of superior colliculus	PROBABLE	0.86
FMA73462	brachium of left superior colliculus	Ручка левого верхнего холмика	brachium colliculi superioris	brachium of superior colliculus	PROBABLE	0.86
FMA73463	brachium of right inferior colliculus	Ручка правого нижнего холмика	brachium colliculi inferioris	brachium of inferior colliculus	PROBABLE	0.86
FMA73464	brachium of left inferior colliculus	Ручка левого нижнего холмика	brachium colliculi inferioris	brachium of inferior colliculus	PROBABLE	0.86
FMA74075	set of right levatores costarum longi	Совокупность правый лэваторэс костарум лонги			NO_MATCH	0.00
FMA74076	set of left levatores costarum longi	Совокупность левый лэваторэс костарум лонги			NO_MATCH	0.00
FMA74077	set of right levatores costarum breves	Совокупность правый лэваторэс костарум брэвэс			NO_MATCH	0.00
FMA74078	set of left levatores costarum breves	Совокупность левый лэваторэс костарум брэвэс			NO_MATCH	0.00
FMA74779	musculature of chest	Мускулатура грудь			NO_MATCH	0.00
FMA74866	zone of diencephalon	Зона диэнкэфалон			NO_MATCH	0.00
FMA74877	mammillary body	Маммилларй тело			NO_MATCH	0.00
FMA74912	trunk of anterior interventricular branch of left coronary artery	Туловище передняя межжелудочковая ветвь левый коронарная артерия			NO_MATCH	0.00
FMA75351	interventricular foramen	Межжелудочковое отверстие	foramen interventriculare	interventricular foramen	EXACT	1.00
FMA75445	membrane organ component	Оболочка орган компонент			NO_MATCH	0.00
FMA75865	trunk of branch of internal carotid artery	Туловище ветвь внутренняя сонная артерия			NO_MATCH	0.00
FMA76107	trunk of branch of middle cerebral artery	Туловище ветвь средняя мозговая артерия			NO_MATCH	0.00
FMA76127	trunk of inferior terminal branch of middle cerebral artery	Туловище нижняя концевая ветвь средняя мозговая артерия			NO_MATCH	0.00
FMA76128	trunk of inferior terminal branch of right middle cerebral artery	Туловище нижняя концевая ветвь правый средняя мозговая артерия			NO_MATCH	0.00
FMA76129	trunk of inferior terminal branch of left middle cerebral artery	Туловище нижняя концевая ветвь левый средняя мозговая артерия			NO_MATCH	0.00
FMA76259	branch of vertebral artery	Ветвь позвоночная артерия			NO_MATCH	0.00
FMA76264	intracranial branch of vertebral artery	Интракраниал ветвь позвоночная артерия			NO_MATCH	0.00
FMA76269	branch of basilar artery	Ветвь базилярной артерии			NO_MATCH	0.00
FMA76301	trunk of branch of subclavian artery	Туловище ветвь подключичная артерия			NO_MATCH	0.00
FMA76547	trunk of branch of common hepatic artery	Туловище ветвь общая печёночная артерия			NO_MATCH	0.00
FMA76574	trunk of gastroduodenal artery	Туловище гастродуодэнал артерия			NO_MATCH	0.00
FMA76582	trunk of hepatic artery	Туловище печёночная артерия			NO_MATCH	0.00
FMA76767	anterior cardiac vein	Передняя сердечная вена			NO_MATCH	0.00
FMA76903	left duct of caudate lobe of liver	Левый проток хвостатая доля печень			NO_MATCH	0.00
FMA76998	supreme intercostal artery	Супрэмэ межрёберная артерия	arteria intercostalis suprema	supreme intercostal artery	EXACT	1.00
FMA77140	ulnar recurrent artery	Локтевая возвратная артерия	arteria recurrens ulnaris	ulnar recurrent artery	EXACT	1.00
FMA77144	recurrent interosseous artery	Возвратная межкостная артерия	arteria interossea recurrens	recurrent interosseous artery	EXACT	1.00
FMA77155	popliteal artery	Подколенная артерия	arteria poplitea	popliteal artery	EXACT	1.00
FMA77168	median sacral vein	Мэдиан крестцовая вена	vena sacralis mediana	median sacral vein	EXACT	1.00
FMA77177	iliocostalis	Илиокосталис			NO_MATCH	0.00
FMA77178	longissimus	Лонгиссимус			NO_MATCH	0.00
FMA77179	spinalis	Спиналис			NO_MATCH	0.00
FMA77180	splenius	Сплэниус			NO_MATCH	0.00
FMA77380	right popliteal artery	Правый подколенная артерия	arteria poplitea	popliteal artery	PROBABLE	0.86
FMA77381	left popliteal artery	Левый подколенная артерия	arteria poplitea	popliteal artery	PROBABLE	0.86
FMA77439	artery of central sulcus	Артерия центральной борозды			NO_MATCH	0.00
FMA77498	circumflex scapular vein	Огибающая лопаточная вена	vena circumflexa scapulae	circumflex scapular vein	EXACT	1.00
FMA77499	anterior circumflex humeral vein	Передняя вена, огибающая плечевую кость	vena circumflexa anterior humeri	anterior circumflex humeral vein	EXACT	1.00
FMA77883	subdivision of brachiocephalic vein	Подразделение плечеголовная вена			NO_MATCH	0.00
FMA77884	subdivision of subclavian vein	Подразделение подключичная вена			NO_MATCH	0.00
FMA77949	right circumflex scapular vein	Правый огибающая лопаточная вена	vena circumflexa scapulae	circumflex scapular vein	PROBABLE	0.86
FMA77950	left circumflex scapular vein	Левый огибающая лопаточная вена	vena circumflexa scapulae	circumflex scapular vein	PROBABLE	0.86
FMA77954	right anterior circumflex humeral vein	Правая передняя вена, огибающая плечевую кость	vena circumflexa anterior humeri	anterior circumflex humeral vein	PROBABLE	0.86
FMA77955	left anterior circumflex humeral vein	Левая передняя вена, огибающая плечевую кость	vena circumflexa anterior humeri	anterior circumflex humeral vein	PROBABLE	0.86
FMA78021	medial brachial vein	Медиальная плечевая вена			NO_MATCH	0.00
FMA78048	subdivision of superior vena caval tree	Подразделение верхняя вена кавал дерево			NO_MATCH	0.00
FMA78049	subdivision of inferior vena caval tree	Подразделение нижняя вена кавал дерево			NO_MATCH	0.00
FMA78121	superior phrenic vein	Верхняя диафрагмальная вена			NO_MATCH	0.00
FMA78204	subdivision of external iliac vein	Подразделение наружная подвздошная вена			NO_MATCH	0.00
FMA78207	tributary of basilic vein	Приток медиальная подкожная вена			NO_MATCH	0.00
FMA78447	region of ventricular system of brain	Область желудочковой системы головного мозга			NO_MATCH	0.00
FMA78448	lateral ventricle	Боковой желудочек	ventriculus lateralis	lateral ventricle	EXACT	1.00
FMA78449	right lateral ventricle	Правый боковой желудочек	ventriculus lateralis	lateral ventricle	PROBABLE	0.86
FMA78450	left lateral ventricle	Левый боковой желудочек	ventriculus lateralis	lateral ventricle	PROBABLE	0.86
FMA78454	third ventricle	Третий желудочек	ventriculus tertius	third ventricle	EXACT	1.00
FMA78467	cerebral aqueduct	Мозговая аквэдукт	aquaeductus mesencephali	aqueduct of midbrain	EXACT	1.00
FMA78469	fourth ventricle	Четвёртый желудочек	ventriculus quartus	fourth ventricle	EXACT	1.00
FMA78497	central canal of spinal cord	Центральная канал спинномозговая канатик			NO_MATCH	0.00
FMA78562	set of organ regions	Совокупность орган области			NO_MATCH	0.00
FMA78590	set of heterogeneous clusters	Совокупность хэтэрогэнэоус клустэрс			NO_MATCH	0.00
FMA79615	branch of postcommunicating part of anterior cerebral artery	Ветвь посткоммуникационной части передней мозговой артерии			NO_MATCH	0.00
FMA79631	branch of sphenoid part of middle cerebral artery	Ветвь клиновидной части средней мозговой артерии			NO_MATCH	0.00
FMA79658	dorsal scapular artery	Тыльная лопаточная артерия	arteria dorsalis scapulae	dorsal scapular artery	EXACT	1.00
FMA79979	sternocostal part of right pectoralis major	Стэрнокостал часть правый грудная мышца большая			NO_MATCH	0.00
FMA79980	sternocostal part of left pectoralis major	Стэрнокостал часть левый грудная мышца большая			NO_MATCH	0.00
FMA81150	lobule of cerebral hemisphere	Лобулэ мозговая полушарие			NO_MATCH	0.00
FMA81752	right cervical rotator	Правый шейная вращатель			NO_MATCH	0.00
FMA81753	left cervical rotator	Левый шейная вращатель			NO_MATCH	0.00
FMA82472	cardinal organ part	Кардинал орган часть			NO_MATCH	0.00
FMA82478	lobular organ component	Дольковый компонент органа			NO_MATCH	0.00
FMA82481	organ chamber	Орган камера			NO_MATCH	0.00
FMA82485	organ component layer	Орган компонент слой			NO_MATCH	0.00
FMA82494	lobular segment	Лобулар сегмент			NO_MATCH	0.00
FMA82500	membranous layer	Перепончатая слой			NO_MATCH	0.00
FMA82594	segment of subclavian artery	Сегмент подключичная артерия			NO_MATCH	0.00
FMA82695	trunk of right portal vein	Туловище правый воротная вена			NO_MATCH	0.00
FMA82697	trunk of left portal vein	Туловище левый воротная вена			NO_MATCH	0.00
FMA82706	caudate lobe branch of right portal vein	Хвостатая доля ветвь правый воротная вена			NO_MATCH	0.00
FMA82734	right long ciliary nerve	Правый длинная ресничная нерв			NO_MATCH	0.00
FMA82735	left long ciliary nerve	Левый длинная ресничная нерв			NO_MATCH	0.00
FMA83115	cell part cluster	Кэлл часть клустэр			NO_MATCH	0.00
FMA83143	cell part cluster of neuraxis	Кластер частей клеток нервной оси			NO_MATCH	0.00
FMA83153	organ component of neuraxis	Компонент органа нервной оси			NO_MATCH	0.00
FMA83465	segment of white matter of neuraxis	Сегмент белого вещества нервной оси			NO_MATCH	0.00
FMA83563	subdivision of muscle layer	Подразделение мышца слой			NO_MATCH	0.00
FMA83686	nucleus of neuraxis	Ядро нервной оси			NO_MATCH	0.00
FMA83738	subarachnoid incisure	Подпаутинное инкисурэ			NO_MATCH	0.00
FMA83740	interpeduncular fossa	Интэрпэдункулар ямка	fossa interpeduncularis	interpeduncular fossa	EXACT	1.00
FMA83840	nucleus of brain	Ядро головной мозг			NO_MATCH	0.00
FMA83854	stria of neuraxis	Полоска нервной оси			NO_MATCH	0.00
FMA83856	lamina of neuraxis	Пластинка нервной оси			NO_MATCH	0.00
FMA83857	brachium of neuraxis	Ручка нервной оси			NO_MATCH	0.00
FMA83860	peduncle of neuraxis	Ножка нервной оси			NO_MATCH	0.00
FMA83865	fornix of neuraxis	Свод нервной оси			NO_MATCH	0.00
FMA83874	gyrus of neuraxis	Извилина нервной оси			NO_MATCH	0.00
FMA83904	septum of neuraxis	Перегородка нервной оси			NO_MATCH	0.00
FMA83906	commissure of neuraxis	Спайка нервной оси			NO_MATCH	0.00
FMA83912	gray matter of diencephalon	Серое вещество диэнкэфалон			NO_MATCH	0.00
FMA83915	gray matter of hypothalamus	Серое вещество гипоталамус			NO_MATCH	0.00
FMA83929	white matter of neuraxis	Белое вещество нервной оси			NO_MATCH	0.00
FMA83930	white matter of telencephalon	Белое вещество тэлэнкэфалон	substantia alba telencephali	white matter of telencephalon	EXACT	1.00
FMA83966	tentorium cerebelli	Тэнториум кэрэбэлли	tentorium cerebelli	tentorium cerebelli	EXACT	1.00
FMA84054	zone of neuraxis	Зона нервной оси			NO_MATCH	0.00
FMA84059	nuclear complex of neuraxis	Ядерный комплекс нервной оси			NO_MATCH	0.00
FMA84081	circumventricular organ of neuraxis	Околожелудочковый орган нервной оси			NO_MATCH	0.00
FMA84201	secondary incisor tooth	вторичная резец зуб			NO_MATCH	0.00
FMA84203	secondary canine tooth	вторичная клык зуб			NO_MATCH	0.00
FMA84207	secondary molar tooth	вторичная моляр зуб			NO_MATCH	0.00
FMA84881	subdivision of subarachnoid space	Подразделение подпаутинное пространство			NO_MATCH	0.00
FMA84926	anatomical compartment space	Пространство анатомического компартмента			NO_MATCH	0.00
FMA84953	space of compartment of head	Пространство компартмент головка			NO_MATCH	0.00
FMA85095	proper palmar digital vein of little finger	Собственно ладонная пальцевая вена мизинца палец			NO_MATCH	0.00
FMA85096	proper palmar digital vein of right index finger	Собственно ладонная пальцевая вена правый указательного палец			NO_MATCH	0.00
FMA85097	proper palmar digital vein of left index finger	Собственно ладонная пальцевая вена левый указательного палец			NO_MATCH	0.00
FMA85098	proper palmar digital vein of right middle finger	Собственно ладонная пальцевая вена правый средняя палец			NO_MATCH	0.00
FMA85099	proper palmar digital vein of left middle finger	Собственно ладонная пальцевая вена левый средняя палец			NO_MATCH	0.00
FMA85100	proper palmar digital vein of right ring finger	Собственно ладонная пальцевая вена правый кольцо палец			NO_MATCH	0.00
FMA85101	proper palmar digital vein of left ring finger	Собственно ладонная пальцевая вена левый кольцо палец			NO_MATCH	0.00
FMA85102	proper palmar digital vein of right little finger	Собственно ладонная пальцевая вена правый мизинца палец			NO_MATCH	0.00
FMA85103	proper palmar digital vein of left little finger	Собственно ладонная пальцевая вена левый мизинца палец			NO_MATCH	0.00
FMA85107	third common palmar digital artery	третья общая ладонная пальцевая артерия			NO_MATCH	0.00
FMA85108	fourth common palmar digital artery	четвёртая общая ладонная пальцевая артерия			NO_MATCH	0.00
FMA85109	branch of first common palmar digital artery	Ветвь первой общей ладонной пальцевой артерии			NO_MATCH	0.00
FMA85110	branch of second common palmar digital artery	вторая общая ладонная пальцевая артерия			NO_MATCH	0.00
FMA85111	medial proper palmar digital artery of middle finger	Медиальная собственно ладонная пальцевая артерия средняя палец			NO_MATCH	0.00
FMA85112	medial proper palmar digital artery of right middle finger	Правая медиальная собственная ладонная пальцевая артерия среднего пальца			NO_MATCH	0.00
FMA85114	lateral proper palmar digital artery of ring finger	Латеральная собственно ладонная пальцевая артерия кольцо палец			NO_MATCH	0.00
FMA85115	lateral proper palmar digital artery of right ring finger	Правая латеральная собственная ладонная пальцевая артерия безымянного пальца			NO_MATCH	0.00
FMA85116	lateral proper palmar digital artery of left ring finger	Левая латеральная собственная ладонная пальцевая артерия безымянного пальца			NO_MATCH	0.00
FMA85117	branch of third common palmar digital artery	третья общая ладонная пальцевая артерия			NO_MATCH	0.00
FMA85118	left first common palmar digital artery	первая общая ладонная пальцевая артерия			NO_MATCH	0.00
FMA85119	right second common palmar digital artery	вторая общая ладонная пальцевая артерия			NO_MATCH	0.00
FMA85120	left second common palmar digital artery	вторая общая ладонная пальцевая артерия			NO_MATCH	0.00
FMA85121	right third common palmar digital artery	третья общая ладонная пальцевая артерия			NO_MATCH	0.00
FMA85122	left third common palmar digital artery	третья общая ладонная пальцевая артерия			NO_MATCH	0.00
FMA85123	right fourth common palmar digital artery	четвёртая общая ладонная пальцевая артерия			NO_MATCH	0.00
FMA85124	left fourth common palmar digital artery	четвёртая общая ладонная пальцевая артерия			NO_MATCH	0.00
FMA85453	head of muscle organ	Головка мышца орган			NO_MATCH	0.00
FMA86020	subdivision of transverse cervical artery	Подразделение поперечная шейная артерия			NO_MATCH	0.00
FMA86033	opponens digiti minimi of foot	Мышца, противопоставляющая мизинец стопы			NO_MATCH	0.00
FMA86034	opponens digiti minimi of right foot	Правая мышца, противопоставляющая мизинец стопы			NO_MATCH	0.00
FMA86035	opponens digiti minimi of left foot	Левая мышца, противопоставляющая мизинец стопы			NO_MATCH	0.00
FMA86103	region of organ component	Область орган компонент			NO_MATCH	0.00
FMA86127	branch of posterior choroidal artery	Ветвь задней ворсинчатой артерии			NO_MATCH	0.00
FMA86140	organ segment	Орган сегмент			NO_MATCH	0.00
FMA86187	segment of arterial tree organ	Сегмент артериальная дерево орган			NO_MATCH	0.00
FMA86188	segment of venous tree organ	Сегмент венозная дерево орган			NO_MATCH	0.00
FMA86195	segment of lacrimal duct	Сегмент слёзная проток			NO_MATCH	0.00
FMA86212	region of wall of heart	Область стенки сердца			NO_MATCH	0.00
FMA86254	segment of systemic artery	Сегмент системная артерия			NO_MATCH	0.00
FMA86256	segment of arterial trunk	Сегмент артериальная туловище			NO_MATCH	0.00
FMA86340	superior segmental branch of right renal artery	Верхняя сегментарный ветвь правый почечная артерия			NO_MATCH	0.00
FMA86341	superior segmental branch of left renal artery	Верхняя сегментарный ветвь левый почечная артерия			NO_MATCH	0.00
FMA86346	inferior segmental branch of right renal artery	Нижняя сегментарный ветвь правый почечная артерия			NO_MATCH	0.00
FMA86347	inferior segmental branch of left renal artery	Нижняя сегментарный ветвь левый почечная артерия			NO_MATCH	0.00
FMA86348	posterior segmental branch of right renal artery	Задняя сегментарный ветвь правый почечная артерия			NO_MATCH	0.00
FMA86349	posterior segmental branch of left renal artery	Задняя сегментарный ветвь левый почечная артерия			NO_MATCH	0.00
FMA86375	ligament organ component	Связка орган компонент			NO_MATCH	0.00
FMA86464	corpus callosum	Корпус каллосум	corpus callosum	corpus callosum	EXACT	1.00
FMA86565	region of papillary muscle of left ventricle	Область сосочковая мышца левый желудочек			NO_MATCH	0.00
FMA86566	region of lateral papillary muscle of left ventricle	Область латеральная сосочковая мышца левый желудочек			NO_MATCH	0.00
FMA87217	descending thoracic aorta	Нисходящая грудная аорта	aorta thoracica	thoracic aorta	EXACT	1.00
FMA87218	trunk of coronary artery	Туловище коронарная артерия			NO_MATCH	0.00
FMA222905	segment of colon	Сегмент ободочная кишка			NO_MATCH	0.00
FMA223151	internal gray matter component	Внутренняя серое вещество компонент			NO_MATCH	0.00
FMA225818	region of layer of wall of eyeball	Область слой стенка глазное яблоко			NO_MATCH	0.00
FMA228667	set of organ parts	Совокупность орган части			NO_MATCH	0.00
FMA230984	middle phalanx of little toe	Средняя фаланга мизинца палец стопы			NO_MATCH	0.00
FMA230986	middle phalanx of right little toe	Средняя фаланга правый мизинца палец стопы			NO_MATCH	0.00
FMA230988	middle phalanx of left little toe	Средняя фаланга левый мизинца палец стопы			NO_MATCH	0.00
FMA241998	cerebral white matter	Мозговая белое вещество			NO_MATCH	0.00
FMA242193	region of cerebral cortex	Область мозговая кора			NO_MATCH	0.00
FMA242770	region of wall of ventricular system of neuraxis	Область стенки желудочковой системы нервной оси			NO_MATCH	0.00
FMA242789	region of ventricular system of neuraxis	Область желудочковой системы нервной оси			NO_MATCH	0.00
FMA256174	region of cerebral white matter	Область мозговая белое вещество			NO_MATCH	0.00
FMA256194	orbital gyrus	Глазничная извилина			NO_MATCH	0.00
FMA256237	segment of neuraxis	Сегмент нервной оси			NO_MATCH	0.00
FMA256693	nucleus of thalamus	Ядро таламус			NO_MATCH	0.00
FMA258714	right thalamus	Правый таламус	thalamus	thalamus	PROBABLE	0.86
FMA258716	left thalamus	Левый таламус	thalamus	thalamus	PROBABLE	0.86
FMA258847	right calcaneal tendon	Правый пяточное сухожилие	tendo calcaneus	calcaneal tendon	PROBABLE	0.86
FMA258850	right intermediate tendon	Правый промежуточная сухожилие	tendo intermedius	intermediate tendon	PROBABLE	0.86
FMA260791	white matter of right cerebral hemisphere	Белое вещество правый мозговая полушарие			NO_MATCH	0.00
FMA260794	white matter of left cerebral hemisphere	Белое вещество левый мозговая полушарие			NO_MATCH	0.00
FMA264844	left calcaneal tendon	Левый пяточное сухожилие	tendo calcaneus	calcaneal tendon	PROBABLE	0.86
FMA265178	ligament of lower limb	Связка нижняя конечность			NO_MATCH	0.00
FMA265180	ligament of limb	Связка конечность			NO_MATCH	0.00
FMA265400	region of vascular layer of eyeball	Область сосудистое слой глазное яблоко			NO_MATCH	0.00
FMA266054	subdivision of cranial dura mater	Подразделение черепной дура матэр			NO_MATCH	0.00
FMA268667	right recurrent interosseous artery	Правый возвратная межкостная артерия	arteria interossea recurrens	recurrent interosseous artery	PROBABLE	0.86
FMA268669	left recurrent interosseous artery	Левый возвратная межкостная артерия	arteria interossea recurrens	recurrent interosseous artery	PROBABLE	0.86
FMA268712	segment of anterior tibial artery	Сегмент передняя большеберцовая артерия			NO_MATCH	0.00
FMA268955	region of papillary muscle	Область сосочковая мышца			NO_MATCH	0.00
FMA3734	aorta	Аорта	aorta	aorta	EXACT	1.00
FMA3862	anterior interventricular branch of left coronary artery	Передняя межжелудочковая ветвь левой коронарной артерии	arteria interventricularis anterior	anterior interventricular artery	EXACT	1.00
FMA4717	anterior cardiac venous tree	Переднее сердечное венозное дерево			NO_MATCH	0.00
FMA7088	heart	Сердце	cor	heart	EXACT	1.00
FMA7096	right atrium	Правое предсердие	atrium dextrum	right atrium	EXACT	1.00
FMA7097	left atrium	Левое предсердие	atrium sinistrum	left atrium	EXACT	1.00
FMA7098	right ventricle	Правый желудочек	ventriculus dexter	right ventricle	EXACT	1.00
FMA7101	left ventricle	Левый желудочек	ventriculus sinister	left ventricle	EXACT	1.00
FMA7152	alimentary system	Пищеварительная система	systema digestorium	digestive system	EXACT	1.00
FMA7154	head	Головка	caput	head	EXACT	1.00
FMA7155	neck	Шейка	collum	neck	EXACT	1.00
FMA7157	nervous system	Нервная система	systema nervosum	nervous system	EXACT	1.00
FMA7158	respiratory system	Дыхательный система	systema respiratorium	respiratory system	EXACT	1.00
FMA7159	urinary system	Мочевая система	systema urinarium	urinary system	EXACT	1.00
FMA7160	genital system	Половая система			NO_MATCH	0.00
FMA7161	cardiovascular system	Кардиоваскулар система	systema cardiovasculare	cardiovascular system	EXACT	1.00
FMA7165	right side of heart	Правый сидэ сердце			NO_MATCH	0.00
FMA7166	left side of heart	Левый сидэ сердце			NO_MATCH	0.00
FMA7181	trunk	Туловище	truncus	trunk	EXACT	1.00
FMA7184	lower limb	Нижняя конечность	membrum inferius	lower limb	EXACT	1.00
FMA7185	right upper limb	Правый верхняя конечность	membrum superius	upper limb	PROBABLE	0.86
FMA7186	left upper limb	Левый верхняя конечность	membrum superius	upper limb	PROBABLE	0.86
FMA7187	right lower limb	Правый нижняя конечность	membrum inferius	lower limb	PROBABLE	0.86
FMA7188	left lower limb	Левый нижняя конечность	membrum inferius	lower limb	PROBABLE	0.86
FMA7197	liver	Печень	hepar	liver	EXACT	1.00
FMA7200	small intestine	Малая кишка	intestinum tenue	small intestine	EXACT	1.00
FMA7201	large intestine	Большая кишка	intestinum crassum	large intestine	EXACT	1.00
FMA7207	jejunum	Тощая кишка	jejunum	jejunum	EXACT	1.00
FMA7208	ileum	Подвздошная кишка	ileum	ileum	EXACT	1.00
FMA7216	outflow part of right ventricle	Выносящая часть правого желудочка			NO_MATCH	0.00
FMA7234	tricuspid valve	Трёхстворчатый клапан	valva atrioventricularis dextra	right atrioventricular valve	EXACT	1.00
FMA7235	mitral valve	Митральный клапан	valva atrioventricularis sinistra	left atrioventricular valve	EXACT	1.00
FMA7236	aortic valve	Аортальный клапан	valva aortae	aortic valve	EXACT	1.00
FMA7246	pulmonary valve	Клапан лёгочного ствола	valva trunci pulmonalis	pulmonary valve	EXACT	1.00
FMA7259	papillary muscle of right ventricle	Сосочковая мышца правый желудочек			NO_MATCH	0.00
FMA7309	right lung	Правый лёгкое	pulmo dexter	right lung	EXACT	1.00
FMA7310	left lung	Левый лёгкое	pulmo sinister	left lung	EXACT	1.00
FMA7333	upper lobe of right lung	Верхняя доля правый лёгкое	lobus superior pulmonis dextri	superior lobe of right lung	EXACT	1.00
FMA7337	lower lobe of right lung	Нижняя доля правый лёгкое	lobus inferior pulmonis dextri	inferior lobe of right lung	EXACT	1.00
FMA7338	right apical bronchopulmonary segment	Правый верхушечная бронхолёгочный сегмент			NO_MATCH	0.00
FMA7339	right posterior bronchopulmonary segment	Правый задняя бронхолёгочный сегмент			NO_MATCH	0.00
FMA7359	right anterior bronchopulmonary segment	Правый передняя бронхолёгочный сегмент			NO_MATCH	0.00
FMA7360	medial bronchopulmonary segment	Медиальная бронхолёгочный сегмент			NO_MATCH	0.00
FMA7361	lateral bronchopulmonary segment	Латеральная бронхолёгочный сегмент			NO_MATCH	0.00
FMA7362	right posterior basal bronchopulmonary segment	Правый задняя базальная бронхолёгочный сегмент			NO_MATCH	0.00
FMA7363	right lateral basal bronchopulmonary segment	Правый латеральная базальная бронхолёгочный сегмент			NO_MATCH	0.00
FMA7364	right anterior basal bronchopulmonary segment	Правый передняя базальная бронхолёгочный сегмент			NO_MATCH	0.00
FMA7365	right medial basal bronchopulmonary segment	Правый медиальная базальная бронхолёгочный сегмент			NO_MATCH	0.00
FMA7366	right superior bronchopulmonary segment	Правый верхняя бронхолёгочный сегмент			NO_MATCH	0.00
FMA7370	upper lobe of left lung	Верхняя доля левый лёгкое	lobus superior pulmonis sinistri	superior lobe of left lung	EXACT	1.00
FMA7371	lower lobe of left lung	Нижняя доля левый лёгкое	lobus inferior pulmonis sinistri	inferior lobe of left lung	EXACT	1.00
FMA7372	apicoposterior bronchopulmonary segment	Верхушечно-задний бронхолёгочный сегмент			NO_MATCH	0.00
FMA7373	left anterior bronchopulmonary segment	Левый передняя бронхолёгочный сегмент			NO_MATCH	0.00
FMA7374	superior lingular bronchopulmonary segment	Верхняя язычковая бронхолёгочный сегмент			NO_MATCH	0.00
FMA7375	inferior lingular bronchopulmonary segment	Нижняя язычковая бронхолёгочный сегмент			NO_MATCH	0.00
FMA7376	left superior bronchopulmonary segment	Левый верхняя бронхолёгочный сегмент			NO_MATCH	0.00
FMA7377	left medial basal bronchopulmonary segment	Левый медиальная базальная бронхолёгочный сегмент			NO_MATCH	0.00
FMA7378	left anterior basal bronchopulmonary segment	Левый передняя базальная бронхолёгочный сегмент			NO_MATCH	0.00
FMA7379	left lateral basal bronchopulmonary segment	Левый латеральная базальная бронхолёгочный сегмент			NO_MATCH	0.00
FMA7380	left posterior basal bronchopulmonary segment	Левый задняя базальная бронхолёгочный сегмент			NO_MATCH	0.00
FMA7383	middle lobe of lung	Средняя доля лёгкое			NO_MATCH	0.00
FMA7385	left apical bronchopulmonary segment	Левый верхушечная бронхолёгочный сегмент			NO_MATCH	0.00
FMA7386	left posterior bronchopulmonary segment	Левый задняя бронхолёгочный сегмент			NO_MATCH	0.00
FMA7393	tracheobronchial tree	Трахеобронхиальный дерево	arbor tracheobronchialis	tracheobronchial tree	EXACT	1.00
FMA7395	right main bronchus	Правый главный бронх	bronchus principalis dexter	right main bronchus	EXACT	1.00
FMA7480	rib cage	Ребро кагэ	skeleton thoracis	thoracic skeleton	EXACT	1.00
FMA7481	skeletal system of thorax	Скелетный система грудная клетка			NO_MATCH	0.00
FMA7482	musculoskeletal system	Мускулоскэлэтал система			NO_MATCH	0.00
FMA7483	axial skeletal system	Осевая скелетная система			NO_MATCH	0.00
FMA7485	sternum	Грудина	sternum	sternum	EXACT	1.00
FMA7563	body compartment	Компартмент тела			NO_MATCH	0.00
FMA7647	spinal cord	Спинномозговая канатик	medulla spinalis	spinal cord	EXACT	1.00
FMA8617	right apical segmental artery	Правый верхушечная сегментарный артерия			NO_MATCH	0.00
FMA8619	right posterior segmental artery	Правый задняя сегментарный артерия			NO_MATCH	0.00
FMA8627	right superior segmental artery	Правый верхняя сегментарный артерия			NO_MATCH	0.00
FMA8630	right anterior basal segmental artery	Правый передняя базальная сегментарный артерия			NO_MATCH	0.00
FMA8631	right lateral basal segmental artery	Правый латеральная базальная сегментарный артерия			NO_MATCH	0.00
FMA8632	right posterior basal segmental artery	Правый задняя базальная сегментарный артерия			NO_MATCH	0.00
FMA8655	right upper lobar vein	Правый верхняя долевой вена			NO_MATCH	0.00
FMA8656	middle lobar vein	Средняя долевой вена			NO_MATCH	0.00
FMA8657	left upper lobar vein	Левый верхняя долевой вена			NO_MATCH	0.00
FMA8658	lingular vein	Язычковая вена			NO_MATCH	0.00
FMA8661	right apical segmental vein	Правый верхушечная сегментарный вена			NO_MATCH	0.00
FMA8664	lateral segmental vein	Латеральная сегментарный вена			NO_MATCH	0.00
FMA8665	medial segmental vein	Медиальная сегментарный вена			NO_MATCH	0.00
FMA8666	apicoposterior segmental vein	Верхушечно-задняя сегментарная вена			NO_MATCH	0.00
FMA8671	right common basal vein	Правый общая базальная вена			NO_MATCH	0.00
FMA8672	right superior basal vein	Правый верхняя базальная вена			NO_MATCH	0.00
FMA8674	right inferior basal vein	Правый нижняя базальная вена			NO_MATCH	0.00
FMA8676	left common basal vein	Левый общая базальная вена			NO_MATCH	0.00
FMA8677	left superior basal vein	Левый верхняя базальная вена			NO_MATCH	0.00
FMA8679	left inferior basal vein	Левый нижняя базальная вена			NO_MATCH	0.00
FMA9140	thoracic vertebral column	Грудная позвоночная столб			NO_MATCH	0.00
FMA9348	subaortic curtain of left ventricle	Субаортальная занавеска левого желудочка			NO_MATCH	0.00
FMA9352	papillary muscle of left ventricle	Сосочковая мышца левый желудочек			NO_MATCH	0.00
FMA9473	outflow part of left ventricle	Выносящая часть левого желудочка			NO_MATCH	0.00
FMA9496	fibrous skeleton of heart	Фиброзный скелет сердца	skeleton fibrosum cordis	fibrous skeleton of heart	EXACT	1.00
FMA9498	fibrous ring of mitral valve	Фиброзное кольцо митрального клапана			NO_MATCH	0.00
FMA9533	wall of right ventricle	Стенка правый желудочек			NO_MATCH	0.00
FMA9535	myocardium of right ventricle	Миокард правый желудочек			NO_MATCH	0.00
FMA9550	outflow part of right atrium	Выносящая часть правого предсердия			NO_MATCH	0.00
FMA9551	outflow part of left atrium	Выносящая часть левого предсердия			NO_MATCH	0.00
FMA9552	inflow part of right ventricle	Приток часть правый желудочек			NO_MATCH	0.00
FMA9553	anterior wall of right ventricle	Передняя стенка правого желудочка			NO_MATCH	0.00
FMA9555	inferior wall of right ventricle	Нижняя стенка правый желудочек			NO_MATCH	0.00
FMA9556	wall of left ventricle	Стенка левый желудочек			NO_MATCH	0.00
FMA9558	myocardium of left ventricle	Миокард левый желудочек			NO_MATCH	0.00
FMA9560	anterior wall of left ventricle	Передняя стенка левого желудочка			NO_MATCH	0.00
FMA9561	inferior wall of left ventricle	Нижняя стенка левого желудочка			NO_MATCH	0.00
FMA9563	lateral wall of left ventricle	Латеральная стенка левый желудочек			NO_MATCH	0.00
FMA9564	inflow part of left ventricle	Приточная часть левого желудочка			NO_MATCH	0.00
FMA9576	thorax	Грудная клетка	thorax	thorax	EXACT	1.00
FMA9577	abdomen	Живот	abdomen	abdomen	EXACT	1.00
FMA9578	pelvis	Таз	pelvis	pelvis	EXACT	1.00
FMA9579	perineum	Промежность	perineum	perineum	EXACT	1.00
FMA9584	peritoneum	Брюшина	peritoneum	peritoneum	EXACT	1.00
FMA9607	thymus	Тимус	thymus	thymus	EXACT	1.00
FMA9668	endocrine system	Эндокринэ система			NO_MATCH	0.00
FMA9713	right hand	Правый кисть	manus	hand	PROBABLE	0.86
FMA9714	left hand	Левый кисть	manus	hand	PROBABLE	0.86
FMA9826	mediastinum	Средостение	mediastinum	mediastinum	EXACT	1.00
FMA9827	superior mediastinum	Верхнее средостение	mediastinum superius	superior mediastinum	EXACT	1.00
FMA9828	inferior mediastinum	Нижнее средостение	mediastinum inferius	inferior mediastinum	EXACT	1.00
FMA9838	anterior mediastinum	Переднее средостение	mediastinum anterius	anterior mediastinum	EXACT	1.00
FMA9839	middle mediastinum	Среднее средостение	mediastinum medium	middle mediastinum	EXACT	1.00
FMA9840	posterior mediastinum	Заднее средостение	mediastinum posterius	posterior mediastinum	EXACT	1.00
FMA9908	peritoneal sac	Пэритонэал сак			NO_MATCH	0.00
FMA10427	body wall	Стенка тела			NO_MATCH	0.00
FMA10428	thoracic wall	Грудная стенка			NO_MATCH	0.00
FMA10429	wall of abdomen proper	Стенка живот собственно			NO_MATCH	0.00
FMA10430	pelvic wall	Пэлвик стенка			NO_MATCH	0.00
FMA11343	right foot	Правый стопа	pes	foot	PROBABLE	0.86
FMA11344	left foot	Левый стопа	pes	foot	PROBABLE	0.86
FMA11345	right forearm	Правый предплечье	antebrachium	forearm	PROBABLE	0.86
FMA11346	left forearm	Левый предплечье	antebrachium	forearm	PROBABLE	0.86
FMA12514	right eyeball	Правый глазное яблоко	bulbus oculi	eyeball	PROBABLE	0.86
FMA12515	left eyeball	Левый глазное яблоко	bulbus oculi	eyeball	PROBABLE	0.86
FMA13362	right lobe of liver	Правый доля печень	lobus dexter hepatis	right lobe of liver	EXACT	1.00
FMA13363	left lobe of liver	Левый доля печень	lobus sinister hepatis	left lobe of liver	EXACT	1.00
FMA13373	right pectoralis major	Правый грудная мышца большая			NO_MATCH	0.00
FMA13374	left pectoralis major	Левый грудная мышца большая			NO_MATCH	0.00
FMA13478	vertebral column	Позвоночная столб	columna vertebralis	vertebral column	EXACT	1.00
FMA14541	cecum	Кэкум			NO_MATCH	0.00
FMA14615	wall of small intestine	Стенка малая кишка			NO_MATCH	0.00
FMA14618	wall of ileum	Стенка подвздошная кишка			NO_MATCH	0.00
FMA14619	wall of large intestine	Стенка большая кишка			NO_MATCH	0.00
FMA14627	anterior abdominal wall	Передняя брюшная стенка			NO_MATCH	0.00
FMA14628	posterior abdominal wall	Задняя абдоминал стенка	dorsum abdominis	back of abdomen	EXACT	1.00
FMA14665	biliary tree	Желчное дерево			NO_MATCH	0.00
FMA14703	visceral peritoneum	Висцеральная брюшина	peritoneum viscerale	visceral peritoneum	EXACT	1.00
FMA14775	gastroduodenal artery	Гастродуодэнал артерия	arteria gastroduodenalis	gastroduodenal artery	EXACT	1.00
FMA14778	right hepatic artery	Правый печёночная артерия	arteria hepatica dextra	right hepatic artery	EXACT	1.00
FMA14779	left hepatic artery	Левый печёночная артерия	arteria hepatica sinistra	left hepatic artery	EXACT	1.00
FMA14823	inferior branch of ileocolic artery	Нижняя ветвь подвздошно-ободочная артерия			NO_MATCH	0.00
FMA14971	muscle layer of large intestine	Мышца слой большая кишка			NO_MATCH	0.00
FMA15419	anterior branch of right portal vein	Передняя ветвь правой воротной вены			NO_MATCH	0.00
FMA15422	posterior branch of right portal vein	Задняя ветвь правый воротная вена			NO_MATCH	0.00
FMA15427	medial branch of left portal vein	Медиальная ветвь левый воротная вена			NO_MATCH	0.00
FMA15430	lateral branch of left portal vein	Латеральная ветвь левый воротная вена			NO_MATCH	0.00
FMA15748	anterior sector of right liver	Передний сектор правой доли печени			NO_MATCH	0.00
FMA15749	posterior sector of right liver	Задняя сектор правый печень			NO_MATCH	0.00
FMA15750	anterior sector of left liver	Передний сектор левой доли печени			NO_MATCH	0.00
FMA15751	posterior sector of left liver	Задняя сектор левый печень			NO_MATCH	0.00
FMA15809	right hemiliver	Правый хэмиливэр			NO_MATCH	0.00
FMA15810	left hemiliver	Левый хэмиливэр			NO_MATCH	0.00
FMA16203	lumbar vertebral column	Поясничная позвоночная столб			NO_MATCH	0.00
FMA16580	bony pelvis	Костный таз	pelvis ossea	bony pelvis	EXACT	1.00
FMA16581	pelvic girdle	Пэлвик пояс	cingulum pelvicum	pelvic girdle	EXACT	1.00
FMA16582	right pelvic girdle	Правый пэлвик пояс	cingulum pelvicum	pelvic girdle	PROBABLE	0.86
FMA16583	left pelvic girdle	Левый пэлвик пояс	cingulum pelvicum	pelvic girdle	PROBABLE	0.86
FMA17181	wall of distal part of ileum	Стенка дистальная часть подвздошная кишка			NO_MATCH	0.00
FMA20218	mons pubis	Монс пубис	mons pubis	mons pubis	EXACT	1.00
FMA20224	right side of rib cage	Правый сидэ ребро кагэ			NO_MATCH	0.00
FMA20225	left side of rib cage	Левый сидэ ребро кагэ			NO_MATCH	0.00
FMA20226	right side of bony pelvis	Правый сидэ костный таз			NO_MATCH	0.00
FMA20227	left side of bony pelvis	Левый сидэ костный таз			NO_MATCH	0.00
FMA20347	anal part of perineum	Анальная часть промежности			NO_MATCH	0.00
FMA20394	human body	Человеческая тело	corpus humanum	human body	EXACT	1.00
FMA20796	right deep femoral artery	Правый глубокая бедренная артерия	arteria profunda femoris	deep femoral artery	PROBABLE	0.86
FMA20797	left deep femoral artery	Левый глубокая бедренная артерия	arteria profunda femoris	deep femoral artery	PROBABLE	0.86
FMA22672	right thoraco-acromial artery	Правая грудоакромиальная артерия			NO_MATCH	0.00
FMA22673	left thoraco-acromial artery	Левая грудоакромиальная артерия			NO_MATCH	0.00
FMA23218	right pectoral girdle	Правый плечевой пояс	cingulum pectorale	pectoral girdle	PROBABLE	0.86
FMA23219	left pectoral girdle	Левый плечевой пояс	cingulum pectorale	pectoral girdle	PROBABLE	0.86
FMA23876	skeleton (in vivo)	Скелет (прижизненно)			NO_MATCH	0.00
FMA23881	skeletal system	Скелетный система	systema skeletale	skeletal system	EXACT	1.00
FMA24138	cervical vertebral column	Шейная позвоночная столб			NO_MATCH	0.00
FMA24163	skeleton of right pectoral girdle	скелет правый плечевой пояс			NO_MATCH	0.00
FMA24164	skeleton of left pectoral girdle	скелет левый плечевой пояс			NO_MATCH	0.00
FMA24189	back of neck	Задняя область шеи			NO_MATCH	0.00
FMA24217	back of thorax	Задняя область грудной клетки	dorsum thoracis	back of thorax	EXACT	1.00
FMA24228	posterior part of pelvis	Задняя часть таз			NO_MATCH	0.00
FMA24728	face	Лицо	facies	face	EXACT	1.00
FMA24816	anterior chest	Передняя область грудной клетки	regio anterior thoracis	anterior region of thorax	EXACT	1.00
FMA24866	sternal part of chest	Стэрнал часть грудь			NO_MATCH	0.00
FMA24880	right free upper limb	Правый свободная верхняя конечность			NO_MATCH	0.00
FMA24881	left free upper limb	Левый свободная верхняя конечность			NO_MATCH	0.00
FMA24882	right free lower limb	Правый свободная нижняя конечность			NO_MATCH	0.00
FMA24883	left free lower limb	Левый свободная нижняя конечность			NO_MATCH	0.00
FMA24895	right arm	Правый плечо	brachium	arm	PROBABLE	0.86
FMA24896	left arm	Левый плечо	brachium	arm	PROBABLE	0.86
FMA24940	right wrist	Правый запястье	carpus	wrist	PROBABLE	0.86
FMA24941	left wrist	Левый запястье	carpus	wrist	PROBABLE	0.86
FMA24965	right hip	Правый тазобедренная область	coxa	hip	PROBABLE	0.86
FMA24966	left hip	Левый тазобедренная область	coxa	hip	PROBABLE	0.86
FMA24968	right thigh	Правый бедро	femur	thigh	PROBABLE	0.86
FMA24969	left thigh	Левый бедро	femur	thigh	PROBABLE	0.86
FMA24977	right knee	Правый кнээ	genu	knee	PROBABLE	0.86
FMA24978	left knee	Левый кнээ	genu	knee	PROBABLE	0.86
FMA24980	right leg	Правый голень	crus	leg	PROBABLE	0.86
FMA24981	left leg	Левый голень	crus	leg	PROBABLE	0.86
FMA25511	intervertebral symphysis	Межпозвоночное соединение	symphysis intervertebralis	intervertebral symphysis	EXACT	1.00
FMA25558	right lateral chest wall	Правый латеральная грудь стенка			NO_MATCH	0.00
FMA25559	left lateral chest wall	Левый латеральная грудь стенка			NO_MATCH	0.00
FMA25571	intervertebral symphysis of axis	Межпозвоночное соединение атлантоаксиальное			NO_MATCH	0.00
FMA25572	right bony pectoral girdle	Правый костный плечевой пояс			NO_MATCH	0.00
FMA25573	left bony pectoral girdle	Левый костный плечевой пояс			NO_MATCH	0.00
FMA26078	third cervical intervertebral symphysis	Третья шейная межпозвоночное соединение			NO_MATCH	0.00
FMA26083	fourth cervical intervertebral symphysis	Четвёртая шейная межпозвоночное соединение			NO_MATCH	0.00
FMA26084	fifth cervical intervertebral symphysis	Пятая шейная межпозвоночное соединение			NO_MATCH	0.00
FMA26085	sixth cervical intervertebral symphysis	Шестая шейная межпозвоночное соединение			NO_MATCH	0.00
FMA26086	seventh cervical intervertebral symphysis	Седьмая шейная межпозвоночное соединение			NO_MATCH	0.00
FMA26089	first thoracic intervertebral symphysis	Первая грудная межпозвоночное соединение			NO_MATCH	0.00
FMA26094	second thoracic intervertebral symphysis	Вторая грудная межпозвоночное соединение			NO_MATCH	0.00
FMA26095	third thoracic intervertebral symphysis	Третья грудная межпозвоночное соединение			NO_MATCH	0.00
FMA26096	fourth thoracic intervertebral symphysis	Четвёртая грудная межпозвоночное соединение			NO_MATCH	0.00
FMA26097	fifth thoracic intervertebral symphysis	Пятая грудная межпозвоночное соединение			NO_MATCH	0.00
FMA26098	sixth thoracic intervertebral symphysis	Шестая грудная межпозвоночное соединение			NO_MATCH	0.00
FMA26099	seventh thoracic intervertebral symphysis	Седьмая грудная межпозвоночное соединение			NO_MATCH	0.00
FMA26100	eighth thoracic intervertebral symphysis	Восьмая грудная межпозвоночное соединение			NO_MATCH	0.00
FMA26101	ninth thoracic intervertebral symphysis	Девятая грудная межпозвоночное соединение			NO_MATCH	0.00
FMA26102	tenth thoracic intervertebral symphysis	Десятая грудная межпозвоночное соединение			NO_MATCH	0.00
FMA26103	eleventh thoracic intervertebral symphysis	Одиннадцатая грудная межпозвоночное соединение			NO_MATCH	0.00
FMA26105	first lumbar intervertebral symphysis	Первая поясничная межпозвоночное соединение			NO_MATCH	0.00
FMA26106	second lumbar intervertebral symphysis	Вторая поясничная межпозвоночное соединение			NO_MATCH	0.00
FMA26107	third lumbar intervertebral symphysis	Третья поясничная межпозвоночное соединение			NO_MATCH	0.00
FMA26108	fourth lumbar intervertebral symphysis	Четвёртая поясничная межпозвоночное соединение			NO_MATCH	0.00
FMA26109	fifth lumbar intervertebral symphysis	Пятая поясничная межпозвоночное соединение			NO_MATCH	0.00
FMA26572	thoracic part of tracheobronchial tree	Грудная часть трахеобронхиальный дерево			NO_MATCH	0.00
FMA26661	right bronchial tree	Правый бронхиальная дерево	arbor tracheobronchialis	tracheobronchial tree	PROBABLE	0.86
FMA26662	left bronchial tree	Левый бронхиальная дерево	arbor tracheobronchialis	tracheobronchial tree	PROBABLE	0.86
FMA31741	middle lobe part of right bronchial tree	Средняя доля часть правый бронхиальная дерево			NO_MATCH	0.00
FMA31744	upper lobe part of right bronchial tree	Верхняя доля часть правый бронхиальная дерево			NO_MATCH	0.00
FMA31746	upper lobe part of left bronchial tree	Верхняя доля часть левый бронхиальная дерево			NO_MATCH	0.00
FMA31747	lower lobe part of right bronchial tree	Нижняя доля часть правый бронхиальная дерево			NO_MATCH	0.00
FMA31748	lower lobe part of left bronchial tree	Нижняя доля часть левый бронхиальная дерево			NO_MATCH	0.00
FMA33642	right shoulder	Правый плечо	omos	shoulder	PROBABLE	0.86
FMA33644	pectoral part of right pectoral girdle	Плечевой часть правый плечевой пояс			NO_MATCH	0.00
FMA33645	pectoral part of left pectoral girdle	Плечевой часть левый плечевой пояс			NO_MATCH	0.00
FMA33646	scapular part of right pectoral girdle	Лопаточная часть правый плечевой пояс			NO_MATCH	0.00
FMA33647	scapular part of left pectoral girdle	Лопаточная часть левый плечевой пояс			NO_MATCH	0.00
FMA45621	pulmonary vascular system	Лёгочный сосудистое система			NO_MATCH	0.00
FMA45623	systemic arterial system	Системная артериальная система			NO_MATCH	0.00
FMA45626	systemic venous system	Системная венозная система			NO_MATCH	0.00
FMA45628	portal venous system	Воротная венозная система			NO_MATCH	0.00
FMA45659	lower urinary tract	Нижние мочевые пути			NO_MATCH	0.00
FMA45662	lower respiratory tract	Нижняя дыхательный проводящий путь			NO_MATCH	0.00
FMA45842	pulmonary arterial tree	Лёгочный артериальная дерево			NO_MATCH	0.00
FMA45847	portal venous tree	Воротная венозная дерево			NO_MATCH	0.00
FMA46448	frontal part of head	Лобная часть головка			NO_MATCH	0.00
FMA46472	nose	Нос	nasus	nose	EXACT	1.00
FMA46565	skull	Череп	cranium	cranium	EXACT	1.00
FMA49177	upper gastrointestinal tract	Верхняя желудочно-кишечный проводящий путь			NO_MATCH	0.00
FMA49179	lower gastrointestinal tract	Нижняя желудочно-кишечный проводящий путь			NO_MATCH	0.00
FMA49184	mouth	Полость рта	stoma	mouth	EXACT	1.00
FMA49187	occipital part of head	Затылочная часть головка			NO_MATCH	0.00
FMA49207	wall of inflow part of right ventricle	Стенка приток часть правый желудочек			NO_MATCH	0.00
FMA49214	wall of inflow part of left ventricle	Стенка приток часть левый желудочек			NO_MATCH	0.00
FMA49894	systemic arterial tree	Системная артериальная дерево			NO_MATCH	0.00
FMA50039	right coronary artery	Правый коронарная артерия	arteria coronaria dextra	right coronary artery	EXACT	1.00
FMA50040	left coronary artery	Левый коронарная артерия	arteria coronaria sinistra	left coronary artery	EXACT	1.00
FMA50060	chest wall	Грудь стенка			NO_MATCH	0.00
FMA50061	superficial chest wall	Поверхностная грудь стенка			NO_MATCH	0.00
FMA50063	anterior superficial chest wall	Передняя поверхностная стенка грудной клетки			NO_MATCH	0.00
FMA50071	right lateral superficial chest wall	Правый латеральная поверхностная грудь стенка			NO_MATCH	0.00
FMA50072	left lateral superficial chest wall	Левый латеральная поверхностная грудь стенка			NO_MATCH	0.00
FMA50082	right middle cerebral artery	Правый средняя мозговая артерия	arteria media cerebri	middle cerebral artery	PROBABLE	0.86
FMA50308	coronary sinus tree	Коронарная синус дерево			NO_MATCH	0.00
FMA50454	cerebral arterial circle	Мозговая артериальная кирклэ	circulus arteriosus cerebri	cerebral arterial circle	EXACT	1.00
FMA50561	right pontine artery	Правый мостовая артерия			NO_MATCH	0.00
FMA50562	left pontine artery	Левый мостовая артерия			NO_MATCH	0.00
FMA50584	right posterior cerebral artery	Правый задняя мозговая артерия	arteria posterior cerebri	posterior cerebral artery	PROBABLE	0.86
FMA50585	left posterior cerebral artery	Левый задняя мозговая артерия	arteria posterior cerebri	posterior cerebral artery	PROBABLE	0.86
FMA50658	right posterior choroidal artery	Правая задняя ворсинчатая артерия			NO_MATCH	0.00
FMA50659	left posterior choroidal artery	Левая задняя ворсинчатая артерия			NO_MATCH	0.00
FMA50801	brain	Головной мозг	encephalon	brain	EXACT	1.00
FMA51044	fascia lata of right thigh	Фасция лата правый бедро			NO_MATCH	0.00
FMA51045	fascia lata of left thigh	Фасция лата левый бедро			NO_MATCH	0.00
FMA52801	basicranium	Основание черепа	basis cranii	cranial base	EXACT	1.00
FMA53082	right orbit	Правый орбит	orbita	orbit	PROBABLE	0.86
FMA53083	left orbit	Левый орбит	orbita	orbit	PROBABLE	0.86
FMA53637	right cheek	Правый чээк	bucca	cheek	PROBABLE	0.86
FMA53638	left cheek	Левый чээк	bucca	cheek	PROBABLE	0.86
FMA53672	neurocranium	Нэурокраниум	neurocranium	neurocranium	EXACT	1.00
FMA53673	viscerocranium	Вискэрокраниум	viscerocranium	viscerocranium	EXACT	1.00
FMA54375	nasal septum	Носовая перегородка	septum nasi	nasal septum	EXACT	1.00
FMA54397	upper jaw	Верхняя челюсть			NO_MATCH	0.00
FMA54398	lower jaw	Нижняя челюсть			NO_MATCH	0.00
FMA54440	right upper eyelid	Правый верхняя веко	palpebra superior	upper eyelid	PROBABLE	0.86
FMA54441	left upper eyelid	Левый верхняя веко	palpebra superior	upper eyelid	PROBABLE	0.86
FMA54443	right lower eyelid	Правый нижняя веко	palpebra inferior	lower eyelid	PROBABLE	0.86
FMA54444	left lower eyelid	Левый нижняя веко	palpebra inferior	lower eyelid	PROBABLE	0.86
FMA54449	right eye	Правый глаз	oculus	eye	PROBABLE	0.86
FMA54450	left eye	Левый глаз	oculus	eye	PROBABLE	0.86
FMA54545	head proper	Головка собственно			NO_MATCH	0.00
FMA54667	right orbital compartment	Правый глазничная компартмент			NO_MATCH	0.00
FMA54668	left orbital compartment	Левый глазничная компартмент			NO_MATCH	0.00
FMA55021	soft palate	Мягкая нёбо	palatum molle	soft palate	EXACT	1.00
FMA55022	uvula	Увула			NO_MATCH	0.00
FMA55675	neuraxis	Нейроось			NO_MATCH	0.00
FMA58099	wall of right eyeball	Стенка правый глазное яблоко			NO_MATCH	0.00
FMA58100	wall of left eyeball	Стенка левый глазное яблоко			NO_MATCH	0.00
FMA58105	fibrous layer of right eyeball	Фиброзная слой правый глазное яблоко	tunica fibrosa bulbi oculi	fibrous layer of eyeball	PROBABLE	0.86
FMA58106	fibrous layer of left eyeball	Фиброзная слой левый глазное яблоко	tunica fibrosa bulbi oculi	fibrous layer of eyeball	PROBABLE	0.86
FMA58107	vascular layer of right eyeball	Сосудистое слой правый глазное яблоко	tunica vasculosa bulbi oculi	vascular layer of eyeball	PROBABLE	0.86
FMA58108	vascular layer of left eyeball	Сосудистое слой левый глазное яблоко	tunica vasculosa bulbi oculi	vascular layer of eyeball	PROBABLE	0.86
FMA58401	investing fascia of right upper limb	Покрывающая фасция правой верхней конечности			NO_MATCH	0.00
FMA58405	investing fascia of right free upper limb	Покрывающая фасция правой свободной верхней конечности			NO_MATCH	0.00
FMA58406	investing fascia of left free upper limb	Покрывающая фасция левой свободной верхней конечности			NO_MATCH	0.00
FMA58418	investing fascia of right lower limb	Покрывающая фасция правой нижней конечности			NO_MATCH	0.00
FMA58419	investing fascia of left lower limb	Покрывающая фасция левой нижней конечности			NO_MATCH	0.00
FMA58429	investing fascia of right free lower limb	Покрывающая фасция правой свободной нижней конечности			NO_MATCH	0.00
FMA58430	investing fascia of left free lower limb	Покрывающая фасция левой свободной нижней конечности			NO_MATCH	0.00
FMA58448	investing fascia of right wrist	Покрывающая фасция правого запястья			NO_MATCH	0.00
FMA58449	investing fascia of left wrist	Покрывающая фасция левого запястья			NO_MATCH	0.00
FMA58575	investing fascia of right forearm	Покрывающая фасция правого предплечья			NO_MATCH	0.00
FMA58576	investing fascia of left forearm	Покрывающая фасция левого предплечья			NO_MATCH	0.00
FMA58742	investing fascia of right thigh	Покрывающая фасция правого бедра			NO_MATCH	0.00
FMA58743	investing fascia of left thigh	Покрывающая фасция левого бедра			NO_MATCH	0.00
FMA59368	right lacrimal apparatus	Правый слёзная аппарат	apparatus lacrimalis	lacrimal apparatus	PROBABLE	0.86
FMA59369	left lacrimal apparatus	Левый слёзная аппарат	apparatus lacrimalis	lacrimal apparatus	PROBABLE	0.86
FMA59398	mandibular part of mouth	Мандибулар часть полость рта			NO_MATCH	0.00
FMA59399	maxillary part of mouth	Максилларй часть полость рта			NO_MATCH	0.00
FMA59515	external nose	Наружная нос	nasus externus	external nose	EXACT	1.00
FMA59516	root of nose	Корень нос	radix nasi	root of nose	EXACT	1.00
FMA59517	dorsum of nose	Дорсум нос	dorsum nasi	dorsum of nose	EXACT	1.00
FMA59538	cartilaginous skeleton of nose	Картилагиноус скелет нос			NO_MATCH	0.00
FMA59637	internal nose	Внутренняя нос			NO_MATCH	0.00
FMA59654	osseous skeleton of nose	Костная скелет нос			NO_MATCH	0.00
FMA59655	osseous skeleton of external nose	Костная скелет наружная нос			NO_MATCH	0.00
FMA59656	osseous skeleton of internal nose	Костная скелет внутренняя нос			NO_MATCH	0.00
FMA59665	septum of internal nose	Перегородка внутренняя нос			NO_MATCH	0.00
FMA59668	wall of internal nose	Стенка внутренняя нос			NO_MATCH	0.00
FMA59671	right lateral wall of internal nose	Правый латеральная стенка внутренняя нос			NO_MATCH	0.00
FMA59672	left lateral wall of internal nose	Левый латеральная стенка внутренняя нос			NO_MATCH	0.00
FMA59748	right side of internal nose	Правый сидэ внутренняя нос			NO_MATCH	0.00
FMA59749	left side of internal nose	Левый сидэ внутренняя нос			NO_MATCH	0.00
FMA59754	wall of right side of internal nose	Стенка правой стороны внутреннего носа			NO_MATCH	0.00
FMA59755	wall of left side of internal nose	Стенка левой стороны внутреннего носа			NO_MATCH	0.00
FMA59836	cartilaginous skeleton of external nose	Картилагиноус скелет наружная нос			NO_MATCH	0.00
FMA59837	bony part of nasal septum	Костная часть перегородки носа	pars ossea septi nasi	bony part of nasal septum	EXACT	1.00
FMA59838	cartilaginous part of nasal septum	Картилагиноус часть носовая перегородка	pars cartilaginea septi nasi	cartilaginous part of nasal septum	EXACT	1.00
FMA59992	faucial part of mouth	Фаукиал часть полость рта			NO_MATCH	0.00
FMA60116	nasal skeleton	Носовая скелет			NO_MATCH	0.00
FMA60118	skeleton of nasal septum	скелет носовая перегородка			NO_MATCH	0.00
FMA60325	right thumb	Правый тумб	pollex	thumb	PROBABLE	0.86
FMA60326	left thumb	Левый тумб	pollex	thumb	PROBABLE	0.86
FMA60327	right little finger	Правый мизинца палец	digitus minimus manus	little finger	PROBABLE	0.86
FMA60328	left little finger	Левый мизинца палец	digitus minimus manus	little finger	PROBABLE	0.86
FMA60329	right ring finger	Правый кольцо палец	digitus anularis	ring finger	PROBABLE	0.86
FMA60330	left ring finger	Левый кольцо палец	digitus anularis	ring finger	PROBABLE	0.86
FMA60331	right middle finger	Правый средняя палец	digitus medius manus	middle finger	PROBABLE	0.86
FMA60332	left middle finger	Левый средняя палец	digitus medius manus	middle finger	PROBABLE	0.86
FMA60333	right index finger	Правый указательного палец	index	index finger	PROBABLE	0.86
FMA60334	left index finger	Левый указательного палец	index	index finger	PROBABLE	0.86
FMA60335	right big toe	Правый биг палец стопы			NO_MATCH	0.00
FMA60336	left big toe	Левый биг палец стопы			NO_MATCH	0.00
FMA60337	right second toe	Правый вторая палец стопы	digitus secundus pedis	second toe	PROBABLE	0.86
FMA60338	left second toe	Левый вторая палец стопы	digitus secundus pedis	second toe	PROBABLE	0.86
FMA60339	right third toe	Правый третья палец стопы	digitus tertius pedis	third toe	PROBABLE	0.86
FMA60340	left third toe	Левый третья палец стопы	digitus tertius pedis	third toe	PROBABLE	0.86
FMA60341	right fourth toe	Правый четвёртая палец стопы	digitus quartus pedis	fourth toe	PROBABLE	0.86
FMA60342	left fourth toe	Левый четвёртая палец стопы	digitus quartus pedis	fourth toe	PROBABLE	0.86
FMA60343	right little toe	Правый мизинца палец стопы	digitus minimus pedis	little toe	PROBABLE	0.86
FMA60344	left little toe	Левый мизинца палец стопы	digitus minimus pedis	little toe	PROBABLE	0.86
FMA61064	right lacrimal duct	Правый слёзная проток			NO_MATCH	0.00
FMA61065	left lacrimal duct	Левый слёзная проток			NO_MATCH	0.00
FMA61068	right hand proper	Правый кисть собственно			NO_MATCH	0.00
FMA61069	left hand proper	Левый кисть собственно			NO_MATCH	0.00
FMA61472	right pectoral part of chest	Правый плечевой часть грудь			NO_MATCH	0.00
FMA61473	left pectoral part of chest	Левый плечевой часть грудь			NO_MATCH	0.00
FMA61670	skeleton of mouth	скелет полость рта			NO_MATCH	0.00
FMA61680	abdomen proper	Собственно живот			NO_MATCH	0.00
FMA61681	back of abdomen	Задняя область живота	dorsum abdominis	back of abdomen	EXACT	1.00
FMA61732	right parietal part of head	Правый теменная часть головка			NO_MATCH	0.00
FMA61733	left parietal part of head	Левый теменная часть головка			NO_MATCH	0.00
FMA61819	left cerebral hemisphere	Левый мозговая полушарие	hemisphaerium cerebri	cerebral hemisphere	PROBABLE	0.86
FMA61991	trunk of right middle cerebral artery	Туловище правый средняя мозговая артерия			NO_MATCH	0.00
FMA61992	forebrain	Передний мозг	cerebrum	cerebrum	EXACT	1.00
FMA62000	telencephalon	Тэлэнкэфалон	telencephalon	telencephalon	EXACT	1.00
FMA62001	diencephalon	Диэнкэфалон	diencephalon	diencephalon	EXACT	1.00
FMA62003	metencephalon	Мэтэнкэфалон			NO_MATCH	0.00
FMA62009	epithalamus	Эпиталамус	epithalamus	epithalamus	EXACT	1.00
FMA62028	intermediate hypothalamic region	Промежуточная хйпоталамик область	area hypothalamica intermedia	intermediate hypothalamic area	EXACT	1.00
FMA67292	right cerebral hemisphere	Правый мозговая полушарие	hemisphaerium cerebri	cerebral hemisphere	PROBABLE	0.86
FMA67687	hindbrain	Задний мозг			NO_MATCH	0.00
FMA67994	intrapulmonary part of right pulmonary artery	Интрапулмонарй часть правый лёгочный артерия			NO_MATCH	0.00
FMA67995	intrapulmonary part of left pulmonary artery	Интрапулмонарй часть левый лёгочный артерия			NO_MATCH	0.00
FMA68002	intrapulmonary part of right superior pulmonary vein	Интрапулмонарй часть правый верхняя лёгочный вена			NO_MATCH	0.00
FMA68003	intrapulmonary part of right inferior pulmonary vein	Интрапулмонарй часть правый нижняя лёгочный вена			NO_MATCH	0.00
FMA68004	intrapulmonary part of left superior pulmonary vein	Интрапулмонарй часть левый верхняя лёгочный вена			NO_MATCH	0.00
FMA68005	intrapulmonary part of left inferior pulmonary vein	Интрапулмонарй часть левый нижняя лёгочный вена			NO_MATCH	0.00
FMA68016	intrahepatic biliary tree	Интрахэпатик желчная дерево			NO_MATCH	0.00
FMA68193	medial segmental artery	Медиальная сегментарный артерия			NO_MATCH	0.00
FMA68194	lateral segmental artery	Латеральная сегментарный артерия			NO_MATCH	0.00
FMA68196	middle lobar artery	Средняя долевой артерия			NO_MATCH	0.00
FMA68198	left upper lobar artery	Левый верхняя долевой артерия			NO_MATCH	0.00
FMA68200	right lower lobar artery	Правый нижняя долевой артерия			NO_MATCH	0.00
FMA68201	left lower lobar artery	Левый нижняя долевой артерия			NO_MATCH	0.00
FMA68317	superior division of upper lobe part of left bronchial tree	Верхний отдел верхнедолевой части левого бронхиального дерева			NO_MATCH	0.00
FMA68318	inferior division of upper lobe part of left bronchial tree	Нижний отдел верхнедолевой части левого бронхиального дерева			NO_MATCH	0.00
FMA68319	inferomedial part of right bronchial tree	Инфэромэдиал часть правый бронхиальная дерево			NO_MATCH	0.00
FMA68658	inferomedial branch of right pulmonary artery	Инфэромэдиал ветвь правый лёгочный артерия			NO_MATCH	0.00
FMA68659	apicoposterior division of right upper lobar artery	Верхушечно-задняя ветвь правой верхнедолевой артерии			NO_MATCH	0.00
FMA68843	antero-medial basal segmental artery	Переднемедиальная базальная сегментарная артерия			NO_MATCH	0.00
FMA68845	right basal segmental artery	Правый базальная сегментарный артерия			NO_MATCH	0.00
FMA68846	left basal segmental artery	Левый базальная сегментарный артерия			NO_MATCH	0.00
FMA69566	trunk of right lateral plantar artery	Туловище правый латеральная подошвенная артерия			NO_MATCH	0.00
FMA69567	trunk of left lateral plantar artery	Туловище левый латеральная подошвенная артерия			NO_MATCH	0.00
FMA70347	right thyrocervical artery	Правый щитовидно-шейный артерия			NO_MATCH	0.00
FMA70348	left thyrocervical artery	Левый щитовидно-шейный артерия			NO_MATCH	0.00
FMA70351	right costocervical artery	Правый рёберно-шейный артерия			NO_MATCH	0.00
FMA70352	left costocervical artery	Левый рёберно-шейный артерия			NO_MATCH	0.00
FMA70441	anterior segmental hepatic artery	Передняя сегментарная печёночная артерия			NO_MATCH	0.00
FMA70444	posterior segmental hepatic artery	Задняя сегментарный печёночная артерия			NO_MATCH	0.00
FMA70448	medial segmental hepatic artery	Медиальная сегментарный печёночная артерия			NO_MATCH	0.00
FMA70451	lateral segmental hepatic artery	Латеральная сегментарный печёночная артерия			NO_MATCH	0.00
FMA71102	right upper urinary tract	Правые верхние мочевые пути			NO_MATCH	0.00
FMA71103	left upper urinary tract	Левые верхние мочевые пути			NO_MATCH	0.00
FMA71132	gastrointestinal tract	Желудочно-кишечный тракт			NO_MATCH	0.00
FMA71221	axial skeleton	Осевой скелет	skeleton axiale	axial skeleton	EXACT	1.00
FMA71857	right hepatic biliary tree	Правый печёночная желчная дерево			NO_MATCH	0.00
FMA71858	left hepatic biliary tree	Левый печёночная желчная дерево			NO_MATCH	0.00
FMA71861	anterior tributary of right hepatic biliary tree	Передний приток правого печёночного желчного дерева			NO_MATCH	0.00
FMA71862	posterior tributary of right hepatic biliary tree	Задняя приток правый печёночная желчная дерево			NO_MATCH	0.00
FMA71863	lateral tributary of left hepatic biliary tree	Латеральная приток левый печёночная желчная дерево			NO_MATCH	0.00
FMA71864	medial tributary of left hepatic biliary tree	Медиальная приток левый печёночная желчная дерево			NO_MATCH	0.00
FMA71891	hepatic biliary tree	Печёночная желчная дерево			NO_MATCH	0.00
FMA72062	pelvic skeleton	Пэлвик скелет			NO_MATCH	0.00
FMA72063	set of cervical vertebrae	Совокупность шейная позвонки			NO_MATCH	0.00
FMA72064	set of thoracic vertebrae	Совокупность грудная позвонки			NO_MATCH	0.00
FMA72065	set of lumbar vertebrae	Совокупность поясничная позвонки			NO_MATCH	0.00
FMA72952	orbital part of right eye	Глазничная часть правый глаз			NO_MATCH	0.00
FMA72953	orbital part of left eye	Глазничная часть левый глаз			NO_MATCH	0.00
FMA72969	right frontal lobe	Правый лобная доля	lobus frontalis	frontal lobe	PROBABLE	0.86
FMA72970	left frontal lobe	Левый лобная доля	lobus frontalis	frontal lobe	PROBABLE	0.86
FMA72971	right temporal lobe	Правый височная доля	lobus temporalis	temporal lobe	PROBABLE	0.86
FMA72972	left temporal lobe	Левый височная доля	lobus temporalis	temporal lobe	PROBABLE	0.86
FMA72973	right parietal lobe	Правый теменная доля	lobus parietalis	parietal lobe	PROBABLE	0.86
FMA72974	left parietal lobe	Левый теменная доля	lobus parietalis	parietal lobe	PROBABLE	0.86
FMA72979	integumentary system	Покровная система			NO_MATCH	0.00
FMA72980	right limbic lobe	Правый лимбик доля	lobus limbicus	limbic lobe	PROBABLE	0.86
FMA72981	left limbic lobe	Левый лимбик доля	lobus limbicus	limbic lobe	PROBABLE	0.86
FMA73055	anterior part of right knee	Передняя часть правого колена			NO_MATCH	0.00
FMA73056	anterior part of left knee	Передняя часть левого колена			NO_MATCH	0.00
FMA73086	right foot proper	Правый стопа собственно			NO_MATCH	0.00
FMA73087	left foot proper	Левый стопа собственно			NO_MATCH	0.00
FMA73103	posterior thoracic wall	Задняя грудная стенка	dorsum thoracis	back of thorax	EXACT	1.00
FMA73703	wall of right side of heart	Стенка правой стороны сердца			NO_MATCH	0.00
FMA73704	wall of left side of heart	Стенка левой стороны сердца			NO_MATCH	0.00
FMA74657	integument	Интэгумэнт	integumentum commune	integument	EXACT	1.00
FMA75007	cavity of neuraxis	Полость нервной оси			NO_MATCH	0.00
FMA78435	musculature of anterior abdominal wall	Мускулатура передняя абдоминал стенка			NO_MATCH	0.00
FMA79063	deep fascial system	Глубокая фаскиал система			NO_MATCH	0.00
FMA79065	patellar part of right knee	Патэллар часть правый кнээ			NO_MATCH	0.00
FMA79066	patellar part of left knee	Патэллар часть левый кнээ			NO_MATCH	0.00
FMA79181	skeleton of right hand proper	скелет правый кисть собственно			NO_MATCH	0.00
FMA79182	skeleton of left hand proper	скелет левый кисть собственно			NO_MATCH	0.00
FMA79269	content of thorax	Содержимое грудная клетка			NO_MATCH	0.00
FMA79273	content of mediastinum	Содержимое средостение			NO_MATCH	0.00
FMA79274	content of superior mediastinum	Содержимое верхняя средостение			NO_MATCH	0.00
FMA79275	content of inferior mediastinum	Содержимое нижняя средостение			NO_MATCH	0.00
FMA79276	content of anterior mediastinum	Содержимое переднего средостения			NO_MATCH	0.00
FMA79277	content of posterior mediastinum	Содержимое задняя средостение			NO_MATCH	0.00
FMA79278	content of middle mediastinum	Содержимое средняя средостение			NO_MATCH	0.00
FMA79876	brainstem	Ствол мозга	truncus encephali	brainstem	EXACT	1.00
FMA82672	superior systemic venous tree	Верхняя системная венозная дерево			NO_MATCH	0.00
FMA82673	inferior systemic venous tree	Нижняя системная венозная дерево			NO_MATCH	0.00
FMA83447	myocardium of right ventricle proper	Миокард правый желудочек собственно			NO_MATCH	0.00
FMA83448	myocardium of left ventricle proper	Миокард левый желудочек собственно			NO_MATCH	0.00
FMA83902	midbrain tectum	Средний мозг покрышка			NO_MATCH	0.00
FMA84842	free wall of right ventricle	Свободная стенка правый желудочек			NO_MATCH	0.00
FMA84850	free wall of left ventricle	Свободная стенка левый желудочек			NO_MATCH	0.00
FMA84856	subendocardial layer of myocardium of right ventricle	Субэндокардиальный слой правого желудочка			NO_MATCH	0.00
FMA84857	subendocardial layer of myocardium of left ventricle	Субэндокардиальный слой миокарда левого желудочка			NO_MATCH	0.00
FMA84931	myocardium of free wall of right ventricle	Миокард свободная стенка правый желудочек			NO_MATCH	0.00
FMA84932	myocardium of free wall of left ventricle	Миокард свободная стенка левый желудочек			NO_MATCH	0.00
FMA85008	compartment of thorax	Компартмент грудная клетка			NO_MATCH	0.00
FMA85031	compartment of abdomen	Компартмент живот			NO_MATCH	0.00
FMA85055	right pulmopleural compartment	Правый лёгочно-плевральный компартмент			NO_MATCH	0.00
FMA85056	left pulmopleural compartment	Левый лёгочно-плевральный компартмент			NO_MATCH	0.00
FMA86056	myocardial zone 4	Зона миокарда 4			NO_MATCH	0.00
FMA86063	myocardial zone 11	Миокардиальная зона 11			NO_MATCH	0.00
FMA86064	myocardial zone 12	Миокардиальная зона 12			NO_MATCH	0.00
FMA86917	musculature of abdomen	Мускулатура живот			NO_MATCH	0.00
FMA87178	myocardium of lateral wall of left ventricle	Миокард латеральная стенка левый желудочек			NO_MATCH	0.00
FMA87179	myocardium of inferior wall of left ventricle	Миокард нижней стенки левого желудочка			NO_MATCH	0.00
FMA87542	anterior thoracic wall	Передняя стенка грудной клетки			NO_MATCH	0.00
FMA87543	anterior chest wall	Передняя стенка грудной клетки			NO_MATCH	0.00
FMA87552	posterior chest	Задняя грудь			NO_MATCH	0.00
FMA87598	skeletal system of trunk	Скелетный система туловище			NO_MATCH	0.00
FMA228642	vasculature of body	Сосудистая система тело			NO_MATCH	0.00
FMA231424	body proper	Собственно тело			NO_MATCH	0.00
FMA242180	cortex of right cerebral hemisphere	Кора правый мозговая полушарие			NO_MATCH	0.00
FMA242182	cortex of left cerebral hemisphere	Кора левый мозговая полушарие			NO_MATCH	0.00
FMA242184	subcortex of right cerebral hemisphere	Подкорка правый мозговая полушарие			NO_MATCH	0.00
FMA242186	subcortex of left cerebral hemisphere	Подкорка левый мозговая полушарие			NO_MATCH	0.00
FMA242207	cortex of right frontal lobe	Кора правый лобная доля			NO_MATCH	0.00
FMA242209	cortex of left frontal lobe	Кора левый лобная доля			NO_MATCH	0.00
FMA242609	right archicortex	Правый архикортекс	archicortex	archicortex	PROBABLE	0.86
FMA242611	left archicortex	Левый архикортекс	archicortex	archicortex	PROBABLE	0.86
FMA242625	right prefrontal cortex	Правый префронтальная кора			NO_MATCH	0.00
FMA242627	left prefrontal cortex	Левый префронтальная кора			NO_MATCH	0.00
FMA242675	ventricular system of neuraxis	Желудочковая система нервной оси			NO_MATCH	0.00
FMA242787	ventricular system of brain	Желудочковая система головного мозга			NO_MATCH	0.00
FMA259054	wall of abdomen	Стенка живот			NO_MATCH	0.00
FMA259209	thoracic segment of trunk	Грудная сегмент туловище			NO_MATCH	0.00
FMA259211	abdominal segment of trunk	Брюшной сегмент туловища			NO_MATCH	0.00
FMA259248	content of abdomen	Содержимое живот			NO_MATCH	0.00
FMA260124	right orbital content	Правый глазничная содержимое			NO_MATCH	0.00
FMA260127	left orbital content	Левый глазничная содержимое			NO_MATCH	0.00
FMA260456	body cavity content	Содержимое полости тела			NO_MATCH	0.00
FMA261139	right hippocampal formation	Правый гиппокампальная образование	hippocampus	hippocampus	PROBABLE	0.86
FMA261141	left hippocampal formation	Левый гиппокампальная образование	hippocampus	hippocampus	PROBABLE	0.86
FMA265130	respiratory tract	Дыхательный проводящий путь			NO_MATCH	0.00
FMA265228	pancreaticobiliary system	Панкреатобилиарная система			NO_MATCH	0.00
FMA270201	basicranial part of head proper	Базикраниальная часть собственно головы			NO_MATCH	0.00
